true_label,prob_s1,pred_s1
1,0.70093286,1
0,0.6361056,1
1,0.40347847,0
1,0.4664708,0
0,0.5659591,1
1,0.60567075,1
0,0.64596367,1
1,0.41492513,0
1,0.40874478,0
1,0.5526873,1
0,0.5300694,1
1,0.6723488,1
1,0.64751476,1
0,0.42878434,0
0,0.4904315,0
1,0.60040957,1
1,0.6762667,1
1,0.5911622,1
0,0.3863383,0
0,0.5386336,1
1,0.7172491,1
1,0.59443486,1
0,0.37404746,0
1,0.44105756,0
0,0.6257672,1
0,0.45163903,0
0,0.40875342,0
0,0.48563886,0
0,0.46166754,0
1,0.4496881,0
0,0.4828516,0
0,0.44655886,0
0,0.5013735,1
1,0.6812282,1
1,0.70083046,1
0,0.48848417,0
0,0.70033073,1
0,0.36262247,0
1,0.76060957,1
1,0.6666687,1
0,0.3677956,0
1,0.4681237,0
1,0.6012991,1
0,0.5402168,1
0,0.4632607,0
1,0.59014875,1
0,0.6843998,1
0,0.5123489,1
1,0.6821388,1
1,0.6831964,1
1,0.50738364,1
0,0.6498843,1
0,0.65231836,1
0,0.4714483,0
0,0.7160222,1
0,0.43481055,0
1,0.68823135,1
1,0.669297,1
0,0.37138802,0
0,0.36669534,0
1,0.57640755,1
0,0.5719179,1
1,0.5126988,1
1,0.4798397,0
1,0.4714483,0
1,0.6898788,1
1,0.6405092,1
0,0.36900797,0
0,0.607683,1
1,0.6218014,1
1,0.7021371,1
0,0.53879017,1
0,0.53392696,1
1,0.5134873,1
1,0.6077889,1
1,0.4803913,0
1,0.6051684,1
1,0.61844116,1
0,0.5582588,1
1,0.4591461,0
1,0.47651798,0
0,0.4886835,0
1,0.42734048,0
0,0.4562846,0
0,0.48848417,0
1,0.4874734,0
0,0.34786886,0
0,0.52412266,1
0,0.38854006,0
0,0.6283673,1
1,0.56504464,1
0,0.3645331,0
0,0.55243826,1
1,0.61951524,1
1,0.537994,1
1,0.6439421,1
1,0.58595383,1
0,0.47897905,0
1,0.64288104,1
0,0.589154,1
1,0.5289293,1
1,0.56608427,1
0,0.49929687,0
0,0.66340077,1
1,0.44655886,0
1,0.42734048,0
1,0.67170167,1
0,0.591938,1
1,0.5434918,1
0,0.3699177,0
1,0.37575626,0
0,0.49205425,0
1,0.70295405,1
0,0.4496881,0
0,0.5929948,1
1,0.65542614,1
0,0.45495126,0
0,0.38031462,0
1,0.43304142,0
1,0.5062679,1
1,0.4803969,0
0,0.609017,1
0,0.6637614,1
1,0.67451453,1
0,0.37940598,0
0,0.36667562,0
1,0.49118474,0
0,0.3464295,0
0,0.37965363,0
1,0.65594447,1
0,0.39857823,0
1,0.65590066,1
0,0.58551687,1
1,0.6402394,1
1,0.44994876,0
0,0.53576744,1
0,0.49869835,0
0,0.6839955,1
0,0.3831558,0
1,0.61669624,1
1,0.7411847,1
0,0.5033258,1
1,0.6772287,1
1,0.64566135,1
0,0.3731709,0
0,0.45495126,0
1,0.5809803,1
0,0.42734048,0
1,0.6410387,1
1,0.5332913,1
1,0.48031157,0
0,0.49408355,0
0,0.6064147,1
0,0.44463965,0
1,0.43103045,0
1,0.41583508,0
0,0.69850594,1
0,0.56456023,1
0,0.35065433,0
0,0.67483974,1
1,0.48903665,0
0,0.6294075,1
0,0.4152824,0
0,0.55941886,1
0,0.49776414,0
1,0.6931917,1
1,0.5884354,1
0,0.36731386,0
1,0.6890027,1
0,0.5971593,1
1,0.5208924,1
0,0.67394763,1
0,0.4423455,0
1,0.59627736,1
0,0.69392616,1
1,0.53779614,1
0,0.5958927,1
0,0.66760004,1
1,0.6444878,1
0,0.555918,1
0,0.39560378,0
1,0.50542647,1
0,0.5292414,1
0,0.5511434,1
0,0.3751297,0
1,0.49912286,0
0,0.4885882,0
0,0.6706256,1
1,0.46601778,0
0,0.42364183,0
0,0.49186477,0
1,0.5481712,1
0,0.5967056,1
0,0.39859855,0
1,0.64888674,1
1,0.40393683,0
0,0.6687946,1
0,0.6174733,1
0,0.40275922,0
0,0.6477694,1
0,0.5689024,1
0,0.4676771,0
0,0.53969693,1
0,0.55975324,1
1,0.37140986,0
0,0.5773674,1
1,0.3662802,0
1,0.70044947,1
1,0.69578075,1
1,0.46612152,0
0,0.3662802,0
0,0.4554439,0
1,0.51439875,1
1,0.6746969,1
1,0.5610356,1
1,0.3714484,0
1,0.50426936,1
0,0.4054497,0
1,0.68615055,1
0,0.41492513,0
0,0.36731386,0
0,0.49776414,0
1,0.49326333,0
1,0.5455844,1
1,0.56238544,1
0,0.504623,1
0,0.6108035,1
1,0.62803656,1
0,0.4423455,0
0,0.6086115,1
1,0.55484825,1
1,0.47147232,0
0,0.365739,0
0,0.35907224,0
0,0.49674663,0
0,0.45028946,0
0,0.6130033,1
1,0.6533464,1
1,0.5783565,1
0,0.49776414,0
1,0.6323651,1
0,0.6886174,1
0,0.5747153,1
0,0.6587538,1
1,0.46593785,0
0,0.57726175,1
0,0.6580077,1
0,0.50426936,1
1,0.65943617,1
1,0.6567081,1
1,0.37752667,0
0,0.54453605,1
0,0.48928332,0
0,0.69007623,1
0,0.43103045,0
0,0.40906793,0
1,0.6194898,1
0,0.6948344,1
0,0.50410146,1
0,0.3464295,0
0,0.39636648,0
1,0.5744272,1
1,0.5334287,1
1,0.56683177,1
0,0.56632674,1
0,0.4617579,0
1,0.48928332,0
0,0.5462896,1
1,0.36731386,0
0,0.62416667,1
1,0.6700601,1
0,0.72485495,1
0,0.48360547,0
0,0.3645331,0
0,0.52349424,1
1,0.45455307,0
0,0.5347148,1
1,0.43481055,0
0,0.6488989,1
1,0.54472816,1
0,0.36572608,0
1,0.6023376,1
0,0.34867966,0
1,0.66393715,1
0,0.42108223,0
0,0.5575388,1
0,0.52407205,1
1,0.5792962,1
0,0.4856396,0
1,0.49942037,0
0,0.4709175,0
0,0.36926058,0
1,0.366822,0
1,0.615846,1
0,0.5571212,1
1,0.36586064,0
1,0.6735559,1
0,0.42216417,0
0,0.5769561,1
0,0.34867966,0
1,0.39446092,0
0,0.68064415,1
1,0.5455844,1
0,0.514331,1
0,0.48799485,0
1,0.68261,1
1,0.6717051,1
0,0.3671744,0
0,0.41492513,0
0,0.7186798,1
0,0.3739696,0
1,0.57609236,1
1,0.6249666,1
0,0.49348643,0
1,0.61189586,1
0,0.3667221,0
0,0.42763266,0
1,0.6880978,1
0,0.3714484,0
0,0.5253676,1
1,0.5415939,1
1,0.5577417,1
0,0.4800298,0
0,0.515203,1
1,0.6655313,1
0,0.66497314,1
1,0.36262247,0
1,0.64420044,1
0,0.39042294,0
0,0.41227114,0
0,0.5363817,1
1,0.6793721,1
1,0.45569676,0
0,0.57167345,1
1,0.65294105,1
0,0.5206046,1
0,0.58527225,1
0,0.36572608,0
1,0.43103045,0
1,0.6063499,1
1,0.63473195,1
1,0.649497,1
0,0.5166801,1
0,0.3739696,0
1,0.69326955,1
0,0.4701028,0
1,0.61559266,1
0,0.4399861,0
1,0.5145299,1
0,0.57195276,1
0,0.7862976,1
0,0.55897564,1
0,0.45130092,0
0,0.5289293,1
0,0.63111097,1
0,0.34867966,0
0,0.475311,0
0,0.53529024,1
1,0.5168976,1
0,0.6174733,1
0,0.59276146,1
0,0.4508895,0
0,0.52307224,1
1,0.5731643,1
0,0.47154137,0
1,0.39095104,0
1,0.5758018,1
0,0.6674533,1
1,0.35065433,0
0,0.5432284,1
1,0.57958925,1
0,0.35065433,0
1,0.67817146,1
1,0.5549892,1
1,0.5144799,1
0,0.42878434,0
1,0.66915405,1
0,0.5228443,1
1,0.5692424,1
1,0.4868919,0
0,0.47422722,0
1,0.6907733,1
1,0.4787487,0
1,0.4798397,0
0,0.50426936,1
0,0.4520364,0
0,0.38849738,0
0,0.36731386,0
0,0.63631356,1
0,0.3945503,0
0,0.5779772,1
0,0.5576801,1
0,0.4521946,0
1,0.5046731,1
0,0.64251393,1
0,0.5187643,1
0,0.6504826,1
1,0.6581419,1
1,0.5581498,1
1,0.4293458,0
0,0.4852609,0
0,0.48080486,0
0,0.50712365,1
0,0.48556313,0
0,0.42364183,0
1,0.4828516,0
0,0.6473888,1
1,0.42734048,0
0,0.4803913,0
0,0.49837357,0
1,0.62817925,1
0,0.6119441,1
1,0.53577363,1
1,0.6608366,1
1,0.6563579,1
0,0.41227114,0
0,0.5206046,1
0,0.60462105,1
1,0.57195276,1
1,0.5598328,1
1,0.47827566,0
0,0.6178232,1
0,0.53798974,1
0,0.52800995,1
0,0.53763926,1
1,0.67798907,1
1,0.5370612,1
0,0.45028946,0
1,0.6289221,1
1,0.52325004,1
0,0.5782998,1
1,0.61579305,1
0,0.43642288,0
0,0.6345024,1
1,0.53491515,1
1,0.4839364,0
0,0.3667221,0
0,0.36593485,0
0,0.39844012,0
1,0.40347847,0
0,0.5231946,1
0,0.3519169,0
1,0.46977055,0
0,0.57313365,1
0,0.39042294,0
0,0.43481055,0
0,0.47098434,0
1,0.69020617,1
1,0.70558894,1
0,0.39857823,0
0,0.45250326,0
1,0.47911003,0
1,0.39042294,0
1,0.5765091,1
1,0.502068,1
1,0.65755194,1
1,0.5859715,1
0,0.48816258,0
1,0.5598328,1
0,0.6361635,1
1,0.35584864,0
1,0.43103045,0
1,0.6963981,1
1,0.56214094,1
0,0.4520819,0
0,0.54453605,1
1,0.67221177,1
1,0.35065433,0
1,0.6869393,1
1,0.4770683,0
1,0.53422433,1
0,0.40160954,0
0,0.5168976,1
1,0.5025607,1
1,0.6202285,1
0,0.46565598,0
1,0.37273464,0
0,0.55146587,1
1,0.5937715,1
0,0.63385564,1
1,0.68438065,1
0,0.6148327,1
1,0.6472877,1
1,0.56417346,1
0,0.50426936,1
1,0.457217,0
0,0.4519607,0
0,0.6900924,1
1,0.5275663,1
0,0.36731386,0
0,0.65566766,1
0,0.5608093,1
1,0.49348643,0
1,0.6141495,1
0,0.48799485,0
1,0.6204564,1
0,0.610627,1
0,0.38870773,0
0,0.389055,0
1,0.59624237,1
0,0.50847054,1
0,0.53026354,1
0,0.46570635,0
0,0.47717115,0
0,0.61189586,1
0,0.48848417,0
0,0.5779578,1
0,0.55398774,1
0,0.420912,0
1,0.3700467,0
0,0.68930775,1
0,0.6032313,1
1,0.6779649,1
0,0.6064449,1
0,0.46199614,0
1,0.5368009,1
0,0.46017352,0
1,0.539227,1
0,0.41541484,0
0,0.6023194,1
0,0.5125572,1
0,0.5551711,1
1,0.6277887,1
1,0.59620124,1
0,0.5973288,1
1,0.53769946,1
1,0.4969514,0
0,0.39857823,0
1,0.47851864,0
1,0.6093107,1
1,0.6696971,1
1,0.6233257,1
1,0.5005386,1
1,0.48804912,0
1,0.5877276,1
0,0.5354537,1
0,0.62020576,1
0,0.6160861,1
0,0.72337776,1
1,0.5062679,1
1,0.3662802,0
1,0.6175746,1
0,0.37965363,0
1,0.6546216,1
0,0.39574552,0
0,0.36669534,0
0,0.4694039,0
1,0.44485927,0
0,0.6878164,1
1,0.6797148,1
1,0.3863706,0
0,0.48597404,0
0,0.61575234,1
1,0.6513481,1
1,0.59938663,1
0,0.34007227,0
0,0.43481055,0
1,0.49833125,0
0,0.4846478,0
0,0.36797202,0
1,0.5651841,1
1,0.45569676,0
1,0.46017352,0
1,0.5981884,1
1,0.52163166,1
0,0.6554119,1
1,0.540235,1
0,0.6217074,1
1,0.48200408,0
1,0.5913357,1
0,0.38280094,0
1,0.5947222,1
0,0.3712075,0
0,0.3677956,0
0,0.66103655,1
1,0.50542647,1
0,0.46017352,0
1,0.36593485,0
0,0.4915628,0
0,0.37965363,0
0,0.4054497,0
1,0.6248788,1
1,0.67297524,1
0,0.48622,0
1,0.38857862,0
0,0.40347847,0
1,0.36900797,0
1,0.5887989,1
0,0.5292321,1
1,0.5608093,1
0,0.66020924,1
0,0.63485724,1
0,0.45569676,0
1,0.57255137,1
0,0.6733749,1
1,0.68361396,1
1,0.66640633,1
0,0.4828516,0
0,0.6066389,1
0,0.49248433,0
1,0.3863383,0
1,0.56730944,1
0,0.6149078,1
0,0.6023376,1
0,0.45305192,0
1,0.5402168,1
0,0.43798473,0
0,0.6058396,1
0,0.39432934,0
1,0.52653694,1
1,0.39636648,0
0,0.4333709,0
1,0.6767692,1
0,0.49669608,0
0,0.58804804,1
1,0.524865,1
0,0.58209383,1
0,0.3712075,0
1,0.5181557,1
1,0.42734048,0
1,0.60332125,1
0,0.4508895,0
0,0.5568103,1
1,0.45163903,0
0,0.46728143,0
1,0.55381805,1
0,0.45567253,0
1,0.6500317,1
1,0.5659389,1
0,0.37671122,0
1,0.5783565,1
0,0.41256654,0
1,0.6521562,1
0,0.35366687,0
1,0.65883255,1
0,0.63057446,1
1,0.36600912,0
0,0.49589035,0
1,0.4866003,0
0,0.610627,1
0,0.6167804,1
0,0.56359744,1
0,0.36572608,0
1,0.67499393,1
0,0.68084186,1
1,0.39857823,0
0,0.6946659,1
0,0.65774554,1
1,0.3731709,0
0,0.4293458,0
1,0.6776676,1
0,0.5468538,1
1,0.3831558,0
0,0.3645331,0
1,0.4722632,0
1,0.52358085,1
0,0.57022065,1
0,0.63571393,1
0,0.51488894,1
0,0.6779448,1
0,0.49221596,0
1,0.40906793,0
0,0.5283939,1
0,0.6549619,1
1,0.6086115,1
1,0.534985,1
0,0.38031462,0
0,0.42364183,0
0,0.45567253,0
0,0.5417346,1
1,0.57640755,1
1,0.36880225,0
1,0.5808652,1
1,0.6886396,1
0,0.5788917,1
1,0.59014875,1
0,0.40701008,0
1,0.41790396,0
0,0.4508895,0
0,0.49132672,0
1,0.5751373,1
0,0.44655886,0
0,0.49902642,0
0,0.44485927,0
0,0.45495126,0
1,0.5430973,1
0,0.3657967,0
0,0.76467556,1
1,0.62990516,1
0,0.5458787,1
0,0.54369205,1
0,0.41227114,0
1,0.64936554,1
1,0.604522,1
1,0.46624768,0
1,0.48928332,0
1,0.67152864,1
0,0.36608285,0
0,0.48471716,0
0,0.45130092,0
1,0.58557963,1
1,0.6753171,1
0,0.3839776,0
1,0.6195754,1
1,0.7153794,1
1,0.42734048,0
0,0.6259891,1
1,0.43103045,0
1,0.37140986,0
1,0.646862,1
0,0.635971,1
1,0.43798473,0
0,0.3662802,0
1,0.3751297,0
1,0.45569676,0
0,0.7155114,1
0,0.3961168,0
1,0.5013299,1
1,0.52857155,1
1,0.60416454,1
1,0.4050715,0
0,0.52349424,1
0,0.6511147,1
0,0.59168315,1
0,0.5418293,1
0,0.3890302,0
0,0.36262247,0
1,0.6384347,1
1,0.49991146,0
1,0.38031462,0
1,0.6507283,1
1,0.6161533,1
0,0.41492513,0
1,0.58347183,1
1,0.5806033,1
0,0.6634298,1
0,0.42108223,0
1,0.60749066,1
1,0.59836864,1
0,0.36608285,0
1,0.5334287,1
1,0.48848417,0
1,0.6394931,1
1,0.6430646,1
0,0.49110353,0
1,0.45201907,0
0,0.44485927,0
1,0.39019546,0
0,0.5168165,1
1,0.6494168,1
0,0.6811431,1
0,0.4990883,0
0,0.46789303,0
0,0.67528725,1
1,0.53348684,1
0,0.5296258,1
1,0.48928332,0
0,0.3739696,0
0,0.59330434,1
1,0.6704827,1
1,0.48469985,0
0,0.4293458,0
1,0.63451874,1
0,0.6133243,1
1,0.5013735,1
1,0.5372598,1
0,0.69984627,1
0,0.36667562,0
0,0.6639098,1
0,0.552834,1
1,0.3671744,0
1,0.63576734,1
1,0.6925725,1
0,0.44655886,0
0,0.58833116,1
0,0.3739696,0
1,0.5345257,1
0,0.5933825,1
1,0.43304142,0
1,0.55143946,1
1,0.36593485,0
1,0.68270975,1
0,0.4709168,0
1,0.420912,0
1,0.47728792,0
0,0.41227114,0
1,0.6024173,1
0,0.3464295,0
1,0.69420946,1
0,0.47416374,0
1,0.52488035,1
0,0.4990883,0
0,0.57195276,1
0,0.6180404,1
1,0.3751297,0
0,0.3519169,0
0,0.5518498,1
1,0.70525664,1
0,0.43415338,0
1,0.603786,1
1,0.45741346,0
0,0.4391144,0
0,0.43304142,0
0,0.42216417,0
0,0.48928332,0
0,0.55205303,1
0,0.46781814,0
1,0.62353694,1
0,0.6466761,1
0,0.49348643,0
1,0.54410166,1
0,0.48848417,0
0,0.5977858,1
1,0.7857439,1
0,0.62227714,1
1,0.65317863,1
1,0.4508895,0
0,0.46983233,0
1,0.39019546,0
1,0.6042176,1
0,0.46166754,0
1,0.6687382,1
0,0.6078346,1
1,0.5915759,1
1,0.65451175,1
1,0.58623266,1
0,0.41689032,0
0,0.6887683,1
0,0.48329058,0
1,0.59697616,1
1,0.5133611,1
1,0.6402377,1
0,0.5451584,1
1,0.43415338,0
0,0.43932247,0
1,0.62507725,1
0,0.5126992,1
0,0.68796307,1
1,0.41583508,0
1,0.41782057,0
0,0.6211692,1
0,0.48304373,0
1,0.4990883,0
1,0.696536,1
1,0.49038425,0
1,0.7071615,1
0,0.6209872,1
0,0.55032665,1
1,0.47738802,0
0,0.36093304,0
0,0.46082902,0
0,0.49729094,0
0,0.6042572,1
0,0.421147,0
0,0.39432934,0
1,0.6565243,1
0,0.54047096,1
0,0.34705603,0
1,0.64202386,1
1,0.49481028,0
0,0.3751297,0
1,0.5780024,1
0,0.57519734,1
1,0.64091957,1
1,0.55125946,1
1,0.691153,1
0,0.5851805,1
1,0.60696775,1
1,0.6751641,1
1,0.49966744,0
0,0.3554124,0
1,0.49776414,0
1,0.55526066,1
1,0.620437,1
0,0.61172026,1
0,0.45135155,0
1,0.687894,1
0,0.515203,1
0,0.46721187,0
0,0.47825167,0
1,0.46166754,0
0,0.33309573,0
1,0.6895162,1
1,0.6927841,1
0,0.510966,1
1,0.47717115,0
1,0.497555,0
1,0.6209872,1
1,0.386596,0
0,0.4660293,0
0,0.41689032,0
1,0.43481055,0
0,0.51489455,1
1,0.48928332,0
0,0.5584969,1
1,0.7046177,1
0,0.46580172,0
1,0.5670634,1
1,0.50919324,1
1,0.5006642,1
0,0.3890302,0
0,0.64636743,1
1,0.34786886,0
0,0.36900797,0
0,0.62774754,1
1,0.69252396,1
0,0.5300694,1
1,0.6301403,1
0,0.58058614,1
0,0.58939433,1
0,0.37752667,0
0,0.569754,1
0,0.67813927,1
0,0.4992072,0
0,0.6180867,1
0,0.56632674,1
1,0.41492513,0
0,0.5037339,1
1,0.7070657,1
0,0.6365896,1
0,0.64572173,1
1,0.5554903,1
1,0.48997185,0
0,0.43103045,0
0,0.50712365,1
0,0.48928332,0
1,0.6199771,1
0,0.6365352,1
0,0.45569676,0
0,0.54924065,1
0,0.5651234,1
1,0.7872906,1
1,0.6767692,1
0,0.3571887,0
0,0.66458595,1
0,0.58724236,1
0,0.35366687,0
0,0.4423455,0
0,0.3571887,0
1,0.60596013,1
0,0.663746,1
1,0.6926963,1
0,0.5529843,1
1,0.5633332,1
0,0.38861218,0
0,0.53021044,1
0,0.77411824,1
0,0.38280094,0
0,0.47416374,0
0,0.60286903,1
0,0.5006642,1
0,0.38031462,0
1,0.46377826,0
0,0.3554124,0
1,0.5881592,1
0,0.5120167,1
1,0.46633565,0
0,0.43304142,0
0,0.41541484,0
1,0.69844407,1
0,0.5145877,1
0,0.41689032,0
1,0.51388836,1
1,0.5938878,1
1,0.3464295,0
0,0.4695113,0
1,0.41790396,0
1,0.5260919,1
1,0.47262207,0
0,0.3657284,0
0,0.58833116,1
1,0.69265455,1
0,0.58285874,1
0,0.52780366,1
1,0.49713063,0
0,0.47825167,0
0,0.50690365,1
0,0.41492513,0
0,0.40275922,0
0,0.44463965,0
0,0.575538,1
0,0.3677956,0
1,0.3839776,0
0,0.6139895,1
0,0.457217,0
0,0.35366687,0
0,0.34786886,0
1,0.62795895,1
1,0.58629924,1
1,0.41688746,0
0,0.39971453,0
0,0.49221596,0
1,0.550063,1
1,0.37764075,0
0,0.49053776,0
0,0.46199614,0
0,0.48976657,0
0,0.38857204,0
1,0.67700064,1
0,0.36862102,0
1,0.67242557,1
0,0.57284564,1
0,0.3714484,0
0,0.47761035,0
0,0.7281609,1
0,0.48469985,0
1,0.5435494,1
0,0.54769254,1
0,0.36093304,0
1,0.4496881,0
0,0.5961197,1
1,0.6853731,1
1,0.5790292,1
0,0.36586064,0
0,0.7552543,1
0,0.69780946,1
1,0.68153673,1
1,0.34867966,0
0,0.47238314,0
1,0.6634757,1
0,0.3443332,0
0,0.36862102,0
0,0.55579436,1
1,0.6630028,1
1,0.43932247,0
0,0.36779723,0
1,0.6751973,1
1,0.6789598,1
0,0.46809214,0
0,0.37404746,0
0,0.6349802,1
0,0.4866003,0
1,0.75273186,1
1,0.53763926,1
1,0.49348643,0
0,0.48187128,0
0,0.49854228,0
0,0.50847054,1
0,0.3863383,0
1,0.4877228,0
0,0.40347847,0
1,0.45495126,0
0,0.53763926,1
1,0.7124184,1
0,0.53987324,1
0,0.41790396,0
0,0.42364183,0
1,0.53741777,1
1,0.6974663,1
0,0.5904547,1
0,0.43103045,0
0,0.6665961,1
0,0.47847322,0
1,0.6804673,1
1,0.38881737,0
0,0.49695638,0
1,0.68181294,1
1,0.6423043,1
0,0.3831558,0
0,0.3677956,0
1,0.68986297,1
0,0.67344755,1
0,0.50584847,1
0,0.5375084,1
1,0.5097024,1
0,0.3554124,0
0,0.5049152,1
1,0.65363306,1
0,0.4520819,0
0,0.50690365,1
0,0.36586064,0
0,0.6591862,1
0,0.7009663,1
0,0.34956664,0
1,0.51962113,1
1,0.4532855,0
1,0.6663259,1
0,0.36615452,0
0,0.6868479,1
1,0.35907224,0
1,0.5904547,1
0,0.49907526,0
1,0.4885882,0
1,0.5322385,1
0,0.41541484,0
0,0.40347847,0
1,0.56336206,1
0,0.46593785,0
1,0.61238396,1
0,0.3657284,0
1,0.6800363,1
0,0.45745715,0
1,0.6193407,1
0,0.5481712,1
0,0.48762563,0
1,0.47086138,0
0,0.6285827,1
0,0.48827118,0
1,0.43304142,0
1,0.5438934,1
0,0.41256654,0
0,0.3913471,0
0,0.6499805,1
0,0.45753163,0
0,0.58655614,1
0,0.6101295,1
1,0.5595858,1
1,0.59363997,1
0,0.4828516,0
1,0.5922259,1
0,0.47744703,0
0,0.7090601,1
0,0.49262393,0
1,0.51205415,1
1,0.67901796,1
0,0.5169352,1
0,0.49136034,0
1,0.69505537,1
0,0.45305192,0
0,0.500746,1
1,0.6122774,1
1,0.6422968,1
0,0.50980616,1
1,0.6093107,1
0,0.3863383,0
1,0.5003027,1
1,0.45567253,0
1,0.65603244,1
0,0.34867966,0
1,0.6189948,1
1,0.5890232,1
0,0.5006642,1
1,0.5927483,1
1,0.40347847,0
0,0.6421253,1
1,0.57920593,1
0,0.42524177,0
0,0.4798397,0
1,0.6479557,1
0,0.6514167,1
0,0.51104516,1
1,0.5120758,1
1,0.631414,1
1,0.6924564,1
0,0.45600381,0
1,0.46017352,0
1,0.67823404,1
1,0.5435511,1
1,0.6536553,1
1,0.55686843,1
1,0.41790396,0
0,0.42763266,0
1,0.41227114,0
1,0.6655136,1
0,0.4508895,0
0,0.4664708,0
0,0.5146862,1
0,0.45191467,0
0,0.6174733,1
1,0.68529993,1
0,0.50847054,1
1,0.51609975,1
1,0.60358167,1
0,0.56879413,1
1,0.59517515,1
0,0.5292554,1
0,0.6022014,1
1,0.41790396,0
0,0.51520807,1
1,0.4399861,0
0,0.6652008,1
0,0.34580216,0
1,0.6619162,1
0,0.6714552,1
1,0.5244918,1
1,0.4849004,0
1,0.3751297,0
0,0.36600912,0
0,0.56275284,1
1,0.5229095,1
0,0.49132672,0
0,0.5394888,1
0,0.5709498,1
1,0.38031462,0
1,0.5438024,1
0,0.50712365,1
1,0.6054456,1
0,0.3677956,0
1,0.43798473,0
1,0.6207465,1
1,0.63153046,1
0,0.5123735,1
1,0.6188694,1
0,0.37965363,0
0,0.4050715,0
0,0.50542647,1
1,0.6688705,1
1,0.6407672,1
1,0.36880225,0
0,0.59264857,1
0,0.38280094,0
0,0.4828516,0
0,0.5043451,1
0,0.6149991,1
0,0.5733464,1
1,0.58798087,1
1,0.43738094,0
1,0.6820782,1
0,0.36615452,0
1,0.64472467,1
0,0.49327368,0
0,0.6666384,1
0,0.69751376,1
0,0.3393788,0
1,0.5982074,1
1,0.48449525,0
1,0.6230287,1
1,0.60252196,1
1,0.6813865,1
0,0.5296258,1
1,0.6652119,1
1,0.50542647,1
0,0.52163166,1
1,0.48230144,0
0,0.41227114,0
1,0.69797206,1
1,0.4423455,0
0,0.44655886,0
0,0.3657284,0
0,0.55600554,1
1,0.46353236,0
0,0.7121807,1
1,0.4249851,0
1,0.54782623,1
1,0.6608875,1
1,0.40275922,0
0,0.45412472,0
0,0.365739,0
1,0.689438,1
0,0.5067224,1
1,0.5213932,1
0,0.4833988,0
0,0.5296258,1
1,0.651047,1
1,0.5153049,1
1,0.51522315,1
0,0.36615452,0
1,0.65037507,1
1,0.39060596,0
0,0.373136,0
0,0.39568076,0
1,0.3731709,0
1,0.5622584,1
0,0.55932397,1
0,0.55417615,1
0,0.66827464,1
1,0.6698062,1
1,0.40908986,0
1,0.44655886,0
1,0.45672214,0
1,0.49328133,0
0,0.45185,0
0,0.4423455,0
0,0.6722764,1
1,0.7033159,1
0,0.5453082,1
1,0.6737153,1
0,0.4260765,0
0,0.61039656,1
1,0.63142353,1
1,0.39714208,0
0,0.41492513,0
0,0.3554124,0
0,0.50687546,1
1,0.48558274,0
0,0.5729632,1
0,0.5062336,1
0,0.54254365,1
0,0.46915266,0
0,0.4423455,0
1,0.45826596,0
0,0.6771319,1
0,0.6012991,1
0,0.5724278,1
0,0.4152824,0
1,0.51104516,1
0,0.6312292,1
1,0.6752856,1
0,0.6612042,1
0,0.5186532,1
0,0.5554903,1
0,0.3671744,0
1,0.7007442,1
1,0.5869937,1
1,0.62521225,1
1,0.40160954,0
1,0.5848482,1
1,0.6236859,1
1,0.49367225,0
0,0.3831558,0
1,0.66836965,1
1,0.6776,1
1,0.5326202,1
1,0.66739494,1
0,0.48329058,0
0,0.41943908,0
0,0.63670474,1
1,0.68786955,1
0,0.42734048,0
0,0.3700467,0
0,0.43798473,0
1,0.67511636,1
0,0.48928332,0
0,0.6046029,1
1,0.6235502,1
0,0.5833866,1
0,0.5960092,1
0,0.42524177,0
1,0.6134765,1
1,0.4886835,0
0,0.63800377,1
0,0.7035802,1
1,0.5978536,1
0,0.36797202,0
1,0.63182765,1
1,0.65977246,1
0,0.71638995,1
0,0.6652981,1
1,0.58065194,1
0,0.57427937,1
1,0.64580154,1
0,0.66051596,1
0,0.59239674,1
1,0.55143946,1
1,0.4890898,0
0,0.39870167,0
1,0.6819355,1
0,0.5006642,1
1,0.6471179,1
1,0.35893905,0
1,0.42698044,0
0,0.4399861,0
1,0.6577509,1
1,0.6430646,1
0,0.50239885,1
1,0.6898323,1
0,0.47744703,0
1,0.6706399,1
1,0.34956664,0
1,0.6230287,1
0,0.53026354,1
1,0.58065194,1
1,0.6083636,1
1,0.53956306,1
0,0.4570393,0
0,0.36900797,0
0,0.4391144,0
0,0.66683006,1
0,0.67329437,1
0,0.4774199,0
1,0.46199614,0
0,0.55562335,1
0,0.5676329,1
0,0.39857823,0
1,0.5817292,1
1,0.70313734,1
1,0.5126992,1
0,0.54453605,1
0,0.5120758,1
1,0.57958925,1
1,0.6818777,1
0,0.56879413,1
0,0.36586064,0
1,0.555918,1
0,0.5559478,1
0,0.43304142,0
1,0.48596415,0
0,0.3898304,0
0,0.35366687,0
0,0.4054497,0
1,0.5769588,1
0,0.5732431,1
0,0.57167345,1
1,0.64523506,1
1,0.55438364,1
0,0.6211772,1
1,0.64741856,1
1,0.6673398,1
0,0.45230854,0
0,0.7035873,1
1,0.45593137,0
0,0.6887025,1
1,0.45130092,0
1,0.55125946,1
1,0.5768,1
0,0.365739,0
0,0.6248276,1
1,0.6893947,1
0,0.5049152,1
1,0.42108223,0
0,0.5178098,1
0,0.5846017,1
0,0.46781814,0
0,0.42734048,0
0,0.50239885,1
0,0.48809844,0
0,0.6732343,1
0,0.6361546,1
1,0.5535565,1
1,0.46166754,0
0,0.5982074,1
1,0.6661986,1
0,0.37940598,0
0,0.4293458,0
0,0.41790396,0
1,0.60131615,1
0,0.46166754,0
1,0.6122729,1
0,0.42108223,0
1,0.5568103,1
0,0.36667562,0
0,0.6927469,1
0,0.66583157,1
0,0.6254543,1
1,0.3667221,0
0,0.47897905,0
1,0.7065744,1
1,0.3739696,0
1,0.5025607,1
1,0.6294533,1
1,0.6179802,1
1,0.61934906,1
1,0.5931231,1
1,0.71194786,1
0,0.3443332,0
1,0.492616,0
0,0.50690365,1
0,0.6635599,1
0,0.6489573,1
1,0.58595383,1
1,0.4856939,0
1,0.5373902,1
1,0.5886952,1
1,0.52653694,1
0,0.49553952,0
1,0.5826628,1
0,0.39019546,0
1,0.35065433,0
1,0.6465151,1
1,0.5691412,1
0,0.49367225,0
1,0.5387655,1
0,0.5168459,1
0,0.47717115,0
1,0.5888248,1
0,0.39467204,0
0,0.38031462,0
0,0.39042294,0
1,0.49776414,0
1,0.46199614,0
0,0.41492513,0
0,0.57313365,1
1,0.49328133,0
1,0.5296258,1
0,0.41492513,0
1,0.4933452,0
0,0.3671744,0
1,0.59620124,1
1,0.50121313,1
0,0.5456571,1
0,0.4457555,0
1,0.70775205,1
0,0.4787821,0
0,0.36600912,0
1,0.5012125,1
0,0.5041396,1
1,0.6844899,1
0,0.36667562,0
0,0.49367225,0
0,0.67746705,1
1,0.63576734,1
1,0.34066728,0
0,0.4720038,0
0,0.46565598,0
0,0.5370612,1
0,0.6259764,1
0,0.64587593,1
1,0.52946746,1
1,0.66951454,1
0,0.50933236,1
1,0.5120758,1
1,0.61844116,1
1,0.37135613,0
0,0.43285736,0
1,0.46593785,0
1,0.50324214,1
0,0.41689032,0
1,0.5006327,1
0,0.48928332,0
0,0.5120167,1
1,0.6618552,1
1,0.47549334,0
0,0.41256654,0
1,0.5551711,1
0,0.5036032,1
1,0.5357088,1
1,0.7131785,1
1,0.6498073,1
1,0.6158993,1
1,0.5144799,1
0,0.45753163,0
0,0.45569676,0
1,0.5200107,1
1,0.49857646,0
1,0.58557963,1
1,0.5289293,1
1,0.68113005,1
1,0.47416374,0
0,0.46218592,0
1,0.37965363,0
1,0.5488902,1
0,0.3657284,0
0,0.55480826,1
1,0.64281553,1
1,0.63127375,1
0,0.46199614,0
1,0.36862102,0
1,0.6778177,1
1,0.53489804,1
1,0.53783166,1
0,0.5292414,1
0,0.4803913,0
0,0.34066728,0
1,0.6241904,1
0,0.37575626,0
1,0.46017352,0
0,0.540987,1
0,0.5373902,1
1,0.56773686,1
1,0.76459104,1
0,0.6714521,1
0,0.5651234,1
0,0.53021044,1
0,0.64822197,1
1,0.50980616,1
0,0.44655886,0
1,0.5481712,1
1,0.677961,1
0,0.6145804,1
0,0.5931231,1
0,0.70531356,1
1,0.65626436,1
0,0.39857823,0
1,0.43481055,0
0,0.47717115,0
1,0.5926058,1
0,0.44655886,0
1,0.6071782,1
0,0.49854523,0
1,0.67145586,1
1,0.6351326,1
0,0.5390124,1
1,0.6637614,1
0,0.46199614,0
0,0.39971453,0
1,0.515203,1
0,0.3739696,0
0,0.53453195,1
1,0.5463088,1
1,0.39019546,0
0,0.37156615,0
0,0.6836289,1
1,0.6282127,1
1,0.40347847,0
1,0.6023567,1
0,0.3667221,0
1,0.42003372,0
0,0.40906793,0
0,0.66585183,1
1,0.5083029,1
1,0.43415338,0
0,0.4993936,0
1,0.55603725,1
0,0.59445703,1
0,0.48323935,0
0,0.6911062,1
0,0.34705603,0
1,0.5345257,1
0,0.37140986,0
1,0.58527225,1
0,0.5810498,1
0,0.52653694,1
0,0.5208924,1
0,0.4803913,0
1,0.53348684,1
1,0.6651498,1
1,0.6994011,1
0,0.40347847,0
0,0.48469985,0
0,0.60143644,1
0,0.50733674,1
0,0.5163946,1
1,0.5775071,1
0,0.53334993,1
1,0.5292554,1
0,0.68258035,1
0,0.48948294,0
0,0.53809035,1
1,0.651665,1
1,0.42108223,0
0,0.49367225,0
0,0.47147232,0
0,0.48599207,0
0,0.3667221,0
1,0.45569676,0
0,0.3657967,0
0,0.4798397,0
1,0.51526624,1
0,0.3662802,0
1,0.5181557,1
0,0.467469,0
0,0.43932247,0
1,0.646449,1
0,0.6153545,1
0,0.552834,1
0,0.59206194,1
0,0.57570106,1
1,0.6885739,1
1,0.6410387,1
0,0.3831558,0
1,0.5609965,1
1,0.4423455,0
0,0.67460454,1
1,0.4902472,0
1,0.38280094,0
1,0.50386775,1
0,0.46353236,0
0,0.60596013,1
1,0.57640755,1
1,0.6529837,1
0,0.55160147,1
1,0.61900675,1
1,0.4874734,0
1,0.46166754,0
0,0.60267633,1
1,0.537994,1
1,0.713315,1
1,0.67477506,1
0,0.36262247,0
0,0.6257942,1
1,0.5278367,1
0,0.43350357,0
0,0.52407205,1
0,0.66838396,1
1,0.4828516,0
0,0.51469946,1
1,0.59625703,1
0,0.565321,1
0,0.3714484,0
1,0.43932247,0
1,0.6912814,1
1,0.62817925,1
1,0.6189604,1
1,0.74223185,1
1,0.5162393,1
1,0.44655886,0
1,0.5415556,1
0,0.5802674,1
0,0.38857862,0
1,0.596463,1
0,0.34580216,0
1,0.5427281,1
0,0.3714484,0
1,0.44541606,0
0,0.3751297,0
0,0.35065433,0
1,0.36731386,0
0,0.42763266,0
1,0.6380467,1
1,0.54021627,1
1,0.67643696,1
1,0.5554903,1
0,0.5452995,1
1,0.6277632,1
0,0.3464295,0
1,0.5681263,1
1,0.65982366,1
0,0.5620856,1
0,0.3645331,0
0,0.54440343,1
0,0.3464295,0
1,0.48816258,0
1,0.37764075,0
1,0.5945877,1
1,0.6820782,1
1,0.59530896,1
1,0.43415338,0
0,0.42061004,0
0,0.63113964,1
1,0.5734631,1
0,0.5033258,1
0,0.3885296,0
0,0.6743694,1
1,0.6063499,1
1,0.5216109,1
0,0.3657284,0
0,0.4756232,0
0,0.47147232,0
1,0.365739,0
0,0.42364183,0
0,0.3443332,0
0,0.3700467,0
1,0.70444167,1
1,0.7000826,1
0,0.58828074,1
1,0.40906793,0
0,0.4722911,0
0,0.5260919,1
1,0.66060877,1
1,0.53453195,1
0,0.43304142,0
0,0.49956936,0
1,0.64125645,1
1,0.4399861,0
1,0.4993936,0
0,0.5461396,1
0,0.5589656,1
0,0.60567075,1
0,0.4519607,0
0,0.5755967,1
0,0.49466148,0
1,0.47422722,0
0,0.6580791,1
1,0.4293458,0
1,0.6421439,1
0,0.50584847,1
0,0.50324214,1
1,0.5168976,1
0,0.5572916,1
1,0.610627,1
0,0.3859837,0
1,0.6038047,1
1,0.48469985,0
0,0.55417615,1
1,0.4856396,0
1,0.631414,1
1,0.6151769,1
1,0.56169236,1
1,0.6630214,1
0,0.44655886,0
1,0.6724545,1
0,0.692176,1
0,0.44655886,0
0,0.53577363,1
1,0.49722815,0
0,0.60859096,1
0,0.5266887,1
1,0.50712365,1
1,0.49118474,0
1,0.48928332,0
1,0.45973328,0
0,0.42108223,0
1,0.6283442,1
1,0.7076022,1
0,0.37764075,0
0,0.38977832,0
1,0.670181,1
1,0.68411946,1
1,0.55600554,1
1,0.68678576,1
1,0.54812694,1
1,0.5003027,1
0,0.34867966,0
0,0.3612563,0
0,0.47744703,0
0,0.64138603,1
1,0.60685456,1
1,0.65318274,1
0,0.3554124,0
1,0.4293458,0
1,0.53987324,1
1,0.4565622,0
1,0.6702954,1
1,0.47851864,0
1,0.6653977,1
1,0.5899565,1
0,0.49817112,0
0,0.6711414,1
0,0.5062245,1
0,0.4787487,0
0,0.43481055,0
0,0.5649955,1
0,0.5670634,1
0,0.6056337,1
1,0.43357098,0
1,0.69262457,1
0,0.4856396,0
1,0.68705565,1
0,0.38143936,0
0,0.66804093,1
0,0.67124826,1
1,0.47194675,0
1,0.6688021,1
0,0.37671122,0
0,0.3657284,0
0,0.36880225,0
0,0.45569676,0
0,0.3373026,0
0,0.66585183,1
1,0.5468538,1
0,0.4720038,0
0,0.53360003,1
1,0.6142936,1
0,0.45724112,0
1,0.7129509,1
0,0.36669534,0
0,0.40347847,0
0,0.64060223,1
0,0.46166754,0
1,0.4399861,0
1,0.59987277,1
1,0.7302775,1
1,0.6947877,1
1,0.5035303,1
0,0.43932247,0
1,0.55897564,1
1,0.3863706,0
1,0.582008,1
0,0.36615452,0
1,0.63451874,1
0,0.6093107,1
1,0.36608285,0
0,0.52221113,1
0,0.36608285,0
0,0.47147232,0
1,0.43304142,0
0,0.36608285,0
1,0.65920514,1
0,0.73463905,1
1,0.6357068,1
0,0.48410207,0
0,0.3731709,0
0,0.37764075,0
1,0.50864357,1
0,0.48593882,0
0,0.5931231,1
0,0.6517179,1
0,0.5231293,1
0,0.47053787,0
1,0.6292343,1
0,0.41492513,0
1,0.605015,1
0,0.65817815,1
0,0.5899485,1
1,0.46199614,0
1,0.5630793,1
1,0.41600913,0
0,0.47416374,0
1,0.45003232,0
0,0.60859096,1
0,0.5229095,1
1,0.5576605,1
0,0.50836796,1
0,0.46353236,0
0,0.58115077,1
0,0.6035876,1
0,0.5640652,1
1,0.43798473,0
0,0.53453195,1
1,0.55928797,1
0,0.49902642,0
1,0.57810056,1
0,0.36669534,0
0,0.47147232,0
1,0.60866654,1
1,0.49713063,0
0,0.4423455,0
1,0.48500508,0
0,0.46293,0
1,0.7046313,1
0,0.6276197,1
0,0.3863706,0
1,0.59325796,1
0,0.53956306,1
1,0.37140986,0
1,0.6630361,1
1,0.5965929,1
0,0.6140967,1
0,0.42108223,0
1,0.67434156,1
1,0.48827118,0
0,0.365739,0
0,0.54162353,1
0,0.5903687,1
1,0.6385598,1
1,0.50687546,1
1,0.6938524,1
1,0.642467,1
1,0.73486626,1
1,0.71320957,1
0,0.40701008,0
1,0.67024934,1
0,0.35366687,0
0,0.60356444,1
1,0.68172896,1
0,0.59130704,1
1,0.39857823,0
1,0.68027985,1
1,0.497555,0
0,0.70731574,1
0,0.53480434,1
0,0.4293458,0
1,0.5216109,1
0,0.6129791,1
0,0.4423664,0
0,0.66106904,1
0,0.6817927,1
0,0.46565598,0
0,0.56767035,1
1,0.36608285,0
0,0.48859024,0
0,0.39042294,0
0,0.46807072,0
0,0.5006642,1
1,0.5275085,1
0,0.6822327,1
1,0.53265977,1
1,0.6974804,1
1,0.5322385,1
0,0.6066983,1
1,0.4527374,0
1,0.5120758,1
1,0.6479314,1
1,0.6856259,1
1,0.53451526,1
1,0.49110353,0
1,0.46491653,0
1,0.38001186,0
0,0.68082273,1
1,0.6690412,1
1,0.6679856,1
0,0.41600913,0
0,0.6217778,1
0,0.49533522,0
0,0.5899485,1
0,0.49440634,0
0,0.4565622,0
1,0.3657284,0
0,0.6848345,1
0,0.5517728,1
0,0.68529457,1
0,0.51752764,1
0,0.35907224,0
0,0.45188096,0
1,0.71136045,1
0,0.34867966,0
1,0.4990883,0
1,0.49776414,0
0,0.4866003,0
0,0.36593485,0
0,0.47409797,0
0,0.52407205,1
1,0.5351244,1
0,0.49854228,0
0,0.48331943,0
0,0.54856,1
1,0.49518698,0
1,0.42364183,0
1,0.43307102,0
0,0.35366687,0
1,0.4570393,0
0,0.42734048,0
0,0.5013735,1
0,0.49367225,0
0,0.6293209,1
0,0.6277252,1
0,0.46166754,0
1,0.46017352,0
0,0.46303433,0
1,0.6715161,1
0,0.516373,1
1,0.45495224,0
1,0.6588958,1
1,0.63407385,1
0,0.5648925,1
0,0.63116324,1
1,0.57669544,1
1,0.49169675,0
1,0.47147232,0
1,0.46082902,0
1,0.60777086,1
0,0.36593485,0
1,0.6639066,1
1,0.67415696,1
0,0.34066728,0
1,0.6396042,1
1,0.67024934,1
1,0.4570393,0
0,0.47651798,0
1,0.60006493,1
1,0.4423455,0
1,0.6774974,1
0,0.39019546,0
1,0.5555403,1
0,0.45986193,0
1,0.47951323,0
1,0.52460605,1
1,0.68222344,1
1,0.5049152,1
1,0.48762563,0
0,0.4902472,0
0,0.40906793,0
0,0.70275426,1
0,0.60332125,1
1,0.47744703,0
0,0.3464295,0
1,0.6737294,1
1,0.6177454,1
0,0.5292414,1
0,0.7105111,1
0,0.47416374,0
1,0.54779303,1
0,0.66262,1
0,0.47744703,0
0,0.56254894,1
0,0.36600912,0
1,0.63087773,1
0,0.51552856,1
0,0.48848417,0
1,0.6359508,1
0,0.42763266,0
0,0.5184038,1
0,0.3645331,0
1,0.5446659,1
1,0.6182939,1
0,0.570582,1
0,0.59627736,1
0,0.6160861,1
1,0.66775745,1
0,0.6006319,1
1,0.5551106,1
0,0.49695638,0
1,0.60613644,1
1,0.63450086,1
0,0.5554903,1
1,0.47717115,0
1,0.4798397,0
1,0.6956048,1
1,0.48596415,0
0,0.49221596,0
0,0.36608285,0
0,0.35907224,0
1,0.37671122,0
0,0.6017458,1
1,0.66827464,1
0,0.68336505,1
1,0.6328687,1
1,0.4664708,0
0,0.52624875,1
0,0.5607507,1
1,0.36669534,0
0,0.42734048,0
0,0.5903112,1
0,0.4756232,0
1,0.6619532,1
0,0.3657967,0
1,0.5043451,1
0,0.47147232,0
1,0.37135613,0
0,0.6249517,1
0,0.3464295,0
0,0.49221596,0
1,0.5677269,1
1,0.66911,1
0,0.60969216,1
1,0.5732431,1
0,0.4591461,0
0,0.37058738,0
1,0.5881592,1
1,0.5246637,1
0,0.40906793,0
1,0.62551457,1
1,0.5123489,1
0,0.3731709,0
1,0.59270287,1
0,0.67450994,1
0,0.34066728,0
1,0.46781814,0
1,0.44655886,0
0,0.60628057,1
1,0.6582467,1
0,0.37058738,0
0,0.40347847,0
1,0.4532855,0
0,0.3863383,0
1,0.6649939,1
1,0.7218718,1
0,0.5213557,1
1,0.5123735,1
1,0.59863406,1
0,0.58215225,1
1,0.6131508,1
1,0.67651314,1
0,0.49481028,0
1,0.6708201,1
0,0.4505504,0
1,0.42108223,0
1,0.5919928,1
1,0.5710448,1
1,0.41525438,0
0,0.7035663,1
1,0.42216417,0
1,0.68449515,1
1,0.71446735,1
1,0.45230854,0
0,0.3413291,0
1,0.69799274,1
1,0.43798473,0
1,0.63184255,1
1,0.4815095,0
0,0.49118474,0
1,0.63637525,1
0,0.4660293,0
0,0.3945503,0
0,0.6360704,1
1,0.54047096,1
0,0.3464295,0
0,0.41790396,0
0,0.35907224,0
1,0.45784986,0
0,0.5429505,1
0,0.36608285,0
0,0.61405367,1
1,0.5349132,1
1,0.6588345,1
0,0.6264865,1
0,0.5116418,1
1,0.3731709,0
0,0.53021044,1
0,0.54901105,1
0,0.4249851,0
1,0.43481055,0
1,0.61662984,1
1,0.62540495,1
1,0.4508895,0
1,0.49854228,0
0,0.64382213,1
1,0.5676329,1
1,0.39345002,0
0,0.37940598,0
1,0.45495224,0
1,0.502068,1
0,0.5884354,1
0,0.5049152,1
0,0.51084006,1
1,0.59347105,1
0,0.42763266,0
1,0.5899565,1
0,0.47717115,0
0,0.594036,1
1,0.3657967,0
0,0.5554903,1
1,0.4723377,0
1,0.37671122,0
1,0.44463965,0
1,0.5374746,1
0,0.33868602,0
0,0.36600912,0
0,0.3519169,0
0,0.6392229,1
1,0.5334044,1
0,0.555918,1
1,0.6584823,1
0,0.42364183,0
1,0.5468538,1
1,0.65959615,1
1,0.49729094,0
0,0.5166801,1
1,0.5372426,1
1,0.45028946,0
0,0.3699177,0
1,0.6536553,1
1,0.34066728,0
1,0.69912535,1
0,0.4695113,0
0,0.3863383,0
1,0.6755542,1
1,0.42216417,0
1,0.5254989,1
0,0.49348643,0
0,0.47825167,0
1,0.4399861,0
1,0.70314705,1
0,0.43304142,0
1,0.5556215,1
1,0.65823764,1
1,0.6950819,1
0,0.3751297,0
1,0.5489533,1
1,0.5801661,1
0,0.5012125,1
1,0.53491515,1
0,0.56983435,1
1,0.41790396,0
1,0.69131565,1
1,0.46017352,0
1,0.678851,1
1,0.6477165,1
1,0.40189824,0
1,0.66838396,1
1,0.5469587,1
1,0.36608285,0
0,0.36615452,0
1,0.5120758,1
0,0.36669534,0
1,0.67431384,1
0,0.51406777,1
1,0.59950787,1
1,0.51410925,1
0,0.36608285,0
0,0.5133697,1
1,0.39019546,0
0,0.39095104,0
0,0.42196047,0
1,0.48928332,0
0,0.33514777,0
0,0.58720887,1
0,0.6188875,1
1,0.64888054,1
1,0.587292,1
0,0.6234961,1
0,0.3657967,0
0,0.41492513,0
0,0.3662802,0
1,0.502068,1
1,0.6584751,1
1,0.4024005,0
1,0.6781154,1
1,0.6587538,1
0,0.64636743,1
1,0.46082902,0
0,0.48373386,0
0,0.44655886,0
1,0.4399861,0
0,0.39019546,0
1,0.6822621,1
0,0.42734048,0
0,0.675212,1
0,0.5204826,1
1,0.66608614,1
0,0.6248634,1
0,0.4709168,0
1,0.49089745,0
1,0.5298845,1
0,0.5559478,1
1,0.62966526,1
0,0.5049152,1
1,0.67280835,1
0,0.55288416,1
0,0.4722911,0
0,0.6042572,1
1,0.5033258,1
0,0.3554124,0
0,0.6615515,1
1,0.5404663,1
0,0.40701008,0
0,0.37140986,0
0,0.5969051,1
0,0.66213655,1
1,0.60611874,1
0,0.560361,1
0,0.6079536,1
0,0.48778895,0
0,0.3831558,0
0,0.3720639,0
1,0.48848417,0
0,0.41492513,0
0,0.6839511,1
0,0.51881194,1
1,0.52055347,1
1,0.6150862,1
0,0.3751297,0
0,0.39287525,0
0,0.700052,1
0,0.6453322,1
0,0.5145299,1
0,0.42108223,0
0,0.64741856,1
0,0.5801661,1
1,0.64343715,1
1,0.6055436,1
1,0.5757436,1
1,0.55920225,1
0,0.467469,0
0,0.3863706,0
1,0.3731709,0
1,0.65791404,1
1,0.4152824,0
1,0.45762458,0
1,0.672581,1
0,0.50410146,1
1,0.4664708,0
1,0.51488894,1
1,0.46565598,0
1,0.68922675,1
1,0.6573288,1
0,0.7141594,1
0,0.35366687,0
0,0.6862845,1
0,0.6700828,1
1,0.6195648,1
0,0.49402356,0
0,0.48416287,0
1,0.47626913,0
0,0.56702834,1
1,0.67157876,1
1,0.56773686,1
0,0.6555286,1
1,0.48871976,0
0,0.4924797,0
0,0.53480434,1
1,0.69642574,1
1,0.53076166,1
1,0.60693914,1
0,0.60173213,1
0,0.60912883,1
0,0.6800411,1
1,0.57910985,1
0,0.5577417,1
1,0.36615452,0
0,0.37140986,0
1,0.45250326,0
1,0.6136217,1
1,0.56238544,1
1,0.697722,1
1,0.7337695,1
1,0.4871939,0
0,0.36900797,0
0,0.40347847,0
0,0.4570393,0
0,0.43642288,0
0,0.36608285,0
1,0.6512758,1
0,0.42524177,0
0,0.51552856,1
0,0.3751297,0
0,0.40874478,0
1,0.59124726,1
0,0.6472192,1
0,0.40622655,0
1,0.6119343,1
1,0.41790396,0
1,0.5013735,1
1,0.34786886,0
1,0.7029239,1
0,0.3464295,0
0,0.36797202,0
1,0.67841226,1
1,0.64926344,1
0,0.36093304,0
0,0.5213932,1
0,0.56207925,1
0,0.64911664,1
1,0.6055385,1
0,0.46353236,0
0,0.57022065,1
0,0.67898315,1
0,0.47409797,0
1,0.42734048,0
1,0.7329634,1
1,0.4885882,0
0,0.36667562,0
0,0.46017352,0
0,0.5611648,1
0,0.48416287,0
0,0.57609236,1
1,0.6725947,1
0,0.49262393,0
0,0.3554124,0
1,0.59363997,1
1,0.38031462,0
0,0.6012719,1
1,0.5940278,1
1,0.5193918,1
1,0.6131612,1
0,0.460605,0
1,0.4828516,0
0,0.5326069,1
0,0.43798473,0
0,0.5006642,1
0,0.48848417,0
0,0.3945503,0
0,0.6204564,1
1,0.53480434,1
0,0.537427,1
1,0.5919928,1
1,0.5025607,1
1,0.60580367,1
1,0.3714484,0
0,0.53489804,1
1,0.6756787,1
0,0.34007227,0
0,0.5765606,1
0,0.57068783,1
0,0.4570393,0
1,0.49402356,0
0,0.39870167,0
1,0.49776414,0
1,0.6415352,1
1,0.68936557,1
1,0.67415696,1
0,0.6620179,1
1,0.7137923,1
1,0.6770363,1
0,0.45569676,0
0,0.49867398,0
1,0.40701008,0
0,0.46565598,0
0,0.4267377,0
0,0.48524305,0
1,0.55288416,1
0,0.60634595,1
0,0.64327145,1
0,0.6554553,1
1,0.3898304,0
0,0.61934906,1
0,0.5609965,1
1,0.41833496,0
0,0.3945503,0
0,0.39870167,0
1,0.6497045,1
1,0.39446092,0
0,0.4732063,0
0,0.4570393,0
0,0.5965929,1
1,0.6235502,1
0,0.4800298,0
1,0.651658,1
0,0.41227114,0
0,0.43481055,0
1,0.57943237,1
0,0.41227114,0
0,0.37671122,0
0,0.58127844,1
1,0.5675472,1
0,0.40906793,0
0,0.6458294,1
0,0.6136217,1
0,0.45067617,0
0,0.3945503,0
0,0.48469985,0
0,0.6188875,1
0,0.3731709,0
1,0.41227114,0
1,0.39859855,0
0,0.46353236,0
0,0.43738094,0
0,0.657729,1
0,0.45030764,0
1,0.4756232,0
0,0.57571435,1
1,0.67556584,1
1,0.47711933,0
1,0.5014398,1
0,0.4798397,0
0,0.58144224,1
0,0.53798974,1
0,0.5166801,1
1,0.60512257,1
1,0.6079536,1
1,0.6645772,1
1,0.5911532,1
0,0.5198467,1
0,0.51507074,1
0,0.42364183,0
0,0.40160954,0
0,0.3419969,0
1,0.5581498,1
0,0.49466148,0
1,0.48469985,0
0,0.46781814,0
0,0.4756232,0
1,0.680009,1
1,0.53608537,1
0,0.46728143,0
0,0.48859024,0
1,0.4744006,0
0,0.66869414,1
0,0.6460574,1
0,0.44463965,0
1,0.3913471,0
0,0.49367225,0
1,0.4741665,0
0,0.49840447,0
1,0.55143946,1
0,0.35366687,0
0,0.36615452,0
0,0.53613776,1
0,0.39042294,0
0,0.4403262,0
0,0.5322385,1
0,0.46781814,0
0,0.4508895,0
0,0.6688933,1
0,0.40701008,0
1,0.46888044,0
1,0.52307224,1
0,0.6684868,1
1,0.60356444,1
1,0.4293458,0
0,0.48517495,0
0,0.36093304,0
0,0.36900797,0
0,0.54557544,1
1,0.6754225,1
0,0.6992531,1
1,0.5936384,1
1,0.5388826,1
0,0.3831558,0
1,0.5607507,1
1,0.60462105,1
0,0.46789303,0
0,0.61189586,1
0,0.49969727,0
1,0.6581836,1
0,0.6298476,1
0,0.6900874,1
1,0.6115142,1
1,0.36586064,0
1,0.5296258,1
0,0.47744703,0
0,0.4898978,0
0,0.55052686,1
0,0.3894787,0
1,0.54254365,1
0,0.50738364,1
0,0.7044467,1
0,0.45569676,0
0,0.4508895,0
1,0.48622,0
0,0.5261742,1
1,0.4508895,0
1,0.6722746,1
0,0.41744128,0
0,0.55859137,1
1,0.6847107,1
1,0.3671744,0
0,0.36474696,0
1,0.36593485,0
1,0.5526873,1
0,0.59863406,1
1,0.46781814,0
1,0.52488035,1
1,0.642729,1
1,0.6392155,1
1,0.492616,0
0,0.49745303,0
0,0.51112896,1
0,0.47738802,0
0,0.6103817,1
1,0.49695638,0
0,0.5067224,1
1,0.49172384,0
0,0.49132672,0
0,0.3945056,0
1,0.6135024,1
1,0.65386623,1
0,0.47485554,0
1,0.5474617,1
1,0.75444275,1
1,0.6901557,1
0,0.6462476,1
0,0.60025835,1
1,0.41227114,0
0,0.48732635,0
1,0.47847322,0
0,0.5213932,1
1,0.39636648,0
1,0.39875102,0
0,0.43798473,0
1,0.60512257,1
1,0.5013735,1
1,0.42763266,0
0,0.39870167,0
0,0.6697048,1
1,0.41833496,0
1,0.65566766,1
1,0.6287745,1
1,0.5390124,1
1,0.5231293,1
0,0.46781814,0
1,0.3831558,0
0,0.45850563,0
0,0.3662802,0
1,0.43304142,0
0,0.47078493,0
0,0.60631156,1
0,0.5617013,1
1,0.4293458,0
1,0.6849156,1
0,0.39870167,0
1,0.60416454,1
0,0.51469946,1
1,0.6738845,1
0,0.50886714,1
1,0.4714483,0
1,0.66914785,1
1,0.6471656,1
0,0.5332913,1
0,0.62227905,1
0,0.55199665,1
1,0.49223375,0
1,0.5012822,1
1,0.6910498,1
1,0.5446659,1
1,0.3863383,0
0,0.37671122,0
1,0.68997407,1
0,0.41561314,0
1,0.6817502,1
0,0.420912,0
1,0.4496881,0
0,0.36779723,0
1,0.501481,1
1,0.53254724,1
1,0.6796064,1
0,0.6692832,1
0,0.7116081,1
1,0.6231192,1
0,0.4297287,0
1,0.6108822,1
0,0.6289221,1
1,0.5583105,1
1,0.41492513,0
1,0.55143946,1
0,0.36262247,0
1,0.6732343,1
1,0.6336657,1
0,0.5520591,1
0,0.74655926,1
1,0.59154177,1
0,0.42364183,0
1,0.6838996,1
1,0.5766874,1
0,0.53084767,1
1,0.44485927,0
0,0.58090836,1
1,0.6946901,1
0,0.3671744,0
1,0.5949559,1
1,0.6942819,1
0,0.3714484,0
0,0.5287849,1
1,0.69598776,1
1,0.53809035,1
0,0.63450086,1
1,0.42734048,0
1,0.53452295,1
0,0.39857823,0
0,0.5455844,1
1,0.37965363,0
1,0.45495126,0
0,0.37965363,0
0,0.55243826,1
0,0.40701008,0
1,0.48859024,0
1,0.46166754,0
0,0.38143936,0
1,0.58126175,1
0,0.5120758,1
0,0.59756154,1
0,0.47995284,0
1,0.66390204,1
1,0.48804912,0
1,0.59199667,1
1,0.75673854,1
0,0.46977055,0
1,0.49029157,0
1,0.48267135,0
0,0.6002879,1
0,0.6573238,1
1,0.57481694,1
0,0.61129194,1
0,0.4659267,0
0,0.49998713,0
0,0.4520364,0
1,0.40347847,0
1,0.373136,0
1,0.537427,1
0,0.52325004,1
1,0.6843469,1
0,0.49977812,0
1,0.7007146,1
0,0.58833116,1
1,0.6436507,1
0,0.47951323,0
0,0.6027875,1
1,0.47312742,0
0,0.5152315,1
1,0.4617579,0
0,0.5012125,1
0,0.51557106,1
0,0.47883987,0
1,0.6672627,1
0,0.6032313,1
1,0.65254694,1
1,0.4570393,0
0,0.52004236,1
1,0.68125284,1
1,0.36667562,0
0,0.50791186,1
0,0.523091,1
0,0.53453195,1
0,0.6071806,1
0,0.5296258,1
1,0.4951284,0
0,0.5181557,1
0,0.57609236,1
0,0.5851805,1
0,0.54637545,1
0,0.37140986,0
1,0.61892754,1
1,0.5763644,1
1,0.69429576,1
0,0.46789303,0
0,0.47744703,0
1,0.3464295,0
0,0.36900797,0
0,0.3464295,0
1,0.34956664,0
1,0.56832856,1
1,0.43304142,0
0,0.36615452,0
1,0.55469954,1
0,0.36093304,0
1,0.58209383,1
1,0.6019053,1
1,0.59624577,1
0,0.59762543,1
0,0.39714208,0
0,0.3831558,0
1,0.67013305,1
0,0.3863383,0
0,0.45018372,0
1,0.38977832,0
0,0.3714484,0
1,0.6891854,1
1,0.47147232,0
0,0.5951144,1
1,0.7122651,1
0,0.43738094,0
1,0.6119441,1
1,0.6771703,1
0,0.500993,1
1,0.6162835,1
0,0.6761752,1
1,0.49169675,0
1,0.50213,1
0,0.3831558,0
0,0.60790396,1
1,0.5322385,1
1,0.41227114,0
0,0.5839527,1
1,0.45785,0
0,0.45495126,0
1,0.61172026,1
0,0.6424785,1
0,0.6352379,1
0,0.39345002,0
0,0.6616287,1
1,0.5125572,1
1,0.5885379,1
1,0.49466148,0
1,0.34345284,0
1,0.4861418,0
1,0.37575626,0
0,0.52583754,1
1,0.6071782,1
1,0.70353854,1
1,0.6437662,1
0,0.5003027,1
0,0.3667221,0
1,0.6151043,1
1,0.38854006,0
0,0.48848417,0
0,0.5677158,1
0,0.4578243,0
0,0.49348643,0
0,0.3662802,0
0,0.55155057,1
1,0.43304142,0
0,0.5125572,1
0,0.40906793,0
0,0.6149991,1
1,0.6903961,1
1,0.3677956,0
0,0.50791186,1
1,0.48848417,0
0,0.52349424,1
1,0.43307102,0
0,0.50847054,1
1,0.36962628,0
1,0.7030975,1
1,0.4423455,0
0,0.36880225,0
0,0.5655124,1
1,0.36262247,0
1,0.6006319,1
1,0.46929243,0
0,0.51084006,1
0,0.46378386,0
0,0.39042294,0
0,0.47995284,0
1,0.5105586,1
0,0.7471219,1
1,0.6492597,1
1,0.3645331,0
1,0.6322862,1
0,0.55160147,1
1,0.5808652,1
0,0.3831558,0
1,0.631265,1
1,0.67435336,1
0,0.5554903,1
1,0.59130704,1
1,0.6188875,1
0,0.42364183,0
0,0.66593724,1
1,0.6785895,1
1,0.47147232,0
0,0.3863383,0
0,0.43798473,0
0,0.45268294,0
0,0.3945503,0
0,0.5274494,1
0,0.5466331,1
1,0.45030764,0
1,0.3571887,0
1,0.5554903,1
0,0.46166754,0
0,0.5123489,1
0,0.6089317,1
1,0.48031157,0
0,0.4570393,0
0,0.55125946,1
0,0.48602778,0
0,0.6774352,1
0,0.5244918,1
1,0.47238314,0
1,0.39043364,0
1,0.5967056,1
0,0.36600912,0
0,0.5811873,1
1,0.37240756,0
0,0.6390106,1
0,0.3571887,0
1,0.5517728,1
0,0.37575626,0
1,0.65753365,1
1,0.66980404,1
0,0.5779844,1
0,0.4496881,0
0,0.48186275,0
1,0.5924819,1
1,0.5404663,1
0,0.62600124,1
0,0.34345284,0
0,0.678963,1
0,0.49481028,0
0,0.68872464,1
1,0.7313412,1
0,0.36731386,0
1,0.6626054,1
1,0.6677784,1
0,0.6090109,1
0,0.5357044,1
0,0.36669534,0
0,0.5145083,1
0,0.6506761,1
1,0.5887149,1
1,0.68065315,1
1,0.40160954,0
0,0.3667221,0
1,0.3863383,0
0,0.3667221,0
0,0.52216655,1
1,0.674141,1
0,0.5402562,1
0,0.65199274,1
0,0.48031157,0
0,0.3677956,0
1,0.6079069,1
0,0.5124274,1
1,0.6657735,1
0,0.62074083,1
0,0.6272819,1
0,0.4632607,0
0,0.670202,1
0,0.48205015,0
0,0.5019027,1
0,0.47897905,0
0,0.6691681,1
1,0.4496881,0
1,0.5025607,1
0,0.61045617,1
1,0.66215587,1
0,0.66604173,1
1,0.5490659,1
1,0.42524177,0
0,0.6231917,1
0,0.57520044,1
1,0.5229887,1
1,0.6364897,1
1,0.58102834,1
0,0.48871976,0
1,0.70208895,1
1,0.4570393,0
0,0.3658504,0
0,0.5945877,1
1,0.6814292,1
0,0.52857155,1
1,0.5899565,1
0,0.6973323,1
0,0.40160954,0
1,0.6397666,1
0,0.41256654,0
0,0.3571887,0
1,0.6818636,1
0,0.5373902,1
1,0.50213,1
1,0.59124726,1
0,0.52583754,1
0,0.57822764,1
1,0.4828516,0
1,0.4798397,0
0,0.4054497,0
1,0.6710933,1
0,0.40275922,0
0,0.37156615,0
0,0.6285193,1
0,0.3969986,0
0,0.420912,0
0,0.40906793,0
1,0.4993703,0
1,0.40275922,0
0,0.54983765,1
0,0.48778895,0
0,0.48500508,0
1,0.64090884,1
0,0.3700467,0
0,0.47154137,0
1,0.6565243,1
0,0.67070127,1
0,0.3464295,0
0,0.6565831,1
1,0.6284439,1
0,0.44463965,0
0,0.5517728,1
1,0.7093748,1
0,0.4664708,0
1,0.5120758,1
1,0.61672664,1
0,0.35907224,0
0,0.44485927,0
1,0.63951993,1
0,0.6569157,1
0,0.53763926,1
0,0.527543,1
0,0.41256654,0
0,0.6272214,1
1,0.6154885,1
1,0.5750979,1
0,0.46758866,0
1,0.5149983,1
1,0.6305909,1
1,0.6949849,1
1,0.45569676,0
1,0.43357098,0
1,0.37965363,0
0,0.38857862,0
1,0.48871976,0
1,0.65832114,1
0,0.44655886,0
0,0.41541484,0
0,0.3731709,0
0,0.5834796,1
1,0.53098977,1
1,0.5779094,1
1,0.6015761,1
0,0.56376183,1
0,0.49776414,0
1,0.57965314,1
0,0.61265725,1
0,0.67345804,1
0,0.45250326,0
0,0.5049152,1
1,0.5261742,1
1,0.6446434,1
0,0.49952468,0
1,0.49348643,0
0,0.5198207,1
1,0.7193437,1
1,0.55024576,1
0,0.3657284,0
1,0.6593073,1
1,0.6792172,1
1,0.6141495,1
0,0.34705603,0
1,0.56814325,1
0,0.3413291,0
0,0.594093,1
1,0.6193407,1
1,0.6543958,1
1,0.6825787,1
0,0.6660596,1
0,0.4223052,0
0,0.64202386,1
0,0.49722815,0
0,0.48986632,0
0,0.6361635,1
1,0.6343113,1
1,0.6386298,1
0,0.6257942,1
0,0.41917327,0
0,0.4756232,0
1,0.46915486,0
1,0.49925274,0
0,0.49169675,0
1,0.3393788,0
1,0.3667221,0
1,0.6707578,1
1,0.54472816,1
1,0.60607433,1
1,0.61575234,1
0,0.3863706,0
1,0.38861218,0
1,0.47880542,0
1,0.40874478,0
0,0.41256654,0
1,0.5872038,1
0,0.6785559,1
0,0.578231,1
1,0.51452595,1
0,0.41492513,0
0,0.5691412,1
1,0.42364183,0
0,0.48762563,0
0,0.41525438,0
0,0.6059956,1
1,0.54557544,1
0,0.38857204,0
1,0.57133067,1
0,0.40275922,0
1,0.5199783,1
0,0.3731709,0
0,0.51962113,1
1,0.52407205,1
0,0.48732635,0
0,0.6788217,1
0,0.36667562,0
0,0.5791858,1
1,0.6899495,1
0,0.5742326,1
0,0.42232358,0
0,0.52515715,1
1,0.61457515,1
1,0.41492513,0
0,0.4846478,0
0,0.37273464,0
1,0.49440634,0
1,0.36262247,0
1,0.6361056,1
0,0.61061263,1
1,0.40275922,0
1,0.4570393,0
1,0.5386135,1
0,0.5564369,1
1,0.6504123,1
1,0.58618593,1
1,0.56422323,1
0,0.38031462,0
1,0.458488,0
0,0.4714483,0
1,0.65428543,1
0,0.46565598,0
0,0.36880225,0
0,0.4828516,0
1,0.6364296,1
1,0.6689352,1
0,0.5231293,1
1,0.6720479,1
1,0.67323387,1
0,0.49674663,0
0,0.4423455,0
0,0.51520807,1
1,0.45135155,0
0,0.41288063,0
1,0.4228835,0
0,0.45805937,0
0,0.39432934,0
0,0.48323935,0
0,0.45785,0
0,0.45504022,0
0,0.3671744,0
1,0.63553554,1
1,0.49998713,0
1,0.46389893,0
1,0.6844989,1
0,0.58054215,1
1,0.5479884,1
1,0.46378386,0
1,0.7007449,1
1,0.5123489,1
0,0.42364183,0
0,0.5176012,1
1,0.5120758,1
1,0.67145586,1
1,0.7109621,1
1,0.58053195,1
1,0.552834,1
1,0.6169534,1
1,0.6189604,1
0,0.561472,1
1,0.53763926,1
1,0.6691633,1
0,0.51290786,1
0,0.49348643,0
1,0.5622584,1
0,0.37764075,0
1,0.43481055,0
0,0.3700467,0
0,0.40275922,0
1,0.49969727,0
0,0.45786312,0
1,0.7528882,1
1,0.38031462,0
1,0.70990825,1
0,0.39432934,0
1,0.6071782,1
1,0.49453884,0
0,0.36262247,0
0,0.48467043,0
0,0.53741777,1
1,0.65453017,1
1,0.6468461,1
1,0.6269311,1
1,0.36615452,0
0,0.41790396,0
1,0.51489455,1
1,0.49270558,0
0,0.3443332,0
1,0.4948832,0
1,0.55316246,1
1,0.55902916,1
0,0.60207987,1
0,0.4391144,0
0,0.69534737,1
1,0.57578635,1
0,0.41227114,0
1,0.6091328,1
0,0.46888044,0
1,0.44655886,0
0,0.594093,1
0,0.43798473,0
0,0.48928332,0
1,0.5846017,1
1,0.6515999,1
0,0.6082956,1
1,0.37140986,0
0,0.36900797,0
1,0.6405301,1
1,0.43304142,0
1,0.5402168,1
1,0.5449593,1
1,0.43307102,0
0,0.6794486,1
1,0.6228879,1
1,0.6153545,1
1,0.45163903,0
0,0.578231,1
0,0.35907224,0
0,0.36372945,0
1,0.6384744,1
1,0.50836796,1
0,0.40906793,0
0,0.6954267,1
1,0.48187128,0
1,0.6054456,1
0,0.5535565,1
0,0.6414081,1
1,0.6858709,1
0,0.4915628,0
0,0.67692757,1
1,0.5263473,1
0,0.6478578,1
1,0.41227114,0
0,0.60567373,1
1,0.6424905,1
0,0.57666546,1
1,0.5810628,1
0,0.33587813,0
1,0.6939061,1
0,0.5969051,1
0,0.49367225,0
1,0.46166754,0
1,0.68719333,1
0,0.60254294,1
0,0.66552645,1
0,0.50690365,1
1,0.69228476,1
1,0.5407767,1
0,0.40906793,0
0,0.36667562,0
1,0.48236933,0
1,0.5402562,1
0,0.37764075,0
1,0.5517728,1
0,0.57451224,1
1,0.6687258,1
0,0.5919928,1
0,0.5728838,1
0,0.4665507,0
0,0.40906793,0
0,0.5125572,1
1,0.64718515,1
1,0.64787906,1
0,0.67579174,1
1,0.6640308,1
1,0.5598328,1
0,0.37671122,0
0,0.52407205,1
0,0.45287064,0
0,0.5434918,1
1,0.49929687,0
1,0.43798473,0
1,0.5334287,1
0,0.39636648,0
0,0.43798473,0
0,0.4260765,0
1,0.46166754,0
0,0.50847054,1
0,0.52946746,1
0,0.6022119,1
0,0.37240756,0
0,0.3863383,0
0,0.6023376,1
1,0.5003027,1
0,0.48377812,0
1,0.6668312,1
0,0.48928332,0
0,0.5054029,1
0,0.44282454,0
1,0.36615452,0
0,0.36586064,0
0,0.5719179,1
0,0.5204826,1
0,0.44659537,0
1,0.5586666,1
1,0.6404192,1
0,0.420912,0
0,0.40874478,0
0,0.5877276,1
0,0.6061178,1
0,0.3645331,0
1,0.5368009,1
0,0.36669534,0
0,0.4803969,0
0,0.622001,1
1,0.7240029,1
0,0.3677956,0
0,0.5166801,1
0,0.66277575,1
0,0.39870167,0
1,0.66956323,1
0,0.5349132,1
0,0.54612005,1
1,0.64430624,1
0,0.4856939,0
1,0.66014963,1
0,0.45753163,0
0,0.57284564,1
1,0.5787266,1
0,0.53453195,1
1,0.7205881,1
1,0.5248492,1
0,0.3885296,0
0,0.68367535,1
0,0.62282526,1
0,0.4709168,0
0,0.54564583,1
1,0.67449296,1
1,0.4391144,0
0,0.48848417,0
1,0.47807327,0
1,0.6073175,1
0,0.6587538,1
1,0.6428819,1
0,0.6737899,1
0,0.5481712,1
0,0.5640652,1
1,0.79647505,1
0,0.54886436,1
0,0.34786886,0
1,0.49695638,0
1,0.5519248,1
0,0.3657967,0
1,0.49440634,0
1,0.57764757,1
0,0.49320847,0
1,0.65013057,1
0,0.49729094,0
1,0.550063,1
0,0.60328364,1
0,0.62211543,1
0,0.36731386,0
0,0.3714484,0
0,0.49367225,0
1,0.6461845,1
0,0.5577417,1
0,0.5278367,1
0,0.49402356,0
1,0.5322385,1
1,0.475285,0
0,0.36608285,0
0,0.4898978,0
1,0.6321267,1
0,0.5884354,1
0,0.34956664,0
1,0.6872009,1
0,0.6380834,1
1,0.42734048,0
0,0.41227114,0
1,0.48525164,0
1,0.4293458,0
0,0.49929687,0
1,0.47717115,0
1,0.6148327,1
1,0.52349424,1
0,0.3519169,0
0,0.3671744,0
1,0.49348643,0
0,0.35366687,0
1,0.6377265,1
0,0.68681604,1
0,0.6627444,1
0,0.6718736,1
0,0.53120106,1
0,0.34345284,0
0,0.47416374,0
0,0.43481055,0
0,0.3751297,0
0,0.6556963,1
1,0.57570106,1
0,0.6725523,1
1,0.4527374,0
1,0.69052535,1
0,0.41227114,0
0,0.5650447,1
1,0.4798397,0
0,0.4496881,0
0,0.53348684,1
1,0.6861633,1
0,0.65008414,1
0,0.45495126,0
0,0.50847054,1
1,0.46565598,0
1,0.6656047,1
1,0.6463055,1
1,0.54369205,1
0,0.3863383,0
1,0.60048103,1
0,0.54087675,1
0,0.5034542,1
0,0.4399861,0
0,0.60534954,1
1,0.6555286,1
1,0.53254724,1
0,0.6080322,1
0,0.37138802,0
0,0.36262247,0
1,0.67384356,1
0,0.55143946,1
0,0.4399861,0
1,0.42108223,0
1,0.51273185,1
1,0.66146845,1
0,0.42734048,0
0,0.6618176,1
0,0.58090836,1
0,0.42364183,0
1,0.5866877,1
1,0.5170473,1
0,0.4391144,0
0,0.45028946,0
1,0.35065433,0
0,0.40906793,0
0,0.4833988,0
0,0.38881737,0
1,0.5885379,1
0,0.43798473,0
0,0.3751297,0
0,0.51452595,1
1,0.41507813,0
1,0.44655886,0
0,0.4565622,0
0,0.3863383,0
0,0.6091277,1
0,0.42960876,0
0,0.35065433,0
1,0.43307102,0
1,0.58726585,1
1,0.67317355,1
1,0.43307102,0
1,0.70227927,1
0,0.57257015,1
1,0.6533464,1
1,0.36880225,0
0,0.39870167,0
0,0.5134873,1
0,0.6545355,1
0,0.36572608,0
0,0.42763266,0
0,0.5292414,1
1,0.4522762,0
0,0.5183522,1
0,0.51489455,1
1,0.6149991,1
0,0.48373386,0
1,0.5417346,1
0,0.55143946,1
0,0.45593137,0
1,0.37671122,0
1,0.6267132,1
1,0.65499306,1
1,0.59496164,1
0,0.6818636,1
1,0.5373259,1
1,0.46166754,0
1,0.68754536,1
0,0.65920514,1
0,0.55600554,1
0,0.58090836,1
0,0.49248433,0
1,0.66426164,1
0,0.41227114,0
1,0.65294105,1
0,0.5588108,1
0,0.4798397,0
0,0.43304142,0
1,0.627261,1
0,0.5289293,1
1,0.6231274,1
1,0.53023887,1
1,0.5519248,1
0,0.47651798,0
0,0.43481055,0
0,0.42364183,0
0,0.6439421,1
0,0.53608537,1
0,0.64224887,1
1,0.53426355,1
0,0.5178668,1
1,0.578231,1
0,0.47895038,0
0,0.6816222,1
0,0.514331,1
0,0.41577646,0
1,0.5438352,1
0,0.48469985,0
1,0.6234907,1
1,0.68848723,1
0,0.48757505,0
1,0.6167804,1
0,0.4810126,0
1,0.49969727,0
1,0.5991963,1
1,0.47728792,0
1,0.48103645,0
0,0.51045823,1
1,0.53603375,1
0,0.662489,1
1,0.4508895,0
1,0.65936697,1
0,0.44105756,0
0,0.46789303,0
0,0.55709296,1
0,0.5351244,1
1,0.6954088,1
0,0.68510413,1
0,0.3739696,0
1,0.6482358,1
1,0.5345257,1
0,0.66318643,1
1,0.68050915,1
0,0.52033454,1
0,0.3714484,0
1,0.6738643,1
0,0.4293458,0
1,0.6993743,1
0,0.52488035,1
1,0.6150491,1
1,0.63075364,1
1,0.61059016,1
1,0.6179528,1
1,0.63867414,1
0,0.6418316,1
1,0.5281159,1
0,0.39256534,0
0,0.5659389,1
0,0.3863383,0
1,0.60866654,1
0,0.69670826,1
0,0.5500913,1
1,0.64066476,1
1,0.53021044,1
0,0.47728792,0
0,0.46017352,0
0,0.54021627,1
0,0.5289293,1
0,0.53405195,1
1,0.6268841,1
1,0.5363977,1
1,0.6954346,1
1,0.681771,1
1,0.5183522,1
0,0.62780356,1
1,0.56153554,1
0,0.36093304,0
0,0.46166754,0
1,0.55199665,1
1,0.5474617,1
1,0.6292604,1
0,0.69884473,1
1,0.5055211,1
0,0.67098904,1
0,0.52608496,1
0,0.6502688,1
0,0.66883665,1
1,0.3885296,0
0,0.6586798,1
1,0.41577646,0
1,0.57520044,1
0,0.5003027,1
1,0.5559769,1
0,0.4399861,0
1,0.43798473,0
1,0.603786,1
0,0.49367225,0
0,0.73796463,1
0,0.38031462,0
0,0.49367225,0
0,0.52624875,1
0,0.3419969,0
0,0.4701028,0
1,0.7012995,1
1,0.52608496,1
0,0.61059016,1
0,0.35065433,0
1,0.42326385,0
1,0.6017458,1
0,0.5886844,1
1,0.612097,1
0,0.3671744,0
0,0.39870167,0
1,0.4803913,0
0,0.6701685,1
1,0.66298634,1
0,0.5166801,1
1,0.3645331,0
1,0.50690365,1
0,0.41688746,0
1,0.6061178,1
1,0.61845934,1
0,0.38280094,0
1,0.46781814,0
1,0.45305192,0
0,0.47847322,0
1,0.48685816,0
1,0.4868919,0
0,0.47422722,0
1,0.47262207,0
0,0.53451526,1
1,0.6552742,1
1,0.44659537,0
1,0.53392696,1
0,0.50696754,1
0,0.5389821,1
1,0.62603974,1
1,0.4660293,0
1,0.756815,1
1,0.46017352,0
0,0.4886835,0
1,0.6767485,1
0,0.5793044,1
0,0.40906793,0
1,0.48360547,0
0,0.46606377,0
0,0.39857823,0
0,0.36880225,0
0,0.5675472,1
0,0.38280094,0
0,0.37671122,0
1,0.47847322,0
1,0.6763921,1
0,0.38280094,0
1,0.53769946,1
1,0.497555,0
1,0.6692354,1
0,0.610639,1
1,0.46199614,0
1,0.58618593,1
1,0.6315766,1
0,0.41492513,0
0,0.36615452,0
1,0.37764075,0
1,0.4457555,0
1,0.4866003,0
1,0.49645722,0
0,0.36608285,0
0,0.565321,1
1,0.6621772,1
1,0.5441935,1
1,0.53603375,1
0,0.36093304,0
0,0.7047089,1
1,0.4496881,0
1,0.60621244,1
1,0.58115077,1
1,0.5049152,1
1,0.53405195,1
0,0.5672799,1
0,0.4828516,0
0,0.4798397,0
0,0.49745303,0
1,0.36600912,0
0,0.48799485,0
1,0.6431126,1
0,0.4695113,0
0,0.43575138,0
0,0.42734048,0
0,0.50324214,1
1,0.386596,0
1,0.47147232,0
0,0.5610356,1
1,0.6101295,1
0,0.47717115,0
0,0.4260765,0
0,0.5067224,1
0,0.48948294,0
1,0.500584,1
0,0.6156626,1
1,0.50386775,1
0,0.36615452,0
0,0.48928332,0
1,0.5355307,1
0,0.6480455,1
0,0.5689024,1
1,0.47195747,0
1,0.643657,1
0,0.5216979,1
0,0.47414353,0
0,0.4709168,0
0,0.53577363,1
0,0.36880225,0
0,0.46781814,0
1,0.55143946,1
1,0.45371354,0
0,0.49589035,0
1,0.41492513,0
1,0.5655124,1
0,0.34512386,0
1,0.68639433,1
0,0.61548406,1
0,0.57669544,1
1,0.67836636,1
0,0.3571887,0
0,0.51800466,1
1,0.38031462,0
0,0.66920453,1
1,0.6677784,1
0,0.5504924,1
0,0.49118474,0
0,0.65060794,1
0,0.3712075,0
1,0.6588958,1
0,0.48080486,0
1,0.6815509,1
1,0.67364377,1
1,0.5390124,1
0,0.39432934,0
0,0.4787487,0
0,0.67818886,1
0,0.5216109,1
0,0.44485927,0
1,0.6809906,1
1,0.49328133,0
1,0.5996628,1
0,0.4659267,0
0,0.4904315,0
0,0.516373,1
0,0.42212373,0
1,0.69100785,1
0,0.51562613,1
0,0.6431799,1
1,0.72360003,1
0,0.38031462,0
0,0.37965363,0
0,0.4527374,0
0,0.63075364,1
1,0.57068783,1
1,0.5520506,1
0,0.6612389,1
0,0.34705603,0
1,0.4586318,0
0,0.58798087,1
1,0.6436507,1
1,0.6726226,1
0,0.34512386,0
1,0.5911622,1
0,0.3739696,0
0,0.5983664,1
1,0.52460605,1
1,0.5179477,1
1,0.38870773,0
0,0.46293,0
0,0.45495126,0
1,0.5707729,1
0,0.56931704,1
0,0.4152824,0
1,0.34512386,0
1,0.5881592,1
1,0.54440343,1
0,0.5993346,1
0,0.561631,1
1,0.6912522,1
0,0.6431096,1
0,0.5911622,1
1,0.67232645,1
0,0.4709175,0
1,0.6960806,1
0,0.7266335,1
0,0.6904409,1
1,0.4732156,0
0,0.3657284,0
0,0.48426002,0
1,0.51552856,1
1,0.4882344,0
1,0.5792962,1
1,0.6943945,1
1,0.4890898,0
1,0.5198467,1
1,0.57284564,1
1,0.5426007,1
1,0.41492513,0
0,0.48694035,0
0,0.5973288,1
0,0.51338524,1
0,0.3731709,0
1,0.5844879,1
1,0.4632607,0
0,0.40275922,0
1,0.617885,1
0,0.4993442,0
1,0.65073216,1
1,0.6698148,1
0,0.51769704,1
0,0.5407659,1
0,0.46017352,0
0,0.39042294,0
0,0.418053,0
0,0.42108223,0
1,0.3671744,0
0,0.39042294,0
0,0.57082546,1
0,0.48449525,0
0,0.36262247,0
1,0.49846342,0
0,0.44541606,0
0,0.5622584,1
0,0.46166754,0
0,0.55709296,1
1,0.6203827,1
1,0.5788499,1
1,0.70919037,1
0,0.4399861,0
1,0.5385502,1
1,0.48599207,0
1,0.5591229,1
0,0.49172384,0
0,0.56181633,1
0,0.6608875,1
1,0.65317863,1
0,0.37140986,0
1,0.69379497,1
1,0.6186581,1
1,0.42088464,0
0,0.3863383,0
0,0.44296354,0
0,0.51104516,1
0,0.56153554,1
1,0.43798473,0
0,0.6755985,1
0,0.4694039,0
0,0.5617013,1
0,0.37764075,0
1,0.53021044,1
0,0.47951323,0
0,0.5432284,1
1,0.51021975,1
0,0.5452995,1
0,0.69352204,1
1,0.5725277,1
1,0.45587188,0
1,0.5006642,1
0,0.49262393,0
1,0.652727,1
1,0.5332913,1
0,0.4828516,0
1,0.6517121,1
0,0.38143936,0
1,0.5889126,1
0,0.5019027,1
0,0.44485927,0
0,0.47414353,0
0,0.499715,0
0,0.52358085,1
0,0.365739,0
0,0.40906793,0
0,0.4140674,0
0,0.70014256,1
1,0.5760357,1
0,0.40622655,0
1,0.4815095,0
0,0.62934023,1
0,0.4709175,0
0,0.39287525,0
0,0.6119942,1
0,0.38870773,0
1,0.3657284,0
0,0.64206684,1
1,0.64343715,1
0,0.43304142,0
0,0.46781814,0
0,0.59785193,1
1,0.4557526,0
0,0.6441898,1
0,0.36862102,0
1,0.46601778,0
0,0.39254853,0
0,0.37764075,0
0,0.5428796,1
0,0.48031157,0
1,0.40874478,0
1,0.69040453,1
0,0.4293458,0
1,0.6522702,1
0,0.53577363,1
0,0.418053,0
0,0.46565598,0
0,0.5153049,1
0,0.45567253,0
0,0.68825567,1
0,0.49856007,0
1,0.54856,1
1,0.49089745,0
1,0.50239885,1
0,0.5607507,1
0,0.45052117,0
0,0.49205425,0
1,0.48280582,0
1,0.65815395,1
1,0.5012822,1
0,0.65599906,1
1,0.7307668,1
0,0.6705012,1
1,0.6418196,1
1,0.6444795,1
1,0.5229887,1
1,0.650494,1
1,0.49481028,0
1,0.4879247,0
1,0.4570393,0
0,0.44485927,0
1,0.4423455,0
1,0.6815639,1
1,0.46353236,0
0,0.365739,0
1,0.667628,1
0,0.386596,0
0,0.36608285,0
1,0.6228608,1
1,0.3657967,0
1,0.41288063,0
0,0.50712407,1
0,0.53763926,1
0,0.40906793,0
1,0.6078346,1
1,0.49136034,0
0,0.51045823,1
1,0.59326124,1
0,0.34705603,0
1,0.668329,1
0,0.62658405,1
1,0.6841567,1
0,0.35065433,0
1,0.46809214,0
1,0.48928332,0
1,0.5231994,1
0,0.6561397,1
0,0.49645722,0
1,0.5473811,1
0,0.41688746,0
1,0.46127567,0
0,0.6693898,1
1,0.50192094,1
0,0.54114264,1
1,0.5388826,1
1,0.6765977,1
1,0.6158633,1
1,0.5760357,1
0,0.45826596,0
0,0.36572608,0
0,0.37965363,0
0,0.45323718,0
0,0.49645722,0
0,0.5649719,1
0,0.5766874,1
0,0.6872127,1
0,0.3945503,0
0,0.42734048,0
0,0.36962628,0
1,0.6788217,1
1,0.62179357,1
1,0.37140986,0
0,0.36797202,0
1,0.6407009,1
1,0.5834796,1
0,0.5178668,1
0,0.68516785,1
0,0.45839298,0
0,0.46781814,0
1,0.57533115,1
0,0.4852609,0
0,0.46565598,0
0,0.3731709,0
0,0.4548844,0
0,0.6550727,1
0,0.51752764,1
0,0.6789592,1
1,0.6555959,1
0,0.5049152,1
1,0.39019546,0
0,0.58936626,1
0,0.61780524,1
1,0.5732431,1
1,0.59641576,1
0,0.5123489,1
0,0.3831558,0
0,0.48329058,0
1,0.57354623,1
0,0.46166754,0
1,0.7163957,1
1,0.686133,1
0,0.6010964,1
0,0.6014822,1
1,0.502068,1
0,0.7089315,1
0,0.481742,0
0,0.6439486,1
0,0.47738802,0
1,0.5006642,1
1,0.67223895,1
1,0.58508754,1
0,0.67659974,1
1,0.4852609,0
0,0.42088464,0
1,0.5204826,1
1,0.48469985,0
0,0.4391144,0
0,0.3667221,0
0,0.44655886,0
1,0.5810498,1
1,0.64867157,1
1,0.63385564,1
1,0.37671122,0
1,0.39432934,0
0,0.46728143,0
1,0.63176185,1
1,0.6033774,1
1,0.7124553,1
0,0.50619125,1
1,0.6611257,1
1,0.5714828,1
0,0.4508895,0
0,0.38881737,0
0,0.44470426,0
1,0.50542647,1
0,0.6750761,1
1,0.6171908,1
0,0.36093304,0
0,0.3945503,0
1,0.6661559,1
0,0.58012044,1
0,0.6492597,1
1,0.71741146,1
0,0.492616,0
0,0.42734048,0
0,0.4798397,0
1,0.580781,1
1,0.65029836,1
0,0.47422722,0
0,0.41492513,0
0,0.4790444,0
1,0.54637545,1
0,0.39542314,0
0,0.5492244,1
0,0.5229887,1
1,0.36880225,0
1,0.4520616,0
0,0.36586064,0
1,0.5006642,1
0,0.57022065,1
1,0.5204826,1
0,0.6478098,1
1,0.4496881,0
0,0.6586748,1
1,0.66054845,1
0,0.55417615,1
0,0.5120758,1
0,0.3671744,0
1,0.46606377,0
1,0.5292321,1
0,0.6407417,1
0,0.6691987,1
0,0.6199771,1
1,0.56678015,1
0,0.4508895,0
1,0.57736915,1
1,0.3645331,0
0,0.6596618,1
0,0.4720038,0
1,0.6957664,1
0,0.4828516,0
1,0.6836077,1
1,0.48848417,0
1,0.65063226,1
1,0.55696905,1
1,0.6767042,1
1,0.5809803,1
0,0.48848417,0
1,0.5655124,1
1,0.6492597,1
1,0.62761235,1
1,0.6780928,1
1,0.6133678,1
1,0.37764075,0
0,0.36900797,0
1,0.67087436,1
0,0.51522315,1
0,0.42216417,0
1,0.475311,0
0,0.37965363,0
0,0.57736915,1
0,0.4714483,0
0,0.47147232,0
0,0.4687495,0
0,0.3645331,0
0,0.422146,0
1,0.6922738,1
1,0.47416374,0
0,0.3671744,0
0,0.4722632,0
1,0.68749666,1
0,0.5966277,1
0,0.4993703,0
0,0.5934398,1
0,0.41688746,0
1,0.6583873,1
1,0.4423455,0
1,0.5252253,1
0,0.36615452,0
1,0.51689553,1
0,0.43304142,0
1,0.48778895,0
0,0.48469985,0
0,0.49713063,0
0,0.65898484,1
1,0.68823135,1
1,0.6284256,1
1,0.67928153,1
1,0.4756232,0
0,0.5133611,1
0,0.59983015,1
1,0.44485927,0
0,0.4508895,0
1,0.6770201,1
1,0.6458294,1
1,0.5887989,1
1,0.58455753,1
1,0.58644783,1
1,0.4919459,0
1,0.5370612,1
0,0.51557106,1
0,0.36600912,0
1,0.6182822,1
1,0.6780061,1
1,0.43481055,0
1,0.6225608,1
1,0.4723377,0
0,0.59235966,1
1,0.67877436,1
1,0.5213557,1
1,0.6710933,1
1,0.51290786,1
0,0.4293458,0
0,0.5607204,1
0,0.5254989,1
0,0.59496164,1
0,0.48147985,0
1,0.7126246,1
0,0.4743953,0
0,0.6133678,1
1,0.62257767,1
0,0.36474696,0
1,0.6720712,1
1,0.54782623,1
1,0.67327833,1
1,0.65915155,1
1,0.55579436,1
0,0.51520807,1
1,0.5997317,1
0,0.42364183,0
1,0.5732431,1
0,0.40622655,0
0,0.39857823,0
1,0.64912504,1
1,0.34956664,0
0,0.38854006,0
1,0.4919307,0
0,0.5181557,1
1,0.46929243,0
1,0.53178126,1
0,0.65632397,1
0,0.6573238,1
1,0.55243826,1
1,0.3662802,0
0,0.48871976,0
0,0.34705603,0
1,0.552834,1
1,0.5253676,1
1,0.6863815,1
0,0.5179477,1
0,0.47651798,0
1,0.5881592,1
0,0.4804571,0
0,0.40275922,0
1,0.6875729,1
0,0.55932397,1
0,0.60132176,1
1,0.51952296,1
0,0.4732063,0
0,0.43798473,0
0,0.6267197,1
0,0.5877276,1
0,0.4457555,0
1,0.66904545,1
1,0.4496881,0
0,0.49969727,0
1,0.5815198,1
0,0.5123489,1
0,0.5049152,1
1,0.47626913,0
0,0.39432934,0
0,0.62795895,1
0,0.5645816,1
0,0.6573288,1
1,0.4919459,0
0,0.48346806,0
0,0.42232358,0
0,0.36900797,0
1,0.66370934,1
0,0.50690365,1
0,0.46721187,0
1,0.65854394,1
0,0.5884851,1
1,0.5675472,1
0,0.50411445,1
1,0.6919046,1
1,0.4391144,0
0,0.6302669,1
1,0.701957,1
1,0.6516921,1
1,0.3863706,0
0,0.41652378,0
1,0.66092926,1
0,0.53485143,1
0,0.589284,1
1,0.4508895,0
1,0.50698227,1
1,0.6066389,1
0,0.3700467,0
1,0.65715694,1
1,0.47086138,0
0,0.5582588,1
0,0.5148445,1
0,0.59270287,1
1,0.62559813,1
1,0.60534954,1
0,0.5014398,1
0,0.531376,1
0,0.48147985,0
1,0.5738994,1
0,0.45028946,0
0,0.39857823,0
0,0.3739696,0
0,0.3741316,0
1,0.6052402,1
1,0.64765066,1
1,0.66968495,1
1,0.420912,0
0,0.36608285,0
1,0.42364183,0
1,0.51952296,1
0,0.41227114,0
0,0.5584969,1
0,0.5944308,1
0,0.49402356,0
0,0.7325612,1
1,0.63189346,1
1,0.68433297,1
0,0.6015159,1
0,0.47897905,0
1,0.500746,1
0,0.39043364,0
1,0.514331,1
1,0.66356015,1
0,0.39095104,0
1,0.4868919,0
0,0.51557106,1
0,0.3554124,0
1,0.67170167,1
0,0.64343715,1
0,0.5112425,1
0,0.45593137,0
0,0.6041357,1
1,0.46601778,0
1,0.43415338,0
0,0.45371354,0
1,0.56879413,1
0,0.6055925,1
1,0.6932998,1
0,0.5390124,1
1,0.6932919,1
0,0.40347847,0
0,0.36731386,0
0,0.34956664,0
0,0.71195644,1
1,0.6017056,1
1,0.60621244,1
0,0.67311823,1
0,0.4990883,0
1,0.60940087,1
0,0.53405195,1
1,0.59938663,1
1,0.6568722,1
1,0.64226514,1
0,0.3554124,0
1,0.670202,1
1,0.6700601,1
0,0.3945503,0
1,0.622299,1
0,0.41492513,0
0,0.6110168,1
0,0.5773674,1
1,0.5133697,1
1,0.4586318,0
0,0.4562846,0
1,0.5254989,1
0,0.6478098,1
0,0.4591461,0
0,0.582008,1
0,0.42960876,0
0,0.34512386,0
0,0.52358747,1
1,0.59249395,1
1,0.67660385,1
0,0.77035505,1
0,0.39019546,0
1,0.61168617,1
1,0.5048441,1
1,0.56983435,1
0,0.46915266,0
0,0.5671138,1
0,0.3731709,0
1,0.5421555,1
0,0.56254894,1
0,0.58595383,1
0,0.365739,0
0,0.39560378,0
1,0.5438024,1
0,0.48469985,0
0,0.46903446,0
1,0.48471716,0
0,0.6974788,1
1,0.65187025,1
1,0.45412472,0
0,0.65553004,1
0,0.42318916,0
1,0.4154653,0
1,0.5402562,1
1,0.42108223,0
1,0.7036644,1
0,0.34867966,0
1,0.57772106,1
0,0.43798473,0
1,0.6750901,1
1,0.6962521,1
0,0.49854523,0
1,0.5094629,1
0,0.41790396,0
0,0.40347847,0
1,0.5620856,1
0,0.6133058,1
1,0.52583754,1
0,0.48928332,0
0,0.5997317,1
1,0.518111,1
1,0.39042294,0
1,0.6357068,1
0,0.5049152,1
1,0.48871976,0
1,0.53613776,1
1,0.6424905,1
1,0.63751817,1
1,0.51769704,1
1,0.6786003,1
0,0.5704392,1
1,0.5389821,1
1,0.61853766,1
0,0.6331782,1
1,0.46789303,0
1,0.6733545,1
0,0.50864357,1
0,0.65532804,1
1,0.4548844,0
0,0.53577363,1
0,0.50619125,1
0,0.49440634,0
1,0.67157876,1
0,0.47897905,0
0,0.52325004,1
1,0.58936626,1
1,0.45644408,0
0,0.5385502,1
1,0.48230144,0
0,0.3571887,0
0,0.4790444,0
0,0.41288063,0
1,0.36926058,0
1,0.42061004,0
0,0.3413291,0
0,0.47147232,0
0,0.6773368,1
1,0.5434918,1
1,0.5345257,1
1,0.4890898,0
1,0.3863706,0
1,0.45504022,0
0,0.6020423,1
0,0.44655886,0
0,0.4714483,0
0,0.3731709,0
1,0.63148993,1
0,0.5363592,1
0,0.5779094,1
1,0.6124837,1
1,0.4741665,0
1,0.72349006,1
0,0.5659389,1
0,0.49480516,0
0,0.4928005,0
1,0.6166322,1
0,0.52624875,1
1,0.6017466,1
1,0.6354181,1
1,0.6961531,1
1,0.5642078,1
0,0.4992072,0
0,0.50619125,1
0,0.6735585,1
0,0.57910985,1
0,0.47147232,0
1,0.67640126,1
1,0.4856939,0
0,0.4570393,0
0,0.6312292,1
1,0.6134765,1
1,0.55920225,1
0,0.62299013,1
0,0.51273185,1
1,0.43932247,0
1,0.60332125,1
1,0.55049056,1
0,0.43932247,0
0,0.46721187,0
1,0.5892246,1
0,0.6160922,1
0,0.45250326,0
1,0.46758866,0
0,0.45826596,0
1,0.41652378,0
1,0.6653147,1
0,0.3657284,0
0,0.46809214,0
0,0.4664708,0
1,0.6694714,1
0,0.3863383,0
0,0.63142353,1
1,0.50791186,1
1,0.40347847,0
0,0.6476615,1
0,0.4714483,0
0,0.6741608,1
0,0.3571887,0
1,0.4399861,0
1,0.56533426,1
1,0.669562,1
0,0.5997317,1
1,0.55435985,1
0,0.39019546,0
0,0.5469587,1
0,0.48080486,0
0,0.35065433,0
0,0.6669759,1
0,0.5967067,1
0,0.4399861,0
0,0.36926058,0
0,0.36797202,0
1,0.47582003,0
0,0.4803913,0
0,0.47003302,0
0,0.33514777,0
1,0.46721187,0
0,0.5506824,1
0,0.3751297,0
0,0.45250326,0
0,0.62990516,1
0,0.66230637,1
1,0.61672664,1
1,0.36586064,0
1,0.49854228,0
1,0.5006642,1
0,0.60254294,1
0,0.45163903,0
0,0.61780524,1
1,0.5734459,1
1,0.57356745,1
0,0.3443332,0
1,0.6699027,1
1,0.61548406,1
0,0.39432934,0
1,0.4919459,0
0,0.6461377,1
1,0.6526394,1
1,0.4798397,0
0,0.7047769,1
0,0.3662802,0
0,0.53595006,1
1,0.3393788,0
0,0.47717115,0
0,0.52903056,1
1,0.51769704,1
1,0.54123247,1
1,0.64768535,1
1,0.36731386,0
0,0.50426936,1
1,0.5873258,1
1,0.5564085,1
0,0.51724094,1
1,0.47580975,0
1,0.49840447,0
1,0.5650119,1
1,0.6312292,1
0,0.5708601,1
1,0.47626913,0
1,0.6028073,1
0,0.37671122,0
1,0.49219874,0
0,0.4508895,0
1,0.6564902,1
1,0.51406777,1
0,0.6867603,1
0,0.66586447,1
0,0.51827306,1
0,0.60543174,1
1,0.37575626,0
0,0.48928332,0
0,0.42734048,0
1,0.5438934,1
1,0.45323718,0
1,0.55435985,1
1,0.5592493,1
1,0.61168396,1
0,0.6536047,1
1,0.67441505,1
0,0.52033454,1
0,0.68422896,1
1,0.3662802,0
0,0.5200107,1
0,0.4564592,0
1,0.6138485,1
0,0.53489804,1
0,0.47147232,0
0,0.5967878,1
1,0.45567253,0
1,0.6575149,1
1,0.3739696,0
1,0.39857823,0
1,0.5466241,1
1,0.6090109,1
1,0.5597321,1
1,0.6141429,1
0,0.36615452,0
1,0.66235167,1
0,0.55024576,1
1,0.4399861,0
1,0.4586318,0
1,0.5244918,1
1,0.5519485,1
0,0.4852609,0
1,0.5198207,1
1,0.663416,1
0,0.3739696,0
1,0.59143233,1
0,0.55416155,1
0,0.42108223,0
1,0.58872575,1
0,0.4709175,0
0,0.3863706,0
0,0.50738364,1
0,0.4898978,0
1,0.578231,1
0,0.48848417,0
1,0.49589035,0
0,0.44659537,0
1,0.688618,1
0,0.48558274,0
1,0.7147513,1
1,0.3831558,0
0,0.659726,1
0,0.35907224,0
1,0.41227114,0
1,0.7038359,1
1,0.48280582,0
1,0.44485927,0
1,0.63131016,1
0,0.4919459,0
0,0.53456956,1
0,0.37140986,0
0,0.67147213,1
0,0.55469954,1
1,0.5839527,1
0,0.4578243,0
1,0.6709274,1
0,0.46017352,0
0,0.39432934,0
1,0.5806465,1
0,0.63063204,1
0,0.7182697,1
0,0.3751297,0
1,0.5357088,1
0,0.48469985,0
0,0.36900797,0
1,0.5933825,1
0,0.37671122,0
0,0.46977055,0
0,0.5961529,1
0,0.6243281,1
1,0.39019546,0
0,0.5402562,1
1,0.6672745,1
0,0.5622584,1
0,0.37965363,0
1,0.3945503,0
1,0.67276406,1
0,0.40275922,0
1,0.5964104,1
0,0.55277735,1
0,0.60283506,1
0,0.6339083,1
0,0.6051465,1
1,0.6654614,1
1,0.47825167,0
0,0.6981917,1
0,0.67586815,1
0,0.41525438,0
0,0.50690365,1
0,0.7206017,1
0,0.6056349,1
0,0.58780086,1
1,0.5466331,1
0,0.5166801,1
0,0.46565598,0
1,0.42734048,0
0,0.649497,1
0,0.41492513,0
0,0.5006642,1
0,0.42232358,0
1,0.4871939,0
0,0.47416374,0
0,0.5998411,1
1,0.60543174,1
0,0.5044051,1
0,0.3519169,0
1,0.65993655,1
0,0.5627725,1
0,0.6432107,1
0,0.6424905,1
0,0.560361,1
0,0.38252586,0
0,0.45495126,0
1,0.59814465,1
0,0.46096906,0
1,0.6142936,1
1,0.4554439,0
0,0.6694413,1
1,0.5504924,1
0,0.55125946,1
1,0.50864357,1
1,0.64259666,1
0,0.4931122,0
0,0.4370247,0
1,0.66146845,1
1,0.35366687,0
0,0.6787712,1
1,0.65254694,1
0,0.3731709,0
1,0.6737153,1
0,0.39019546,0
1,0.56169236,1
0,0.36608285,0
0,0.5750406,1
0,0.60907453,1
1,0.47147232,0
1,0.46199614,0
1,0.36779723,0
0,0.33660924,0
0,0.3519169,0
1,0.45786312,0
1,0.4730619,0
1,0.5207486,1
1,0.5877341,1
0,0.57068783,1
0,0.6528282,1
0,0.6125734,1
1,0.49918,0
1,0.5178668,1
0,0.47003302,0
0,0.6089317,1
1,0.599848,1
0,0.54775244,1
1,0.54189783,1
0,0.48270503,0
0,0.6180159,1
0,0.46580172,0
1,0.5168976,1
0,0.34786886,0
1,0.68573475,1
0,0.54637545,1
0,0.3731709,0
0,0.61939967,1
0,0.6044326,1
1,0.40189824,0
0,0.39844033,0
1,0.63764155,1
1,0.5996012,1
1,0.6067191,1
0,0.39636648,0
1,0.58065194,1
0,0.48469985,0
1,0.6567918,1
0,0.66092926,1
1,0.60173213,1
0,0.3667221,0
0,0.35065433,0
0,0.43357098,0
0,0.3863706,0
0,0.47728792,0
0,0.5006327,1
0,0.43798473,0
0,0.41790396,0
0,0.65739816,1
1,0.49440634,0
0,0.5178668,1
0,0.36900797,0
0,0.42734048,0
1,0.6656763,1
0,0.6515439,1
0,0.43481055,0
0,0.4570393,0
0,0.45569676,0
1,0.40701008,0
0,0.44485927,0
1,0.6761086,1
1,0.34786886,0
1,0.675927,1
1,0.45850608,0
1,0.6696065,1
0,0.50426936,1
0,0.6366639,1
0,0.5373902,1
1,0.6179627,1
1,0.7079935,1
1,0.5058,1
0,0.34512386,0
1,0.67911303,1
0,0.38280094,0
0,0.3597119,0
1,0.42108223,0
0,0.4741665,0
0,0.5049152,1
0,0.6155397,1
1,0.45672214,0
1,0.47399145,0
0,0.607683,1
0,0.6374763,1
0,0.46600053,0
0,0.6539601,1
0,0.6840964,1
1,0.6238567,1
0,0.60387325,1
1,0.6349628,1
0,0.6616995,1
0,0.49481028,0
0,0.36600912,0
0,0.6182939,1
1,0.6719884,1
1,0.58093446,1
0,0.69008505,1
0,0.59336674,1
0,0.6225608,1
0,0.46612152,0
0,0.34956664,0
0,0.67210764,1
1,0.3739696,0
0,0.46491653,0
0,0.63681185,1
1,0.5933825,1
0,0.4399861,0
0,0.5354537,1
0,0.49221596,0
0,0.651665,1
0,0.37764075,0
1,0.6744283,1
1,0.48827118,0
1,0.66600835,1
0,0.63858145,1
1,0.5347282,1
0,0.4919459,0
1,0.4508895,0
1,0.6408175,1
0,0.36667562,0
0,0.39432934,0
1,0.49817112,0
1,0.6431096,1
0,0.5489533,1
1,0.48848417,0
0,0.3890302,0
0,0.3863383,0
0,0.6161586,1
1,0.39042294,0
0,0.48080486,0
0,0.37173903,0
0,0.4293458,0
1,0.566811,1
1,0.6315743,1
0,0.5490659,1
0,0.45567253,0
1,0.57640755,1
1,0.37764075,0
0,0.5739294,1
0,0.48346806,0
0,0.36593485,0
0,0.46199614,0
0,0.48469985,0
0,0.5123489,1
0,0.49132672,0
1,0.6515999,1
0,0.42524177,0
1,0.6744356,1
0,0.37752667,0
0,0.5729632,1
0,0.6681771,1
1,0.5296258,1
0,0.5577417,1
1,0.4890898,0
1,0.6839161,1
1,0.36593485,0
1,0.5809803,1
1,0.6508446,1
0,0.43103045,0
0,0.60462165,1
1,0.5168976,1
1,0.71009994,1
0,0.36093304,0
1,0.5357044,1
0,0.49902642,0
1,0.40622655,0
0,0.3645331,0
0,0.37940598,0
1,0.40906793,0
1,0.39432934,0
0,0.64536405,1
0,0.46082902,0
1,0.54901105,1
1,0.47895405,0
0,0.47825167,0
1,0.5779844,1
1,0.5610356,1
0,0.3700467,0
0,0.36900797,0
0,0.40347847,0
1,0.6848917,1
1,0.6830921,1
1,0.45495126,0
0,0.62013537,1
0,0.6815705,1
0,0.6231865,1
0,0.3945056,0
1,0.6764848,1
1,0.63675606,1
0,0.6820891,1
0,0.5037339,1
1,0.53480434,1
0,0.6214764,1
1,0.4602048,0
1,0.6091277,1
0,0.36926058,0
1,0.3859837,0
1,0.43307102,0
1,0.60416454,1
1,0.45842424,0
1,0.5649162,1
1,0.47905228,0
0,0.4508895,0
1,0.49695638,0
1,0.43415338,0
0,0.59122276,1
1,0.5176012,1
1,0.5153049,1
0,0.35366687,0
0,0.42734048,0
0,0.52216655,1
1,0.67825043,1
0,0.37671122,0
0,0.5145877,1
0,0.42108223,0
1,0.607135,1
0,0.5653412,1
1,0.5877478,1
0,0.5691412,1
1,0.717552,1
0,0.34705603,0
1,0.59143233,1
0,0.4720038,0
1,0.52946746,1
0,0.54886436,1
0,0.6582467,1
1,0.53716755,1
0,0.3671744,0
1,0.67523956,1
1,0.652497,1
0,0.4249851,0
0,0.45163903,0
1,0.65832114,1
0,0.4701028,0
1,0.5340713,1
0,0.34867966,0
1,0.6586822,1
1,0.60580367,1
0,0.40347847,0
1,0.4054497,0
0,0.64066476,1
1,0.61518353,1
1,0.52460605,1
0,0.6534148,1
1,0.6900845,1
0,0.46377826,0
1,0.72753376,1
1,0.66204417,1
1,0.6724701,1
0,0.6402102,1
0,0.36615452,0
0,0.47147232,0
0,0.41790396,0
0,0.4787821,0
0,0.5048441,1
1,0.49902642,0
0,0.37965363,0
1,0.61131024,1
0,0.6434454,1
0,0.42326385,0
0,0.47147232,0
1,0.5428796,1
0,0.5981884,1
0,0.6624255,1
0,0.47626913,0
1,0.39714208,0
1,0.6076841,1
1,0.4838779,0
1,0.56322277,1
1,0.41541484,0
0,0.39042294,0
1,0.50169647,1
0,0.49854523,0
0,0.45569676,0
1,0.48240677,0
1,0.55484825,1
0,0.5227731,1
0,0.4617579,0
0,0.46612152,0
1,0.5183522,1
0,0.36593485,0
1,0.6892595,1
0,0.39857823,0
1,0.46977055,0
1,0.42216417,0
0,0.4297287,0
1,0.68064976,1
0,0.4664708,0
0,0.36926058,0
1,0.3519169,0
0,0.6666348,1
0,0.55295795,1
1,0.5393273,1
1,0.63541216,1
0,0.5034258,1
0,0.36862102,0
0,0.6437295,1
0,0.37965363,0
1,0.63524294,1
0,0.49565923,0
1,0.36667562,0
0,0.45201236,0
0,0.57150626,1
0,0.50426936,1
1,0.60127616,1
0,0.6336657,1
1,0.3890302,0
0,0.52609396,1
1,0.6905156,1
1,0.4894336,0
1,0.537994,1
1,0.5584969,1
0,0.5169352,1
1,0.43932247,0
0,0.365739,0
0,0.4591461,0
1,0.6621024,1
1,0.62909,1
0,0.49857646,0
1,0.48331943,0
1,0.48694035,0
1,0.625011,1
0,0.5228443,1
1,0.6305909,1
0,0.5098956,1
0,0.47580975,0
1,0.55480623,1
1,0.5125572,1
1,0.3731709,0
0,0.49348643,0
0,0.6642845,1
0,0.35907224,0
1,0.37764075,0
1,0.67242557,1
0,0.48976657,0
1,0.65565485,1
1,0.636777,1
1,0.55243826,1
0,0.3714484,0
1,0.5168976,1
0,0.64045244,1
1,0.6185462,1
1,0.49142286,0
0,0.6182939,1
1,0.52108204,1
1,0.54447645,1
1,0.6456503,1
0,0.3831558,0
0,0.5267453,1
1,0.43481055,0
1,0.64447194,1
0,0.365739,0
1,0.54175746,1
0,0.39446092,0
1,0.47147232,0
0,0.6705678,1
1,0.49956936,0
1,0.57167345,1
0,0.55484825,1
1,0.50847054,1
0,0.6513282,1
0,0.34956664,0
0,0.41492513,0
1,0.52653694,1
0,0.37138802,0
1,0.5931231,1
0,0.6531064,1
1,0.54546535,1
0,0.50690365,1
0,0.70122284,1
0,0.39857823,0
0,0.35907224,0
0,0.5169352,1
1,0.67157876,1
1,0.59445703,1
1,0.62720734,1
1,0.5487785,1
1,0.69788057,1
0,0.5809803,1
1,0.4293458,0
1,0.5037339,1
0,0.4888031,0
0,0.4496881,0
1,0.6977994,1
1,0.5287849,1
1,0.54612005,1
0,0.6065997,1
1,0.6212549,1
0,0.3863706,0
0,0.46758866,0
0,0.4293458,0
1,0.7134685,1
0,0.37965363,0
1,0.6818443,1
1,0.62342376,1
1,0.5859715,1
0,0.3739696,0
0,0.51489455,1
0,0.6697211,1
0,0.5968236,1
0,0.46571466,0
0,0.60322005,1
0,0.6795968,1
1,0.5692447,1
1,0.34007227,0
1,0.6829333,1
0,0.40906793,0
1,0.4570393,0
0,0.34345284,0
1,0.45569676,0
0,0.4333709,0
0,0.3945503,0
0,0.3645331,0
0,0.46199614,0
0,0.45028946,0
0,0.36608285,0
0,0.43738094,0
0,0.62774754,1
1,0.7056835,1
1,0.67486745,1
0,0.53969693,1
1,0.3677956,0
0,0.47995284,0
0,0.49713063,0
0,0.51084006,1
0,0.6828389,1
0,0.5248492,1
1,0.5198467,1
1,0.62184674,1
1,0.684612,1
1,0.5766874,1
1,0.55260116,1
0,0.36572608,0
0,0.55617964,1
1,0.5049152,1
1,0.5649955,1
0,0.3645331,0
1,0.5382247,1
1,0.48928332,0
1,0.57356745,1
1,0.6011509,1
1,0.6445622,1
0,0.65254694,1
1,0.38881737,0
0,0.6435517,1
1,0.6761358,1
0,0.60567373,1
0,0.5153876,1
0,0.5388826,1
0,0.6612942,1
0,0.47277385,0
1,0.65226495,1
0,0.4900122,0
0,0.53480434,1
1,0.6738017,1
0,0.49320847,0
1,0.63764155,1
1,0.4554439,0
0,0.63018245,1
0,0.63774866,1
0,0.43307102,0
1,0.58557963,1
1,0.63094234,1
0,0.47416374,0
0,0.6643977,1
1,0.50690365,1
1,0.6600542,1
0,0.47951323,0
1,0.67775524,1
1,0.5244918,1
0,0.40347847,0
0,0.44558635,0
0,0.40906793,0
0,0.3662802,0
0,0.5279021,1
0,0.62909,1
0,0.34512386,0
0,0.48103645,0
1,0.42216417,0
1,0.54111344,1
1,0.46166754,0
0,0.4798397,0
0,0.48416975,0
1,0.52460605,1
1,0.42364183,0
1,0.6257942,1
1,0.35907224,0
0,0.3645331,0
1,0.36572608,0
1,0.41227114,0
1,0.66670346,1
1,0.6707952,1
1,0.58593607,1
1,0.52460605,1
0,0.39042294,0
0,0.37590504,0
0,0.5051086,1
0,0.53553873,1
0,0.5468538,1
0,0.64050287,1
1,0.5120758,1
0,0.5386336,1
0,0.45600381,0
0,0.59772074,1
1,0.6797678,1
1,0.58214486,1
1,0.71035457,1
1,0.6918435,1
1,0.5566388,1
0,0.6384561,1
0,0.3839776,0
0,0.36797202,0
0,0.45495126,0
1,0.6498663,1
1,0.51338524,1
1,0.5252253,1
1,0.65606844,1
0,0.3344182,0
1,0.5006642,1
0,0.5999552,1
1,0.6489573,1
0,0.46082902,0
1,0.7250976,1
0,0.578231,1
0,0.62407666,1
0,0.4569763,0
1,0.6021892,1
0,0.6468548,1
0,0.46565598,0
1,0.49223375,0
0,0.5417346,1
0,0.6676893,1
1,0.50324214,1
0,0.38031462,0
0,0.6107674,1
0,0.47078493,0
0,0.40275922,0
1,0.5826628,1
0,0.47868302,0
1,0.50733674,1
0,0.3751297,0
0,0.44105756,0
0,0.55316794,1
0,0.47711933,0
0,0.5652953,1
0,0.48806554,0
1,0.726023,1
1,0.676519,1
0,0.51406777,1
1,0.41688746,0
0,0.6656641,1
0,0.5048441,1
0,0.55534196,1
0,0.46082902,0
0,0.4632607,0
0,0.55293536,1
0,0.49695638,0
0,0.46218592,0
0,0.38280094,0
0,0.63127375,1
1,0.6602379,1
0,0.56806356,1
1,0.66309404,1
0,0.64050287,1
1,0.66407967,1
1,0.43481055,0
0,0.52358085,1
0,0.36600912,0
0,0.68294823,1
0,0.46353236,0
0,0.3739696,0
1,0.50919324,1
0,0.4024005,0
1,0.5760357,1
0,0.48346806,0
0,0.46580172,0
0,0.66041756,1
0,0.5253676,1
0,0.39256534,0
0,0.49328133,0
1,0.5826497,1
0,0.37671122,0
0,0.6645772,1
1,0.5188898,1
1,0.5873102,1
0,0.60252196,1
1,0.657729,1
1,0.6196753,1
0,0.33799395,0
0,0.5759283,1
0,0.50847054,1
1,0.58939433,1
0,0.44105756,0
0,0.5240026,1
0,0.5253676,1
1,0.39432934,0
0,0.53741735,1
1,0.4928005,0
0,0.48928332,0
0,0.43965155,0
0,0.6218434,1
1,0.67957085,1
0,0.5826497,1
0,0.5969051,1
1,0.7009118,1
0,0.40906793,0
0,0.46781814,0
1,0.36880225,0
1,0.66356015,1
0,0.5500913,1
1,0.6829784,1
1,0.681348,1
1,0.6585299,1
0,0.44485927,0
0,0.6615492,1
0,0.4545083,0
1,0.4565622,0
0,0.4223052,0
0,0.57440835,1
0,0.66830933,1
1,0.72794765,1
0,0.40347847,0
0,0.68000066,1
1,0.6700209,1
0,0.5625825,1
0,0.46565598,0
1,0.48230144,0
1,0.5974382,1
0,0.39857823,0
1,0.67265254,1
0,0.46199614,0
0,0.42734048,0
0,0.59236974,1
1,0.68145776,1
1,0.5773704,1
1,0.3945503,0
1,0.5428873,1
0,0.48799485,0
1,0.43932247,0
1,0.6409572,1
0,0.45191953,0
0,0.52033454,1
0,0.36900797,0
1,0.33799395,0
1,0.50324214,1
0,0.43304142,0
1,0.53987324,1
1,0.63311553,1
1,0.57860386,1
0,0.41790396,0
0,0.57061434,1
1,0.45569676,0
0,0.5611648,1
0,0.497555,0
0,0.3519169,0
0,0.3700467,0
1,0.64675653,1
0,0.5407659,1
0,0.56254894,1
0,0.5782998,1
1,0.52815586,1
1,0.58007526,1
0,0.6400136,1
1,0.5498001,1
1,0.46781814,0
0,0.48031157,0
0,0.51304543,1
1,0.6089481,1
0,0.5591229,1
1,0.6704774,1
0,0.65849674,1
0,0.5455844,1
1,0.50847054,1
0,0.50426936,1
0,0.4050715,0
1,0.6597201,1
1,0.50712407,1
0,0.45264134,0
1,0.5227731,1
1,0.6720067,1
1,0.39019546,0
1,0.5934398,1
0,0.47895038,0
0,0.521526,1
0,0.37058738,0
0,0.55562335,1
1,0.4798397,0
0,0.6039615,1
0,0.36474696,0
1,0.6731365,1
1,0.5964104,1
1,0.5773674,1
0,0.4709175,0
0,0.43357098,0
1,0.39432934,0
0,0.41492513,0
1,0.666198,1
1,0.37058738,0
0,0.4508895,0
1,0.60332125,1
0,0.4846478,0
1,0.6588898,1
1,0.46096906,0
1,0.64669603,1
0,0.36608285,0
1,0.66149825,1
0,0.4720038,0
1,0.67211837,1
1,0.48928332,0
1,0.6828096,1
1,0.39857823,0
1,0.65959615,1
1,0.7241709,1
0,0.34867966,0
0,0.56319445,1
1,0.6360487,1
1,0.66427606,1
1,0.48416975,0
0,0.5901979,1
0,0.6179627,1
1,0.47416374,0
1,0.5292321,1
1,0.4969514,0
1,0.5120167,1
0,0.57150626,1
0,0.5013735,1
1,0.6936592,1
0,0.57772106,1
0,0.6274208,1
1,0.5792962,1
1,0.5519485,1
0,0.5581498,1
1,0.5642055,1
0,0.45569676,0
1,0.68640655,1
1,0.6176336,1
0,0.42364183,0
0,0.67384356,1
1,0.6704505,1
0,0.48080486,0
1,0.5769158,1
1,0.5851805,1
0,0.38031462,0
0,0.42364183,0
1,0.6785895,1
0,0.5929044,1
1,0.48469985,0
1,0.67509896,1
1,0.6141423,1
1,0.7023768,1
0,0.36797202,0
1,0.64224887,1
0,0.49262393,0
1,0.39875102,0
1,0.6621385,1
1,0.50847054,1
0,0.4586343,0
0,0.58939433,1
1,0.5851805,1
0,0.50386775,1
1,0.50121313,1
1,0.49038425,0
0,0.39042294,0
0,0.4399861,0
1,0.5435511,1
0,0.49888057,0
0,0.44485927,0
0,0.62406814,1
0,0.37240756,0
0,0.50690365,1
1,0.41525438,0
1,0.57356745,1
1,0.69040453,1
0,0.34705603,0
1,0.5333448,1
0,0.36262247,0
1,0.6674533,1
1,0.53956306,1
1,0.48757505,0
1,0.39019546,0
0,0.5228443,1
1,0.49367225,0
0,0.61059016,1
0,0.47728792,0
1,0.475285,0
1,0.42960876,0
0,0.5103922,1
0,0.59733975,1
0,0.38861218,0
1,0.65497786,1
1,0.675363,1
1,0.41917327,0
0,0.5438024,1
0,0.6447685,1
0,0.35065433,0
1,0.701306,1
0,0.420912,0
1,0.5779844,1
1,0.3554124,0
1,0.61004484,1
1,0.3443332,0
1,0.5117886,1
0,0.46017352,0
1,0.5650119,1
0,0.6374763,1
1,0.7115086,1
0,0.6425378,1
0,0.64745677,1
1,0.49348643,0
1,0.5345257,1
0,0.5248492,1
1,0.6677436,1
1,0.58730674,1
0,0.41600913,0
0,0.39857823,0
0,0.4888031,0
1,0.69262457,1
0,0.58209383,1
1,0.47409797,0
1,0.5953251,1
0,0.5895008,1
1,0.37273464,0
0,0.4888031,0
1,0.5751373,1
0,0.65823764,1
0,0.68938494,1
1,0.3731709,0
0,0.52033454,1
0,0.45672214,0
0,0.4756232,0
0,0.6022119,1
0,0.5368009,1
0,0.60789263,1
1,0.4890898,0
0,0.46593785,0
0,0.38928473,0
1,0.69473207,1
0,0.44655886,0
1,0.37940598,0
1,0.6386135,1
0,0.41492513,0
0,0.48928332,0
1,0.609017,1
1,0.6270911,1
1,0.64326525,1
0,0.5393273,1
1,0.48346806,0
0,0.48928332,0
0,0.4297287,0
1,0.41600913,0
0,0.41492513,0
0,0.4849004,0
0,0.41943908,0
0,0.56275284,1
1,0.6805276,1
1,0.54047096,1
0,0.5415939,1
0,0.66902673,1
0,0.5846017,1
0,0.56401134,1
1,0.64315176,1
0,0.54162353,1
0,0.5014617,1
1,0.53480434,1
1,0.5178668,1
0,0.42734048,0
0,0.36731386,0
0,0.6349628,1
0,0.5590579,1
0,0.3571887,0
0,0.49942037,0
0,0.65209603,1
0,0.44485927,0
1,0.74158543,1
1,0.5162393,1
1,0.5046731,1
1,0.58872575,1
1,0.39043364,0
0,0.36900797,0
0,0.5144799,1
0,0.63423127,1
0,0.5946827,1
0,0.46809214,0
1,0.6996051,1
0,0.41227114,0
1,0.5231293,1
0,0.4803913,0
0,0.6709135,1
1,0.7149086,1
0,0.6199446,1
0,0.38031462,0
0,0.43304142,0
1,0.5617013,1
1,0.55024576,1
1,0.5275085,1
1,0.63290954,1
0,0.36600912,0
0,0.56254894,1
0,0.6461377,1
1,0.46353236,0
1,0.5881592,1
0,0.7025228,1
0,0.48449525,0
0,0.36880225,0
0,0.47194675,0
0,0.4788134,0
0,0.5134873,1
0,0.6469298,1
0,0.45495126,0
1,0.41227114,0
1,0.6438003,1
1,0.5178668,1
0,0.36093304,0
1,0.5587231,1
0,0.36586064,0
1,0.50864357,1
1,0.6583278,1
0,0.39287525,0
1,0.57810056,1
0,0.61126775,1
0,0.680373,1
0,0.52719086,1
1,0.48230144,0
0,0.50980616,1
1,0.39446092,0
1,0.6188694,1
1,0.52946746,1
0,0.6071198,1
0,0.60004914,1
0,0.6719884,1
0,0.3464295,0
0,0.4565622,0
0,0.5476161,1
0,0.4828516,0
0,0.46929243,0
0,0.49922925,0
0,0.48694035,0
0,0.45600381,0
0,0.6791233,1
0,0.51112896,1
0,0.4709168,0
0,0.46789303,0
0,0.42364183,0
0,0.56169236,1
0,0.56767035,1
1,0.5123735,1
1,0.51769704,1
1,0.4888031,0
1,0.65881145,1
0,0.64293146,1
0,0.5622584,1
1,0.49320847,0
0,0.4664708,0
0,0.3731709,0
0,0.60631156,1
0,0.34512386,0
0,0.48416287,0
1,0.63644004,1
1,0.62479216,1
1,0.5216109,1
0,0.65920514,1
1,0.6530014,1
0,0.49674663,0
0,0.70543593,1
1,0.5145083,1
1,0.6764833,1
0,0.65321726,1
1,0.65898824,1
0,0.627027,1
0,0.42734048,0
0,0.5488902,1
0,0.3657284,0
0,0.50738364,1
0,0.40347847,0
1,0.5166801,1
1,0.7039778,1
0,0.5074826,1
1,0.4828516,0
1,0.62416667,1
0,0.36262247,0
1,0.66431075,1
1,0.37156615,0
0,0.6726519,1
0,0.69796616,1
0,0.36797202,0
1,0.59330434,1
1,0.39432934,0
0,0.41790396,0
0,0.36880225,0
0,0.5519248,1
1,0.4054497,0
1,0.59884185,1
0,0.3671744,0
0,0.51021975,1
0,0.49907526,0
0,0.53578085,1
1,0.68620014,1
1,0.54612005,1
0,0.45028946,0
1,0.7118345,1
0,0.5519485,1
0,0.67817146,1
1,0.6122729,1
1,0.7007449,1
0,0.46565598,0
1,0.5123489,1
0,0.53453195,1
0,0.4554439,0
0,0.43304142,0
1,0.7681424,1
1,0.51928675,1
0,0.38280094,0
1,0.5468538,1
0,0.4902472,0
1,0.4803913,0
0,0.36572608,0
0,0.6138893,1
0,0.41790396,0
0,0.47194675,0
0,0.6447327,1
0,0.46883178,0
1,0.5506824,1
0,0.3945503,0
0,0.501481,1
0,0.53577363,1
0,0.66572505,1
0,0.6795667,1
0,0.4732063,0
0,0.5933825,1
0,0.36600912,0
0,0.4714483,0
1,0.64066476,1
1,0.55417615,1
1,0.5027372,1
0,0.46082902,0
0,0.5254989,1
1,0.66036856,1
1,0.3571887,0
0,0.5492244,1
0,0.3662802,0
1,0.3519169,0
0,0.46017352,0
0,0.6236859,1
1,0.6182173,1
0,0.39446092,0
0,0.4391144,0
1,0.4756232,0
0,0.4800298,0
0,0.5450541,1
1,0.6519254,1
1,0.66318643,1
1,0.4496881,0
1,0.662464,1
0,0.5153876,1
1,0.5924094,1
1,0.52515715,1
0,0.6010964,1
0,0.4709168,0
1,0.49142286,0
1,0.5649453,1
0,0.67510295,1
0,0.49837357,0
1,0.46781814,0
1,0.48147985,0
1,0.67280096,1
0,0.36593485,0
1,0.6614892,1
1,0.59770465,1
0,0.56459767,1
0,0.5649453,1
1,0.6022119,1
0,0.44654697,0
0,0.45786312,0
0,0.46166754,0
0,0.6212549,1
0,0.6151769,1
0,0.46570635,0
0,0.45720395,0
0,0.5153049,1
1,0.6424905,1
1,0.6090109,1
1,0.5407767,1
1,0.68462265,1
1,0.6956041,1
0,0.59014875,1
0,0.44655886,0
0,0.6939085,1
0,0.46600053,0
0,0.6662993,1
0,0.43481055,0
0,0.5033258,1
1,0.62847245,1
1,0.40906793,0
0,0.4508895,0
0,0.40701008,0
0,0.49925274,0
1,0.59591347,1
0,0.49776414,0
1,0.38280094,0
1,0.4990883,0
0,0.65363306,1
0,0.5415556,1
0,0.65029836,1
1,0.45569676,0
0,0.48373386,0
1,0.7042429,1
1,0.5623952,1
0,0.41288063,0
0,0.53491515,1
0,0.52856916,1
0,0.40275922,0
1,0.70316184,1
1,0.66572505,1
1,0.54047096,1
1,0.5062679,1
0,0.44752428,0
1,0.60655737,1
0,0.59156656,1
0,0.6948344,1
0,0.51928675,1
0,0.44655886,0
1,0.4617579,0
0,0.47717115,0
1,0.583655,1
0,0.49367225,0
1,0.4293458,0
1,0.5033258,1
0,0.50791186,1
0,0.68120396,1
0,0.502068,1
0,0.35366687,0
1,0.6022119,1
0,0.37965363,0
1,0.6661986,1
0,0.6657773,1
0,0.49840447,0
0,0.39857823,0
0,0.62083024,1
1,0.66380155,1
0,0.47717115,0
1,0.67301375,1
0,0.42211428,0
0,0.4928005,0
1,0.65345,1
1,0.60004914,1
0,0.37140986,0
0,0.523091,1
1,0.6991821,1
1,0.49776414,0
1,0.64858484,1
0,0.54924065,1
0,0.50791186,1
1,0.49817604,0
1,0.66380155,1
0,0.45495126,0
0,0.5051086,1
0,0.36608285,0
1,0.366822,0
0,0.39870167,0
0,0.51488894,1
1,0.50791186,1
1,0.50411445,1
0,0.43932247,0
1,0.49849287,0
0,0.46199614,0
1,0.49837357,0
0,0.49695638,0
1,0.6231192,1
1,0.51489455,1
0,0.5539085,1
0,0.3645331,0
1,0.43481055,0
1,0.55295795,1
1,0.35366687,0
1,0.67316717,1
0,0.5734459,1
0,0.61004484,1
0,0.65268785,1
0,0.5670634,1
0,0.5773674,1
1,0.46017352,0
0,0.5660099,1
1,0.4701028,0
0,0.62431645,1
1,0.5888248,1
0,0.51205415,1
1,0.63349617,1
1,0.4050715,0
1,0.62980336,1
1,0.4508895,0
1,0.57935923,1
0,0.48804912,0
1,0.46807072,0
0,0.4297287,0
1,0.5179477,1
1,0.41782057,0
1,0.51273185,1
1,0.6859205,1
0,0.7393519,1
0,0.4504147,0
1,0.569754,1
1,0.66904724,1
0,0.49262393,0
1,0.67898315,1
1,0.669297,1
1,0.6770852,1
0,0.518111,1
0,0.48103645,0
0,0.421147,0
0,0.48558274,0
1,0.5370612,1
1,0.5723636,1
1,0.66777873,1
0,0.4683108,0
1,0.6082956,1
1,0.6027805,1
1,0.3554124,0
0,0.36572608,0
0,0.47905228,0
0,0.6548528,1
1,0.5120758,1
0,0.365739,0
0,0.48346806,0
1,0.46199614,0
0,0.48948294,0
0,0.6672745,1
0,0.515203,1
0,0.55032665,1
0,0.5012822,1
1,0.36667562,0
0,0.49402356,0
0,0.5059764,1
1,0.6305608,1
1,0.49695638,0
1,0.49902642,0
1,0.50584847,1
1,0.43798473,0
0,0.37965363,0
1,0.48346806,0
1,0.36572608,0
0,0.37138802,0
0,0.5960018,1
0,0.4798397,0
0,0.34512386,0
0,0.4770683,0
0,0.5773674,1
1,0.49205425,0
0,0.37965363,0
1,0.3571887,0
1,0.66933113,1
1,0.6957325,1
0,0.60866654,1
1,0.6105404,1
0,0.47026658,0
0,0.44752428,0
0,0.46918955,0
0,0.47711933,0
0,0.52903056,1
0,0.55469954,1
0,0.34786886,0
1,0.39256534,0
0,0.6666384,1
0,0.36572608,0
1,0.55146587,1
1,0.3554124,0
1,0.49132672,0
0,0.39254853,0
0,0.4774199,0
0,0.6741544,1
1,0.6588958,1
0,0.4849004,0
1,0.6592408,1
1,0.5390124,1
1,0.66051596,1
0,0.53548616,1
1,0.66130763,1
0,0.5949846,1
1,0.669707,1
0,0.4798397,0
0,0.60693914,1
0,0.49169675,0
0,0.50864357,1
1,0.50324214,1
0,0.34345284,0
1,0.50738364,1
1,0.7407992,1
0,0.38280094,0
1,0.6879545,1
0,0.3662802,0
0,0.3863383,0
0,0.47873652,0
1,0.67669624,1
1,0.46781814,0
1,0.59720534,1
1,0.57061434,1
1,0.72177124,1
0,0.5123489,1
0,0.6856259,1
1,0.59578615,1
0,0.5809803,1
0,0.4828516,0
0,0.5464429,1
1,0.6762667,1
0,0.4499349,0
0,0.64888054,1
0,0.7199468,1
0,0.34786886,0
1,0.55146587,1
0,0.6047137,1
1,0.46199614,0
1,0.62683827,1
1,0.55897564,1
1,0.49776414,0
0,0.44655886,0
0,0.44163656,0
1,0.63333094,1
0,0.3645331,0
0,0.35816532,0
0,0.42734048,0
1,0.5244918,1
0,0.4508895,0
0,0.64293146,1
0,0.59276146,1
1,0.76549673,1
0,0.65685886,1
0,0.365739,0
0,0.46624768,0
1,0.43304142,0
1,0.713357,1
1,0.46166754,0
0,0.42061004,0
1,0.6677436,1
0,0.3700467,0
1,0.5622584,1
1,0.6691706,1
0,0.7435183,1
0,0.40701008,0
0,0.3739696,0
1,0.5481712,1
1,0.5438024,1
0,0.5123735,1
1,0.45587188,0
0,0.6915394,1
1,0.6720067,1
0,0.6397666,1
0,0.36731386,0
0,0.4643866,0
1,0.52307224,1
1,0.36262247,0
1,0.39019546,0
1,0.67005914,1
1,0.71806234,1
0,0.47744703,0
0,0.42524177,0
1,0.3667221,0
0,0.48517495,0
0,0.46017352,0
1,0.6023376,1
0,0.42108223,0
0,0.40874478,0
0,0.4423455,0
1,0.34007227,0
1,0.4730619,0
1,0.49991146,0
1,0.69220954,1
1,0.53441787,1
1,0.56599396,1
1,0.3443332,0
0,0.41790396,0
1,0.61004484,1
0,0.48830664,0
1,0.5675472,1
1,0.45052117,0
0,0.70316994,1
1,0.5292414,1
1,0.52583754,1
1,0.6279924,1
1,0.50733674,1
0,0.51522315,1
1,0.50712365,1
1,0.46527192,0
0,0.6013013,1
0,0.43481055,0
0,0.4849004,0
0,0.6789842,1
0,0.40906793,0
0,0.45163903,0
0,0.65857416,1
1,0.37764075,0
1,0.62178177,1
1,0.3413291,0
1,0.48597404,0
1,0.6148327,1
0,0.6263072,1
1,0.3714484,0
0,0.58285874,1
1,0.56594855,1
0,0.5178098,1
1,0.5103922,1
0,0.4293458,0
1,0.44655886,0
1,0.44485927,0
0,0.5168976,1
1,0.7030609,1
1,0.65332043,1
0,0.63611513,1
1,0.59082407,1
0,0.46166754,0
1,0.64863706,1
0,0.3413291,0
1,0.6082956,1
0,0.515429,1
1,0.53603375,1
0,0.43798473,0
1,0.49918,0
1,0.36205903,0
0,0.6153103,1
0,0.36667562,0
1,0.43307102,0
1,0.5987107,1
0,0.420912,0
1,0.44655886,0
1,0.5588108,1
0,0.42364183,0
1,0.6628405,1
0,0.4879247,0
0,0.3731709,0
1,0.60969216,1
0,0.38143936,0
0,0.65677476,1
0,0.7130847,1
1,0.6666348,1
0,0.6444795,1
0,0.3945503,0
1,0.60553986,1
1,0.50712365,1
1,0.5899485,1
1,0.49998713,0
0,0.5372598,1
0,0.45495126,0
1,0.62227905,1
1,0.44163656,0
0,0.50847054,1
0,0.3969986,0
0,0.5168459,1
0,0.55472374,1
1,0.54557544,1
0,0.48848417,0
0,0.63385856,1
1,0.6134765,1
1,0.4423455,0
0,0.51401937,1
0,0.70631516,1
1,0.6861037,1
0,0.5519485,1
1,0.64678866,1
0,0.50791186,1
0,0.66005373,1
1,0.3863383,0
0,0.36608285,0
1,0.4720038,0
1,0.3714484,0
0,0.48616952,0
0,0.68863803,1
1,0.6704419,1
0,0.5049152,1
1,0.65054744,1
1,0.67031705,1
1,0.5494902,1
1,0.65933794,1
0,0.53480434,1
0,0.62258434,1
1,0.46809214,0
1,0.44655886,0
1,0.3839776,0
0,0.54453605,1
1,0.67597145,1
1,0.48732635,0
1,0.5727748,1
1,0.48940036,0
1,0.49713063,0
0,0.6664564,1
0,0.7114255,1
1,0.4931122,0
0,0.5949846,1
0,0.59669745,1
1,0.4687495,0
1,0.5496373,1
1,0.3712075,0
0,0.3739696,0
1,0.700018,1
1,0.6437495,1
1,0.4846478,0
1,0.4890898,0
0,0.39857823,0
1,0.68938494,1
0,0.5341879,1
1,0.42734048,0
0,0.36608285,0
1,0.52736187,1
0,0.50846976,1
1,0.6860233,1
1,0.50121313,1
1,0.66083515,1
1,0.43304142,0
0,0.365739,0
1,0.4496881,0
1,0.680252,1
1,0.60143644,1
1,0.49998713,0
0,0.4508895,0
1,0.5123735,1
1,0.66625357,1
1,0.5409779,1
1,0.5411965,1
1,0.57753277,1
0,0.54564583,1
0,0.53736115,1
1,0.53879017,1
1,0.37135613,0
0,0.46848375,0
0,0.64718765,1
1,0.6249517,1
0,0.37575626,0
0,0.40874478,0
0,0.36669534,0
0,0.49729094,0
1,0.5707715,1
0,0.4720038,0
0,0.6673398,1
1,0.475677,0
0,0.45539364,0
1,0.6651527,1
1,0.34786886,0
1,0.59199667,1
0,0.49565923,0
0,0.51401937,1
0,0.34867966,0
1,0.48848417,0
0,0.39870167,0
1,0.56095505,1
0,0.5126988,1
0,0.36731386,0
1,0.68096906,1
1,0.5884091,1
1,0.482114,0
0,0.5617877,1
0,0.48270503,0
1,0.58053195,1
0,0.45495126,0
1,0.6105125,1
0,0.3667221,0
1,0.6910512,1
0,0.4574394,0
0,0.48804912,0
0,0.49481028,0
0,0.39467204,0
0,0.57452244,1
0,0.50324214,1
0,0.57822764,1
0,0.3714484,0
1,0.5426007,1
0,0.3419969,0
1,0.3677956,0
1,0.6141423,1
0,0.66566193,1
0,0.4798397,0
0,0.5124274,1
0,0.42734048,0
1,0.5198207,1
0,0.6219095,1
0,0.46977055,0
0,0.52856916,1
1,0.55784065,1
1,0.53480434,1
0,0.3464295,0
1,0.5948806,1
0,0.5885379,1
0,0.5341879,1
0,0.67348397,1
0,0.6677784,1
1,0.6591238,1
0,0.47895405,0
1,0.5670634,1
1,0.421538,0
1,0.6662206,1
0,0.62603974,1
1,0.55032665,1
0,0.64484143,1
1,0.3700467,0
0,0.64636743,1
0,0.49776414,0
1,0.5922328,1
1,0.609702,1
0,0.47549334,0
0,0.47416374,0
1,0.6862214,1
0,0.50324214,1
1,0.68133837,1
0,0.39870167,0
0,0.47422722,0
1,0.48809844,0
1,0.48230144,0
1,0.6010964,1
0,0.4423455,0
0,0.4695113,0
1,0.67107487,1
0,0.47277385,0
0,0.42216417,0
0,0.59398806,1
0,0.48976657,0
0,0.5166801,1
0,0.6596676,1
1,0.6472192,1
0,0.62618273,1
1,0.5216109,1
1,0.64239836,1
1,0.5198207,1
1,0.5842077,1
0,0.36572608,0
0,0.69314516,1
0,0.39432934,0
1,0.5382247,1
0,0.49252957,0
0,0.470413,0
0,0.5627577,1
0,0.46781814,0
1,0.68821055,1
0,0.3519169,0
0,0.44655886,0
0,0.698627,1
0,0.66544324,1
1,0.66516197,1
1,0.665864,1
0,0.48469985,0
1,0.6554553,1
1,0.49589035,0
1,0.67070127,1
1,0.53548616,1
1,0.38928473,0
1,0.42364183,0
1,0.64488715,1
0,0.6384347,1
1,0.6374763,1
0,0.45495126,0
0,0.3751297,0
1,0.4856939,0
1,0.540235,1
1,0.44655886,0
0,0.59956664,1
0,0.44655886,0
1,0.6628694,1
0,0.5213932,1
0,0.6621772,1
0,0.48556313,0
0,0.6134765,1
1,0.73302287,1
1,0.5837704,1
0,0.5386336,1
1,0.42108223,0
1,0.53783166,1
0,0.41492513,0
0,0.40275922,0
0,0.54564583,1
1,0.6862752,1
0,0.46571466,0
1,0.67086077,1
0,0.44655886,0
0,0.6002238,1
1,0.49221596,0
1,0.65444624,1
1,0.53441787,1
1,0.67591095,1
0,0.49115172,0
0,0.4714483,0
1,0.41525438,0
1,0.6516921,1
1,0.53480434,1
1,0.67549175,1
0,0.38861218,0
1,0.49674663,0
1,0.46853104,0
0,0.4496881,0
1,0.62078106,1
1,0.55068624,1
1,0.6550727,1
0,0.3554124,0
1,0.46781814,0
0,0.5125572,1
1,0.6027805,1
0,0.6029137,1
0,0.52163166,1
1,0.5014398,1
0,0.3945503,0
1,0.44655886,0
0,0.45850563,0
1,0.4508895,0
1,0.5256715,1
0,0.585173,1
1,0.38031462,0
0,0.599004,1
1,0.55205303,1
0,0.3731709,0
0,0.5432284,1
0,0.4902472,0
1,0.58828074,1
0,0.43357098,0
0,0.46799216,0
0,0.3667221,0
0,0.50791186,1
0,0.5144799,1
0,0.48373386,0
1,0.5751373,1
0,0.39870167,0
0,0.5462896,1
0,0.49952468,0
0,0.46166754,0
0,0.6650766,1
1,0.6527686,1
0,0.37156615,0
1,0.56456023,1
1,0.6174733,1
1,0.4399861,0
0,0.36862102,0
1,0.49142286,0
1,0.5006642,1
1,0.5275663,1
0,0.5753065,1
1,0.6540771,1
0,0.6369666,1
1,0.68135905,1
0,0.6577655,1
1,0.6583873,1
0,0.3739696,0
0,0.4694039,0
0,0.5802285,1
0,0.4787487,0
1,0.3662802,0
1,0.534909,1
0,0.5049152,1
1,0.5013735,1
0,0.5133697,1
0,0.5363681,1
1,0.5123489,1
0,0.46781814,0
0,0.4998396,0
0,0.46781814,0
0,0.62875634,1
1,0.4293458,0
0,0.53360003,1
1,0.5996628,1
0,0.49115172,0
0,0.44485927,0
0,0.48928332,0
0,0.55975324,1
1,0.60322005,1
1,0.4496881,0
0,0.63340414,1
1,0.6079408,1
1,0.6374763,1
0,0.50584847,1
0,0.6856847,1
0,0.66486895,1
1,0.66933113,1
0,0.3936784,0
1,0.54111344,1
1,0.5742326,1
0,0.39042294,0
0,0.45067617,0
1,0.6107674,1
1,0.620003,1
0,0.36586064,0
1,0.36862102,0
0,0.6971451,1
0,0.47147232,0
1,0.6283442,1
0,0.4249851,0
0,0.6802485,1
0,0.5570412,1
1,0.5467531,1
1,0.583655,1
0,0.44485927,0
0,0.58766615,1
0,0.48469985,0
0,0.5148511,1
1,0.4508895,0
0,0.40004227,0
0,0.48816258,0
0,0.47147232,0
1,0.3863383,0
1,0.42108223,0
0,0.3945503,0
1,0.3554124,0
1,0.5382247,1
1,0.5120758,1
0,0.3751297,0
0,0.45569676,0
0,0.50740176,1
0,0.5275085,1
0,0.60979146,1
1,0.5967056,1
0,0.62576944,1
1,0.6639202,1
0,0.39870167,0
0,0.34867966,0
1,0.4293458,0
0,0.59578615,1
1,0.5149983,1
1,0.6171203,1
1,0.52460605,1
1,0.5049388,1
1,0.6723866,1
1,0.66638505,1
0,0.4423455,0
0,0.41790396,0
0,0.5025607,1
1,0.5885379,1
1,0.4293458,0
1,0.48103645,0
0,0.54814,1
0,0.48469985,0
1,0.6612942,1
0,0.43304142,0
0,0.4898978,0
0,0.64514524,1
1,0.6035876,1
0,0.5895008,1
0,0.6621024,1
1,0.67264926,1
0,0.5535565,1
1,0.43932247,0
1,0.68295944,1
0,0.622842,1
0,0.4714483,0
0,0.36667562,0
0,0.49440634,0
0,0.6512057,1
1,0.6071806,1
0,0.62759256,1
0,0.48469985,0
0,0.47895405,0
0,0.3863706,0
1,0.48928332,0
1,0.49817604,0
1,0.37053862,0
0,0.4885882,0
1,0.52325004,1
0,0.5455844,1
0,0.6138485,1
1,0.62955016,1
1,0.6517342,1
0,0.70125914,1
0,0.3645331,0
0,0.48270503,0
0,0.3687349,0
0,0.6389274,1
0,0.3671744,0
1,0.46612152,0
1,0.43738094,0
0,0.49038425,0
0,0.39583215,0
0,0.35366687,0
1,0.65317863,1
0,0.6213996,1
0,0.6630214,1
0,0.39870167,0
0,0.46601778,0
0,0.47086138,0
1,0.6622357,1
1,0.5415939,1
0,0.40701008,0
0,0.6079069,1
0,0.42364183,0
1,0.4993936,0
0,0.48683432,0
1,0.51469946,1
1,0.6193372,1
0,0.54917336,1
0,0.4224775,0
0,0.6141495,1
1,0.6160861,1
1,0.68754536,1
0,0.7748878,1
0,0.67408526,1
1,0.61717653,1
1,0.5522337,1
0,0.62421733,1
1,0.6263189,1
0,0.6005719,1
0,0.5476161,1
0,0.53577363,1
0,0.5299353,1
1,0.45028946,0
1,0.6697048,1
1,0.5603523,1
1,0.6767042,1
1,0.5913357,1
0,0.43481055,0
0,0.49188012,0
1,0.6871145,1
1,0.57452244,1
0,0.52903056,1
0,0.42108223,0
1,0.4249851,0
0,0.5843963,1
0,0.48323935,0
1,0.68544537,1
1,0.6952963,1
1,0.6138485,1
0,0.61131024,1
0,0.4940146,0
1,0.60462105,1
1,0.48416975,0
1,0.53603375,1
1,0.66116023,1
1,0.5728838,1
1,0.575538,1
0,0.3700467,0
0,0.34867966,0
0,0.47147232,0
1,0.51769704,1
1,0.4725111,0
1,0.49722815,0
1,0.59082407,1
0,0.569754,1
0,0.45185,0
1,0.64083225,1
0,0.4725111,0
0,0.34512386,0
0,0.5213932,1
1,0.58828074,1
0,0.642896,1
0,0.3945056,0
1,0.49480516,0
0,0.51769704,1
0,0.5474617,1
0,0.4709168,0
1,0.7003754,1
1,0.45495126,0
1,0.48596415,0
0,0.57695615,1
0,0.58612734,1
1,0.6180159,1
0,0.5591229,1
1,0.49840447,0
1,0.60575634,1
0,0.60082704,1
0,0.6679523,1
0,0.47194675,0
0,0.4370053,0
0,0.51900464,1
0,0.48332155,0
1,0.64075273,1
0,0.6584447,1
1,0.5126992,1
0,0.37764075,0
1,0.6233061,1
0,0.36608285,0
0,0.48830026,0
1,0.6383871,1
1,0.37166247,0
0,0.7017371,1
1,0.627294,1
1,0.44659537,0
0,0.6976547,1
0,0.3571887,0
1,0.4798397,0
0,0.66813606,1
1,0.6872975,1
1,0.67520183,1
0,0.7156981,1
1,0.5244918,1
1,0.58053195,1
0,0.36667562,0
0,0.60611874,1
1,0.7031029,1
1,0.52358747,1
1,0.66550624,1
1,0.420912,0
0,0.48410207,0
0,0.5902224,1
1,0.6110168,1
0,0.5592493,1
1,0.4924797,0
0,0.40875342,0
0,0.50791186,1
1,0.5033258,1
0,0.5216109,1
0,0.5945877,1
1,0.48187128,0
1,0.39432934,0
0,0.5058,1
1,0.5354537,1
1,0.4874734,0
0,0.5603142,1
1,0.5518498,1
0,0.45495126,0
1,0.6662361,1
0,0.46017352,0
0,0.5366691,1
0,0.39019546,0
0,0.3731709,0
1,0.44655886,0
0,0.4249851,0
0,0.36667562,0
0,0.51338524,1
1,0.53603375,1
0,0.37940598,0
1,0.43103045,0
0,0.5363977,1
0,0.41790396,0
1,0.48080486,0
1,0.36572608,0
0,0.6634562,1
0,0.38280094,0
0,0.6228798,1
0,0.6400929,1
0,0.49776414,0
0,0.70991236,1
0,0.4399861,0
0,0.42216417,0
0,0.37965363,0
1,0.59236974,1
0,0.38280094,0
0,0.6169829,1
1,0.6872637,1
1,0.46789303,0
0,0.36474696,0
1,0.5162192,1
0,0.67721856,1
0,0.60655737,1
1,0.66548496,1
0,0.4557526,0
1,0.53157413,1
0,0.44541606,0
1,0.59909624,1
1,0.5874294,1
1,0.6971592,1
0,0.6835835,1
1,0.4790444,0
0,0.4508895,0
1,0.57910985,1
0,0.37140986,0
0,0.34956664,0
1,0.6602984,1
0,0.658501,1
0,0.4564592,0
1,0.42229432,0
1,0.49807814,0
0,0.48280582,0
0,0.6775713,1
0,0.39042294,0
1,0.4399861,0
0,0.6102773,1
1,0.45569676,0
0,0.6755489,1
1,0.61625135,1
0,0.36572608,0
0,0.482114,0
0,0.578231,1
0,0.3739696,0
1,0.46538058,0
0,0.43304142,0
0,0.33249128,0
0,0.5402562,1
0,0.60157603,1
0,0.3751297,0
1,0.64141536,1
0,0.39042294,0
0,0.46565598,0
0,0.56153554,1
1,0.5441935,1
0,0.65328366,1
0,0.3662802,0
1,0.40347847,0
0,0.5041396,1
0,0.3751297,0
0,0.6108035,1
1,0.666616,1
0,0.49046183,0
1,0.41577646,0
0,0.59750766,1
0,0.5248492,1
0,0.39875102,0
0,0.4603709,0
1,0.5231293,1
0,0.49713063,0
0,0.63637525,1
0,0.52349424,1
0,0.5571212,1
0,0.4654466,0
0,0.41227114,0
1,0.6005719,1
0,0.7276169,1
1,0.56153554,1
1,0.560361,1
0,0.66717035,1
1,0.5826497,1
1,0.40275922,0
0,0.44463965,0
1,0.48816258,0
1,0.66128063,1
0,0.40275922,0
1,0.45569676,0
1,0.5736226,1
0,0.4499349,0
1,0.53098977,1
1,0.5320825,1
1,0.47873652,0
1,0.52903056,1
1,0.62387973,1
0,0.5609965,1
0,0.36262247,0
1,0.7062792,1
1,0.66935265,1
1,0.7032896,1
0,0.42229432,0
0,0.421147,0
0,0.59122276,1
0,0.37140986,0
0,0.6233257,1
0,0.36669534,0
1,0.4570393,0
1,0.69221026,1
0,0.4293458,0
0,0.64691395,1
1,0.5013735,1
0,0.5977858,1
1,0.39523447,0
0,0.64206684,1
0,0.52033454,1
0,0.68558645,1
0,0.4874734,0
1,0.4804571,0
0,0.48426002,0
0,0.49196532,0
1,0.687671,1
1,0.43304142,0
0,0.36600912,0
0,0.5058,1
1,0.594036,1
1,0.48762563,0
0,0.5494159,1
1,0.4828516,0
0,0.56195027,1
0,0.56275284,1
0,0.35507792,0
1,0.36667562,0
0,0.6379934,1
0,0.6395026,1
1,0.6845015,1
0,0.523091,1
1,0.48871976,0
1,0.41790396,0
0,0.7233166,1
0,0.451857,0
0,0.52800995,1
0,0.6433533,1
1,0.54175746,1
1,0.36926058,0
0,0.4815095,0
0,0.52856916,1
1,0.48611948,0
0,0.49696615,0
1,0.45412472,0
0,0.68091816,1
1,0.5874816,1
1,0.61748546,1
0,0.43798473,0
0,0.53879017,1
0,0.65739816,1
1,0.6712662,1
1,0.6427879,1
1,0.58090836,1
0,0.5556726,1
0,0.34956664,0
0,0.50791186,1
0,0.5808652,1
1,0.6398815,1
1,0.70266825,1
0,0.41782057,0
1,0.6061698,1
0,0.6705622,1
0,0.38031462,0
1,0.45495126,0
1,0.37764075,0
1,0.50847054,1
1,0.4533024,0
0,0.57640755,1
1,0.5455844,1
0,0.48471716,0
0,0.48928332,0
0,0.5049152,1
1,0.49817112,0
1,0.52163166,1
0,0.4940146,0
1,0.5341879,1
1,0.50791186,1
0,0.51167876,1
1,0.6730254,1
0,0.572146,1
1,0.6471539,1
0,0.40906793,0
1,0.5402562,1
1,0.5410926,1
0,0.46570635,0
1,0.35366687,0
1,0.53529024,1
0,0.34345284,0
1,0.54047096,1
0,0.47951323,0
1,0.7533183,1
1,0.560361,1
0,0.58283144,1
0,0.37764075,0
0,0.5929044,1
1,0.60912883,1
1,0.52325004,1
1,0.5707715,1
1,0.60573804,1
0,0.3751297,0
0,0.4496881,0
0,0.37273464,0
1,0.52349424,1
0,0.60119057,1
0,0.46570635,0
0,0.35065433,0
1,0.55024576,1
1,0.6442874,1
0,0.46017352,0
1,0.6209609,1
1,0.6475403,1
0,0.44105756,0
0,0.36262247,0
0,0.39857823,0
0,0.47416374,0
0,0.5787266,1
1,0.6248234,1
1,0.47947124,0
0,0.45003232,0
0,0.65495586,1
0,0.46781814,0
1,0.67857754,1
0,0.3667221,0
0,0.3667221,0
1,0.4969514,0
0,0.53779614,1
1,0.53548616,1
1,0.55342776,1
1,0.47717115,0
1,0.7046881,1
1,0.6429344,1
1,0.6804683,1
0,0.7035881,1
0,0.4798397,0
0,0.47122002,0
1,0.5044051,1
1,0.44163656,0
1,0.64915466,1
0,0.5035303,1
0,0.45786312,0
1,0.65490353,1
0,0.500746,1
0,0.421147,0
1,0.6129791,1
1,0.6055925,1
1,0.67578113,1
1,0.646903,1
1,0.6301047,1
0,0.34271613,0
0,0.5469587,1
1,0.4774199,0
0,0.47147232,0
0,0.53553873,1
1,0.6463765,1
0,0.58655614,1
0,0.66492736,1
0,0.44655886,0
1,0.5623952,1
0,0.4152824,0
1,0.6499894,1
0,0.5572916,1
0,0.51489455,1
0,0.5707729,1
1,0.4391144,0
1,0.66548496,1
0,0.6057453,1
0,0.4900465,0
0,0.61172026,1
0,0.6398762,1
1,0.5179477,1
0,0.41492513,0
0,0.48205015,0
0,0.41790396,0
0,0.3890302,0
0,0.42734048,0
0,0.4815095,0
1,0.6565243,1
1,0.4833988,0
0,0.37965363,0
1,0.646412,1
1,0.48304373,0
1,0.58215225,1
1,0.70731574,1
0,0.41790396,0
0,0.66487443,1
0,0.3839776,0
0,0.6795968,1
1,0.57822764,1
0,0.46166754,0
0,0.656464,1
0,0.694847,1
0,0.45850563,0
0,0.5213932,1
1,0.676462,1
0,0.7065891,1
0,0.41652378,0
0,0.3714484,0
0,0.34786886,0
0,0.36600912,0
1,0.4508895,0
1,0.6520198,1
1,0.6775343,1
0,0.54111344,1
1,0.50121313,1
0,0.40275922,0
1,0.6269622,1
1,0.57132167,1
1,0.6061178,1
1,0.62134314,1
1,0.5846017,1
1,0.6390533,1
0,0.6685263,1
0,0.47717115,0
0,0.55068624,1
0,0.49645722,0
0,0.6189948,1
0,0.6305909,1
1,0.42763266,0
0,0.39042294,0
1,0.36093304,0
1,0.6753171,1
0,0.5450191,1
0,0.67415696,1
0,0.6465545,1
0,0.49696615,0
1,0.6948406,1
0,0.72897166,1
0,0.35366687,0
0,0.3913471,0
0,0.5120167,1
0,0.37764075,0
0,0.3657284,0
0,0.5417346,1
1,0.6810411,1
0,0.62830263,1
1,0.52163166,1
1,0.4423455,0
0,0.5782998,1
1,0.65669507,1
0,0.3751297,0
0,0.67301375,1
1,0.4833988,0
0,0.52946746,1
0,0.500746,1
0,0.36962628,0
0,0.63751817,1
1,0.39019546,0
0,0.49674663,0
0,0.66338825,1
0,0.47086138,0
1,0.70170426,1
1,0.4508895,0
1,0.6201998,1
1,0.55858564,1
1,0.6470173,1
0,0.5576801,1
0,0.54888254,1
1,0.45850563,0
0,0.6320455,1
1,0.6720479,1
1,0.41492513,0
1,0.46601778,0
0,0.47738802,0
0,0.42301118,0
1,0.6055385,1
0,0.43304142,0
0,0.3945056,0
1,0.6894426,1
0,0.3831558,0
0,0.34512386,0
0,0.4714483,0
1,0.6477518,1
0,0.69660914,1
1,0.5446659,1
1,0.6389379,1
0,0.47905228,0
1,0.5960102,1
1,0.43304142,0
0,0.5025607,1
0,0.5481699,1
1,0.52407205,1
0,0.6782634,1
1,0.6259764,1
1,0.6881587,1
0,0.5351244,1
0,0.6394826,1
1,0.4508895,0
1,0.49553952,0
0,0.59199667,1
1,0.55928797,1
1,0.6000368,1
1,0.56983435,1
1,0.69004536,1
0,0.6305738,1
0,0.63450086,1
0,0.6439717,1
0,0.6757527,1
0,0.52307224,1
0,0.6142936,1
0,0.57354623,1
1,0.51413375,1
0,0.48848417,0
0,0.48599207,0
0,0.5504924,1
0,0.53254724,1
1,0.7023285,1
0,0.34512386,0
1,0.47262207,0
0,0.55143946,1
0,0.3945503,0
0,0.39714208,0
0,0.6123699,1
1,0.58780086,1
0,0.5120167,1
0,0.39870167,0
0,0.78998625,1
1,0.58989197,1
1,0.42364183,0
0,0.4861418,0
0,0.47873652,0
1,0.6701419,1
1,0.58623266,1
0,0.48031157,0
0,0.4297287,0
1,0.51472527,1
1,0.5134873,1
0,0.52946746,1
1,0.5978846,1
1,0.6667629,1
1,0.6277887,1
0,0.56336206,1
0,0.496049,0
1,0.6360487,1
1,0.45622468,0
0,0.5843963,1
1,0.39019546,0
1,0.66314447,1
0,0.5464429,1
0,0.5461396,1
0,0.5732074,1
1,0.50267935,1
0,0.5765522,1
1,0.39971453,0
1,0.5733635,1
0,0.55920225,1
1,0.5006642,1
0,0.51401937,1
1,0.54254365,1
1,0.6249517,1
0,0.48186275,0
0,0.4725111,0
1,0.50836796,1
1,0.6179802,1
0,0.663078,1
1,0.7151304,1
1,0.5389821,1
0,0.45850563,0
1,0.6270907,1
0,0.5054029,1
0,0.5269792,1
0,0.6329475,1
0,0.365739,0
1,0.38928473,0
0,0.3863383,0
1,0.6939073,1
1,0.7317832,1
1,0.69959486,1
1,0.5677269,1
0,0.365739,0
1,0.73947716,1
1,0.56702834,1
1,0.625718,1
0,0.51962113,1
1,0.4900122,0
1,0.4654466,0
0,0.6407264,1
0,0.36669534,0
1,0.65914947,1
0,0.5334287,1
1,0.63637525,1
0,0.3700467,0
1,0.48799485,0
0,0.49817604,0
0,0.6365607,1
1,0.60979146,1
0,0.3863706,0
0,0.4393952,0
0,0.47728792,0
1,0.651047,1
1,0.58828074,1
1,0.4545083,0
1,0.6077889,1
1,0.6703011,1
0,0.3443332,0
1,0.45569676,0
1,0.41492513,0
0,0.50426936,1
0,0.35366687,0
1,0.70691967,1
0,0.47873652,0
1,0.6612962,1
1,0.3671744,0
1,0.6766902,1
0,0.4249851,0
0,0.48596415,0
0,0.48187128,0
0,0.6431096,1
1,0.50847054,1
1,0.5067224,1
1,0.4885882,0
1,0.36926058,0
1,0.6930289,1
0,0.5952463,1
0,0.48596415,0
0,0.43798473,0
0,0.61627406,1
0,0.35065433,0
0,0.3756186,0
1,0.48928332,0
1,0.6032532,1
1,0.48775655,0
0,0.5027372,1
1,0.42061004,0
1,0.6006553,1
0,0.36572608,0
1,0.654514,1
0,0.47416374,0
1,0.50791186,1
0,0.41583508,0
0,0.3831558,0
1,0.58766615,1
1,0.59113896,1
0,0.4223052,0
0,0.3731709,0
1,0.6803714,1
1,0.6006319,1
1,0.5183522,1
0,0.47717115,0
1,0.5887989,1
1,0.65581435,1
0,0.47053787,0
1,0.4548844,0
0,0.42061004,0
0,0.6622357,1
0,0.5650447,1
1,0.6697794,1
0,0.61907387,1
1,0.6365607,1
1,0.6010964,1
0,0.5564369,1
0,0.42960876,0
1,0.6860233,1
0,0.576543,1
1,0.69001967,1
0,0.5461696,1
0,0.5275663,1
1,0.43304142,0
0,0.56238544,1
0,0.38031462,0
1,0.41492513,0
1,0.49722815,0
1,0.6420195,1
0,0.5759312,1
0,0.6971846,1
0,0.58681554,1
0,0.40701008,0
0,0.516373,1
1,0.69155145,1
1,0.49952468,0
1,0.50324214,1
0,0.47147232,0
0,0.56275284,1
0,0.6686812,1
1,0.6078237,1
0,0.42229432,0
0,0.3863383,0
1,0.51061636,1
1,0.6445547,1
1,0.486994,0
0,0.6133058,1
0,0.6055436,1
1,0.6468548,1
1,0.48416975,0
0,0.5125572,1
1,0.6019053,1
1,0.5468538,1
1,0.56071377,1
0,0.49776414,0
0,0.5851805,1
0,0.47416374,0
1,0.50803816,1
0,0.7223664,1
0,0.6556963,1
1,0.6779478,1
0,0.67676866,1
0,0.47895405,0
1,0.5884851,1
0,0.4591461,0
1,0.53098977,1
0,0.45567253,0
1,0.58248776,1
1,0.6834977,1
0,0.40347847,0
0,0.36586064,0
0,0.6512057,1
1,0.49925274,0
0,0.47485554,0
0,0.5013735,1
0,0.52055347,1
1,0.62257767,1
0,0.5189437,1
0,0.36926058,0
0,0.49969727,0
0,0.49466148,0
1,0.57965314,1
0,0.5299353,1
1,0.620104,1
1,0.64317364,1
1,0.48525164,0
0,0.6398479,1
1,0.5369805,1
1,0.4892622,0
0,0.37575626,0
0,0.5027372,1
1,0.41689032,0
1,0.5385502,1
1,0.5296258,1
0,0.46166754,0
0,0.4833988,0
0,0.67509896,1
1,0.41688746,0
0,0.64168596,1
0,0.36586064,0
1,0.6217778,1
0,0.6395131,1
1,0.64819634,1
0,0.5602959,1
0,0.37965363,0
0,0.47147232,0
0,0.4856396,0
0,0.47238314,0
0,0.64090884,1
0,0.39636648,0
1,0.6811676,1
0,0.35907224,0
1,0.6485095,1
0,0.4720038,0
0,0.5035303,1
0,0.53254724,1
1,0.4732156,0
1,0.63340414,1
0,0.4898978,0
0,0.41943908,0
1,0.38881737,0
1,0.51557106,1
1,0.6724097,1
1,0.6289306,1
0,0.55260116,1
0,0.44655886,0
0,0.5332913,1
1,0.5946827,1
1,0.74294096,1
1,0.5409779,1
0,0.43965155,0
0,0.47098434,0
1,0.38977832,0
1,0.3898304,0
1,0.36262247,0
0,0.3863706,0
1,0.7152334,1
0,0.39042294,0
0,0.4694039,0
0,0.41541484,0
0,0.67644316,1
0,0.3645331,0
0,0.39870167,0
1,0.40701008,0
1,0.46017352,0
1,0.6472192,1
0,0.3667221,0
1,0.48986632,0
1,0.52653694,1
1,0.39060596,0
0,0.36731386,0
0,0.4496881,0
1,0.6355987,1
1,0.59398806,1
1,0.49132672,0
1,0.51406777,1
0,0.4508895,0
0,0.39875102,0
0,0.4508895,0
0,0.41790396,0
1,0.5386135,1
0,0.36880225,0
0,0.48103645,0
1,0.48346806,0
1,0.4833988,0
1,0.64101875,1
1,0.6738017,1
0,0.48469985,0
1,0.39019546,0
1,0.5386135,1
0,0.6044847,1
1,0.6274208,1
1,0.55686843,1
0,0.47807327,0
1,0.5382247,1
1,0.6669107,1
0,0.6429344,1
0,0.41744128,0
0,0.4521946,0
0,0.51021975,1
1,0.6433533,1
1,0.4423455,0
0,0.56322277,1
0,0.46017352,0
0,0.36608285,0
0,0.36572608,0
0,0.4730619,0
0,0.5927483,1
1,0.40906793,0
0,0.386596,0
0,0.5029431,1
1,0.6680315,1
1,0.627055,1
0,0.37764075,0
1,0.5498001,1
1,0.55293536,1
1,0.4662612,0
1,0.4293458,0
0,0.5156349,1
0,0.53039855,1
0,0.3657967,0
1,0.5708001,1
1,0.71107185,1
1,0.5488902,1
1,0.5939443,1
1,0.49440634,0
1,0.44654697,0
0,0.46807072,0
0,0.38816646,0
1,0.35366687,0
1,0.6763326,1
1,0.6388565,1
1,0.46166754,0
0,0.4496881,0
1,0.62125844,1
0,0.690412,1
0,0.49696615,0
1,0.42326385,0
1,0.728546,1
1,0.61199933,1
1,0.5033258,1
1,0.6212549,1
0,0.5263473,1
1,0.65648514,1
1,0.6715272,1
1,0.62237006,1
0,0.4815095,0
1,0.49367225,0
1,0.52010727,1
1,0.5034258,1
1,0.702315,1
0,0.5120758,1
0,0.6106072,1
0,0.50847054,1
1,0.49481028,0
1,0.54175746,1
0,0.36586064,0
1,0.55472374,1
0,0.52583754,1
1,0.55465084,1
1,0.4720545,0
0,0.40701008,0
0,0.52216655,1
1,0.5333897,1
1,0.51488894,1
0,0.45587188,0
0,0.3554124,0
0,0.42265543,0
1,0.5960092,1
0,0.50847054,1
0,0.539756,1
1,0.4722911,0
1,0.6476615,1
1,0.5244918,1
0,0.35366687,0
1,0.6908197,1
0,0.5689024,1
1,0.3571887,0
0,0.39568076,0
0,0.47626913,0
1,0.625841,1
0,0.5415939,1
0,0.3373026,0
1,0.51769704,1
0,0.50846976,1
0,0.6469298,1
0,0.55941886,1
0,0.7111877,1
1,0.46166754,0
0,0.45018372,0
1,0.53608537,1
0,0.4798397,0
1,0.67244023,1
1,0.71763104,1
1,0.6041357,1
1,0.67068154,1
0,0.6695503,1
0,0.45495126,0
0,0.47738802,0
0,0.3945503,0
1,0.38280094,0
1,0.5758434,1
1,0.531376,1
0,0.3714484,0
1,0.44485927,0
0,0.3657284,0
0,0.48597404,0
0,0.46565598,0
1,0.36797202,0
1,0.6087563,1
1,0.5960092,1
0,0.3945503,0
0,0.6528068,1
1,0.5213932,1
1,0.5597312,1
0,0.3413291,0
1,0.3554124,0
1,0.7178459,1
1,0.62511104,1
0,0.703616,1
1,0.68253607,1
1,0.7008148,1
0,0.6012991,1
0,0.38031462,0
1,0.5228443,1
1,0.6506761,1
0,0.616572,1
0,0.4888031,0
0,0.36667562,0
0,0.49776414,0
0,0.6429761,1
0,0.52216655,1
1,0.5446659,1
0,0.42734048,0
1,0.6184497,1
0,0.365739,0
1,0.63023585,1
1,0.4885882,0
0,0.50324214,1
0,0.49807814,0
1,0.56866986,1
1,0.34786886,0
0,0.4293458,0
1,0.36474696,0
1,0.41227114,0
1,0.6464025,1
0,0.3751297,0
1,0.58726585,1
0,0.39857823,0
1,0.6738674,1
1,0.59530896,1
1,0.50712407,1
1,0.49029157,0
1,0.4664708,0
1,0.67266804,1
0,0.6418179,1
0,0.63273084,1
1,0.6653532,1
0,0.38849738,0
1,0.6838649,1
0,0.6136217,1
0,0.36586064,0
1,0.47905228,0
1,0.61335963,1
0,0.47416374,0
1,0.6422668,1
1,0.6578997,1
0,0.6066389,1
1,0.59987277,1
0,0.7464666,1
0,0.3700467,0
0,0.42216417,0
1,0.47147232,0
0,0.46614948,0
1,0.6722764,1
1,0.6766487,1
1,0.34580216,0
0,0.57520044,1
1,0.35907224,0
1,0.5208924,1
0,0.6017056,1
1,0.5027372,1
1,0.49169675,0
0,0.55897564,1
1,0.6707573,1
0,0.6299859,1
0,0.35893905,0
0,0.3571887,0
0,0.34271613,0
1,0.5027372,1
1,0.67431074,1
1,0.70200527,1
0,0.44485927,0
1,0.45724112,0
0,0.48346806,0
1,0.57883817,1
0,0.3700467,0
1,0.68395865,1
1,0.52488035,1
0,0.5670634,1
1,0.5375084,1
0,0.65672415,1
0,0.36593485,0
0,0.46017352,0
0,0.37138802,0
0,0.45986193,0
1,0.6397666,1
0,0.69437146,1
0,0.6437109,1
0,0.63607806,1
0,0.45495126,0
1,0.47416374,0
1,0.41288063,0
1,0.48593882,0
1,0.4664708,0
0,0.34956664,0
0,0.5560917,1
1,0.53178126,1
0,0.5732431,1
1,0.3945503,0
0,0.6577513,1
0,0.47149602,0
0,0.6151043,1
1,0.58593607,1
1,0.6211692,1
0,0.5135782,1
0,0.654904,1
0,0.36669534,0
1,0.49776414,0
0,0.6572784,1
0,0.7082415,1
0,0.69997764,1
1,0.5831667,1
0,0.70081085,1
1,0.58493173,1
0,0.64408195,1
1,0.5187643,1
1,0.6038939,1
1,0.40275922,0
1,0.6591238,1
1,0.5453082,1
0,0.45030764,0
1,0.58191216,1
0,0.54556143,1
1,0.51021975,1
0,0.36667562,0
1,0.6340701,1
0,0.64293146,1
1,0.49320847,0
0,0.39857823,0
0,0.67434156,1
1,0.51522315,1
0,0.44485927,0
0,0.6633932,1
1,0.67381847,1
0,0.46491653,0
1,0.6567577,1
0,0.43798473,0
0,0.5383717,1
1,0.6394826,1
0,0.45495126,0
1,0.5415556,1
0,0.38143936,0
0,0.6182552,1
1,0.69563454,1
0,0.5049152,1
1,0.6925868,1
1,0.63435847,1
1,0.6710553,1
0,0.49136034,0
0,0.49320847,0
0,0.5373527,1
0,0.4554439,0
1,0.4828516,0
0,0.69011176,1
0,0.36593485,0
0,0.5617013,1
1,0.560361,1
1,0.70383215,1
1,0.4990883,0
1,0.6242988,1
0,0.48308283,0
1,0.52349424,1
0,0.34786886,0
1,0.39446092,0
1,0.49205425,0
1,0.48928332,0
0,0.58902454,1
0,0.5120758,1
1,0.59006083,1
0,0.38280094,0
0,0.43304142,0
0,0.6463324,1
0,0.6950148,1
1,0.46915486,0
1,0.56879413,1
1,0.668208,1
0,0.67440534,1
0,0.4709168,0
0,0.6180478,1
1,0.38031462,0
0,0.44659537,0
0,0.5929044,1
0,0.56169236,1
0,0.34867966,0
0,0.50542647,1
1,0.6612586,1
0,0.36862102,0
1,0.60969216,1
1,0.4664708,0
0,0.4798397,0
0,0.6472192,1
0,0.40275922,0
0,0.6775224,1
0,0.46199614,0
0,0.6357068,1
0,0.4714483,0
0,0.3657284,0
1,0.4898978,0
0,0.49952468,0
0,0.5144431,1
0,0.6071558,1
1,0.62720734,1
0,0.6386135,1
0,0.6123288,1
0,0.36669534,0
0,0.49480516,0
1,0.56648177,1
0,0.5765091,1
0,0.5334287,1
1,0.3831558,0
0,0.42364183,0
1,0.5274494,1
1,0.66087717,1
0,0.5851805,1
1,0.39432934,0
0,0.544511,1
1,0.5112425,1
0,0.66963184,1
0,0.46017352,0
0,0.5455844,1
1,0.4508895,0
1,0.37363493,0
0,0.3662802,0
1,0.48556313,0
1,0.5927483,1
0,0.51952296,1
1,0.6510722,1
1,0.60332125,1
1,0.5842077,1
1,0.5765091,1
0,0.45567253,0
0,0.39043364,0
0,0.44655886,0
0,0.45569676,0
1,0.7037084,1
1,0.56238544,1
0,0.53491515,1
1,0.6565243,1
0,0.58804804,1
1,0.3969986,0
0,0.48778895,0
0,0.41689032,0
0,0.60338926,1
0,0.63836217,1
0,0.46853104,0
0,0.6690486,1
0,0.67886615,1
0,0.43307102,0
1,0.73493373,1
1,0.56460714,1
1,0.5357088,1
0,0.615846,1
1,0.6024173,1
0,0.5244918,1
0,0.66548496,1
1,0.46565598,0
0,0.49985775,0
0,0.6279924,1
0,0.51273185,1
0,0.37671122,0
0,0.6227339,1
1,0.48602778,0
0,0.51800466,1
0,0.49367225,0
0,0.6390106,1
1,0.51241964,1
1,0.61363745,1
0,0.69503576,1
1,0.4423455,0
0,0.39432934,0
0,0.46527192,0
0,0.41790396,0
0,0.66783863,1
1,0.664147,1
1,0.59887093,1
1,0.5094629,1
0,0.48298216,0
0,0.3945503,0
0,0.42229432,0
1,0.5148511,1
0,0.39870167,0
1,0.43738094,0
1,0.65571964,1
1,0.65965194,1
0,0.48694035,0
1,0.6922959,1
0,0.6260415,1
0,0.492616,0
1,0.61457515,1
1,0.5146862,1
1,0.4508895,0
1,0.6383937,1
0,0.6994496,1
1,0.54983765,1
1,0.37173903,0
1,0.5275663,1
1,0.6183063,1
1,0.64770675,1
0,0.4024005,0
1,0.5006642,1
0,0.6189604,1
1,0.47868302,0
0,0.63333094,1
1,0.6075441,1
1,0.60645086,1
0,0.57658046,1
0,0.470413,0
0,0.46612152,0
0,0.3831558,0
1,0.63865924,1
1,0.47744703,0
1,0.61660576,1
0,0.64345556,1
0,0.50980616,1
0,0.649819,1
0,0.47262207,0
0,0.4828516,0
0,0.47744703,0
0,0.45569676,0
1,0.4399861,0
0,0.6743773,1
1,0.44752428,0
1,0.65442836,1
1,0.55902916,1
0,0.5899485,1
0,0.3373026,0
1,0.45569676,0
0,0.6409572,1
1,0.60004914,1
1,0.5287849,1
1,0.45495126,0
1,0.6838908,1
0,0.5463602,1
1,0.45287064,0
0,0.55480826,1
0,0.63779473,1
1,0.59347105,1
0,0.55562335,1
1,0.43304142,0
0,0.61695147,1
0,0.62474424,1
1,0.5936504,1
1,0.7070682,1
1,0.6345024,1
1,0.42108223,0
1,0.4662612,0
0,0.4565622,0
1,0.457217,0
1,0.6588017,1
0,0.48928332,0
1,0.6700177,1
0,0.60580367,1
0,0.48565495,0
0,0.36667562,0
1,0.6301047,1
1,0.4054497,0
1,0.56319445,1
1,0.57669544,1
0,0.5168459,1
0,0.4562846,0
1,0.6931481,1
0,0.5520591,1
0,0.36093304,0
1,0.7039012,1
0,0.53453195,1
0,0.36880225,0
0,0.38031462,0
1,0.6636161,1
0,0.41652378,0
0,0.67722696,1
0,0.5851805,1
1,0.5874294,1
0,0.607135,1
1,0.6485878,1
1,0.6697794,1
1,0.6969631,1
1,0.51526624,1
1,0.53798974,1
0,0.41492513,0
1,0.5708001,1
0,0.37156615,0
0,0.4888031,0
1,0.6584447,1
1,0.73231775,1
0,0.42108223,0
0,0.53178126,1
0,0.66583157,1
1,0.42698044,0
0,0.50426936,1
1,0.6112483,1
0,0.4798397,0
0,0.45264134,0
0,0.5013735,1
0,0.36593485,0
0,0.48280582,0
1,0.502068,1
1,0.64472467,1
1,0.59124166,1
1,0.51689553,1
0,0.46166754,0
0,0.48948294,0
1,0.7091928,1
0,0.6105125,1
0,0.49453884,0
1,0.48830026,0
1,0.53716755,1
1,0.66750455,1
1,0.57133067,1
1,0.6396042,1
0,0.5937715,1
0,0.60048103,1
0,0.5974009,1
0,0.6465031,1
0,0.537427,1
1,0.55435985,1
1,0.5622584,1
1,0.57356745,1
1,0.5689024,1
1,0.60017246,1
0,0.3863383,0
0,0.48449525,0
1,0.4664708,0
0,0.5584969,1
0,0.6056724,1
0,0.57356745,1
1,0.5402562,1
0,0.41577646,0
0,0.457217,0
0,0.6284667,1
1,0.67362493,1
1,0.5738994,1
0,0.60429037,1
1,0.67551756,1
0,0.39636648,0
0,0.4803913,0
1,0.6993133,1
0,0.4756918,0
1,0.5198467,1
0,0.6038939,1
0,0.53360003,1
0,0.5517794,1
0,0.6715229,1
1,0.5204826,1
0,0.5519485,1
0,0.515203,1
0,0.51562613,1
0,0.47761035,0
0,0.5123735,1
1,0.55381805,1
1,0.58144224,1
1,0.5580878,1
0,0.3677956,0
0,0.43798473,0
1,0.42763266,0
0,0.4457555,0
0,0.49669608,0
1,0.36667562,0
0,0.34271613,0
1,0.6341577,1
0,0.40275922,0
0,0.60025835,1
1,0.668134,1
0,0.6859205,1
0,0.48757505,0
1,0.6624979,1
0,0.46721187,0
0,0.4752481,0
0,0.39971453,0
0,0.5231293,1
1,0.56275284,1
1,0.48757505,0
0,0.64523506,1
0,0.373136,0
0,0.5125572,1
1,0.5929044,1
1,0.46600053,0
0,0.49918,0
1,0.61844116,1
1,0.3554124,0
0,0.6000368,1
0,0.3739696,0
0,0.46565598,0
0,0.49132672,0
1,0.6462476,1
1,0.43357098,0
0,0.56319445,1
1,0.46781814,0
1,0.49589035,0
0,0.46565598,0
0,0.65422785,1
1,0.67729056,1
1,0.44655886,0
0,0.44655886,0
1,0.7717593,1
0,0.6396042,1
0,0.6567081,1
0,0.36862102,0
1,0.3657284,0
0,0.49912286,0
0,0.48175886,0
1,0.49713063,0
1,0.6185462,1
0,0.34066728,0
1,0.6225608,1
0,0.3890302,0
1,0.66123754,1
0,0.36608285,0
0,0.56169236,1
0,0.46017352,0
0,0.49695638,0
1,0.47469062,0
0,0.5608093,1
1,0.40701008,0
0,0.55032665,1
0,0.36926058,0
0,0.5971593,1
0,0.5903104,1
0,0.5942906,1
0,0.56931704,1
1,0.6436507,1
0,0.40701008,0
1,0.5488902,1
1,0.66724557,1
1,0.49533522,0
1,0.4532855,0
0,0.47880542,0
0,0.5911622,1
0,0.47086138,0
0,0.3443332,0
0,0.6578202,1
1,0.4249851,0
0,0.42763266,0
1,0.5859935,1
1,0.49221596,0
0,0.3571887,0
1,0.53039855,1
1,0.36900797,0
0,0.37575626,0
0,0.6381829,1
0,0.40906793,0
1,0.53798974,1
1,0.64469385,1
0,0.365739,0
1,0.40906793,0
0,0.46781814,0
0,0.4990883,0
1,0.58132607,1
0,0.5012822,1
1,0.6898597,1
0,0.41492513,0
1,0.61512774,1
0,0.59239674,1
1,0.668596,1
0,0.45495126,0
0,0.4496881,0
1,0.5884851,1
0,0.6855754,1
1,0.60143644,1
1,0.34956664,0
0,0.38031462,0
0,0.36669534,0
1,0.68294334,1
1,0.6710268,1
0,0.5013735,1
1,0.60613644,1
1,0.5477287,1
1,0.51045823,1
1,0.5726234,1
0,0.39256534,0
0,0.50933236,1
0,0.67360055,1
0,0.44655886,0
1,0.44655886,0
1,0.46017352,0
1,0.5763644,1
0,0.3739696,0
1,0.41600913,0
0,0.3671744,0
0,0.43642288,0
1,0.57929784,1
1,0.6560486,1
0,0.3831558,0
1,0.52903056,1
1,0.56359744,1
1,0.6785675,1
1,0.39467204,0
0,0.3571887,0
1,0.43798473,0
0,0.6587586,1
1,0.4915628,0
0,0.35065433,0
1,0.6066789,1
0,0.50791186,1
0,0.365739,0
1,0.6424905,1
1,0.66299844,1
0,0.47422722,0
1,0.5334287,1
0,0.627204,1
0,0.36586064,0
0,0.64770675,1
0,0.42892176,0
1,0.4892622,0
1,0.48346806,0
1,0.47761035,0
0,0.4533024,0
0,0.6093107,1
1,0.3671744,0
1,0.5625825,1
1,0.64896816,1
1,0.61458266,1
1,0.56181633,1
1,0.46781814,0
1,0.5757436,1
0,0.5372598,1
1,0.57354623,1
0,0.51045823,1
0,0.33868602,0
0,0.39432934,0
0,0.633745,1
1,0.33868602,0
1,0.63670474,1
0,0.45191467,0
0,0.3751297,0
1,0.65989244,1
1,0.54369575,1
1,0.5732074,1
0,0.515203,1
1,0.50121313,1
0,0.39254853,0
1,0.37404746,0
0,0.5952463,1
1,0.6339083,1
1,0.6326718,1
0,0.4714483,0
1,0.48147985,0
0,0.34956664,0
1,0.45587,0
0,0.41790396,0
1,0.38338086,0
0,0.5471069,1
0,0.73562855,1
0,0.67257196,1
0,0.4774199,0
1,0.65400577,1
0,0.37671122,0
1,0.6138893,1
0,0.3657284,0
0,0.5780024,1
1,0.5383717,1
1,0.53956306,1
1,0.45834514,0
0,0.4562846,0
0,0.3554124,0
0,0.42108223,0
1,0.6540125,1
0,0.38854006,0
0,0.55143946,1
1,0.7339753,1
1,0.67464024,1
0,0.46807072,0
1,0.56422853,1
0,0.5113278,1
0,0.64797133,1
1,0.5461396,1
1,0.6834915,1
0,0.47851864,0
0,0.61408573,1
1,0.48410207,0
0,0.5874816,1
0,0.34786886,0
0,0.4423455,0
0,0.64558464,1
0,0.4990883,0
0,0.3831558,0
0,0.3863383,0
1,0.70615005,1
1,0.62759304,1
0,0.6092247,1
0,0.4391144,0
1,0.50738364,1
0,0.40275922,0
1,0.4709175,0
1,0.52946746,1
1,0.51952296,1
1,0.47911003,0
1,0.41227114,0
0,0.45184192,0
0,0.64523506,1
0,0.3739696,0
1,0.4803913,0
1,0.35907224,0
1,0.57896614,1
1,0.5738994,1
0,0.48103645,0
0,0.65764004,1
0,0.48732635,0
1,0.70795953,1
0,0.5568103,1
0,0.534985,1
1,0.6853731,1
1,0.6767318,1
0,0.5936504,1
0,0.634421,1
0,0.3714484,0
1,0.59983015,1
0,0.48270503,0
0,0.614395,1
0,0.4856396,0
0,0.36600912,0
0,0.49038425,0
1,0.5581498,1
0,0.47485554,0
0,0.5582227,1
0,0.48323935,0
0,0.51557106,1
1,0.5572794,1
1,0.5027372,1
0,0.5927483,1
1,0.33799395,0
0,0.61131024,1
1,0.48031157,0
0,0.5953251,1
0,0.6374763,1
1,0.57520044,1
0,0.6217778,1
0,0.64470845,1
0,0.40275922,0
1,0.49175876,0
0,0.64789075,1
0,0.5575388,1
0,0.65977246,1
1,0.4828516,0
1,0.46789303,0
1,0.58527225,1
1,0.75155735,1
1,0.6332576,1
1,0.62402964,1
1,0.5370612,1
1,0.3921112,0
0,0.6283442,1
0,0.5166801,1
1,0.5987107,1
0,0.6063499,1
0,0.55125946,1
0,0.40906793,0
0,0.65152913,1
0,0.36797202,0
1,0.6990162,1
0,0.40906793,0
0,0.5390124,1
1,0.61949337,1
1,0.49367225,0
1,0.6739917,1
1,0.552834,1
1,0.5208924,1
0,0.5144431,1
0,0.59884185,1
0,0.46017352,0
1,0.50805455,1
1,0.5043451,1
0,0.40347847,0
1,0.3699177,0
0,0.41541484,0
1,0.47414353,0
0,0.38280094,0
1,0.34867966,0
0,0.38849738,0
1,0.3863706,0
0,0.4720038,0
0,0.45569676,0
1,0.4852609,0
1,0.52975345,1
0,0.46199614,0
0,0.42734048,0
1,0.48694035,0
0,0.5149983,1
0,0.6289221,1
0,0.43798473,0
0,0.6805577,1
1,0.49776414,0
0,0.59496164,1
0,0.67558885,1
1,0.3677956,0
1,0.48187128,0
1,0.6767781,1
1,0.6682124,1
1,0.70036465,1
1,0.51769704,1
1,0.67866933,1
1,0.49320847,0
1,0.48596415,0
0,0.5617877,1
1,0.514331,1
1,0.45412472,0
1,0.6974715,1
1,0.5732074,1
0,0.5199783,1
1,0.36600912,0
1,0.67700064,1
1,0.6042176,1
1,0.51775914,1
0,0.54782623,1
0,0.5845573,1
0,0.46593785,0
1,0.4855564,0
0,0.63917685,1
1,0.5748368,1
0,0.5704392,1
1,0.39060596,0
0,0.44485927,0
1,0.679351,1
1,0.46781814,0
1,0.6361635,1
0,0.5998411,1
0,0.40701008,0
0,0.48147985,0
0,0.4709168,0
1,0.51472527,1
1,0.34786886,0
1,0.53334844,1
0,0.57810056,1
1,0.57310724,1
1,0.5922328,1
0,0.5473811,1
0,0.47154137,0
0,0.45839298,0
1,0.5964104,1
0,0.5123735,1
0,0.70651656,1
0,0.34705603,0
0,0.49925274,0
0,0.49907526,0
1,0.6675893,1
0,0.43798473,0
0,0.365739,0
0,0.49326333,0
1,0.48205015,0
1,0.6383937,1
0,0.54901105,1
1,0.5809316,1
0,0.39254853,0
0,0.6952938,1
0,0.45569676,0
0,0.67438394,1
0,0.64580154,1
1,0.6768934,1
1,0.50542647,1
1,0.6635229,1
1,0.4694039,0
0,0.60567373,1
1,0.40347847,0
1,0.49912286,0
0,0.44485927,0
0,0.55430514,1
1,0.65348595,1
1,0.48280582,0
0,0.5231293,1
1,0.6936176,1
0,0.39432934,0
1,0.51442015,1
0,0.6641582,1
0,0.612267,1
0,0.41492513,0
1,0.51928675,1
0,0.50836796,1
1,0.49058965,0
0,0.6124837,1
0,0.40906793,0
0,0.39857823,0
0,0.54637545,1
1,0.67884886,1
1,0.51469946,1
0,0.33868602,0
1,0.49977812,0
1,0.49713063,0
1,0.43798473,0
1,0.6155397,1
0,0.6644122,1
0,0.5459615,1
0,0.43481055,0
0,0.3945503,0
1,0.6107674,1
0,0.3720639,0
0,0.4877228,0
0,0.36900797,0
0,0.4798397,0
0,0.49929687,0
0,0.55205303,1
0,0.45351523,0
1,0.53608537,1
0,0.6569157,1
1,0.52407205,1
1,0.6593702,1
0,0.63774866,1
0,0.5952463,1
1,0.658501,1
0,0.5003027,1
0,0.61245555,1
1,0.6696661,1
0,0.57765996,1
0,0.38031462,0
0,0.59491867,1
1,0.49136034,0
0,0.39019546,0
0,0.3945503,0
0,0.62465435,1
0,0.6948785,1
0,0.3890302,0
1,0.5560917,1
0,0.42364183,0
0,0.5275085,1
1,0.4687495,0
0,0.6333549,1
0,0.36615452,0
0,0.6748192,1
0,0.34580216,0
0,0.6244957,1
0,0.49854228,0
0,0.57695615,1
0,0.5760522,1
0,0.4798397,0
1,0.6233257,1
0,0.5776422,1
1,0.64206487,1
0,0.56419754,1
0,0.40908986,0
1,0.68647707,1
0,0.59553564,1
1,0.6725454,1
0,0.5149983,1
1,0.626088,1
0,0.4050715,0
0,0.54347444,1
0,0.6108035,1
1,0.5911532,1
1,0.63233256,1
1,0.5178668,1
0,0.36586064,0
0,0.36262247,0
0,0.3677956,0
0,0.53741777,1
1,0.6948351,1
0,0.36262247,0
1,0.6651652,1
0,0.5170473,1
0,0.47717115,0
0,0.51401937,1
0,0.3657284,0
1,0.49348643,0
1,0.50426936,1
0,0.6089317,1
0,0.44463965,0
0,0.58078915,1
1,0.3863706,0
1,0.66241074,1
1,0.65231997,1
1,0.48211378,0
1,0.59836864,1
0,0.49186477,0
0,0.7144674,1
0,0.43304142,0
0,0.64636743,1
1,0.37140986,0
0,0.5044051,1
1,0.68333364,1
0,0.46199614,0
0,0.5275085,1
0,0.52460605,1
0,0.45230854,0
0,0.6044847,1
0,0.3731709,0
1,0.56866986,1
1,0.6093107,1
0,0.48611948,0
0,0.5206046,1
1,0.50386775,1
0,0.51800466,1
0,0.5458742,1
1,0.6305738,1
1,0.5650119,1
1,0.3863706,0
1,0.4866003,0
0,0.52653694,1
0,0.64418936,1
0,0.38280094,0
0,0.65748996,1
0,0.44659537,0
0,0.5178668,1
1,0.7048168,1
0,0.43304142,0
0,0.36262247,0
0,0.35065433,0
1,0.46017352,0
0,0.41227114,0
0,0.4915971,0
0,0.49480516,0
0,0.5489533,1
1,0.45569676,0
0,0.5773704,1
1,0.50690365,1
0,0.5792207,1
0,0.39042294,0
0,0.49856007,0
0,0.34705603,0
1,0.46781814,0
0,0.54047096,1
0,0.44485927,0
1,0.6539537,1
0,0.52857155,1
0,0.50803816,1
1,0.6360704,1
1,0.40275922,0
0,0.7046397,1
1,0.54254365,1
0,0.66739494,1
0,0.6328977,1
1,0.64317364,1
0,0.5354167,1
0,0.5723636,1
1,0.5062245,1
1,0.59330434,1
0,0.5373902,1
0,0.47851864,0
0,0.4828516,0
0,0.47154137,0
1,0.6761146,1
0,0.50791186,1
0,0.5193918,1
1,0.64718765,1
1,0.5643613,1
0,0.4423455,0
0,0.49817604,0
0,0.5013735,1
0,0.38928473,0
1,0.50733674,1
1,0.63964695,1
0,0.5006642,1
0,0.42734048,0
0,0.43798473,0
1,0.65731025,1
1,0.5013735,1
0,0.34066728,0
0,0.3712075,0
0,0.3658504,0
1,0.48471716,0
0,0.61391824,1
1,0.6576619,1
0,0.55897564,1
0,0.43481055,0
0,0.4297287,0
1,0.44105756,0
0,0.50712407,1
1,0.4154653,0
0,0.39583215,0
1,0.6774974,1
1,0.4496881,0
1,0.6656663,1
0,0.38854006,0
1,0.61738944,1
0,0.37363493,0
0,0.47416374,0
1,0.3831558,0
1,0.4709175,0
0,0.4224775,0
1,0.5731549,1
1,0.47154137,0
0,0.39870167,0
0,0.6463324,1
0,0.37915778,0
0,0.51769704,1
1,0.66337824,1
1,0.66174716,1
0,0.53456956,1
0,0.6377697,1
0,0.39019546,0
0,0.56608427,1
1,0.43481055,0
0,0.57068783,1
1,0.5434918,1
1,0.59199667,1
1,0.65467405,1
1,0.5525994,1
0,0.6756336,1
1,0.5136308,1
0,0.6614274,1
1,0.62062496,1
1,0.34786886,0
1,0.39432934,0
1,0.3898304,0
0,0.35366687,0
1,0.49776414,0
0,0.5603523,1
0,0.39800432,0
0,0.6183673,1
1,0.7125326,1
0,0.5922328,1
1,0.6025499,1
0,0.48205015,0
0,0.3731709,0
0,0.52856916,1
0,0.386596,0
1,0.7031807,1
1,0.36262247,0
0,0.5013735,1
1,0.69534737,1
0,0.51928675,1
0,0.4804571,0
0,0.40701008,0
1,0.7314528,1
1,0.7056795,1
0,0.37173903,0
0,0.4732156,0
0,0.4557526,0
1,0.64521676,1
0,0.49367225,0
0,0.6349034,1
0,0.5123489,1
0,0.69374365,1
1,0.49533522,0
0,0.67253584,1
0,0.45753163,0
1,0.67099696,1
1,0.62556845,1
1,0.668442,1
0,0.47626913,0
1,0.39857823,0
1,0.5890187,1
1,0.40874478,0
1,0.5034542,1
1,0.6499869,1
0,0.39857823,0
0,0.3612563,0
0,0.36667562,0
1,0.63427174,1
0,0.5198207,1
1,0.47416374,0
0,0.6315766,1
1,0.66059583,1
0,0.56071377,1
1,0.67929184,1
0,0.527543,1
0,0.4659267,0
1,0.3464295,0
0,0.38870773,0
0,0.39751285,0
1,0.6335385,1
0,0.500746,1
0,0.47711933,0
1,0.60423,1
1,0.6737294,1
1,0.41583508,0
0,0.38857204,0
1,0.5592493,1
0,0.45371354,0
0,0.36667562,0
1,0.48304373,0
1,0.3913471,0
0,0.4664708,0
0,0.48799485,0
1,0.63445914,1
0,0.5801661,1
0,0.4224775,0
0,0.3443332,0
0,0.36731386,0
0,0.3731709,0
1,0.3731709,0
1,0.36900797,0
0,0.34956664,0
1,0.6586091,1
0,0.3921117,0
1,0.62443954,1
1,0.67489815,1
0,0.44485927,0
1,0.49696615,0
1,0.43481055,0
0,0.6601422,1
0,0.54557544,1
1,0.6087563,1
1,0.5159312,1
0,0.46166754,0
0,0.46615374,0
1,0.68124187,1
1,0.674036,1
0,0.36093304,0
0,0.6612586,1
0,0.48563886,0
0,0.48694035,0
0,0.60154885,1
0,0.5809814,1
0,0.420912,0
1,0.527543,1
0,0.6129791,1
1,0.48329058,0
0,0.36474696,0
0,0.6057553,1
1,0.5049152,1
0,0.42216417,0
0,0.47951323,0
1,0.6578997,1
0,0.49776414,0
0,0.5041396,1
0,0.40701008,0
0,0.671255,1
1,0.4423455,0
0,0.60448706,1
1,0.36667562,0
0,0.39042294,0
0,0.5505639,1
1,0.6667746,1
1,0.646333,1
0,0.3913471,0
1,0.5916121,1
1,0.71968514,1
1,0.6980483,1
0,0.70250446,1
1,0.6179849,1
0,0.6247589,1
0,0.48469985,0
1,0.53769946,1
1,0.67913026,1
0,0.61743027,1
0,0.44463965,0
1,0.5382247,1
0,0.58440816,1
1,0.63057446,1
1,0.5924551,1
0,0.67221135,1
0,0.45030764,0
1,0.5796729,1
0,0.57205254,1
0,0.55603725,1
0,0.47147232,0
1,0.47098434,0
1,0.6161948,1
0,0.5323106,1
0,0.57310724,1
0,0.47883987,0
0,0.43481055,0
0,0.59233075,1
1,0.67819667,1
0,0.49440634,0
1,0.45567253,0
1,0.65428543,1
0,0.36667562,0
0,0.6492597,1
0,0.58493173,1
1,0.48469985,0
1,0.6585664,1
1,0.5810371,1
1,0.42088464,0
1,0.69165254,1
0,0.3662802,0
0,0.37140986,0
1,0.36900797,0
1,0.6531064,1
0,0.63609564,1
1,0.5062336,1
1,0.64745677,1
0,0.44558635,0
1,0.6627493,1
0,0.6779499,1
0,0.54114264,1
0,0.6828703,1
1,0.6526662,1
0,0.52460605,1
0,0.46527192,0
0,0.41211995,0
1,0.67394644,1
1,0.5520435,1
0,0.45690334,0
0,0.3645331,0
1,0.48757505,0
1,0.66317827,1
1,0.49453884,0
0,0.39432934,0
0,0.5189437,1
0,0.73179615,1
1,0.36669534,0
1,0.68498194,1
0,0.6914998,1
1,0.5145083,1
1,0.42108223,0
0,0.65422785,1
1,0.60789263,1
1,0.6836415,1
1,0.6492597,1
0,0.61844116,1
1,0.6257942,1
1,0.6836077,1
0,0.5062679,1
0,0.4856396,0
0,0.5363977,1
1,0.66294765,1
0,0.4756232,0
0,0.48757505,0
0,0.43481055,0
0,0.46781814,0
0,0.66300476,1
1,0.66123325,1
1,0.6479898,1
0,0.59325796,1
0,0.6056724,1
1,0.47761035,0
1,0.60775,1
0,0.6982395,1
1,0.67093587,1
0,0.599848,1
1,0.48200408,0
1,0.47717115,0
1,0.5591229,1
0,0.52856916,1
1,0.61233824,1
1,0.421538,0
0,0.4940146,0
1,0.49942037,0
0,0.5132979,1
1,0.46565598,0
1,0.57701564,1
0,0.42734048,0
1,0.60025835,1
1,0.7057849,1
1,0.3863383,0
1,0.6819355,1
0,0.34512386,0
1,0.66212004,1
0,0.37671122,0
1,0.49553952,0
0,0.5323953,1
1,0.5051086,1
0,0.6828547,1
0,0.5059764,1
1,0.6963838,1
1,0.6870653,1
1,0.37965363,0
0,0.45268294,0
0,0.57205254,1
0,0.49132672,0
1,0.58347183,1
0,0.47238314,0
1,0.6225608,1
0,0.37243995,0
0,0.6216575,1
0,0.43932247,0
1,0.5802674,1
0,0.6260415,1
0,0.56866777,1
1,0.6485878,1
1,0.7037632,1
1,0.6023567,1
0,0.52946746,1
0,0.3839776,0
0,0.4890898,0
1,0.47738802,0
0,0.5198467,1
1,0.6400832,1
1,0.6722158,1
0,0.610639,1
1,0.5003027,1
1,0.43304142,0
1,0.36731386,0
0,0.627055,1
0,0.43304142,0
0,0.65977246,1
1,0.52975345,1
0,0.48469985,0
1,0.6666905,1
1,0.55920225,1
0,0.5449593,1
0,0.48976657,0
0,0.4798397,0
0,0.6119343,1
0,0.57520044,1
0,0.50847054,1
1,0.5747153,1
0,0.46579167,0
1,0.56498784,1
1,0.5878048,1
1,0.66861796,1
0,0.67578113,1
1,0.6091402,1
1,0.5728963,1
1,0.39432934,0
1,0.4557526,0
0,0.60120386,1
0,0.47117957,0
0,0.69832987,1
0,0.5649453,1
1,0.56485564,1
0,0.69063157,1
0,0.68386036,1
0,0.52163166,1
1,0.68361396,1
0,0.36667562,0
0,0.36093304,0
1,0.60538244,1
0,0.49110353,0
0,0.4521946,0
1,0.6731529,1
0,0.3419969,0
1,0.39042294,0
0,0.39432934,0
1,0.4774199,0
1,0.4508895,0
0,0.53603375,1
1,0.6775957,1
0,0.5944185,1
0,0.67578113,1
0,0.55438364,1
0,0.46580172,0
0,0.47717115,0
1,0.36593485,0
0,0.3657967,0
1,0.5714828,1
0,0.6148327,1
0,0.42734048,0
1,0.6843707,1
0,0.3945056,0
0,0.481742,0
0,0.460605,0
1,0.48469985,0
1,0.5363681,1
0,0.46781814,0
0,0.41833496,0
1,0.47147232,0
1,0.678468,1
1,0.5611648,1
1,0.4423455,0
0,0.515429,1
1,0.4861418,0
0,0.37671122,0
0,0.6644122,1
0,0.43798473,0
1,0.6797678,1
0,0.49722815,0
0,0.5067224,1
1,0.36669534,0
1,0.5469587,1
0,0.37140986,0
0,0.47277385,0
1,0.44655886,0
0,0.44441596,0
1,0.48469985,0
0,0.47396842,0
0,0.3739696,0
1,0.3890302,0
0,0.5828536,1
0,0.37240756,0
1,0.60911554,1
1,0.61575234,1
0,0.4508895,0
0,0.35366687,0
1,0.67557037,1
1,0.41652378,0
0,0.49645722,0
0,0.47580975,0
0,0.3700467,0
0,0.4787821,0
0,0.63576734,1
1,0.6978808,1
0,0.42698044,0
1,0.5572794,1
0,0.58692527,1
0,0.537427,1
1,0.6193372,1
1,0.6844865,1
1,0.66739494,1
0,0.70200056,1
0,0.36862102,0
0,0.521526,1
0,0.3645331,0
0,0.3657284,0
0,0.40275922,0
0,0.52583754,1
1,0.34867966,0
1,0.497555,0
1,0.48230144,0
1,0.49038425,0
1,0.5650447,1
0,0.7008027,1
0,0.68447804,1
1,0.6774789,1
1,0.67344755,1
1,0.44485927,0
0,0.6655219,1
1,0.50213,1
0,0.51488894,1
1,0.55205303,1
0,0.3863706,0
1,0.46728143,0
1,0.56153554,1
1,0.54782623,1
1,0.3657967,0
1,0.69902664,1
1,0.4924797,0
0,0.41256654,0
0,0.41666615,0
0,0.38854006,0
1,0.61067516,1
0,0.5446659,1
1,0.44485927,0
0,0.552834,1
1,0.5239261,1
1,0.39857823,0
1,0.6566608,1
1,0.651665,1
1,0.41790396,0
0,0.49902642,0
0,0.59884185,1
0,0.51928675,1
0,0.36093304,0
0,0.3662802,0
1,0.6554304,1
0,0.6180159,1
0,0.59756154,1
0,0.36593485,0
0,0.52946746,1
1,0.3945503,0
0,0.5453082,1
1,0.5726271,1
1,0.49956936,0
0,0.46728143,0
0,0.49854523,0
0,0.49132672,0
0,0.41227114,0
1,0.50864357,1
0,0.51045823,1
1,0.6414786,1
1,0.7989595,1
0,0.542943,1
0,0.3863383,0
1,0.36667562,0
0,0.45495126,0
1,0.5144799,1
1,0.56319445,1
0,0.6590333,1
1,0.55439085,1
0,0.50847054,1
0,0.50933236,1
1,0.4714218,0
0,0.5347282,1
0,0.4874734,0
1,0.48778895,0
0,0.6988429,1
0,0.48928332,0
0,0.49840447,0
1,0.60621244,1
1,0.62317544,1
1,0.49929687,0
0,0.3751297,0
1,0.69898134,1
1,0.68658096,1
0,0.45495126,0
1,0.5648925,1
0,0.53741777,1
0,0.5025607,1
1,0.7018038,1
0,0.37140986,0
1,0.5222894,1
0,0.5429505,1
1,0.4399861,0
1,0.36880225,0
0,0.60911554,1
0,0.45495126,0
0,0.3945503,0
0,0.5710448,1
0,0.39636648,0
0,0.6232402,1
0,0.40874478,0
0,0.47262207,0
0,0.40874478,0
0,0.36586064,0
0,0.65931267,1
0,0.5658984,1
0,0.5013735,1
1,0.579619,1
0,0.49252957,0
0,0.37166247,0
0,0.41525438,0
1,0.68517333,1
0,0.41227114,0
1,0.46789303,0
1,0.4399861,0
0,0.47905228,0
0,0.61867374,1
1,0.46781814,0
1,0.5704077,1
1,0.56319445,1
0,0.49328133,0
0,0.678859,1
0,0.63042176,1
1,0.42763266,0
0,0.62227905,1
1,0.43798473,0
1,0.34271613,0
1,0.48599207,0
0,0.575538,1
0,0.6331852,1
1,0.6398815,1
0,0.6627796,1
0,0.39042294,0
0,0.65422785,1
1,0.57257015,1
0,0.4293458,0
0,0.5207486,1
0,0.49776414,0
0,0.45567253,0
1,0.46789303,0
0,0.470413,0
1,0.6167804,1
0,0.5083029,1
0,0.60286903,1
0,0.3662802,0
1,0.43798473,0
1,0.40347847,0
0,0.5035303,1
0,0.55205303,1
1,0.6738912,1
1,0.6191826,1
1,0.5622584,1
0,0.39857823,0
1,0.58681554,1
1,0.616638,1
0,0.4224775,0
0,0.7155914,1
0,0.3863706,0
1,0.674673,1
0,0.3700467,0
1,0.68113595,1
0,0.40347847,0
0,0.696995,1
0,0.5500913,1
1,0.5851805,1
0,0.5647082,1
0,0.6768563,1
0,0.5269792,1
1,0.6329475,1
0,0.5186532,1
1,0.6646987,1
1,0.50619125,1
1,0.5965929,1
0,0.39432934,0
0,0.45745715,0
1,0.4024005,0
0,0.4815095,0
1,0.65931267,1
1,0.42468137,0
0,0.40275922,0
1,0.46353236,0
0,0.48928332,0
1,0.68994766,1
1,0.7101667,1
0,0.3519169,0
0,0.46781814,0
0,0.6696065,1
1,0.4856939,0
0,0.42108223,0
1,0.69392866,1
0,0.39971453,0
1,0.627102,1
0,0.41689032,0
1,0.4664708,0
0,0.4828516,0
1,0.365739,0
0,0.47951323,0
0,0.5379197,1
1,0.5597321,1
1,0.3741316,0
0,0.48596415,0
0,0.3746285,0
0,0.48599207,0
1,0.6554119,1
1,0.7001487,1
1,0.5630366,1
1,0.7892666,1
1,0.67913306,1
1,0.5851805,1
0,0.65854067,1
1,0.39060596,0
0,0.5822405,1
0,0.45495224,0
0,0.6700929,1
0,0.3645331,0
1,0.6336973,1
0,0.47195747,0
0,0.5711165,1
1,0.5135782,1
1,0.5691412,1
1,0.6759614,1
1,0.6038939,1
0,0.3667221,0
0,0.48524305,0
1,0.6866805,1
0,0.6055925,1
1,0.3921117,0
1,0.5753825,1
0,0.44296354,0
1,0.6288141,1
1,0.39857823,0
0,0.43932247,0
1,0.4591461,0
0,0.37173903,0
1,0.6733545,1
0,0.3519169,0
1,0.40701008,0
0,0.41583508,0
1,0.6465498,1
0,0.51084006,1
1,0.41227114,0
0,0.50696754,1
0,0.4732156,0
1,0.5389821,1
0,0.34867966,0
0,0.42763266,0
0,0.6130725,1
0,0.5322385,1
0,0.3667221,0
0,0.6318735,1
0,0.6005719,1
0,0.4562846,0
0,0.48928332,0
0,0.53334993,1
1,0.5672799,1
1,0.6119942,1
0,0.37363493,0
1,0.41600913,0
1,0.5704103,1
0,0.575496,1
1,0.51557106,1
1,0.622001,1
1,0.48809844,0
1,0.43304142,0
1,0.42698044,0
0,0.51084006,1
0,0.53608537,1
0,0.45805937,0
0,0.46166754,0
0,0.55440575,1
1,0.5809803,1
0,0.4545083,0
0,0.3863706,0
0,0.39432934,0
0,0.53779614,1
0,0.48469985,0
1,0.6820891,1
1,0.5166801,1
0,0.46977055,0
1,0.5206046,1
1,0.3667221,0
0,0.3839776,0
1,0.4798397,0
0,0.51489455,1
1,0.50411445,1
1,0.65318274,1
0,0.39857823,0
1,0.6588842,1
1,0.49221596,0
0,0.5826628,1
1,0.5903687,1
1,0.4423455,0
0,0.6242148,1
0,0.66679406,1
1,0.6294433,1
0,0.52609396,1
0,0.475311,0
1,0.4798397,0
1,0.39857823,0
0,0.51552314,1
0,0.39432934,0
1,0.68920815,1
0,0.38870773,0
1,0.6898123,1
0,0.53157413,1
1,0.51104516,1
0,0.63676447,1
0,0.45569676,0
0,0.4993936,0
1,0.65139157,1
0,0.47147232,0
0,0.3662802,0
1,0.71713895,1
0,0.41492513,0
0,0.5046731,1
0,0.39523447,0
1,0.70387876,1
0,0.52041334,1
1,0.37671122,0
0,0.6648673,1
0,0.4833988,0
1,0.5231994,1
0,0.48469985,0
1,0.58215225,1
0,0.4730619,0
1,0.46331474,0
0,0.34512386,0
0,0.5931349,1
1,0.68414545,1
1,0.58833116,1
0,0.68789977,1
0,0.56238544,1
0,0.54901296,1
1,0.63016635,1
1,0.4664708,0
1,0.39500874,0
0,0.4562846,0
0,0.6666428,1
0,0.56336206,1
0,0.63427174,1
1,0.51489455,1
0,0.593196,1
0,0.7050247,1
1,0.48804912,0
1,0.5586666,1
1,0.56401134,1
1,0.45850563,0
0,0.40906793,0
0,0.68876433,1
0,0.40874478,0
0,0.57451224,1
1,0.6748706,1
0,0.54021627,1
0,0.47744703,0
0,0.34956664,0
0,0.77357453,1
0,0.3739696,0
1,0.57440835,1
1,0.46781814,0
0,0.5200107,1
1,0.6835456,1
0,0.58209383,1
0,0.71098894,1
1,0.6301471,1
0,0.46017352,0
0,0.40347847,0
0,0.5570412,1
1,0.48517495,0
0,0.5453082,1
0,0.67494804,1
1,0.6945173,1
0,0.45135155,0
0,0.53769946,1
0,0.4924797,0
0,0.37764075,0
1,0.6245443,1
1,0.54021627,1
1,0.4533024,0
0,0.4714218,0
0,0.43798473,0
0,0.35065433,0
0,0.48685816,0
0,0.4868919,0
1,0.6718736,1
1,0.4833988,0
1,0.5731549,1
0,0.36262247,0
0,0.36093304,0
1,0.4496881,0
0,0.34786886,0
0,0.66544324,1
1,0.6708336,1
0,0.6055385,1
0,0.56169236,1
1,0.4508895,0
0,0.5974479,1
0,0.46728143,0
1,0.59293854,1
1,0.6163112,1
1,0.5982074,1
0,0.5919526,1
0,0.52800995,1
1,0.6736017,1
1,0.6761991,1
1,0.537427,1
0,0.39870167,0
1,0.65571964,1
0,0.6180867,1
0,0.45495224,0
0,0.3443332,0
1,0.482114,0
1,0.49650425,0
1,0.5410926,1
1,0.6798495,1
0,0.40874478,0
1,0.5041396,1
1,0.658744,1
0,0.53441787,1
1,0.5693295,1
1,0.5132979,1
1,0.59846413,1
0,0.3662802,0
0,0.5347282,1
0,0.63650525,1
0,0.52325004,1
0,0.40906793,0
1,0.5755967,1
1,0.67335826,1
1,0.36731386,0
0,0.60040957,1
0,0.545215,1
1,0.5731549,1
0,0.66829354,1
0,0.40393683,0
0,0.4809245,0
1,0.6802817,1
0,0.50690365,1
0,0.42524177,0
0,0.6755323,1
1,0.5453794,1
1,0.6286244,1
0,0.36669534,0
1,0.53969693,1
0,0.48175886,0
1,0.64002854,1
0,0.34786886,0
0,0.6485723,1
1,0.6660447,1
1,0.6522486,1
1,0.69847244,1
1,0.36608285,0
1,0.36797202,0
0,0.50791186,1
0,0.6458294,1
0,0.34705603,0
1,0.48187128,0
1,0.44485927,0
0,0.49391717,0
0,0.49776414,0
0,0.7050261,1
0,0.6106072,1
1,0.63238496,1
1,0.4856939,0
0,0.4297287,0
0,0.5927958,1
1,0.4774199,0
0,0.46799216,0
0,0.5883434,1
1,0.5720751,1
0,0.45567253,0
1,0.41507813,0
0,0.49262393,0
1,0.5987107,1
0,0.6153545,1
1,0.46781814,0
0,0.52483714,1
1,0.39751285,0
0,0.43304142,0
1,0.53120106,1
0,0.48103645,0
0,0.39857823,0
0,0.3662802,0
0,0.7014859,1
0,0.4664708,0
1,0.5915759,1
0,0.38280094,0
1,0.49408355,0
0,0.544511,1
0,0.59591347,1
1,0.56401134,1
0,0.42734048,0
1,0.52487385,1
1,0.66688496,1
0,0.6667469,1
0,0.41689032,0
1,0.5389821,1
1,0.66411424,1
1,0.7150902,1
0,0.41790396,0
1,0.6481507,1
1,0.57771826,1
1,0.46915486,0
1,0.61672664,1
1,0.64532065,1
0,0.67728937,1
1,0.6171203,1
0,0.38280094,0
1,0.6849907,1
0,0.43307102,0
0,0.4578243,0
0,0.63644004,1
1,0.4800298,0
0,0.3554124,0
0,0.61523575,1
0,0.39857823,0
0,0.681771,1
0,0.4890898,0
0,0.44655886,0
0,0.61075664,1
1,0.70752984,1
1,0.53387165,1
1,0.59491867,1
0,0.43357098,0
0,0.3751297,0
0,0.6500317,1
1,0.5278367,1
0,0.6858164,1
1,0.65597814,1
0,0.550063,1
1,0.72176826,1
0,0.65818715,1
1,0.4664708,0
0,0.45569676,0
0,0.53879017,1
1,0.48373386,0
1,0.4533024,0
0,0.6810527,1
0,0.33868602,0
1,0.43304142,0
0,0.5731643,1
0,0.5323106,1
0,0.5787266,1
0,0.3554124,0
1,0.3739696,0
1,0.6322458,1
0,0.43304142,0
0,0.6369437,1
1,0.6102773,1
0,0.5526873,1
0,0.44485927,0
1,0.49918,0
0,0.6087563,1
0,0.39432934,0
0,0.55823964,1
1,0.3677956,0
1,0.47485554,0
1,0.53491515,1
1,0.67024934,1
0,0.46565598,0
1,0.41577646,0
0,0.5620856,1
0,0.5152315,1
1,0.67180765,1
1,0.47147232,0
0,0.5942353,1
1,0.52903056,1
0,0.5253676,1
1,0.54557544,1
0,0.40347847,0
1,0.6925446,1
1,0.3863706,0
1,0.55480826,1
1,0.5579335,1
1,0.5341879,1
0,0.3839776,0
0,0.5013735,1
1,0.701461,1
0,0.547565,1
0,0.44463965,0
0,0.44163656,0
1,0.610639,1
1,0.6141163,1
1,0.37058738,0
0,0.6269622,1
1,0.5744272,1
0,0.6189599,1
1,0.46166754,0
0,0.5517728,1
1,0.47580975,0
0,0.5206046,1
1,0.64028263,1
0,0.55637115,1
1,0.62179357,1
0,0.39870167,0
0,0.6755489,1
1,0.6044326,1
0,0.5254989,1
1,0.63295734,1
1,0.57257015,1
0,0.5166801,1
1,0.637549,1
1,0.5003027,1
0,0.70005643,1
1,0.5256068,1
1,0.65795,1
0,0.36615452,0
1,0.62074083,1
1,0.62956613,1
0,0.49645722,0
0,0.4520819,0
1,0.67389053,1
0,0.46017352,0
1,0.6505653,1
1,0.6017458,1
0,0.64288944,1
1,0.39857823,0
1,0.63727397,1
1,0.48031157,0
1,0.51489455,1
1,0.39857823,0
0,0.3831558,0
1,0.6746682,1
1,0.48187128,0
0,0.5734459,1
0,0.46332404,0
0,0.67043954,1
0,0.49840447,0
1,0.46789303,0
1,0.5366691,1
1,0.48694035,0
1,0.5296258,1
1,0.5013735,1
0,0.47905228,0
0,0.6751641,1
0,0.6702806,1
1,0.6151769,1
0,0.3571887,0
0,0.47717115,0
1,0.600167,1
1,0.68037266,1
0,0.5872038,1
0,0.67100513,1
0,0.40906793,0
0,0.50691503,1
1,0.46781814,0
1,0.5788087,1
0,0.66059583,1
0,0.56422323,1
0,0.4928005,0
0,0.5822405,1
1,0.4890898,0
0,0.3700467,0
1,0.5368009,1
0,0.40347847,0
0,0.61939967,1
0,0.4565622,0
0,0.58248776,1
1,0.5472947,1
0,0.3657967,0
0,0.5103922,1
1,0.51393706,1
1,0.5687797,1
1,0.49205425,0
0,0.35907224,0
0,0.49922925,0
1,0.5969051,1
0,0.34786886,0
1,0.6533464,1
1,0.4798397,0
0,0.41577646,0
0,0.5779844,1
1,0.49998713,0
0,0.45622468,0
0,0.48304373,0
1,0.6299859,1
1,0.38857204,0
0,0.39870167,0
1,0.69296926,1
0,0.37671122,0
0,0.48103645,0
1,0.54814,1
0,0.51003706,1
0,0.6470942,1
0,0.66614944,1
1,0.48313776,0
0,0.35893905,0
0,0.6502148,1
0,0.5065706,1
0,0.56456023,1
0,0.39467204,0
1,0.6145885,1
0,0.38031462,0
1,0.54637545,1
0,0.4548844,0
0,0.67823136,1
0,0.5402562,1
0,0.5586666,1
0,0.4496881,0
1,0.52163166,1
1,0.6573074,1
0,0.6502455,1
0,0.5334044,1
1,0.49867398,0
0,0.3657284,0
1,0.6107674,1
0,0.6061698,1
1,0.607135,1
0,0.58597255,1
1,0.50864357,1
1,0.48280582,0
1,0.6723757,1
1,0.67098904,1
1,0.67509896,1
1,0.48298216,0
1,0.5649162,1
1,0.49696615,0
0,0.4757628,0
0,0.6003054,1
1,0.7050074,1
0,0.44655886,0
1,0.62941587,1
0,0.47422722,0
0,0.49252957,0
1,0.700733,1
0,0.49205425,0
1,0.60573804,1
1,0.36572608,0
0,0.46915486,0
0,0.67156386,1
1,0.6175682,1
0,0.53480434,1
1,0.5275663,1
0,0.35907224,0
1,0.4520819,0
0,0.52903056,1
0,0.35907224,0
0,0.44105756,0
1,0.4890898,0
0,0.6723573,1
1,0.52800995,1
1,0.70096064,1
1,0.44463965,0
0,0.36608285,0
0,0.41288063,0
0,0.46199614,0
0,0.4709175,0
0,0.60025835,1
1,0.46353236,0
0,0.47416374,0
1,0.36900797,0
0,0.65913725,1
0,0.36093304,0
0,0.6509778,1
1,0.6176336,1
0,0.39432934,0
1,0.47880542,0
0,0.6082804,1
0,0.6233257,1
1,0.51800466,1
1,0.41943908,0
1,0.3863706,0
0,0.42108223,0
0,0.37965363,0
1,0.5903687,1
0,0.37140986,0
1,0.60969216,1
0,0.6594916,1
1,0.40275922,0
1,0.64302874,1
0,0.47717115,0
1,0.69822896,1
0,0.65394443,1
0,0.660533,1
0,0.5877276,1
0,0.46781814,0
1,0.40701008,0
0,0.5977858,1
0,0.36667562,0
0,0.48076418,0
1,0.47717115,0
1,0.537427,1
0,0.3464295,0
0,0.48830026,0
1,0.6738452,1
1,0.47761035,0
1,0.46580172,0
0,0.5076225,1
0,0.6739107,1
1,0.7004177,1
0,0.48616952,0
0,0.37671122,0
1,0.61738944,1
0,0.6281024,1
1,0.6278594,1
0,0.52946746,1
0,0.5731549,1
1,0.41256654,0
1,0.48416287,0
0,0.47880542,0
1,0.68936443,1
1,0.72933924,1
0,0.48804912,0
0,0.5598328,1
1,0.662489,1
1,0.57195276,1
0,0.40275922,0
1,0.6644772,1
0,0.38280094,0
0,0.34786886,0
1,0.646333,1
1,0.69689983,1
1,0.7033692,1
1,0.6080791,1
1,0.5846017,1
0,0.39432934,0
1,0.51021975,1
0,0.36797202,0
1,0.6661354,1
1,0.47995284,0
0,0.67772615,1
1,0.70073277,1
1,0.45862278,0
0,0.67693025,1
0,0.52903056,1
1,0.58209383,1
1,0.48469985,0
0,0.59235966,1
1,0.49776414,0
0,0.6076841,1
0,0.36880225,0
0,0.46809214,0
0,0.69039005,1
1,0.55862725,1
1,0.5911532,1
0,0.6252311,1
0,0.48732635,0
0,0.43798473,0
0,0.58058614,1
1,0.6943842,1
0,0.47409797,0
0,0.52033454,1
1,0.3657284,0
0,0.5148511,1
1,0.620003,1
0,0.5732074,1
1,0.5760357,1
0,0.4810126,0
1,0.5969051,1
1,0.47416374,0
0,0.4664708,0
1,0.55941886,1
0,0.42283326,0
0,0.6416116,1
0,0.36880225,0
1,0.63273084,1
0,0.52033454,1
0,0.5184038,1
1,0.5974009,1
1,0.583898,1
1,0.6537479,1
1,0.4586343,0
0,0.47422722,0
0,0.4054497,0
0,0.48211378,0
1,0.65854067,1
1,0.59882957,1
0,0.36586064,0
1,0.7061635,1
1,0.49553952,0
1,0.68833447,1
1,0.42734048,0
1,0.41790396,0
0,0.68277454,1
1,0.6361635,1
1,0.36205903,0
0,0.47951323,0
0,0.3677956,0
1,0.42698044,0
1,0.56806356,1
1,0.56278354,1
1,0.44655886,0
1,0.36608285,0
0,0.4714483,0
1,0.6692832,1
0,0.4798397,0
0,0.37965363,0
0,0.6550337,1
1,0.63670474,1
0,0.5095797,1
1,0.43304142,0
0,0.45567253,0
0,0.58833116,1
1,0.5438024,1
0,0.6953079,1
0,0.47262207,0
1,0.57356745,1
0,0.418053,0
1,0.45569676,0
0,0.46017352,0
0,0.67422754,1
0,0.46781814,0
1,0.49221596,0
1,0.53489804,1
0,0.4852609,0
0,0.4856396,0
0,0.50213,1
1,0.47422722,0
0,0.6537132,1
1,0.58766615,1
1,0.5954095,1
0,0.47744703,0
1,0.5937715,1
1,0.5960092,1
1,0.55143946,1
0,0.45495126,0
1,0.54045767,1
1,0.54453605,1
1,0.7625921,1
1,0.6703128,1
0,0.6737651,1
1,0.5489533,1
1,0.61853766,1
1,0.4564592,0
1,0.68238187,1
0,0.45644408,0
0,0.57313365,1
0,0.6158993,1
0,0.36667562,0
0,0.67651314,1
1,0.51439875,1
0,0.389055,0
0,0.5351244,1
0,0.4054497,0
1,0.41288063,0
0,0.4874734,0
0,0.6050964,1
1,0.5033258,1
1,0.712176,1
1,0.4154024,0
1,0.53026354,1
0,0.58593607,1
1,0.7054797,1
0,0.50584847,1
0,0.47626913,0
1,0.60462165,1
1,0.42364183,0
0,0.50712407,1
0,0.61393243,1
0,0.36593485,0
1,0.60567075,1
1,0.56504464,1
0,0.5296258,1
1,0.47416374,0
1,0.6935144,1
0,0.3687349,0
1,0.5033258,1
1,0.6690156,1
1,0.656656,1
1,0.4798397,0
0,0.4787487,0
1,0.7066622,1
0,0.45455307,0
1,0.48416287,0
1,0.550063,1
0,0.33868602,0
0,0.46565598,0
0,0.3700467,0
1,0.60749066,1
1,0.61971205,1
1,0.61503875,1
0,0.50712365,1
0,0.53741777,1
0,0.34066728,0
0,0.5660099,1
1,0.53763926,1
1,0.53480434,1
1,0.6949093,1
0,0.5587231,1
0,0.4457555,0
0,0.5874816,1
0,0.52903056,1
1,0.6562394,1
1,0.65328366,1
1,0.6911391,1
0,0.3657967,0
0,0.7030481,1
0,0.43798473,0
1,0.418053,0
1,0.5217025,1
0,0.5158026,1
0,0.4496881,0
1,0.6479557,1
1,0.49320847,0
1,0.62851554,1
1,0.51112896,1
1,0.4993703,0
1,0.5718448,1
1,0.45185,0
1,0.37940598,0
0,0.5920888,1
0,0.6385598,1
0,0.694884,1
1,0.45741346,0
1,0.5414643,1
1,0.45030764,0
1,0.4866003,0
0,0.6623543,1
1,0.4654246,0
1,0.59372884,1
0,0.36608285,0
1,0.60534954,1
1,0.5103922,1
0,0.6066789,1
0,0.46565598,0
0,0.63730055,1
0,0.49162838,0
1,0.56207925,1
0,0.47626913,0
1,0.6574245,1
1,0.35662016,0
1,0.47995284,0
0,0.5933825,1
0,0.46781814,0
1,0.49440634,0
0,0.49186477,0
0,0.5434918,1
1,0.514331,1
0,0.5143522,1
0,0.4787821,0
0,0.42108223,0
1,0.69345945,1
1,0.52946746,1
0,0.47416374,0
1,0.5565693,1
0,0.54047096,1
1,0.53603375,1
1,0.47555766,0
1,0.51769704,1
1,0.6042572,1
1,0.47717115,0
1,0.47897905,0
1,0.5734631,1
1,0.5113811,1
0,0.6228798,1
1,0.52583754,1
0,0.46983233,0
1,0.6176336,1
1,0.514331,1
0,0.5278367,1
0,0.45495224,0
1,0.61672664,1
0,0.65766215,1
0,0.36669534,0
1,0.48928332,0
0,0.54795676,1
0,0.3863706,0
0,0.6827538,1
0,0.5479884,1
0,0.5873258,1
0,0.40275922,0
1,0.56422853,1
0,0.61278814,1
1,0.4828516,0
0,0.39019546,0
0,0.5481712,1
1,0.6738398,1
0,0.5734631,1
0,0.42364183,0
1,0.539227,1
0,0.40906793,0
1,0.4423455,0
0,0.6038939,1
1,0.5134873,1
1,0.810519,1
0,0.37671122,0
1,0.60143644,1
0,0.47416374,0
1,0.6769048,1
0,0.599848,1
0,0.48976657,0
1,0.6298799,1
0,0.54886436,1
0,0.53302574,1
1,0.6202282,1
1,0.69034165,1
1,0.42960876,0
1,0.6485517,1
0,0.6180714,1
0,0.53489804,1
0,0.6154885,1
1,0.5065706,1
1,0.4399861,0
0,0.6058396,1
0,0.5689823,1
0,0.40906793,0
1,0.5922259,1
1,0.56632674,1
0,0.50690365,1
0,0.4756232,0
0,0.46565598,0
0,0.668156,1
0,0.50192094,1
0,0.52780366,1
1,0.60866654,1
1,0.5461396,1
1,0.51084006,1
1,0.5178668,1
0,0.50239885,1
0,0.59983015,1
0,0.5006327,1
0,0.36667562,0
0,0.49854228,0
0,0.7296115,1
1,0.5198207,1
1,0.51520807,1
0,0.46593785,0
1,0.53987324,1
0,0.3831558,0
1,0.40347847,0
1,0.53741735,1
1,0.5354167,1
1,0.66474223,1
0,0.6523925,1
0,0.47238314,0
1,0.57640755,1
1,0.48280582,0
1,0.6889078,1
1,0.4694039,0
0,0.7039406,1
0,0.44655886,0
0,0.5368529,1
0,0.5120167,1
0,0.47868302,0
0,0.37053862,0
1,0.67521733,1
0,0.47026658,0
0,0.6705181,1
1,0.46017352,0
0,0.5704392,1
1,0.5368009,1
0,0.6376693,1
1,0.45569676,0
0,0.37156615,0
0,0.44655886,0
1,0.67640126,1
1,0.50426936,1
0,0.49440634,0
1,0.5779094,1
1,0.6410129,1
0,0.49776414,0
0,0.37965363,0
1,0.5660099,1
1,0.65029836,1
1,0.35065433,0
0,0.6727595,1
0,0.51488894,1
1,0.6652981,1
1,0.46017352,0
0,0.5051086,1
0,0.35065433,0
0,0.6139866,1
1,0.475677,0
0,0.3714484,0
0,0.41256654,0
1,0.47744703,0
0,0.499715,0
1,0.60607433,1
0,0.6727729,1
0,0.3714484,0
1,0.6733749,1
0,0.36900797,0
1,0.48469985,0
1,0.598071,1
0,0.45826596,0
0,0.3863383,0
0,0.48304373,0
1,0.5066418,1
0,0.41507813,0
1,0.57640755,1
1,0.66213655,1
1,0.6947877,1
1,0.6558354,1
0,0.6065985,1
0,0.51552856,1
0,0.52221113,1
0,0.4662612,0
1,0.695688,1
1,0.51952296,1
1,0.62945336,1
1,0.55603725,1
0,0.51021975,1
1,0.62179357,1
1,0.44485927,0
1,0.6056233,1
0,0.5146434,1
1,0.62406814,1
1,0.47905228,0
1,0.4951284,0
0,0.54111344,1
0,0.6160861,1
1,0.57822764,1
0,0.5145083,1
0,0.50712407,1
1,0.652497,1
1,0.555918,1
1,0.38031462,0
0,0.49479127,0
1,0.66036505,1
1,0.52216655,1
0,0.64469403,1
0,0.3712075,0
0,0.6463324,1
1,0.43932247,0
0,0.49440634,0
0,0.5158026,1
1,0.5013735,1
1,0.6587654,1
0,0.40347847,0
1,0.5278367,1
0,0.43481055,0
0,0.4603709,0
1,0.52780366,1
0,0.5467155,1
1,0.67259055,1
0,0.36615452,0
0,0.65808004,1
1,0.66435134,1
0,0.5148445,1
1,0.6277632,1
1,0.66904545,1
1,0.59236974,1
0,0.3945056,0
0,0.4722911,0
1,0.62299913,1
1,0.6845386,1
0,0.49029157,0
0,0.5006642,1
0,0.42364183,0
1,0.54612005,1
1,0.6924008,1
1,0.47262207,0
0,0.4423455,0
0,0.6578097,1
0,0.42734048,0
1,0.5799294,1
0,0.48187128,0
0,0.57736915,1
0,0.52033454,1
1,0.53334993,1
0,0.59368116,1
1,0.49367225,0
0,0.6130174,1
0,0.37058738,0
1,0.63474137,1
1,0.64190185,1
0,0.55316246,1
1,0.578231,1
0,0.4457555,0
1,0.4578065,0
1,0.571713,1
1,0.5417346,1
0,0.37140986,0
1,0.45567253,0
1,0.6961879,1
0,0.45784986,0
0,0.44485927,0
1,0.51472986,1
0,0.6608844,1
1,0.5651234,1
1,0.62227714,1
0,0.365739,0
0,0.3751297,0
0,0.59233075,1
0,0.5643265,1
0,0.45850608,0
0,0.45201236,0
1,0.46781814,0
0,0.57150626,1
0,0.620437,1
1,0.6433692,1
1,0.5386135,1
0,0.6592408,1
1,0.62479216,1
0,0.46565598,0
0,0.39870167,0
1,0.70036083,1
0,0.6780928,1
0,0.3751297,0
0,0.52349424,1
1,0.6715123,1
1,0.47262207,0
0,0.3519169,0
0,0.6646987,1
0,0.36669534,0
1,0.3662802,0
0,0.39095104,0
0,0.3677956,0
1,0.57313365,1
0,0.6248634,1
1,0.66072387,1
0,0.5607507,1
0,0.6681771,1
1,0.39574552,0
0,0.5044051,1
0,0.3863383,0
1,0.48804912,0
0,0.5029431,1
0,0.42334405,0
0,0.6183673,1
1,0.3554124,0
0,0.64322436,1
1,0.43481055,0
1,0.6618176,1
0,0.515429,1
1,0.6800363,1
1,0.53956306,1
0,0.3751297,0
0,0.61581874,1
0,0.41274858,0
0,0.4694039,0
0,0.68853515,1
0,0.45567253,0
0,0.66303015,1
0,0.3739696,0
0,0.49776414,0
1,0.3751297,0
0,0.4694039,0
1,0.63836217,1
1,0.5502965,1
0,0.39875102,0
0,0.43304142,0
0,0.61059016,1
0,0.42247552,0
0,0.69637173,1
0,0.6543302,1
0,0.65933794,1
0,0.5658489,1
1,0.44485927,0
0,0.43798473,0
1,0.49695638,0
0,0.40347847,0
0,0.5822405,1
0,0.52488035,1
1,0.63468516,1
0,0.57764757,1
0,0.49857646,0
0,0.36093304,0
1,0.53023887,1
1,0.69936365,1
1,0.6898365,1
0,0.5472947,1
0,0.5354537,1
0,0.41833496,0
1,0.5415556,1
1,0.57062614,1
0,0.49440634,0
1,0.64768535,1
1,0.48928332,0
0,0.3714484,0
1,0.6284667,1
1,0.51045823,1
0,0.48848417,0
0,0.3739696,0
0,0.40701008,0
0,0.47847322,0
1,0.4545083,0
1,0.7313721,1
0,0.49991146,0
0,0.3714484,0
1,0.5991963,1
0,0.52975345,1
0,0.59620124,1
0,0.36862102,0
0,0.49888277,0
0,0.666011,1
1,0.61972785,1
0,0.36667562,0
0,0.537427,1
1,0.40393683,0
1,0.5027372,1
1,0.504623,1
1,0.67892516,1
0,0.52487385,1
1,0.3687349,0
0,0.40347847,0
0,0.6854521,1
0,0.36205903,0
1,0.3667221,0
1,0.5640866,1
1,0.6820664,1
1,0.66317827,1
0,0.6794486,1
0,0.39870167,0
0,0.4393952,0
0,0.37240756,0
1,0.36474696,0
1,0.544511,1
0,0.41790396,0
1,0.6946979,1
0,0.6356025,1
1,0.41227114,0
1,0.39857823,0
0,0.48597404,0
0,0.5389821,1
0,0.58214486,1
1,0.67227787,1
1,0.4508895,0
0,0.4293458,0
0,0.46918955,0
1,0.63495255,1
1,0.6032187,1
0,0.38870773,0
1,0.5810628,1
0,0.5062245,1
1,0.43932247,0
1,0.6898331,1
1,0.46579167,0
1,0.52946746,1
0,0.38857204,0
0,0.4654246,0
0,0.54214317,1
0,0.3571887,0
0,0.5037339,1
1,0.51167876,1
0,0.3443332,0
0,0.61129194,1
0,0.36731386,0
0,0.6981439,1
0,0.45030764,0
0,0.36586064,0
0,0.48377812,0
1,0.6108518,1
0,0.43481055,0
0,0.50791186,1
0,0.5275085,1
1,0.65234375,1
0,0.45191953,0
0,0.69341564,1
0,0.46017352,0
0,0.34007227,0
0,0.61503875,1
0,0.4154024,0
0,0.3612563,0
1,0.5183522,1
1,0.6641831,1
1,0.6639833,1
0,0.3667221,0
0,0.6619412,1
1,0.5159312,1
0,0.36593485,0
1,0.6259764,1
0,0.6257213,1
1,0.6779588,1
0,0.552834,1
0,0.5426007,1
1,0.56071377,1
0,0.46781814,0
0,0.53741777,1
0,0.5874816,1
0,0.36880225,0
0,0.49817112,0
0,0.6662292,1
0,0.5768,1
0,0.4790444,0
0,0.497555,0
0,0.3677956,0
1,0.5672799,1
0,0.40875342,0
1,0.6049121,1
0,0.46166754,0
1,0.6768329,1
1,0.59132373,1
0,0.45030764,0
0,0.54983765,1
0,0.48431125,0
1,0.62156135,1
0,0.49058965,0
0,0.55603725,1
1,0.50690365,1
1,0.3863706,0
0,0.4868919,0
1,0.6002879,1
1,0.4519917,0
0,0.66827464,1
0,0.3831558,0
1,0.6813865,1
0,0.43798473,0
0,0.5066418,1
1,0.67511165,1
1,0.49115172,0
0,0.5120758,1
1,0.62945336,1
1,0.55293536,1
1,0.46633565,0
0,0.44541606,0
1,0.6737399,1
1,0.53254724,1
1,0.5382247,1
1,0.5884091,1
1,0.6447312,1
0,0.58726585,1
0,0.43481055,0
0,0.37671122,0
0,0.594724,1
1,0.6748813,1
1,0.5766874,1
0,0.3554124,0
1,0.5592493,1
0,0.36093304,0
0,0.67952836,1
1,0.48597404,0
0,0.55288416,1
0,0.5974009,1
0,0.36862102,0
1,0.67005306,1
1,0.60775,1
0,0.365739,0
1,0.46848375,0
0,0.6107674,1
1,0.5919928,1
0,0.5751373,1
0,0.53779614,1
0,0.5012822,1
0,0.44655886,0
0,0.47003302,0
0,0.3898304,0
1,0.6523925,1
0,0.6379934,1
0,0.37512565,0
0,0.5145083,1
0,0.50386775,1
0,0.57255137,1
1,0.41652378,0
0,0.45986193,0
1,0.49367225,0
1,0.66890717,1
0,0.4570393,0
0,0.44659537,0
1,0.4871939,0
1,0.70630455,1
0,0.48103645,0
1,0.6925226,1
0,0.5780024,1
0,0.41492513,0
1,0.48563886,0
1,0.5732431,1
1,0.67408204,1
1,0.61245555,1
0,0.3751297,0
0,0.5947222,1
0,0.52483714,1
1,0.44485927,0
1,0.63149995,1
1,0.47416374,0
0,0.615351,1
0,0.42364183,0
1,0.33587813,0
0,0.49453884,0
1,0.6597808,1
0,0.43304142,0
0,0.4828516,0
1,0.65920514,1
0,0.3831558,0
1,0.48775655,0
0,0.67846525,1
0,0.3731709,0
0,0.3571887,0
1,0.49854523,0
0,0.46929243,0
0,0.37764075,0
0,0.6327695,1
0,0.39042294,0
1,0.6779949,1
0,0.6294501,1
0,0.47147232,0
1,0.65343827,1
0,0.55243826,1
0,0.5802285,1
0,0.42524177,0
0,0.64224887,1
1,0.67578113,1
1,0.50239885,1
1,0.40275922,0
1,0.67303246,1
1,0.6063499,1
0,0.42108223,0
1,0.5183522,1
0,0.5406345,1
1,0.51406777,1
1,0.39042294,0
1,0.59578615,1
1,0.50121313,1
1,0.5881592,1
0,0.48280582,0
0,0.6288797,1
0,0.4828516,0
0,0.51388836,1
1,0.66566217,1
1,0.67977005,1
1,0.59756154,1
1,0.48616952,0
1,0.6962382,1
1,0.5067224,1
0,0.6073375,1
0,0.64091957,1
0,0.5189437,1
0,0.34705603,0
0,0.57822764,1
0,0.48558274,0
1,0.6175682,1
1,0.44655886,0
0,0.4868919,0
0,0.49553952,0
1,0.5213932,1
1,0.67662287,1
0,0.5554609,1
1,0.5206046,1
1,0.6650849,1
0,0.38031462,0
1,0.49696615,0
0,0.48240677,0
0,0.5934398,1
0,0.51489455,1
0,0.5517794,1
0,0.5334044,1
1,0.6141429,1
0,0.48187128,0
1,0.37965363,0
1,0.5653412,1
0,0.69423676,1
1,0.676433,1
0,0.53348684,1
1,0.693225,1
0,0.34580216,0
0,0.35065433,0
0,0.3554124,0
0,0.4890898,0
1,0.6319448,1
1,0.49367225,0
0,0.38857204,0
0,0.420912,0
0,0.5929044,1
1,0.4591461,0
0,0.64096564,1
1,0.5058,1
1,0.59756154,1
1,0.6015159,1
0,0.6299039,1
1,0.55469954,1
0,0.52349424,1
0,0.5123489,1
0,0.42326385,0
0,0.39870167,0
1,0.6794516,1
0,0.35366687,0
0,0.46082902,0
0,0.45569676,0
0,0.51651925,1
0,0.50584847,1
0,0.5427281,1
1,0.6133058,1
0,0.36586064,0
0,0.36572608,0
1,0.3662802,0
1,0.60006493,1
1,0.40275922,0
1,0.4874734,0
1,0.6429344,1
0,0.6364897,1
0,0.35366687,0
0,0.6281024,1
0,0.47825167,0
0,0.52903056,1
1,0.643657,1
1,0.67009777,1
1,0.36900797,0
1,0.46166754,0
0,0.5591229,1
0,0.38031462,0
1,0.68648994,1
1,0.4586343,0
1,0.6839865,1
1,0.44105756,0
1,0.63755834,1
0,0.57022065,1
1,0.5014398,1
0,0.4800298,0
1,0.6009711,1
1,0.570582,1
0,0.6478456,1
0,0.45230854,0
1,0.5466241,1
1,0.6568722,1
0,0.3677956,0
0,0.36593485,0
0,0.43307102,0
1,0.5006642,1
1,0.48683432,0
0,0.48471716,0
1,0.68265533,1
1,0.7092514,1
0,0.60328364,1
0,0.6388837,1
0,0.7026939,1
0,0.6553199,1
0,0.41688746,0
1,0.6204564,1
1,0.34705603,0
0,0.54336244,1
0,0.56096876,1
0,0.4569763,0
1,0.68529457,1
1,0.62317544,1
1,0.6685024,1
0,0.53741735,1
1,0.53783166,1
1,0.40701008,0
0,0.4709175,0
1,0.49326333,0
0,0.583655,1
0,0.6438843,1
1,0.60332125,1
1,0.33370075,0
0,0.37135613,0
1,0.48469985,0
0,0.5153049,1
1,0.5790292,1
1,0.5922259,1
0,0.6738398,1
1,0.65957445,1
0,0.504623,1
1,0.52055347,1
1,0.55603725,1
1,0.7070657,1
1,0.52221113,1
0,0.5179477,1
0,0.57451224,1
0,0.43798473,0
1,0.658566,1
0,0.4570393,0
1,0.67197526,1
0,0.62909555,1
1,0.60685456,1
1,0.4888031,0
0,0.6776684,1
0,0.56419754,1
1,0.47510964,0
1,0.5610356,1
1,0.6731802,1
0,0.6546216,1
0,0.48175886,0
0,0.5829675,1
1,0.6667226,1
0,0.48563886,0
1,0.531376,1
0,0.45163903,0
0,0.4293458,0
0,0.53334993,1
1,0.3554124,0
0,0.46082902,0
1,0.6804493,1
0,0.40908986,0
1,0.5556215,1
1,0.607683,1
1,0.6767042,1
0,0.47873652,0
1,0.51469946,1
0,0.4457555,0
0,0.49696615,0
0,0.38928473,0
0,0.3863706,0
1,0.60252196,1
1,0.6436831,1
0,0.5584969,1
0,0.4496881,0
1,0.6218434,1
0,0.42108223,0
0,0.3969705,0
1,0.5481712,1
0,0.4508895,0
0,0.6258436,1
1,0.65977246,1
1,0.51472986,1
0,0.49912286,0
1,0.6321754,1
1,0.6961531,1
0,0.53763926,1
0,0.51489455,1
1,0.56422323,1
0,0.5402168,1
0,0.48416287,0
1,0.5296258,1
0,0.64204425,1
0,0.48280582,0
1,0.5198467,1
0,0.40906793,0
0,0.42763266,0
0,0.5169352,1
1,0.4756232,0
1,0.5368009,1
1,0.6781844,1
0,0.34512386,0
1,0.6820207,1
0,0.47416374,0
1,0.6161586,1
1,0.6485652,1
1,0.47847322,0
0,0.70579696,1
0,0.43798473,0
0,0.48103645,0
0,0.59156656,1
1,0.6839352,1
1,0.3831558,0
0,0.5049152,1
0,0.3671744,0
1,0.8002822,1
0,0.56254894,1
0,0.5934223,1
1,0.65328044,1
0,0.5231293,1
0,0.40701008,0
0,0.3344182,0
1,0.47905228,0
0,0.47711933,0
1,0.5620856,1
1,0.4798397,0
0,0.5993346,1
1,0.60911554,1
0,0.45569676,0
1,0.49132672,0
0,0.470413,0
0,0.6284667,1
1,0.6051465,1
0,0.49942037,0
1,0.6929679,1
1,0.4951284,0
1,0.6546216,1
1,0.5732431,1
0,0.36262247,0
1,0.6947178,1
1,0.49188012,0
0,0.502068,1
0,0.3714484,0
1,0.3419969,0
0,0.5751373,1
1,0.39432934,0
1,0.45495126,0
1,0.5750979,1
1,0.6000368,1
1,0.6089317,1
1,0.4709175,0
0,0.39636648,0
0,0.53039855,1
1,0.69820887,1
1,0.4578243,0
0,0.61660576,1
0,0.55862725,1
0,0.5731549,1
1,0.6810055,1
1,0.7060052,1
1,0.6432224,1
0,0.50202763,1
0,0.45201236,0
0,0.62913394,1
0,0.36731386,0
0,0.5820528,1
0,0.56130517,1
0,0.6349888,1
1,0.6567918,1
0,0.3945503,0
0,0.53426355,1
1,0.6916353,1
0,0.34580216,0
0,0.48757505,0
0,0.4632607,0
0,0.49046183,0
0,0.6924025,1
0,0.41288063,0
1,0.5563859,1
0,0.497555,0
0,0.4423455,0
1,0.5199783,1
0,0.6076841,1
0,0.49925274,0
0,0.48517495,0
1,0.7334625,1
0,0.65497786,1
0,0.5884851,1
0,0.3393788,0
1,0.67408204,1
1,0.4902472,0
0,0.4992072,0
0,0.63284403,1
0,0.5610356,1
0,0.662864,1
0,0.36669534,0
0,0.6174087,1
1,0.60575634,1
1,0.45785,0
1,0.65672415,1
1,0.56866986,1
1,0.49348643,0
1,0.62127775,1
1,0.5995085,1
1,0.37243995,0
0,0.4798397,0
1,0.5768,1
0,0.40347847,0
0,0.6195648,1
1,0.47995284,0
0,0.36572608,0
0,0.3936784,0
1,0.55617964,1
0,0.5162192,1
0,0.5013735,1
0,0.6218014,1
0,0.35907224,0
0,0.4744006,0
0,0.42088464,0
0,0.6659797,1
0,0.62641305,1
0,0.475285,0
0,0.6151704,1
1,0.5441935,1
0,0.64863706,1
0,0.61843824,1
0,0.48599207,0
0,0.54266936,1
1,0.6886578,1
0,0.45567253,0
0,0.6355987,1
0,0.6416116,1
1,0.57666546,1
1,0.42734048,0
0,0.6748493,1
0,0.3393788,0
0,0.5810192,1
0,0.4828516,0
1,0.6087563,1
0,0.6703356,1
0,0.69265455,1
0,0.59249395,1
0,0.48757505,0
0,0.42364183,0
0,0.53135353,1
1,0.6017056,1
0,0.580781,1
0,0.46781814,0
0,0.50738364,1
1,0.76739395,1
1,0.52358747,1
1,0.6804493,1
1,0.40874478,0
1,0.48928332,0
0,0.3571887,0
0,0.5887149,1
1,0.52358747,1
0,0.39875102,0
1,0.61581874,1
0,0.49453884,0
1,0.59347105,1
1,0.50239885,1
0,0.46903446,0
1,0.36900797,0
1,0.6918435,1
0,0.7156996,1
1,0.6866845,1
0,0.60310936,1
0,0.5559769,1
1,0.46918955,0
0,0.71727204,1
0,0.5468538,1
1,0.49912286,0
0,0.5037339,1
0,0.49262393,0
1,0.531376,1
0,0.3936784,0
1,0.4709175,0
0,0.6837884,1
0,0.3699177,0
1,0.47026658,0
0,0.69746345,1
1,0.6359508,1
0,0.693733,1
0,0.44659537,0
1,0.42326385,0
1,0.68574816,1
1,0.5013735,1
1,0.54374015,1
1,0.492616,0
0,0.6482358,1
0,0.73262715,1
1,0.47666878,0
1,0.64472467,1
1,0.51388836,1
1,0.6374763,1
0,0.46915486,0
0,0.42734048,0
0,0.48556313,0
0,0.60911554,1
0,0.5747153,1
0,0.6071782,1
0,0.46624768,0
0,0.6180478,1
1,0.3831558,0
0,0.39019546,0
0,0.4774199,0
0,0.46565598,0
0,0.5753825,1
1,0.3739696,0
0,0.51469946,1
0,0.4770683,0
1,0.515203,1
1,0.66051596,1
0,0.6630214,1
1,0.5062679,1
0,0.43481055,0
1,0.50690365,1
1,0.70073926,1
0,0.6428819,1
0,0.365739,0
0,0.36962628,0
1,0.4664708,0
1,0.39432934,0
1,0.5720751,1
1,0.38928473,0
1,0.43798473,0
1,0.5948806,1
0,0.41227114,0
1,0.49696615,0
0,0.45191953,0
0,0.6779713,1
0,0.49480516,0
1,0.7267617,1
0,0.6272214,1
1,0.70139277,1
0,0.6783109,1
0,0.43415338,0
0,0.35907224,0
0,0.36731386,0
0,0.36880225,0
0,0.56482905,1
1,0.65383476,1
1,0.6529178,1
0,0.63323706,1
1,0.49252957,0
1,0.58090836,1
1,0.69201905,1
0,0.39042294,0
1,0.49367225,0
1,0.48757505,0
1,0.37404746,0
0,0.52583754,1
0,0.36572608,0
0,0.48928332,0
0,0.51769704,1
1,0.6828096,1
1,0.69394267,1
0,0.36262247,0
0,0.46876287,0
1,0.6406271,1
1,0.53021044,1
0,0.5204826,1
1,0.67543566,1
0,0.3863706,0
0,0.4496881,0
1,0.36615452,0
0,0.53480434,1
0,0.47753134,0
0,0.62294215,1
1,0.36667562,0
0,0.41256654,0
1,0.6506761,1
1,0.67605823,1
0,0.55526066,1
0,0.5765606,1
1,0.39857823,0
1,0.63611513,1
1,0.5373902,1
0,0.36593485,0
1,0.57687354,1
1,0.524865,1
1,0.5540271,1
0,0.52903056,1
0,0.40908986,0
0,0.48373386,0
1,0.48346806,0
0,0.3657967,0
0,0.47098434,0
1,0.59909624,1
0,0.3746285,0
0,0.4714483,0
0,0.5949846,1
0,0.3662802,0
0,0.36797202,0
0,0.49205425,0
1,0.66308415,1
0,0.7244123,1
1,0.5144799,1
0,0.6754972,1
0,0.5580878,1
0,0.50267935,1
0,0.40906793,0
0,0.5354167,1
0,0.4399861,0
0,0.46781814,0
0,0.4803913,0
1,0.34956664,0
0,0.6990654,1
0,0.48848417,0
0,0.62469816,1
0,0.47626913,0
1,0.3839776,0
0,0.3945503,0
0,0.43304142,0
1,0.6838796,1
0,0.4720038,0
1,0.5787266,1
0,0.41577646,0
0,0.42524177,0
1,0.6848444,1
1,0.65884995,1
0,0.5810371,1
1,0.65977246,1
1,0.5126988,1
0,0.68113595,1
0,0.4293458,0
1,0.5169352,1
1,0.59014875,1
1,0.6000368,1
0,0.45495126,0
1,0.69888085,1
0,0.36593485,0
1,0.62402964,1
0,0.48830026,0
1,0.53608537,1
1,0.69918144,1
0,0.37764075,0
1,0.42108223,0
0,0.61245555,1
1,0.6865787,1
0,0.40347847,0
0,0.43481055,0
0,0.5417346,1
0,0.43481055,0
1,0.64691395,1
0,0.6056449,1
0,0.46600053,0
0,0.37671122,0
1,0.6573288,1
0,0.49776414,0
0,0.41790396,0
0,0.6051684,1
0,0.3671744,0
0,0.58347183,1
1,0.6764833,1
0,0.66854167,1
1,0.52407205,1
0,0.37965363,0
0,0.5775071,1
0,0.48434997,0
0,0.36615452,0
0,0.36900797,0
1,0.4504147,0
0,0.55484825,1
0,0.37166247,0
1,0.3863706,0
1,0.53021044,1
1,0.51724094,1
0,0.4664708,0
0,0.40275922,0
1,0.6915109,1
0,0.4798397,0
0,0.6362486,1
0,0.58839756,1
1,0.66271204,1
0,0.47147232,0
1,0.67081946,1
0,0.6288129,1
0,0.68357325,1
1,0.6614918,1
0,0.6598103,1
0,0.37058738,0
1,0.67344534,1
1,0.59122276,1
1,0.6485723,1
1,0.5483947,1
1,0.6148327,1
0,0.3554124,0
1,0.4632607,0
0,0.6374763,1
0,0.43304142,0
0,0.40906793,0
1,0.4228835,0
0,0.48175886,0
0,0.580781,1
0,0.6404824,1
1,0.5238571,1
1,0.39844033,0
0,0.66845995,1
0,0.5732074,1
0,0.6712048,1
0,0.3885296,0
0,0.5551711,1
1,0.48694035,0
0,0.52903056,1
1,0.42734048,0
0,0.5146434,1
1,0.70216745,1
0,0.48469985,0
1,0.5417346,1
1,0.37140986,0
0,0.64754987,1
1,0.67522514,1
0,0.58692527,1
1,0.6383871,1
1,0.4798397,0
0,0.5617013,1
1,0.46565598,0
1,0.6724497,1
1,0.48948294,0
0,0.64472467,1
0,0.52004236,1
1,0.61892754,1
0,0.3519169,0
1,0.63631445,1
1,0.5768,1
0,0.43415338,0
0,0.41943908,0
0,0.36262247,0
0,0.34512386,0
0,0.55975324,1
0,0.389055,0
1,0.68869036,1
1,0.67064244,1
1,0.48940036,0
1,0.73394716,1
1,0.36900797,0
0,0.45429176,0
1,0.52388966,1
1,0.63871896,1
0,0.37243995,0
0,0.5723636,1
1,0.3890302,0
0,0.39019546,0
0,0.45455307,0
1,0.6957564,1
1,0.4856396,0
1,0.70529854,1
0,0.5609965,1
1,0.57022065,1
1,0.54336244,1
0,0.45030764,0
1,0.56460714,1
0,0.3657284,0
1,0.50847054,1
0,0.6080322,1
1,0.6273441,1
0,0.5385502,1
1,0.5747153,1
1,0.61478996,1
0,0.44541606,0
1,0.59347105,1
0,0.662489,1
1,0.56702834,1
0,0.544511,1
1,0.54795676,1
1,0.54769254,1
0,0.36262247,0
0,0.59243655,1
0,0.5347282,1
1,0.5748836,1
1,0.68956715,1
0,0.5873258,1
1,0.39714208,0
1,0.677618,1
0,0.48517495,0
1,0.64800644,1
1,0.500746,1
0,0.5378561,1
1,0.41492513,0
0,0.5760357,1
0,0.6696234,1
0,0.68454003,1
0,0.67296845,1
1,0.5933556,1
1,0.4798397,0
1,0.43307102,0
0,0.40275922,0
0,0.49367225,0
1,0.6953607,1
1,0.58347183,1
0,0.6072496,1
0,0.45268294,0
0,0.41790396,0
1,0.45600381,0
1,0.6665548,1
0,0.49776414,0
1,0.43304142,0
0,0.5842077,1
1,0.615846,1
0,0.46017352,0
0,0.6848844,1
0,0.6301549,1
1,0.5996516,1
1,0.5407767,1
0,0.3714484,0
0,0.3961168,0
1,0.52460605,1
1,0.48804912,0
1,0.5275085,1
0,0.5618087,1
0,0.38877094,0
0,0.5792962,1
1,0.66399616,1
0,0.6061698,1
0,0.69309986,1
1,0.43798473,0
1,0.67898315,1
1,0.63113534,1
1,0.5103922,1
0,0.4496881,0
1,0.3714484,0
0,0.54114264,1
0,0.5775071,1
0,0.40701008,0
1,0.50980616,1
0,0.4496881,0
1,0.63574564,1
1,0.6150491,1
0,0.5645816,1
0,0.57726175,1
1,0.60650957,1
1,0.39060596,0
1,0.60775,1
0,0.6459391,1
1,0.6522702,1
0,0.35065433,0
1,0.62294215,1
1,0.6660681,1
0,0.5888248,1
1,0.6149991,1
1,0.6818908,1
0,0.47717115,0
0,0.5468538,1
1,0.5477124,1
1,0.66688496,1
0,0.48848417,0
0,0.3571887,0
1,0.6495047,1
0,0.6685263,1
0,0.56773686,1
1,0.4154024,0
1,0.6915913,1
1,0.68856114,1
0,0.5441935,1
1,0.63142353,1
0,0.41577646,0
0,0.6116121,1
0,0.66937345,1
0,0.60165006,1
0,0.4624759,0
0,0.38031462,0
1,0.6697048,1
0,0.61548406,1
0,0.36731386,0
0,0.61669624,1
1,0.50239885,1
0,0.36262247,0
0,0.3554124,0
0,0.42364183,0
0,0.45569676,0
1,0.5035303,1
0,0.41790396,0
0,0.49402356,0
0,0.7170264,1
0,0.35907224,0
0,0.36586064,0
1,0.6003054,1
0,0.38854006,0
1,0.4508895,0
0,0.3739696,0
1,0.4297287,0
0,0.39467204,0
1,0.53529024,1
0,0.5033258,1
1,0.42524177,0
0,0.37752667,0
1,0.616572,1
0,0.68166023,1
1,0.6799495,1
0,0.3839776,0
0,0.48597404,0
0,0.48928332,0
1,0.59624577,1
0,0.57910985,1
0,0.56460714,1
0,0.3720639,0
0,0.5733464,1
1,0.6309406,1
0,0.48469985,0
0,0.6061698,1
1,0.5911622,1
0,0.6410387,1
1,0.6027805,1
1,0.6439717,1
1,0.36779723,0
0,0.49907526,0
1,0.7321507,1
0,0.5146434,1
0,0.4810126,0
1,0.58401656,1
0,0.4457555,0
0,0.6778506,1
0,0.42108223,0
0,0.43415338,0
1,0.43415338,0
1,0.6252311,1
1,0.56322277,1
0,0.4293458,0
1,0.4508895,0
0,0.4933452,0
1,0.56498784,1
1,0.6708201,1
0,0.58092576,1
0,0.7116416,1
0,0.4423455,0
1,0.5802674,1
1,0.67511636,1
1,0.4756232,0
0,0.34867966,0
0,0.37140986,0
0,0.6216575,1
1,0.7423229,1
0,0.46758986,0
0,0.46809214,0
0,0.50980616,1
0,0.39019546,0
1,0.47995284,0
0,0.5855897,1
1,0.4591461,0
0,0.53178126,1
0,0.5013735,1
1,0.39019546,0
1,0.61199933,1
0,0.47541618,0
0,0.64822197,1
1,0.66865826,1
1,0.3554124,0
1,0.68763536,1
0,0.5206046,1
1,0.69247997,1
1,0.5278367,1
0,0.5760357,1
0,0.62803656,1
0,0.36797202,0
0,0.5253676,1
0,0.64156294,1
1,0.496049,0
0,0.47469062,0
1,0.61334866,1
0,0.41541484,0
0,0.62750965,1
1,0.5049152,1
0,0.59122276,1
1,0.3863383,0
0,0.3720639,0
0,0.6418196,1
0,0.3645331,0
1,0.6788351,1
1,0.6843715,1
1,0.40275922,0
0,0.5844051,1
1,0.60322005,1
0,0.4293458,0
0,0.5929044,1
1,0.50411445,1
1,0.5390124,1
1,0.6903172,1
0,0.38854006,0
1,0.48323935,0
1,0.40701008,0
0,0.5103922,1
1,0.5474617,1
0,0.36900797,0
0,0.5204826,1
0,0.48986632,0
0,0.61626345,1
0,0.35584864,0
1,0.6699886,1
1,0.5453082,1
1,0.6611025,1
1,0.42108223,0
1,0.6721698,1
1,0.4932789,0
0,0.57284564,1
1,0.63143903,1
0,0.35065433,0
0,0.37138802,0
0,0.55308205,1
1,0.52033454,1
0,0.3667221,0
0,0.51469946,1
0,0.52483714,1
0,0.6655809,1
1,0.7230002,1
1,0.34066728,0
0,0.43304142,0
0,0.5168459,1
0,0.5006327,1
1,0.6414786,1
0,0.6194544,1
0,0.3657967,0
0,0.64168596,1
0,0.5940278,1
1,0.6021892,1
0,0.649609,1
1,0.55052686,1
1,0.47753134,0
0,0.6079536,1
0,0.4399861,0
0,0.3571887,0
1,0.5608648,1
1,0.5428873,1
0,0.565321,1
1,0.68615,1
1,0.6180867,1
0,0.4757628,0
0,0.56275284,1
1,0.5651841,1
1,0.54175746,1
0,0.5206046,1
1,0.42326385,0
0,0.53334993,1
0,0.37671122,0
0,0.48280582,0
0,0.58115077,1
0,0.61262476,1
0,0.48799485,0
1,0.6756336,1
0,0.45947462,0
1,0.50213,1
1,0.6689168,1
1,0.55562335,1
1,0.6865511,1
1,0.497555,0
1,0.7068065,1
0,0.61189586,1
1,0.59445703,1
1,0.6752237,1
0,0.41917327,0
1,0.63904995,1
0,0.40160954,0
0,0.51769704,1
1,0.5662068,1
1,0.49053776,0
0,0.5935858,1
0,0.40701008,0
0,0.53608537,1
0,0.6665739,1
0,0.48928332,0
0,0.64521676,1
0,0.6177892,1
1,0.6400268,1
0,0.5607507,1
1,0.61393243,1
0,0.46593785,0
1,0.6730737,1
1,0.46389893,0
0,0.6767692,1
0,0.47147232,0
1,0.48360547,0
0,0.37965363,0
0,0.46166754,0
0,0.62078106,1
0,0.37764075,0
0,0.44655886,0
0,0.48928332,0
0,0.6172292,1
1,0.37671122,0
0,0.4660293,0
0,0.68251354,1
1,0.6656763,1
0,0.53422433,1
1,0.6075655,1
0,0.4741665,0
1,0.53392696,1
1,0.3657967,0
0,0.41227114,0
1,0.66895545,1
0,0.3657967,0
1,0.37764075,0
0,0.3677956,0
0,0.65810025,1
0,0.5488902,1
1,0.4496881,0
0,0.5863161,1
1,0.66103655,1
1,0.50691503,1
0,0.6799224,1
0,0.48563886,0
1,0.5184038,1
0,0.37671122,0
1,0.5123735,1
1,0.4774199,0
0,0.6847169,1
1,0.45030764,0
0,0.45130092,0
1,0.637549,1
0,0.37671122,0
1,0.41790396,0
1,0.6663023,1
1,0.65380406,1
0,0.39042294,0
1,0.43415338,0
1,0.5734469,1
0,0.65933436,1
1,0.45569676,0
1,0.49713063,0
0,0.4871939,0
1,0.64819634,1
0,0.7265259,1
1,0.5034258,1
1,0.55531675,1
0,0.36667562,0
0,0.3671744,0
0,0.65553004,1
1,0.5117886,1
0,0.39844033,0
0,0.4496881,0
1,0.51526624,1
1,0.3554124,0
0,0.47807327,0
1,0.69644654,1
1,0.62475455,1
0,0.3731709,0
1,0.5428796,1
1,0.6489573,1
0,0.57958925,1
0,0.47262207,0
0,0.5365398,1
0,0.609017,1
1,0.67935514,1
1,0.6834301,1
0,0.6650849,1
1,0.50803816,1
1,0.5956154,1
1,0.46848625,0
0,0.33799395,0
1,0.5999552,1
0,0.65137506,1
0,0.69822264,1
1,0.5231946,1
1,0.4798397,0
0,0.5438934,1
0,0.5449593,1
0,0.54536515,1
1,0.65355116,1
0,0.5500913,1
0,0.3662802,0
0,0.35907224,0
1,0.65756375,1
0,0.7133916,1
1,0.49262393,0
0,0.48928332,0
0,0.43798473,0
0,0.38870773,0
0,0.36615452,0
1,0.4732063,0
1,0.5418293,1
0,0.48469985,0
0,0.67697287,1
1,0.43798473,0
1,0.556728,1
0,0.6010964,1
1,0.5519248,1
1,0.37363493,0
0,0.4223052,0
0,0.51769704,1
1,0.50791186,1
0,0.58102834,1
0,0.36262247,0
1,0.36731386,0
0,0.3885296,0
1,0.53157413,1
1,0.6866491,1
1,0.4391144,0
1,0.56931704,1
0,0.52744067,1
0,0.39446092,0
1,0.6580409,1
0,0.44163656,0
1,0.66456443,1
0,0.4586343,0
0,0.5154576,1
1,0.37940598,0
1,0.6570521,1
1,0.45201236,0
0,0.6055385,1
0,0.5213932,1
1,0.5833866,1
1,0.46353236,0
1,0.56359744,1
0,0.56422853,1
0,0.44654697,0
1,0.57764757,1
1,0.6830164,1
1,0.6888148,1
0,0.68421566,1
1,0.5878048,1
0,0.499715,0
1,0.42364183,0
1,0.65857416,1
0,0.5441935,1
0,0.5066418,1
0,0.46809214,0
0,0.58828074,1
0,0.5198467,1
1,0.68202585,1
1,0.5640866,1
0,0.39019546,0
1,0.68360806,1
1,0.37140986,0
0,0.52975345,1
1,0.43304142,0
0,0.6701052,1
1,0.37058738,0
0,0.36600912,0
0,0.37512565,0
0,0.6059956,1
1,0.4533024,0
1,0.36608285,0
0,0.43307102,0
0,0.44659537,0
1,0.4888031,0
0,0.5244918,1
1,0.5013735,1
1,0.5833716,1
1,0.68065315,1
1,0.6249517,1
0,0.46600053,0
1,0.3714484,0
0,0.4839364,0
0,0.40347847,0
1,0.45495224,0
1,0.4249851,0
0,0.6076834,1
0,0.6079536,1
1,0.6675369,1
1,0.3612563,0
1,0.52033454,1
1,0.4725111,0
0,0.34512386,0
1,0.59697616,1
0,0.6326549,1
1,0.4694039,0
0,0.5161503,1
1,0.6130725,1
0,0.6284256,1
1,0.6073591,1
0,0.46809214,0
0,0.5461696,1
0,0.4828516,0
1,0.5627725,1
1,0.6729465,1
0,0.47951323,0
1,0.46166754,0
1,0.65254694,1
0,0.4603709,0
0,0.57669544,1
0,0.46883178,0
0,0.5123489,1
0,0.41790396,0
0,0.5649162,1
0,0.40906793,0
1,0.44655886,0
0,0.51472527,1
0,0.60210425,1
1,0.5116418,1
0,0.4423455,0
0,0.49440634,0
1,0.67172325,1
0,0.5809863,1
1,0.34867966,0
0,0.4496881,0
0,0.6687382,1
1,0.6252311,1
0,0.47147232,0
1,0.61843824,1
1,0.6900071,1
0,0.66226417,1
1,0.5736616,1
1,0.37940598,0
1,0.37940598,0
1,0.662489,1
1,0.5736616,1
0,0.48147985,0
1,0.46199614,0
0,0.41790396,0
1,0.6511242,1
1,0.70542026,1
0,0.48308283,0
0,0.5323106,1
0,0.58283144,1
0,0.48928332,0
1,0.47262207,0
1,0.7090601,1
1,0.5913357,1
1,0.65422785,1
1,0.5669574,1
1,0.5788499,1
1,0.63273084,1
0,0.3464295,0
0,0.54111344,1
1,0.75768393,1
0,0.6248788,1
1,0.5402562,1
1,0.39875102,0
0,0.38857204,0
0,0.5888248,1
1,0.46593785,0
1,0.6243281,1
1,0.65625054,1
0,0.5034542,1
1,0.67265254,1
1,0.57704926,1
0,0.43304142,0
0,0.60173213,1
1,0.6556436,1
0,0.5198467,1
1,0.46565598,0
0,0.41256654,0
0,0.4391144,0
1,0.6372135,1
0,0.39287525,0
0,0.4709175,0
1,0.5438934,1
0,0.71762085,1
1,0.5885379,1
0,0.6179627,1
1,0.60628057,1
1,0.62955016,1
0,0.39523447,0
0,0.53987324,1
1,0.6652981,1
1,0.65063226,1
0,0.6889974,1
1,0.49367225,0
1,0.68645954,1
0,0.45600381,0
0,0.52640885,1
1,0.49169675,0
0,0.48270503,0
0,0.4828516,0
0,0.42078853,0
0,0.35907224,0
1,0.5299353,1
0,0.3831558,0
1,0.48313776,0
1,0.66224015,1
1,0.66189194,1
1,0.5787266,1
1,0.46848375,0
1,0.4399861,0
1,0.6616287,1
1,0.5467155,1
1,0.69168985,1
1,0.66933113,1
1,0.66137755,1
0,0.5428796,1
1,0.43798473,0
1,0.43304142,0
0,0.45163903,0
0,0.6027805,1
1,0.3700467,0
0,0.45495126,0
0,0.61575234,1
0,0.3571887,0
0,0.6856445,1
0,0.47195747,0
0,0.5859935,1
0,0.49386436,0
0,0.39432934,0
1,0.45569676,0
0,0.48859024,0
1,0.5916121,1
1,0.39857823,0
1,0.5062679,1
0,0.3571887,0
1,0.6710933,1
1,0.43738094,0
0,0.67202276,1
0,0.60580367,1
0,0.58090836,1
1,0.7035873,1
1,0.49817604,0
0,0.51928675,1
0,0.3662802,0
0,0.60575634,1
1,0.58053195,1
0,0.52609396,1
0,0.5821142,1
1,0.5913357,1
0,0.34867966,0
1,0.73798937,1
0,0.43307102,0
1,0.58347183,1
1,0.6259891,1
1,0.6750904,1
1,0.67280096,1
0,0.5025607,1
1,0.69232476,1
0,0.57356745,1
1,0.5810371,1
0,0.6608875,1
0,0.6681215,1
0,0.47078493,0
0,0.38280094,0
0,0.48280582,0
0,0.61689484,1
0,0.37140986,0
0,0.616572,1
1,0.5494902,1
0,0.62603974,1
1,0.37965363,0
1,0.48816258,0
1,0.6868314,1
0,0.35907224,0
1,0.43798473,0
1,0.46199614,0
0,0.3945503,0
1,0.6987414,1
1,0.38870773,0
0,0.36615452,0
0,0.3751297,0
1,0.45323718,0
1,0.50386775,1
0,0.568181,1
1,0.6821317,1
1,0.5299353,1
1,0.6639673,1
0,0.5792207,1
1,0.5660099,1
0,0.61393243,1
0,0.38031462,0
1,0.55439085,1
1,0.6181534,1
0,0.36962628,0
0,0.49847627,0
0,0.49205425,0
0,0.46166754,0
1,0.6249666,1
0,0.5729632,1
0,0.5742326,1
1,0.6713415,1
1,0.66545755,1
0,0.6017056,1
0,0.3863383,0
0,0.35065433,0
1,0.47717115,0
0,0.39432934,0
1,0.46565598,0
0,0.5504924,1
0,0.43304142,0
1,0.64755017,1
0,0.4714483,0
0,0.60685456,1
1,0.69844407,1
0,0.4423455,0
1,0.64871,1
0,0.37404746,0
0,0.6623692,1
0,0.3863706,0
0,0.47416374,0
1,0.6072496,1
1,0.6051684,1
0,0.4798397,0
0,0.68639404,1
0,0.4924797,0
0,0.46758986,0
1,0.5260919,1
1,0.59445703,1
0,0.53529024,1
0,0.43481055,0
0,0.58724236,1
0,0.3839776,0
0,0.57255137,1
1,0.6478098,1
0,0.502068,1
1,0.40701008,0
0,0.5292554,1
1,0.5006327,1
0,0.5776422,1
0,0.40275922,0
1,0.544387,1
1,0.49440634,0
0,0.45762458,0
1,0.6356285,1
0,0.36797202,0
0,0.6810871,1
1,0.46565598,0
0,0.5937715,1
0,0.4940146,0
0,0.66902286,1
0,0.5468538,1
1,0.56238544,1
0,0.550063,1
0,0.38280094,0
0,0.6630214,1
1,0.5971593,1
1,0.5426007,1
1,0.4757722,0
1,0.5957083,1
0,0.3657284,0
1,0.580486,1
0,0.5462896,1
0,0.43834984,0
0,0.52653694,1
1,0.62078106,1
0,0.62712294,1
1,0.6122729,1
0,0.48175886,0
0,0.50054115,1
0,0.5006642,1
1,0.52407205,1
0,0.3662802,0
1,0.41561314,0
1,0.6633932,1
0,0.44485927,0
0,0.4828516,0
1,0.475285,0
1,0.67137015,1
1,0.52609396,1
0,0.3677956,0
0,0.37173903,0
0,0.46781814,0
1,0.5006642,1
0,0.6006553,1
1,0.40874478,0
1,0.3714484,0
1,0.39432934,0
0,0.5244461,1
1,0.43798473,0
1,0.49046183,0
1,0.48431125,0
1,0.515203,1
1,0.6457465,1
1,0.55024576,1
1,0.64091957,1
0,0.52358085,1
1,0.60907453,1
0,0.69000685,1
0,0.46918955,0
0,0.64636743,1
0,0.58726585,1
0,0.6872481,1
0,0.37965363,0
0,0.45030764,0
0,0.42196047,0
0,0.39857823,0
0,0.41492513,0
0,0.3731709,0
1,0.6718736,1
0,0.59398806,1
0,0.64770675,1
0,0.6375513,1
0,0.58078915,1
1,0.5598328,1
1,0.6774672,1
0,0.3571887,0
0,0.48928332,0
0,0.36093304,0
1,0.4293458,0
0,0.36262247,0
0,0.64231914,1
1,0.48940036,0
1,0.62720734,1
1,0.49205425,0
0,0.68410164,1
0,0.70687914,1
0,0.62576944,1
1,0.688891,1
0,0.3667221,0
0,0.42734048,0
1,0.6404188,1
1,0.63057446,1
0,0.4803913,0
0,0.45052117,0
0,0.53178126,1
1,0.63019735,1
1,0.5488902,1
0,0.34705603,0
1,0.60596013,1
0,0.42734048,0
1,0.36926058,0
0,0.4496881,0
0,0.3662802,0
1,0.64403754,1
0,0.41288063,0
0,0.49205425,0
0,0.56130517,1
1,0.45567253,0
1,0.45324206,0
0,0.37764075,0
1,0.6895259,1
1,0.6375608,1
1,0.5927958,1
1,0.6232402,1
0,0.4660293,0
1,0.51489455,1
1,0.5726721,1
1,0.5332913,1
1,0.59822786,1
1,0.7120094,1
0,0.6199771,1
1,0.6402504,1
1,0.6315739,1
1,0.49776414,0
0,0.5123489,1
0,0.52800995,1
1,0.46601778,0
0,0.46799216,0
1,0.62520516,1
1,0.46082902,0
1,0.56678015,1
0,0.6669501,1
1,0.61660576,1
0,0.43481055,0
0,0.500746,1
0,0.58126175,1
0,0.60131615,1
1,0.49674663,0
1,0.65636414,1
0,0.5386336,1
1,0.669663,1
0,0.5066418,1
1,0.4297287,0
0,0.36731386,0
0,0.6755984,1
1,0.43304142,0
0,0.41688746,0
0,0.34705603,0
1,0.55472374,1
1,0.67799276,1
1,0.59517515,1
1,0.66717035,1
1,0.66189194,1
0,0.4998396,0
0,0.59914213,1
0,0.3657284,0
1,0.67575663,1
1,0.50847054,1
1,0.53453195,1
1,0.36572608,0
1,0.60567373,1
0,0.65470964,1
0,0.49132672,0
0,0.6022119,1
1,0.49136034,0
1,0.4732063,0
1,0.70794356,1
0,0.6754134,1
0,0.5066418,1
0,0.36093304,0
1,0.6028568,1
1,0.6904343,1
1,0.39042294,0
0,0.500746,1
1,0.49867398,0
1,0.46579167,0
1,0.6292604,1
0,0.40854353,0
1,0.67035824,1
0,0.51045823,1
1,0.55439085,1
0,0.36880225,0
1,0.63063926,1
1,0.35907224,0
0,0.622299,1
1,0.61660576,1
0,0.39857823,0
1,0.6725947,1
1,0.58720887,1
0,0.5953138,1
1,0.4423455,0
1,0.5489533,1
1,0.47238314,0
1,0.49856007,0
1,0.5006642,1
0,0.6141163,1
0,0.50712407,1
1,0.6242148,1
1,0.6584447,1
0,0.63686466,1
0,0.50690365,1
1,0.61503875,1
0,0.4054497,0
0,0.68933725,1
1,0.66325605,1
1,0.5566388,1
0,0.46789303,0
0,0.38692313,0
0,0.46353236,0
1,0.64521676,1
1,0.64734834,1
1,0.3714484,0
1,0.6817502,1
1,0.67086077,1
0,0.43307102,0
0,0.4798397,0
1,0.4803913,0
1,0.56746423,1
1,0.39870167,0
1,0.64275044,1
1,0.38928473,0
1,0.40347847,0
0,0.49320847,0
0,0.5198467,1
0,0.6224769,1
0,0.36900797,0
0,0.47873652,0
1,0.53405195,1
0,0.47626913,0
1,0.7123042,1
0,0.5345257,1
1,0.5355307,1
0,0.51469946,1
1,0.57666546,1
0,0.65788335,1
0,0.6117177,1
0,0.6696661,1
1,0.65581435,1
1,0.6843715,1
1,0.6032313,1
0,0.47873652,0
1,0.6160922,1
1,0.58724236,1
1,0.53608537,1
0,0.55155057,1
0,0.36880225,0
1,0.5940409,1
0,0.4856396,0
1,0.52216655,1
1,0.4800298,0
0,0.39287525,0
0,0.40906793,0
1,0.5723636,1
1,0.66798884,1
0,0.40160954,0
0,0.3519169,0
0,0.6214764,1
0,0.44485927,0
1,0.3657284,0
1,0.7062373,1
1,0.6685835,1
1,0.6685657,1
1,0.6244885,1
0,0.5263473,1
0,0.60387325,1
0,0.50791186,1
1,0.57570106,1
1,0.5435494,1
1,0.51104516,1
1,0.6889974,1
0,0.42061004,0
1,0.44163656,0
1,0.5890232,1
0,0.39043364,0
1,0.49348643,0
1,0.47717115,0
1,0.51003706,1
1,0.47414353,0
1,0.45163903,0
1,0.66356325,1
1,0.6439421,1
0,0.5888248,1
1,0.63538,1
1,0.389055,0
1,0.5013735,1
1,0.4154653,0
0,0.41227114,0
0,0.49262393,0
1,0.39042294,0
1,0.499715,0
0,0.5161503,1
1,0.42364183,0
1,0.6202282,1
0,0.36615452,0
0,0.4423455,0
0,0.39042294,0
0,0.51393706,1
1,0.49175876,0
0,0.67979807,1
0,0.49533522,0
1,0.615351,1
0,0.36586064,0
0,0.594268,1
0,0.61625135,1
1,0.4741665,0
0,0.3731709,0
1,0.5617013,1
0,0.43085527,0
0,0.5863161,1
1,0.39019546,0
0,0.53480434,1
1,0.40701008,0
1,0.42734048,0
0,0.33514777,0
1,0.45569676,0
0,0.45201236,0
0,0.5169352,1
0,0.4902472,0
1,0.5299353,1
0,0.36731386,0
0,0.5811873,1
0,0.59884185,1
1,0.7112865,1
1,0.69637644,1
0,0.51112896,1
0,0.67329437,1
0,0.54369205,1
0,0.36615452,0
0,0.629512,1
1,0.6573288,1
0,0.544387,1
1,0.3571887,0
1,0.53763926,1
1,0.41492513,0
1,0.6989714,1
0,0.43415338,0
1,0.50386775,1
1,0.43304142,0
1,0.37363493,0
0,0.5006642,1
0,0.52609396,1
1,0.40347847,0
0,0.36880225,0
0,0.55146587,1
1,0.6079536,1
1,0.4828516,0
1,0.42232358,0
1,0.5683962,1
1,0.4936481,0
1,0.5169352,1
0,0.45587188,0
1,0.5511434,1
1,0.5462896,1
0,0.3677956,0
0,0.5183522,1
0,0.3831558,0
0,0.59239674,1
1,0.56498784,1
0,0.3657284,0
1,0.6750565,1
1,0.6699402,1
1,0.6890829,1
1,0.56376183,1
0,0.6294433,1
1,0.6459296,1
1,0.33868602,0
0,0.5207486,1
1,0.54114264,1
1,0.65685886,1
1,0.521526,1
0,0.3739696,0
0,0.3464295,0
0,0.41688746,0
0,0.620437,1
1,0.5117886,1
1,0.3699177,0
0,0.4803969,0
1,0.69881725,1
1,0.3863706,0
1,0.68177545,1
0,0.63791543,1
0,0.47880796,0
1,0.49367225,0
0,0.3671744,0
0,0.44655886,0
1,0.3964846,0
1,0.43304142,0
0,0.5411965,1
1,0.36900797,0
0,0.36669534,0
1,0.6743694,1
0,0.42892176,0
0,0.67160505,1
1,0.58780086,1
0,0.72318774,1
0,0.50791186,1
1,0.67825043,1
1,0.50411445,1
0,0.36586064,0
0,0.3464295,0
0,0.386596,0
0,0.49118474,0
0,0.42266107,0
1,0.5952506,1
0,0.44463965,0
0,0.5374746,1
0,0.35065433,0
1,0.45502293,0
1,0.58403265,1
1,0.55417615,1
0,0.48147985,0
0,0.5274494,1
1,0.5261742,1
0,0.43103045,0
0,0.53426355,1
0,0.569754,1
1,0.44485927,0
1,0.6610838,1
0,0.7117407,1
0,0.65982366,1
0,0.45135155,0
1,0.52487385,1
0,0.44463965,0
1,0.6361056,1
1,0.67045367,1
1,0.68006724,1
1,0.5842077,1
0,0.37512565,0
0,0.35366687,0
1,0.56806356,1
1,0.57609236,1
1,0.49472624,0
0,0.68936557,1
1,0.44485927,0
0,0.6723528,1
1,0.55439085,1
1,0.622299,1
1,0.65117407,1
0,0.66059583,1
0,0.7056478,1
1,0.5500913,1
1,0.6613036,1
0,0.5210043,1
0,0.3751297,0
0,0.34580216,0
1,0.5511434,1
1,0.6744736,1
1,0.6321754,1
0,0.45826596,0
0,0.5418293,1
1,0.46965775,0
1,0.49466148,0
1,0.6587538,1
0,0.39042294,0
1,0.6976273,1
1,0.45569676,0
1,0.57451224,1
0,0.48976657,0
1,0.35065433,0
0,0.45412472,0
1,0.57883817,1
0,0.585173,1
1,0.48827118,0
1,0.4935421,0
1,0.523091,1
1,0.6048759,1
0,0.5402168,1
1,0.6279591,1
0,0.51752764,1
1,0.65844643,1
1,0.41525438,0
0,0.34512386,0
1,0.5855897,1
0,0.46538058,0
0,0.46199614,0
0,0.41943908,0
0,0.6779677,1
0,0.6025499,1
0,0.34345284,0
1,0.72575605,1
0,0.56648177,1
0,0.44485927,0
0,0.5126988,1
1,0.55709296,1
1,0.61853766,1
1,0.53763926,1
0,0.36586064,0
0,0.4855564,0
0,0.64968693,1
0,0.39432934,0
0,0.49453884,0
1,0.40275922,0
0,0.3571887,0
1,0.60645086,1
1,0.39870167,0
1,0.60940063,1
1,0.5449593,1
0,0.3739696,0
0,0.40908986,0
1,0.59720534,1
1,0.5098956,1
1,0.69265455,1
1,0.49857646,0
0,0.6402394,1
1,0.6480858,1
1,0.4578243,0
1,0.5013735,1
0,0.49204203,0
1,0.6110016,1
0,0.42734048,0
0,0.63924414,1
0,0.67154485,1
0,0.49480516,0
0,0.612671,1
1,0.66783065,1
0,0.38509312,0
0,0.65558887,1
1,0.6587197,1
0,0.629639,1
0,0.46888044,0
0,0.3831558,0
0,0.42108223,0
1,0.48280582,0
1,0.49136034,0
0,0.5707729,1
1,0.7196552,1
0,0.5790292,1
0,0.6228223,1
0,0.6177558,1
1,0.5625825,1
1,0.534909,1
0,0.68552655,1
0,0.44994876,0
0,0.43304142,0
0,0.5334287,1
0,0.3662802,0
1,0.49118474,0
0,0.52653694,1
1,0.66215587,1
0,0.45030764,0
0,0.4752481,0
1,0.45569676,0
0,0.37764075,0
1,0.67877436,1
0,0.46580172,0
1,0.40701008,0
0,0.36926058,0
1,0.46199614,0
1,0.41790396,0
1,0.57150626,1
1,0.4879247,0
1,0.53334993,1
0,0.66753876,1
0,0.6092247,1
1,0.6282127,1
0,0.597952,1
1,0.52903056,1
0,0.5013735,1
1,0.38857204,0
0,0.4774199,0
1,0.6681771,1
1,0.4756232,0
0,0.3464295,0
1,0.5801661,1
0,0.50324214,1
0,0.51769704,1
1,0.4662612,0
0,0.5829675,1
0,0.44619146,0
0,0.6660205,1
0,0.63516706,1
0,0.6180404,1
0,0.46378386,0
1,0.4508895,0
1,0.5326069,1
0,0.55068624,1
1,0.6711082,1
1,0.5741095,1
0,0.52487385,1
1,0.3571887,0
1,0.69649047,1
0,0.3667221,0
0,0.47555766,0
0,0.4423455,0
1,0.39019546,0
0,0.36608285,0
1,0.67439234,1
0,0.6127657,1
0,0.34580216,0
0,0.49262393,0
0,0.42364183,0
1,0.41227114,0
1,0.47555766,0
1,0.41492513,0
0,0.6636699,1
1,0.51469946,1
0,0.57701564,1
1,0.4496881,0
0,0.6587654,1
0,0.6033774,1
0,0.3863706,0
1,0.60940087,1
0,0.37671122,0
0,0.45600381,0
0,0.46781814,0
1,0.64147586,1
1,0.6973769,1
1,0.38854006,0
0,0.4900122,0
0,0.6066983,1
1,0.49453884,0
0,0.66951454,1
1,0.49837357,0
0,0.58828074,1
1,0.6792313,1
1,0.5887989,1
0,0.45690334,0
0,0.3677956,0
0,0.4828516,0
1,0.4993936,0
0,0.46017352,0
1,0.53120106,1
0,0.515203,1
1,0.5970137,1
0,0.620104,1
0,0.49817112,0
0,0.47409797,0
0,0.6469298,1
1,0.6576619,1
0,0.45028946,0
0,0.59168315,1
0,0.57772106,1
1,0.53798974,1
1,0.594093,1
0,0.4391144,0
0,0.48928332,0
0,0.39042294,0
0,0.72571254,1
1,0.6959122,1
1,0.4852609,0
1,0.46389893,0
1,0.3657284,0
0,0.52624875,1
0,0.45457673,0
1,0.5815198,1
1,0.5144431,1
0,0.3657284,0
1,0.50213,1
0,0.46600053,0
1,0.5013299,1
0,0.68646055,1
0,0.4856939,0
0,0.49991146,0
1,0.40701008,0
1,0.6195947,1
0,0.5479786,1
0,0.57860386,1
0,0.3464295,0
0,0.64224887,1
1,0.5642078,1
1,0.61503685,1
0,0.43932247,0
0,0.4399861,0
1,0.39857823,0
1,0.47416374,0
0,0.43798473,0
0,0.47717115,0
1,0.599848,1
1,0.6621024,1
0,0.36586064,0
0,0.4723377,0
1,0.523091,1
0,0.46781814,0
0,0.3863706,0
1,0.52615047,1
0,0.37965363,0
1,0.55472374,1
0,0.63116235,1
1,0.58401656,1
1,0.43798473,0
1,0.5025607,1
1,0.60318273,1
0,0.34580216,0
0,0.6061178,1
0,0.6181534,1
0,0.36731386,0
0,0.5357044,1
1,0.4924797,0
0,0.38031462,0
0,0.5189437,1
1,0.49348643,0
1,0.53485143,1
0,0.58455753,1
0,0.53456956,1
1,0.40874478,0
1,0.66731423,1
1,0.45003232,0
1,0.45925456,0
1,0.49713063,0
1,0.5725277,1
1,0.6061698,1
1,0.6735258,1
1,0.6827117,1
0,0.6078612,1
1,0.5725277,1
1,0.49327368,0
1,0.3657284,0
0,0.47717115,0
0,0.44463965,0
1,0.4752481,0
0,0.5168976,1
0,0.35907224,0
0,0.63153046,1
1,0.6038939,1
0,0.47414353,0
1,0.497555,0
1,0.6587586,1
1,0.39870167,0
0,0.3936784,0
0,0.51724094,1
1,0.6019053,1
0,0.3831558,0
0,0.42734048,0
0,0.38977832,0
1,0.3863706,0
1,0.40874478,0
0,0.68277454,1
1,0.53456956,1
0,0.6940511,1
0,0.5434884,1
1,0.6641962,1
0,0.5724278,1
0,0.36608285,0
0,0.46017352,0
0,0.46199614,0
1,0.7330461,1
1,0.57724255,1
1,0.6553199,1
0,0.7951136,1
0,0.49849287,0
0,0.39971453,0
0,0.46565598,0
0,0.56746423,1
0,0.69052535,1
0,0.36608285,0
0,0.514331,1
1,0.40347847,0
0,0.5456571,1
0,0.4890898,0
0,0.4709175,0
0,0.5123489,1
0,0.3739696,0
1,0.40160954,0
0,0.36667562,0
1,0.6211692,1
0,0.51769704,1
0,0.36926058,0
1,0.5872038,1
1,0.7259466,1
1,0.6219095,1
0,0.4681237,0
0,0.59449255,1
1,0.49453884,0
1,0.5441935,1
1,0.44655886,0
1,0.3699177,0
0,0.52975345,1
0,0.34345284,0
1,0.46166754,0
1,0.6732573,1
0,0.6340701,1
0,0.50213,1
0,0.47228515,0
1,0.50619125,1
0,0.6072167,1
1,0.6771493,1
0,0.51084006,1
1,0.5168165,1
0,0.3373026,0
0,0.475285,0
1,0.4496881,0
1,0.5851243,1
0,0.5481136,1
0,0.37764075,0
1,0.58785295,1
0,0.51520807,1
1,0.3443332,0
0,0.40701008,0
1,0.5829675,1
0,0.4714483,0
0,0.61278814,1
1,0.49713063,0
0,0.4898978,0
1,0.4804571,0
0,0.4839364,0
1,0.5887989,1
1,0.6305608,1
0,0.5579335,1
1,0.6329475,1
1,0.5993346,1
1,0.39870167,0
0,0.6902753,1
0,0.6014822,1
0,0.46082902,0
0,0.6891157,1
1,0.48471716,0
1,0.43304142,0
1,0.66514194,1
1,0.44655886,0
0,0.3677956,0
0,0.48200408,0
0,0.6460911,1
1,0.523091,1
1,0.6622397,1
1,0.59591347,1
1,0.45567253,0
1,0.63247716,1
0,0.38031462,0
1,0.68230927,1
0,0.6035876,1
0,0.60580367,1
0,0.49186477,0
0,0.5363681,1
1,0.6214764,1
0,0.46565598,0
0,0.5839527,1
1,0.60618764,1
1,0.67134523,1
0,0.48469985,0
1,0.5726271,1
0,0.53021044,1
0,0.51084006,1
1,0.5956154,1
0,0.6668224,1
0,0.3751297,0
1,0.7035775,1
0,0.40906793,0
0,0.7099221,1
0,0.34867966,0
0,0.46538058,0
1,0.6758489,1
1,0.49776414,0
0,0.5054029,1
1,0.5952463,1
1,0.4399861,0
0,0.42734048,0
0,0.46781814,0
1,0.49440634,0
1,0.6530078,1
1,0.5275085,1
1,0.609476,1
0,0.6827538,1
0,0.47905228,0
1,0.5322385,1
0,0.3863383,0
1,0.48103645,0
0,0.7060134,1
0,0.69292843,1
1,0.46082902,0
1,0.6861081,1
0,0.6731365,1
1,0.64638513,1
1,0.3645331,0
1,0.45429176,0
1,0.50192094,1
1,0.679628,1
1,0.52033454,1
0,0.62187505,1
1,0.48830026,0
1,0.5874816,1
1,0.5062245,1
1,0.42960876,0
0,0.39870167,0
0,0.61219704,1
0,0.5170473,1
1,0.51112896,1
0,0.5222031,1
0,0.582127,1
0,0.3921117,0
0,0.3831558,0
1,0.46353236,0
0,0.3554124,0
1,0.68261,1
1,0.6748829,1
0,0.53441787,1
0,0.40347847,0
1,0.6295496,1
1,0.6476615,1
1,0.6561748,1
0,0.5804672,1
1,0.5572916,1
0,0.59326875,1
1,0.66566193,1
1,0.5625825,1
1,0.47744703,0
1,0.6975236,1
1,0.6510914,1
1,0.61336887,1
0,0.60132176,1
1,0.67835796,1
0,0.40701008,0
1,0.6023157,1
0,0.652727,1
1,0.62941587,1
0,0.50738364,1
1,0.6010039,1
1,0.46565598,0
0,0.5407659,1
0,0.49262393,0
0,0.5158026,1
1,0.75674385,1
1,0.668392,1
0,0.46082902,0
0,0.49837357,0
0,0.4828516,0
0,0.5798032,1
0,0.3667221,0
0,0.4885882,0
0,0.5176012,1
1,0.36608285,0
0,0.3464295,0
1,0.7026618,1
0,0.56275284,1
1,0.5625509,1
1,0.64768535,1
0,0.6076834,1
0,0.41227114,0
1,0.6386298,1
1,0.5773674,1
0,0.55068624,1
1,0.71530455,1
1,0.6150491,1
1,0.6148327,1
1,0.67007583,1
0,0.36900797,0
0,0.59454924,1
1,0.52903056,1
1,0.68302745,1
1,0.37140986,0
1,0.58294916,1
0,0.40160954,0
0,0.4457555,0
1,0.69848895,1
0,0.43304142,0
1,0.6993565,1
1,0.56238544,1
0,0.37404746,0
1,0.687527,1
0,0.39560378,0
0,0.6774622,1
0,0.53783166,1
1,0.3714484,0
1,0.58595383,1
0,0.3969986,0
1,0.40347847,0
1,0.4915971,0
1,0.5926058,1
0,0.5252253,1
1,0.5952463,1
0,0.41227114,0
1,0.41256654,0
1,0.7509601,1
0,0.42364183,0
1,0.51045823,1
1,0.4423455,0
1,0.46781814,0
0,0.48997185,0
1,0.652497,1
1,0.6702806,1
0,0.51084006,1
0,0.6903338,1
0,0.5873258,1
0,0.51084006,1
0,0.68947023,1
0,0.6774675,1
0,0.62618273,1
0,0.39287525,0
0,0.36797202,0
0,0.35065433,0
0,0.35907224,0
1,0.6359989,1
1,0.37053862,0
1,0.5254989,1
1,0.6704763,1
1,0.66174716,1
0,0.45495126,0
1,0.49645722,0
0,0.6010964,1
0,0.3419969,0
1,0.5145083,1
0,0.51112896,1
1,0.65054744,1
1,0.51562613,1
0,0.46848625,0
1,0.46781814,0
0,0.6901879,1
0,0.49367225,0
0,0.62676257,1
1,0.6651813,1
1,0.51439875,1
0,0.3628833,0
0,0.57082546,1
0,0.5668688,1
0,0.43481055,0
1,0.37404746,0
1,0.6042572,1
0,0.5966277,1
0,0.63333094,1
0,0.39560378,0
1,0.39870167,0
1,0.68690497,1
0,0.61845934,1
1,0.49367225,0
1,0.6750565,1
0,0.36669534,0
0,0.5071832,1
0,0.5260919,1
1,0.6038939,1
1,0.67308843,1
1,0.5207486,1
0,0.5133697,1
1,0.47086138,0
0,0.48871976,0
0,0.6754899,1
1,0.53348684,1
0,0.5989894,1
1,0.6244017,1
1,0.53453195,1
0,0.48602778,0
1,0.49348643,0
1,0.50980616,1
1,0.6639036,1
1,0.5304623,1
1,0.48211378,0
1,0.44105756,0
1,0.5025607,1
0,0.6949093,1
0,0.4293458,0
0,0.5027372,1
1,0.6910415,1
0,0.40189824,0
1,0.37965363,0
0,0.40875342,0
1,0.6723533,1
1,0.66695917,1
1,0.64637274,1
0,0.45672214,0
1,0.50542647,1
0,0.5133697,1
0,0.3571887,0
0,0.47744703,0
1,0.57356745,1
1,0.64227474,1
0,0.6886396,1
0,0.67814887,1
1,0.48900425,0
0,0.6488977,1
1,0.41541484,0
1,0.675575,1
0,0.6444993,1
0,0.6602975,1
0,0.36572608,0
0,0.48827118,0
1,0.5839527,1
0,0.38854006,0
1,0.5446659,1
1,0.59239674,1
1,0.47416374,0
1,0.515203,1
0,0.47744703,0
0,0.36731386,0
1,0.63655096,1
0,0.601963,1
1,0.5762602,1
0,0.41536438,0
0,0.36862102,0
1,0.56678015,1
1,0.59253204,1
0,0.52033454,1
1,0.53548616,1
0,0.5653412,1
1,0.57883817,1
1,0.49205425,0
1,0.48278937,0
1,0.67494804,1
0,0.3677956,0
1,0.5189437,1
0,0.6388039,1
1,0.5390124,1
0,0.52460605,1
1,0.51526624,1
0,0.5432284,1
0,0.45130092,0
0,0.39714208,0
1,0.65134656,1
1,0.616572,1
0,0.50791186,1
0,0.5067224,1
1,0.68646055,1
0,0.6569157,1
0,0.5788917,1
0,0.38031462,0
1,0.48940036,0
1,0.5208924,1
0,0.53360003,1
1,0.3831558,0
0,0.5597321,1
0,0.44463965,0
1,0.48431125,0
1,0.649497,1
0,0.45130092,0
0,0.50696754,1
0,0.7640981,1
1,0.69820887,1
0,0.48928332,0
0,0.65566766,1
0,0.35366687,0
0,0.64275044,1
1,0.36600912,0
1,0.5650447,1
1,0.36880225,0
1,0.45786312,0
1,0.5134873,1
1,0.50791186,1
1,0.5660099,1
1,0.49846342,0
0,0.60254294,1
1,0.43307102,0
0,0.4828516,0
1,0.41790396,0
0,0.4508895,0
1,0.3677956,0
1,0.4886835,0
1,0.64941704,1
0,0.6212088,1
0,0.4993703,0
0,0.41541484,0
1,0.58594763,1
1,0.6217712,1
1,0.5799294,1
1,0.36900797,0
0,0.55199665,1
0,0.36262247,0
1,0.3863383,0
0,0.4293458,0
1,0.63548607,1
0,0.37240756,0
1,0.57520044,1
0,0.4496881,0
0,0.65581435,1
0,0.4730619,0
0,0.36797202,0
1,0.6263072,1
1,0.64754987,1
0,0.5027372,1
0,0.64750755,1
1,0.48940036,0
0,0.6361546,1
0,0.5676329,1
0,0.5014398,1
1,0.5405319,1
0,0.4297287,0
1,0.67031705,1
1,0.6115142,1
1,0.3863706,0
0,0.6422424,1
1,0.66875803,1
1,0.41790396,0
1,0.70996374,1
0,0.6715944,1
1,0.59620124,1
1,0.59720534,1
1,0.5935113,1
0,0.43798473,0
0,0.37965363,0
1,0.46600053,0
1,0.66548496,1
0,0.53334844,1
1,0.6743785,1
1,0.53178126,1
1,0.6929052,1
1,0.44485927,0
0,0.65566766,1
1,0.56806356,1
1,0.52349424,1
0,0.58090836,1
1,0.5826628,1
0,0.63670474,1
0,0.43798473,0
0,0.6785237,1
0,0.39019546,0
0,0.47422722,0
0,0.49466148,0
0,0.45163903,0
0,0.67232823,1
1,0.46781814,0
1,0.5462896,1
0,0.47416374,0
0,0.48903665,0
0,0.4140674,0
1,0.5006642,1
1,0.6291837,1
0,0.4508895,0
1,0.39432934,0
1,0.51112896,1
1,0.4496881,0
0,0.48517495,0
1,0.6699556,1
1,0.6940546,1
1,0.5593738,1
1,0.6633289,1
1,0.6251995,1
1,0.3667221,0
0,0.3393788,0
1,0.588251,1
0,0.39256534,0
0,0.58401656,1
0,0.47262207,0
1,0.44163656,0
1,0.57082546,1
0,0.67118156,1
0,0.51024395,1
1,0.6201998,1
1,0.6533442,1
1,0.6766352,1
1,0.6310065,1
0,0.53302574,1
0,0.6872009,1
1,0.45030764,0
1,0.55430514,1
0,0.6160417,1
1,0.6811226,1
0,0.41492513,0
0,0.37965363,0
1,0.6424905,1
0,0.45201236,0
0,0.5351244,1
1,0.67408204,1
0,0.39857823,0
0,0.6515999,1
1,0.6362486,1
0,0.50584847,1
0,0.45587188,0
1,0.44655886,0
0,0.5417346,1
0,0.49942037,0
1,0.46593785,0
0,0.5216109,1
1,0.38857204,0
0,0.4423455,0
0,0.34007227,0
0,0.4871939,0
1,0.61972016,1
1,0.4798397,0
1,0.66614133,1
0,0.67211837,1
1,0.5414643,1
0,0.681771,1
0,0.54214317,1
0,0.4828516,0
1,0.4457555,0
1,0.6176581,1
0,0.39079413,0
1,0.52460605,1
0,0.36900797,0
1,0.6616351,1
0,0.36586064,0
0,0.41689032,0
0,0.61523575,1
1,0.5520506,1
1,0.66226417,1
1,0.48848417,0
0,0.3863706,0
1,0.53809035,1
1,0.6238567,1
0,0.68784106,1
1,0.60082704,1
0,0.3671744,0
0,0.55928797,1
1,0.6012427,1
0,0.3645331,0
0,0.5873102,1
1,0.4695113,0
0,0.4054497,0
1,0.70899177,1
1,0.544511,1
1,0.6992626,1
0,0.34786886,0
1,0.56238544,1
1,0.6768641,1
1,0.48147985,0
1,0.71995085,1
0,0.5370612,1
1,0.6012991,1
1,0.6522707,1
0,0.55052686,1
1,0.49367225,0
0,0.48469985,0
1,0.47655082,0
1,0.39019546,0
0,0.45569676,0
1,0.45495224,0
0,0.4803969,0
1,0.57666546,1
0,0.6145885,1
0,0.48230144,0
0,0.4828516,0
0,0.44485927,0
1,0.50738364,1
0,0.6531705,1
0,0.5323953,1
0,0.60725355,1
0,0.481742,0
1,0.6302841,1
0,0.63865924,1
0,0.5782998,1
0,0.60979146,1
1,0.5256715,1
1,0.49869835,0
1,0.5963861,1
0,0.36600912,0
0,0.64319855,1
1,0.37752667,0
1,0.49645722,0
1,0.40347847,0
0,0.3945056,0
0,0.5403604,1
1,0.51021975,1
0,0.515203,1
0,0.53334993,1
1,0.6502148,1
1,0.40701008,0
0,0.68888533,1
0,0.3667221,0
1,0.41541484,0
0,0.55293536,1
0,0.43350357,0
0,0.6515196,1
1,0.65571964,1
1,0.610639,1
0,0.68824244,1
0,0.518111,1
1,0.67368746,1
0,0.57073283,1
0,0.5275085,1
1,0.5415939,1
0,0.6283359,1
1,0.54782623,1
1,0.61428547,1
1,0.4804571,0
0,0.6414081,1
0,0.38857204,0
0,0.3443332,0
0,0.6479235,1
1,0.69784176,1
0,0.3731709,0
1,0.57570106,1
1,0.5635019,1
1,0.6616287,1
0,0.37140986,0
0,0.3731709,0
0,0.6278341,1
1,0.6835861,1
0,0.4399861,0
0,0.3671744,0
1,0.45163903,0
1,0.60977864,1
0,0.5871215,1
0,0.46166754,0
0,0.3831558,0
1,0.50426936,1
0,0.39432934,0
0,0.7184274,1
0,0.516373,1
0,0.66058874,1
1,0.6803332,1
0,0.43798473,0
0,0.3714484,0
1,0.50426936,1
0,0.48871976,0
0,0.5651234,1
1,0.691762,1
0,0.66282547,1
1,0.4714483,0
0,0.5135782,1
0,0.46789303,0
0,0.4504147,0
1,0.69549894,1
1,0.43481055,0
1,0.7045771,1
1,0.65332043,1
1,0.42763266,0
0,0.43304142,0
0,0.5666507,1
0,0.52780366,1
1,0.45644408,0
1,0.63284403,1
0,0.5438024,1
1,0.47469062,0
0,0.3961168,0
0,0.5860393,1
0,0.4757628,0
0,0.50712365,1
0,0.6553199,1
0,0.5252253,1
0,0.6688933,1
0,0.6872637,1
1,0.5459615,1
0,0.59545076,1
0,0.35366687,0
0,0.46781814,0
1,0.64800644,1
0,0.48757505,0
1,0.5120758,1
1,0.4871939,0
1,0.60025835,1
0,0.46199614,0
0,0.65849674,1
1,0.61079866,1
1,0.48267135,0
0,0.5159312,1
1,0.34786886,0
1,0.5991963,1
0,0.6676378,1
1,0.67911303,1
1,0.5043451,1
1,0.56254894,1
0,0.54336244,1
1,0.41492513,0
0,0.49328133,0
1,0.6816719,1
0,0.44655886,0
0,0.67396045,1
0,0.48346806,0
1,0.50791186,1
0,0.40347847,0
0,0.52615047,1
1,0.6584823,1
0,0.5370612,1
0,0.46353236,0
1,0.46565598,0
1,0.41492513,0
0,0.36862102,0
0,0.4723377,0
1,0.42108223,0
0,0.3945503,0
1,0.41227114,0
1,0.5610356,1
1,0.6228031,1
0,0.3731709,0
1,0.60749066,1
1,0.42364183,0
1,0.6398762,1
0,0.5049152,1
0,0.5704392,1
0,0.50687546,1
0,0.37965363,0
1,0.5630793,1
0,0.36880225,0
0,0.69983286,1
0,0.70611864,1
0,0.42216417,0
0,0.44463965,0
0,0.3945503,0
1,0.6639126,1
0,0.40347847,0
0,0.5120758,1
0,0.67957073,1
0,0.3863383,0
0,0.4888031,0
1,0.6072496,1
0,0.4756232,0
0,0.49162838,0
0,0.36926058,0
1,0.49367225,0
1,0.47717115,0
1,0.52216655,1
0,0.66904724,1
1,0.38849738,0
1,0.69606954,1
0,0.4993442,0
1,0.36615452,0
1,0.41227114,0
0,0.5708001,1
0,0.5862702,1
1,0.44485927,0
0,0.5630366,1
0,0.48816258,0
1,0.5476161,1
0,0.42734048,0
0,0.49817604,0
1,0.693733,1
0,0.68074566,1
1,0.6947085,1
1,0.7375402,1
1,0.5446659,1
1,0.46615374,0
0,0.5867848,1
1,0.6665158,1
0,0.69392866,1
0,0.49857646,0
0,0.47026658,0
1,0.67456895,1
0,0.6545355,1
0,0.36593485,0
0,0.46565598,0
0,0.40160954,0
1,0.54795676,1
0,0.6974983,1
1,0.60696775,1
1,0.6175746,1
0,0.5952463,1
1,0.56376183,1
1,0.49440634,0
1,0.5728963,1
0,0.46876287,0
1,0.56359744,1
1,0.73698425,1
1,0.64293146,1
1,0.65856516,1
0,0.6082956,1
0,0.5940409,1
0,0.47466862,0
0,0.35662016,0
0,0.62091,1
0,0.5168165,1
0,0.47728792,0
1,0.6244017,1
1,0.57022065,1
0,0.6936808,1
1,0.53135353,1
1,0.5817292,1
0,0.4654466,0
0,0.5402168,1
0,0.47422722,0
1,0.49186477,0
0,0.499715,0
1,0.40004227,0
1,0.6787578,1
1,0.5874816,1
1,0.5176012,1
0,0.4496881,0
1,0.521526,1
1,0.51472527,1
1,0.4992072,0
0,0.56533426,1
0,0.6920094,1
0,0.50712365,1
0,0.47262207,0
0,0.6245816,1
1,0.6715229,1
0,0.46127567,0
0,0.42364183,0
0,0.39500874,0
0,0.52856916,1
0,0.40160954,0
0,0.5213932,1
0,0.3519169,0
0,0.6921142,1
0,0.46389893,0
1,0.7083723,1
1,0.5049152,1
0,0.6686095,1
0,0.46781814,0
1,0.6836511,1
1,0.4591461,0
1,0.6819355,1
1,0.5403604,1
1,0.60926384,1
1,0.5453794,1
1,0.5479786,1
1,0.49113142,0
1,0.37512565,0
0,0.47469062,0
0,0.6122729,1
1,0.5120167,1
0,0.48775655,0
0,0.4260765,0
1,0.6301122,1
0,0.46389893,0
0,0.3751297,0
0,0.5505639,1
0,0.58054215,1
0,0.53783166,1
0,0.40275922,0
1,0.50836796,1
0,0.41227114,0
1,0.61066735,1
0,0.5627577,1
1,0.53360003,1
1,0.6150862,1
0,0.36669534,0
1,0.5650447,1
1,0.56806356,1
0,0.48871976,0
1,0.68452954,1
0,0.38928473,0
1,0.6593702,1
0,0.48948294,0
1,0.36669534,0
0,0.39870167,0
1,0.48848417,0
0,0.5049152,1
0,0.55637115,1
1,0.5929948,1
0,0.6221972,1
0,0.36880225,0
0,0.42734048,0
0,0.45812032,0
0,0.37173903,0
0,0.6653977,1
1,0.5109666,1
0,0.42364183,0
0,0.4399861,0
0,0.6428819,1
0,0.41666615,0
0,0.6964553,1
1,0.6774622,1
1,0.50169647,1
0,0.42364183,0
0,0.5540271,1
0,0.49776414,0
0,0.6433692,1
0,0.5438934,1
1,0.6494471,1
0,0.67334944,1
1,0.4856396,0
0,0.5263473,1
1,0.5149907,1
0,0.6865294,1
0,0.43307102,0
0,0.3936784,0
0,0.53537893,1
0,0.670202,1
1,0.6054456,1
0,0.38509312,0
0,0.49695638,0
1,0.6108035,1
0,0.45495126,0
1,0.4990883,0
1,0.45067617,0
1,0.6632606,1
1,0.53741735,1
1,0.57701564,1
1,0.50002754,1
1,0.41525438,0
1,0.6562394,1
0,0.54369575,1
0,0.62353003,1
0,0.4423455,0
1,0.53254724,1
1,0.62225246,1
1,0.45569676,0
0,0.5067224,1
0,0.37749514,0
0,0.39467204,0
1,0.5901249,1
1,0.5718448,1
1,0.49833125,0
1,0.4496881,0
0,0.37138802,0
0,0.67013305,1
1,0.5034258,1
0,0.40701008,0
1,0.53157413,1
0,0.4798397,0
0,0.6913284,1
0,0.64880025,1
0,0.46781814,0
1,0.51045823,1
1,0.6608844,1
0,0.48830026,0
1,0.5535565,1
0,0.3519169,0
1,0.6257672,1
0,0.54782623,1
0,0.475285,0
1,0.5517728,1
1,0.61168396,1
0,0.6407417,1
1,0.57822764,1
0,0.3554124,0
1,0.68982106,1
1,0.6180404,1
1,0.61844116,1
0,0.3885296,0
0,0.5693295,1
1,0.34956664,0
1,0.4391144,0
0,0.54254365,1
1,0.55920225,1
0,0.3662802,0
0,0.50619125,1
0,0.6677784,1
1,0.57068783,1
1,0.6728262,1
1,0.42212373,0
0,0.51472527,1
1,0.34956664,0
1,0.6153103,1
1,0.6408175,1
0,0.4508895,0
0,0.6125734,1
0,0.61129194,1
0,0.45351523,0
0,0.65562683,1
1,0.6175682,1
0,0.5283939,1
0,0.68967515,1
0,0.42734048,0
1,0.55579436,1
1,0.54769254,1
0,0.5166801,1
0,0.39560378,0
0,0.66393715,1
0,0.39345002,0
1,0.61457515,1
0,0.6291837,1
0,0.45850563,0
1,0.58127844,1
1,0.6763921,1
1,0.569754,1
1,0.69858617,1
1,0.67221135,1
1,0.5253676,1
0,0.4902472,0
1,0.6855857,1
0,0.60504323,1
1,0.6524108,1
1,0.54162353,1
1,0.5168976,1
1,0.4886835,0
1,0.6509778,1
1,0.54536736,1
0,0.43481055,0
0,0.41790396,0
1,0.45567253,0
0,0.36900797,0
1,0.61845934,1
0,0.36608285,0
1,0.6328687,1
0,0.47086138,0
1,0.6832689,1
0,0.46799216,0
1,0.3677956,0
1,0.45201236,0
1,0.67454475,1
1,0.6804673,1
0,0.5275085,1
0,0.4951284,0
0,0.36779723,0
0,0.4714483,0
1,0.6161948,1
1,0.6950181,1
0,0.37363493,0
0,0.4423455,0
1,0.46096906,0
0,0.5821142,1
0,0.34786886,0
1,0.60949475,1
1,0.49713063,0
1,0.62417483,1
0,0.35907224,0
0,0.492616,0
0,0.52033454,1
0,0.6804673,1
0,0.3662802,0
0,0.4874734,0
1,0.53769946,1
0,0.56419754,1
0,0.44463965,0
0,0.65008414,1
1,0.53120106,1
1,0.516373,1
0,0.5033258,1
1,0.44655886,0
1,0.5402562,1
0,0.3419969,0
1,0.4508895,0
0,0.4508895,0
0,0.55601215,1
0,0.36731386,0
1,0.5036032,1
0,0.45569676,0
1,0.4519607,0
0,0.49058965,0
1,0.60749066,1
0,0.4297287,0
0,0.3657284,0
0,0.5237146,1
1,0.47717115,0
0,0.40701008,0
0,0.41153035,0
0,0.4548844,0
0,0.4931122,0
1,0.41525438,0
0,0.40701008,0
0,0.45495126,0
1,0.5453082,1
1,0.6205769,1
0,0.5576801,1
0,0.5168976,1
1,0.6864648,1
0,0.48031157,0
1,0.4508895,0
0,0.34345284,0
1,0.40906793,0
1,0.7194339,1
0,0.52857155,1
1,0.3885296,0
1,0.49907526,0
1,0.6685835,1
0,0.5025607,1
0,0.40906793,0
1,0.6238567,1
1,0.68050086,1
1,0.6497697,1
1,0.5481136,1
1,0.56648177,1
1,0.59325796,1
0,0.40874478,0
1,0.36667562,0
1,0.5005386,1
0,0.41790396,0
0,0.56322277,1
1,0.5973288,1
1,0.60310936,1
0,0.34705603,0
0,0.37135613,0
0,0.6107674,1
0,0.5655124,1
0,0.50712365,1
1,0.5913083,1
1,0.45191953,0
0,0.49695638,0
0,0.3671744,0
1,0.55920225,1
0,0.6924637,1
1,0.51442015,1
1,0.71995085,1
0,0.5751563,1
0,0.3863383,0
1,0.57022065,1
0,0.3464295,0
0,0.4798397,0
0,0.46888044,0
1,0.53426355,1
0,0.64499724,1
0,0.569406,1
1,0.6380834,1
1,0.4798397,0
0,0.5653412,1
0,0.5003027,1
1,0.37965363,0
1,0.57354623,1
1,0.5903104,1
1,0.56419754,1
0,0.48197898,0
0,0.36615452,0
0,0.63885194,1
1,0.68470407,1
0,0.5354167,1
1,0.674618,1
1,0.49918,0
1,0.5244918,1
0,0.3662802,0
0,0.40347847,0
1,0.60004914,1
0,0.65810025,1
0,0.61672467,1
0,0.6029137,1
0,0.43481055,0
1,0.41541484,0
1,0.575538,1
1,0.5378561,1
1,0.5373527,1
0,0.36731386,0
1,0.6586822,1
1,0.45495126,0
0,0.3739696,0
0,0.6264954,1
1,0.60628057,1
1,0.58612734,1
1,0.34956664,0
1,0.6189604,1
0,0.5441935,1
0,0.3714484,0
0,0.5947222,1
1,0.70096064,1
0,0.51724094,1
0,0.46614948,0
1,0.5169352,1
0,0.48080486,0
0,0.5136308,1
0,0.47414353,0
1,0.3751297,0
0,0.51045823,1
1,0.6998846,1
0,0.45690334,0
1,0.6823346,1
1,0.47149602,0
0,0.36797202,0
0,0.41782057,0
0,0.52407205,1
0,0.5887149,1
0,0.41790396,0
0,0.6205769,1
0,0.4423455,0
1,0.5333897,1
1,0.48593882,0
1,0.54886436,1
0,0.49058965,0
0,0.5666507,1
1,0.6938659,1
0,0.6488989,1
0,0.5591229,1
1,0.6277252,1
1,0.68523157,1
1,0.4333709,0
1,0.4496881,0
0,0.51562613,1
0,0.41583508,0
0,0.3667221,0
0,0.5936384,1
1,0.5453082,1
1,0.5951955,1
0,0.40347847,0
1,0.687053,1
0,0.49348643,0
0,0.5578971,1
0,0.46781814,0
1,0.6631988,1
1,0.63333094,1
1,0.6611311,1
0,0.39636648,0
1,0.5672726,1
0,0.67791694,1
1,0.39636648,0
0,0.51469946,1
0,0.3699177,0
1,0.58401656,1
0,0.5283148,1
1,0.4701028,0
0,0.4570393,0
1,0.5385502,1
1,0.5292182,1
1,0.46633565,0
1,0.48434997,0
1,0.5775071,1
1,0.4508895,0
0,0.6759153,1
1,0.5494902,1
0,0.4399861,0
0,0.49695638,0
1,0.37156615,0
0,0.4709175,0
1,0.65822566,1
0,0.4293458,0
0,0.4803969,0
0,0.53026354,1
0,0.36926058,0
0,0.3751297,0
1,0.5996012,1
1,0.45003232,0
0,0.36593485,0
1,0.6905147,1
1,0.6747619,1
0,0.475311,0
1,0.48416287,0
1,0.5724243,1
1,0.6788217,1
1,0.69004536,1
1,0.5014398,1
1,0.6641831,1
1,0.53491515,1
0,0.47147232,0
1,0.57666546,1
0,0.6101127,1
0,0.67296845,1
0,0.572146,1
1,0.52800995,1
1,0.48827118,0
0,0.4297287,0
1,0.54901105,1
0,0.4399861,0
1,0.42364183,0
1,0.4423455,0
0,0.39060596,0
1,0.4756232,0
0,0.6021892,1
0,0.5229095,1
1,0.5037339,1
0,0.4877228,0
0,0.48976657,0
0,0.45052117,0
1,0.6196543,1
0,0.6482049,1
1,0.55469954,1
1,0.4643866,0
1,0.5874816,1
1,0.389055,0
0,0.550063,1
0,0.37058738,0
0,0.674206,1
1,0.52571326,1
0,0.6380197,1
1,0.6662569,1
1,0.67401326,1
0,0.52525854,1
0,0.36593485,0
1,0.59950787,1
0,0.565321,1
0,0.3831558,0
0,0.674503,1
1,0.5123654,1
0,0.42364183,0
0,0.69639724,1
0,0.420912,0
1,0.6739917,1
0,0.3831558,0
0,0.6175482,1
1,0.68267566,1
1,0.61523575,1
1,0.6815705,1
0,0.4508895,0
1,0.7216908,1
0,0.38031462,0
1,0.67721856,1
1,0.56459767,1
0,0.48601538,0
0,0.48471716,0
1,0.4548844,0
1,0.6744422,1
1,0.62258434,1
0,0.51928675,1
1,0.5886844,1
0,0.3519169,0
1,0.51472527,1
0,0.37173903,0
0,0.3731709,0
1,0.4578243,0
1,0.45250326,0
1,0.6836561,1
1,0.38870773,0
0,0.5169352,1
1,0.6633289,1
1,0.43642288,0
0,0.66516197,1
0,0.4570393,0
0,0.36669534,0
1,0.56799024,1
1,0.47761035,0
0,0.6974042,1
0,0.41790396,0
0,0.6864121,1
1,0.61272514,1
1,0.6350818,1
0,0.40701008,0
0,0.49058965,0
0,0.3519169,0
0,0.45030764,0
1,0.5597312,1
1,0.5035303,1
0,0.52358747,1
0,0.3731709,0
1,0.5651234,1
0,0.482114,0
0,0.5044051,1
0,0.4423455,0
0,0.4804571,0
1,0.6131612,1
1,0.3700467,0
1,0.3714484,0
1,0.3671744,0
1,0.6705952,1
0,0.40701008,0
0,0.34867966,0
1,0.67733055,1
1,0.53098977,1
1,0.47416374,0
1,0.36779723,0
0,0.5952506,1
1,0.47194675,0
1,0.6704226,1
0,0.41666615,0
0,0.47717115,0
1,0.69066066,1
1,0.68057114,1
0,0.59909624,1
1,0.5067224,1
1,0.5608093,1
1,0.43798473,0
1,0.5058,1
0,0.47149602,0
1,0.6685024,1
1,0.6732343,1
0,0.3662802,0
0,0.67898345,1
0,0.52780366,1
1,0.6381201,1
0,0.49481028,0
1,0.41577646,0
1,0.565321,1
0,0.5434918,1
0,0.44541606,0
0,0.5441935,1
1,0.49713063,0
0,0.4828516,0
0,0.51393706,1
0,0.42734048,0
1,0.5999779,1
0,0.6169829,1
1,0.45052117,0
1,0.6312594,1
0,0.60356444,1
0,0.49902642,0
1,0.67368615,1
0,0.45455307,0
0,0.48240677,0
0,0.4798397,0
1,0.5704103,1
0,0.53405195,1
1,0.6467683,1
0,0.3464295,0
1,0.51488894,1
0,0.41492513,0
1,0.5068092,1
1,0.4494367,0
0,0.43798473,0
1,0.65904045,1
1,0.46017352,0
0,0.36586064,0
1,0.36667562,0
0,0.635964,1
0,0.4798397,0
0,0.37764075,0
0,0.6925388,1
1,0.6561599,1
1,0.6281024,1
0,0.36926058,0
0,0.68814886,1
0,0.5323106,1
1,0.49645722,0
0,0.60499424,1
0,0.37404746,0
1,0.5826497,1
0,0.3671744,0
1,0.63500106,1
1,0.6429953,1
0,0.48563886,0
1,0.4423455,0
1,0.6837303,1
1,0.41666615,0
1,0.8040399,1
1,0.70660526,1
0,0.5363977,1
1,0.4992072,0
0,0.54856,1
0,0.55430514,1
0,0.52163166,1
1,0.5761366,1
0,0.51290786,1
1,0.5049152,1
1,0.7121526,1
1,0.53987324,1
1,0.67032534,1
0,0.40160954,0
1,0.668329,1
0,0.40701008,0
1,0.599848,1
1,0.37965363,0
1,0.6183673,1
0,0.6735249,1
0,0.62720734,1
0,0.48997185,0
0,0.68326175,1
1,0.49328133,0
0,0.5253676,1
0,0.36586064,0
0,0.6301403,1
0,0.6956697,1
1,0.5949846,1
0,0.46199614,0
0,0.5811873,1
0,0.41917327,0
1,0.6436861,1
0,0.51962113,1
0,0.69631773,1
1,0.4798397,0
0,0.49713063,0
0,0.5798918,1
0,0.48685816,0
1,0.64066476,1
0,0.48558274,0
1,0.7313412,1
0,0.64083225,1
1,0.6038047,1
1,0.64028263,1
0,0.60174096,1
0,0.50980616,1
0,0.38280094,0
0,0.3751297,0
0,0.42108223,0
1,0.46624768,0
1,0.36600912,0
1,0.68560594,1
0,0.54856,1
1,0.6813059,1
0,0.5650447,1
0,0.5640866,1
1,0.580781,1
1,0.6876709,1
1,0.5135782,1
0,0.49320847,0
1,0.50426936,1
1,0.36608285,0
1,0.50239885,1
1,0.550063,1
0,0.37058738,0
0,0.39042294,0
1,0.6941425,1
1,0.60631156,1
1,0.6465031,1
0,0.615846,1
0,0.3519169,0
1,0.36572608,0
1,0.50121313,1
0,0.6681053,1
0,0.4399861,0
1,0.5370612,1
0,0.35366687,0
1,0.60977864,1
1,0.54111344,1
1,0.46848625,0
0,0.63500154,1
0,0.5402562,1
0,0.4293458,0
1,0.6054733,1
0,0.3645331,0
1,0.62294215,1
0,0.45250326,0
0,0.4496881,0
1,0.5223922,1
1,0.43415338,0
0,0.36093304,0
0,0.421538,0
1,0.64275044,1
1,0.63919145,1
1,0.58720887,1
0,0.3657284,0
1,0.48230144,0
1,0.6379934,1
1,0.6918231,1
0,0.6553199,1
1,0.46848375,0
1,0.6833366,1
0,0.4888031,0
1,0.4570393,0
1,0.66059583,1
1,0.5178668,1
1,0.41744128,0
1,0.45622468,0
1,0.59122276,1
0,0.5870205,1
1,0.6543002,1
1,0.63386256,1
0,0.45495126,0
0,0.62945336,1
1,0.69201905,1
1,0.61892754,1
1,0.52163166,1
1,0.6224769,1
1,0.57195276,1
0,0.68863803,1
1,0.74752736,1
1,0.52216655,1
0,0.46166754,0
0,0.4874734,0
1,0.5582227,1
0,0.5065706,1
0,0.66811776,1
1,0.62941587,1
1,0.64430624,1
0,0.57570106,1
0,0.55469954,1
1,0.583687,1
0,0.421147,0
1,0.53334993,1
0,0.58215225,1
1,0.68468267,1
0,0.6697002,1
1,0.6035479,1
0,0.4457555,0
0,0.34786886,0
0,0.5704267,1
0,0.5446659,1
0,0.6293209,1
0,0.39870167,0
1,0.3714484,0
1,0.4249851,0
1,0.5418293,1
1,0.52033454,1
1,0.40347847,0
1,0.598071,1
0,0.46615374,0
1,0.40701008,0
1,0.67439234,1
0,0.7020922,1
0,0.622842,1
1,0.62225246,1
0,0.6179627,1
0,0.5372598,1
0,0.54338723,1
1,0.63113534,1
1,0.5609965,1
0,0.5058,1
1,0.49480516,0
1,0.53453195,1
0,0.37173903,0
0,0.41790396,0
0,0.5446659,1
0,0.36667562,0
0,0.41492513,0
0,0.4664708,0
0,0.40875342,0
1,0.5231994,1
0,0.49902642,0
0,0.47951323,0
0,0.36093304,0
0,0.4297287,0
0,0.36608285,0
1,0.48732635,0
0,0.58785295,1
1,0.6514167,1
0,0.64421016,1
1,0.57257015,1
1,0.6626054,1
0,0.67819667,1
1,0.5453082,1
1,0.42698044,0
0,0.5520435,1
0,0.40701008,0
0,0.6063041,1
0,0.40906793,0
0,0.5750979,1
0,0.46781814,0
0,0.4770683,0
1,0.50791186,1
0,0.36608285,0
0,0.39857823,0
1,0.36900797,0
1,0.59233075,1
0,0.6398479,1
1,0.49440634,0
1,0.5388826,1
0,0.39857823,0
0,0.67392164,1
0,0.6090109,1
1,0.6032532,1
1,0.71700037,1
1,0.66665053,1
1,0.66154724,1
1,0.6056724,1
1,0.60286903,1
0,0.60318273,1
1,0.49518698,0
1,0.45741346,0
0,0.36572608,0
0,0.4508895,0
0,0.4293458,0
0,0.57310724,1
1,0.5426007,1
1,0.38143936,0
1,0.46612152,0
1,0.58058614,1
1,0.6461377,1
1,0.51084006,1
0,0.4714483,0
1,0.48599207,0
0,0.39636648,0
0,0.44105756,0
1,0.54888254,1
1,0.36862102,0
0,0.43798473,0
0,0.6650849,1
0,0.64206845,1
0,0.3700467,0
0,0.64718515,1
1,0.54917336,1
1,0.5292414,1
1,0.45030764,0
0,0.36572608,0
0,0.66146815,1
0,0.49188012,0
0,0.4664708,0
0,0.43481055,0
0,0.6512057,1
0,0.5993346,1
1,0.61171716,1
0,0.48467043,0
0,0.46888044,0
0,0.6035876,1
0,0.39256534,0
1,0.69052535,1
1,0.37965363,0
0,0.5961529,1
0,0.5366691,1
1,0.56336206,1
1,0.67086077,1
1,0.6212549,1
0,0.5025607,1
0,0.37671122,0
1,0.48602778,0
1,0.6673429,1
0,0.666198,1
0,0.3863383,0
1,0.535088,1
0,0.40004227,0
0,0.67661303,1
0,0.4933452,0
0,0.5006642,1
0,0.41790396,0
0,0.46166754,0
0,0.46606377,0
1,0.37671122,0
0,0.6478171,1
1,0.66068065,1
0,0.3657284,0
0,0.55858505,1
0,0.42734048,0
1,0.5596307,1
0,0.4815095,0
1,0.57736915,1
1,0.61065555,1
0,0.3831558,0
0,0.49188012,0
0,0.36900797,0
0,0.6681941,1
0,0.48633176,0
1,0.52583754,1
1,0.4969514,0
1,0.4664708,0
0,0.37764075,0
0,0.45371354,0
0,0.4787821,0
0,0.4457555,0
0,0.5597312,1
0,0.6054418,1
0,0.3464295,0
0,0.5707724,1
0,0.49847627,0
1,0.6652119,1
0,0.37752667,0
0,0.66651165,1
0,0.47744703,0
0,0.610627,1
0,0.4993442,0
0,0.48928332,0
0,0.3413291,0
1,0.5415939,1
1,0.6509217,1
1,0.56931704,1
1,0.49857646,0
0,0.6253798,1
1,0.69894737,1
0,0.34867966,0
0,0.57640755,1
1,0.45030764,0
0,0.5123489,1
1,0.64488715,1
1,0.46781814,0
1,0.62774754,1
1,0.6878268,1
0,0.41227114,0
1,0.61219704,1
1,0.6628912,1
0,0.36593485,0
0,0.45274773,0
1,0.5025607,1
1,0.61478996,1
0,0.682026,1
1,0.56359744,1
0,0.5769158,1
1,0.66904527,1
1,0.68024766,1
1,0.53769946,1
1,0.36880225,0
0,0.6583008,1
0,0.4856396,0
1,0.50740176,1
0,0.420912,0
1,0.6180159,1
0,0.3731709,0
0,0.58872575,1
1,0.4519917,0
1,0.678537,1
0,0.65857416,1
0,0.68366766,1
1,0.55600554,1
1,0.5643613,1
0,0.47026658,0
1,0.67147404,1
1,0.5954095,1
1,0.5072546,1
1,0.6362486,1
0,0.5035303,1
0,0.6133058,1
0,0.48103645,0
0,0.3731709,0
0,0.5991963,1
0,0.35366687,0
1,0.59987277,1
1,0.4904315,0
1,0.58527225,1
0,0.51410925,1
0,0.6500317,1
1,0.4024005,0
1,0.5424896,1
0,0.46096906,0
1,0.633745,1
0,0.41507813,0
1,0.6587064,1
0,0.3612563,0
1,0.6912522,1
0,0.3839776,0
1,0.40906793,0
0,0.3662802,0
1,0.6651527,1
0,0.5506824,1
1,0.6755407,1
1,0.6640843,1
0,0.5728963,1
0,0.52358747,1
1,0.49854228,0
0,0.46565598,0
1,0.5403604,1
0,0.44659537,0
1,0.48187128,0
0,0.46977055,0
0,0.62679553,1
1,0.60534954,1
0,0.5006642,1
1,0.5029431,1
1,0.68199867,1
0,0.68712485,1
0,0.48762563,0
0,0.5786967,1
1,0.6583873,1
1,0.62830263,1
1,0.5114721,1
0,0.5993346,1
1,0.6118388,1
1,0.57310724,1
1,0.4787821,0
0,0.6148327,1
1,0.63149995,1
0,0.41525438,0
1,0.5675472,1
0,0.47154137,0
1,0.49674663,0
1,0.6180029,1
1,0.5826628,1
1,0.3945503,0
1,0.6650837,1
1,0.63799787,1
0,0.36900797,0
0,0.66963345,1
0,0.56866986,1
0,0.67559177,1
0,0.40160954,0
1,0.6543908,1
1,0.5244918,1
0,0.68758583,1
0,0.6370532,1
1,0.49991146,0
1,0.68645954,1
1,0.38849738,0
1,0.43307102,0
0,0.5842077,1
0,0.5237146,1
1,0.3419969,0
1,0.36900797,0
1,0.69489,1
0,0.4391144,0
1,0.5726721,1
0,0.5649719,1
1,0.56023186,1
1,0.42108223,0
1,0.61844116,1
1,0.66054845,1
0,0.47738802,0
1,0.6643101,1
1,0.50426936,1
1,0.6352923,1
0,0.43932247,0
1,0.45287064,0
0,0.40347847,0
0,0.61126775,1
1,0.4520819,0
0,0.4800298,0
0,0.3731709,0
0,0.6617464,1
0,0.54795676,1
1,0.4798397,0
1,0.646328,1
0,0.53763926,1
1,0.45412472,0
0,0.37671122,0
0,0.6910415,1
0,0.63300675,1
0,0.42734048,0
1,0.46567014,0
0,0.51689553,1
1,0.6234907,1
1,0.65553004,1
1,0.63541216,1
1,0.62980336,1
0,0.36731386,0
1,0.6851046,1
0,0.6521272,1
0,0.5278367,1
1,0.66604173,1
1,0.65849674,1
1,0.6974503,1
0,0.5013299,1
1,0.6744001,1
1,0.5676329,1
1,0.54336244,1
0,0.5450541,1
0,0.49204203,0
1,0.66923213,1
0,0.7206621,1
0,0.5357088,1
1,0.4709175,0
1,0.5983664,1
0,0.50239885,1
1,0.71556604,1
1,0.5355307,1
0,0.46809214,0
0,0.45457673,0
1,0.41917327,0
1,0.60866654,1
0,0.55862725,1
1,0.6724351,1
0,0.40906793,0
1,0.5067224,1
0,0.41492513,0
0,0.5334287,1
0,0.4833988,0
0,0.4732156,0
0,0.475677,0
0,0.50202763,1
0,0.52744067,1
1,0.3657284,0
0,0.52857155,1
0,0.3964846,0
0,0.44659537,0
0,0.58902454,1
1,0.4293458,0
0,0.6212549,1
0,0.43085527,0
0,0.45569676,0
1,0.5274494,1
0,0.6888799,1
1,0.50847054,1
0,0.5166801,1
1,0.6091402,1
1,0.53178126,1
1,0.55480826,1
0,0.53426355,1
1,0.69236255,1
0,0.4519917,0
0,0.6762964,1
1,0.63143903,1
0,0.37671122,0
0,0.4720038,0
0,0.49348643,0
1,0.6217188,1
0,0.46615374,0
0,0.3662802,0
0,0.4508895,0
0,0.54266936,1
1,0.67688775,1
1,0.36797202,0
0,0.48804912,0
0,0.6259764,1
1,0.594093,1
0,0.35065433,0
0,0.43307102,0
0,0.44655886,0
0,0.35065433,0
0,0.53392696,1
1,0.6287488,1
0,0.6294533,1
0,0.38280094,0
1,0.4370247,0
1,0.3677956,0
1,0.5494902,1
1,0.4664708,0
1,0.7065464,1
1,0.68615496,1
0,0.3831558,0
1,0.658496,1
0,0.50846976,1
0,0.4856396,0
0,0.37965363,0
0,0.5243556,1
1,0.6006152,1
1,0.37173903,0
1,0.5929044,1
1,0.61523575,1
1,0.6155397,1
0,0.35065433,0
1,0.68512803,1
1,0.50426936,1
0,0.5974009,1
1,0.612671,1
0,0.38854006,0
0,0.40906793,0
1,0.5403754,1
1,0.65679634,1
0,0.5417346,1
0,0.58939433,1
0,0.5954095,1
0,0.36900797,0
1,0.48377812,0
0,0.69178534,1
0,0.55199665,1
0,0.36262247,0
1,0.49367225,0
0,0.40347847,0
1,0.46127567,0
0,0.7495373,1
0,0.5094629,1
1,0.48986632,0
0,0.4423455,0
1,0.45371354,0
0,0.5519485,1
1,0.56278354,1
1,0.35366687,0
0,0.47744703,0
1,0.36608285,0
0,0.5278367,1
0,0.48469985,0
1,0.39432934,0
0,0.54047096,1
0,0.6870399,1
1,0.6638034,1
1,0.50687546,1
1,0.6524108,1
1,0.5033258,1
0,0.47026658,0
0,0.51452595,1
1,0.6681078,1
1,0.69445145,1
0,0.33660924,0
0,0.39019546,0
1,0.7096854,1
1,0.539227,1
0,0.3662802,0
1,0.63247716,1
1,0.43307102,0
1,0.4391144,0
0,0.5329806,1
0,0.34007227,0
1,0.502068,1
0,0.502068,1
1,0.55480826,1
1,0.5435511,1
0,0.36608285,0
0,0.5872038,1
0,0.55902916,1
1,0.54814,1
1,0.7139435,1
1,0.6106605,1
0,0.5120758,1
0,0.45569676,0
1,0.36731386,0
0,0.34271613,0
0,0.5120758,1
1,0.6663683,1
0,0.5154576,1
0,0.34580216,0
0,0.40701008,0
0,0.51800466,1
0,0.48558274,0
1,0.6075441,1
0,0.41492513,0
0,0.39042294,0
0,0.48928332,0
1,0.44485927,0
0,0.68182623,1
1,0.63644314,1
1,0.6849762,1
1,0.42364183,0
1,0.65808004,1
1,0.5067224,1
0,0.4756232,0
0,0.5332913,1
0,0.35366687,0
1,0.53603375,1
1,0.62913257,1
1,0.40275922,0
0,0.43304142,0
0,0.64090884,1
1,0.45569676,0
1,0.61408573,1
1,0.67757475,1
0,0.37135613,0
1,0.69832987,1
1,0.53334993,1
0,0.36262247,0
1,0.6360704,1
1,0.4998396,0
1,0.55932397,1
1,0.41227114,0
1,0.475285,0
0,0.56608427,1
0,0.36731386,0
0,0.44485927,0
1,0.6071896,1
1,0.40701008,0
1,0.4570393,0
0,0.41211995,0
1,0.47761035,0
1,0.4888031,0
1,0.6288141,1
0,0.43798473,0
1,0.61657757,1
0,0.4676771,0
1,0.74969494,1
0,0.7233785,1
1,0.49985775,0
1,0.66294765,1
1,0.5363977,1
0,0.41790396,0
0,0.47880542,0
1,0.6398815,1
0,0.3571887,0
0,0.50738364,1
0,0.3554124,0
1,0.552834,1
1,0.40874478,0
1,0.6864648,1
1,0.62358224,1
0,0.43415338,0
1,0.67216516,1
0,0.4508895,0
0,0.48211378,0
0,0.6293665,1
0,0.6728673,1
0,0.4919459,0
0,0.6544255,1
0,0.497555,0
0,0.60283506,1
1,0.55932397,1
1,0.62225246,1
0,0.60866654,1
1,0.6320657,1
0,0.4741665,0
1,0.5379197,1
0,0.62203443,1
1,0.55686843,1
1,0.46929243,0
0,0.51856446,1
0,0.52856916,1
1,0.669407,1
0,0.6396133,1
0,0.5278367,1
0,0.4228835,0
1,0.5125572,1
0,0.57068783,1
0,0.39870167,0
1,0.48304373,0
0,0.4293458,0
1,0.5292182,1
1,0.5792207,1
1,0.39870167,0
1,0.56006867,1
0,0.6225925,1
1,0.45450407,0
1,0.3645331,0
0,0.5044051,1
0,0.3751297,0
1,0.6757395,1
0,0.5981154,1
1,0.41492513,0
0,0.60936797,1
1,0.55024576,1
1,0.46781814,0
1,0.4496881,0
0,0.39751285,0
1,0.5936384,1
1,0.67384356,1
0,0.5013735,1
1,0.4787487,0
1,0.47883987,0
0,0.61393243,1
0,0.58466494,1
1,0.6071806,1
0,0.5520506,1
0,0.44463965,0
1,0.53254724,1
0,0.61844116,1
0,0.51084006,1
0,0.3671744,0
0,0.47416374,0
0,0.55897564,1
0,0.5660099,1
0,0.5373902,1
0,0.36586064,0
0,0.4496881,0
0,0.58214486,1
1,0.57640755,1
0,0.3863706,0
1,0.6509778,1
0,0.68135303,1
0,0.6989546,1
0,0.57669544,1
1,0.521526,1
0,0.5960102,1
0,0.5645816,1
1,0.50980616,1
0,0.40275922,0
0,0.4707208,0
0,0.6180559,1
1,0.6292343,1
1,0.6936303,1
1,0.6526662,1
0,0.5135782,1
1,0.4803913,0
1,0.58115077,1
1,0.48205015,0
0,0.5483755,1
0,0.39857823,0
1,0.46789303,0
1,0.5013735,1
0,0.38031462,0
1,0.6910415,1
0,0.40701008,0
0,0.46377826,0
1,0.6299859,1
1,0.65332043,1
0,0.5013299,1
1,0.48928332,0
0,0.63670474,1
1,0.47580975,0
0,0.42301118,0
0,0.36731386,0
0,0.36600912,0
1,0.7431657,1
1,0.5929044,1
1,0.54047096,1
0,0.51084006,1
0,0.3554124,0
0,0.4457555,0
1,0.55562335,1
0,0.422146,0
0,0.45947462,0
0,0.5494902,1
1,0.49923882,0
1,0.65682626,1
0,0.37764075,0
0,0.40906793,0
0,0.6546442,1
0,0.47911003,0
1,0.39095104,0
1,0.5810498,1
0,0.3554124,0
0,0.5415939,1
0,0.39870167,0
1,0.6992626,1
0,0.50213,1
0,0.3464295,0
1,0.4496881,0
1,0.65766215,1
0,0.4024005,0
0,0.5584969,1
0,0.35366687,0
0,0.47262207,0
1,0.58738905,1
0,0.6148327,1
1,0.45003232,0
0,0.38854006,0
0,0.5169352,1
0,0.49907526,0
0,0.48329058,0
1,0.46199614,0
1,0.44105756,0
1,0.65428543,1
1,0.6287488,1
1,0.41688746,0
0,0.4508895,0
1,0.3731709,0
1,0.57167345,1
0,0.38167155,0
0,0.49252957,0
0,0.6422424,1
0,0.5575388,1
1,0.66838396,1
1,0.64963984,1
1,0.68221205,1
0,0.6540771,1
0,0.56460714,1
0,0.5520506,1
1,0.48525164,0
0,0.34956664,0
0,0.39042294,0
1,0.48500508,0
1,0.6937558,1
1,0.42892176,0
0,0.45567253,0
0,0.36731386,0
1,0.4054497,0
0,0.6740476,1
0,0.36608285,0
0,0.39857823,0
1,0.5279021,1
0,0.5206046,1
1,0.5461696,1
0,0.457217,0
1,0.48928332,0
0,0.48694035,0
0,0.42960876,0
0,0.43304142,0
1,0.39432934,0
1,0.67459345,1
1,0.39870167,0
0,0.36862102,0
0,0.41666615,0
1,0.49348643,0
0,0.4508895,0
1,0.45003232,0
1,0.34512386,0
1,0.6022119,1
0,0.76051235,1
1,0.62258434,1
0,0.5874816,1
0,0.6027805,1
1,0.418053,0
1,0.56632674,1
1,0.4833988,0
0,0.365739,0
0,0.57658046,1
1,0.5458787,1
1,0.53178126,1
1,0.48469985,0
1,0.43798473,0
1,0.69693685,1
0,0.5617013,1
1,0.64718765,1
1,0.58544946,1
0,0.47122002,0
1,0.41492513,0
1,0.5013735,1
1,0.48596415,0
1,0.3700467,0
1,0.67124826,1
1,0.6431799,1
0,0.48597404,0
0,0.5136308,1
1,0.5511434,1
1,0.6305909,1
0,0.46166754,0
0,0.560361,1
0,0.39857823,0
0,0.5169352,1
0,0.5732431,1
0,0.40906793,0
0,0.4833988,0
1,0.6056584,1
1,0.544511,1
0,0.67484504,1
1,0.502068,1
1,0.649819,1
0,0.6133058,1
1,0.4695113,0
1,0.55733037,1
0,0.5062336,1
0,0.6642227,1
0,0.45741346,0
1,0.5967878,1
0,0.3700467,0
1,0.48928332,0
1,0.6175682,1
0,0.62417483,1
0,0.41790396,0
1,0.67991775,1
0,0.6746508,1
1,0.44463965,0
1,0.6750621,1
1,0.70739937,1
0,0.4496881,0
0,0.36593485,0
1,0.7350191,1
0,0.40701008,0
1,0.5334287,1
1,0.5802285,1
0,0.5809863,1
1,0.6356285,1
0,0.4787821,0
1,0.5051086,1
0,0.3667221,0
0,0.66577405,1
1,0.75392944,1
1,0.36731386,0
1,0.41666615,0
1,0.5939969,1
1,0.45003232,0
0,0.43798473,0
1,0.475285,0
1,0.58804804,1
0,0.36593485,0
0,0.36731386,0
0,0.44163656,0
0,0.4714483,0
0,0.5153876,1
0,0.48454288,0
1,0.6718742,1
0,0.3863706,0
0,0.6272819,1
0,0.4849004,0
0,0.46612152,0
0,0.6442811,1
0,0.45495224,0
1,0.6243209,1
0,0.4803913,0
1,0.69552964,1
1,0.63156027,1
0,0.5183522,1
1,0.48694035,0
0,0.68981755,1
0,0.65790707,1
1,0.60267633,1
0,0.35366687,0
1,0.71896553,1
0,0.49348643,0
1,0.5441935,1
1,0.6894426,1
0,0.3554124,0
0,0.65904045,1
0,0.5123489,1
0,0.3945503,0
0,0.5456571,1
0,0.46600053,0
1,0.6703356,1
1,0.5133611,1
1,0.67300427,1
0,0.3612563,0
1,0.5954095,1
0,0.47422722,0
1,0.41492513,0
1,0.570582,1
1,0.50213,1
1,0.5146434,1
1,0.6682617,1
0,0.46929243,0
1,0.5358241,1
1,0.68545884,1
1,0.47122002,0
1,0.6786993,1
1,0.6568437,1
0,0.554902,1
1,0.5872038,1
0,0.56787527,1
1,0.47947124,0
0,0.3628833,0
1,0.49745303,0
1,0.46017352,0
1,0.5432284,1
0,0.4399861,0
0,0.69034165,1
0,0.59846413,1
0,0.66146845,1
0,0.48928332,0
0,0.41666615,0
0,0.37764075,0
1,0.5198207,1
1,0.5866877,1
0,0.48848417,0
1,0.41790396,0
0,0.46565598,0
1,0.6543302,1
1,0.66092926,1
0,0.37240756,0
0,0.36926058,0
0,0.5570412,1
0,0.37671122,0
0,0.51439875,1
1,0.6128629,1
0,0.6211692,1
0,0.5736616,1
1,0.5275663,1
0,0.6243281,1
1,0.67215115,1
0,0.537427,1
0,0.6871818,1
0,0.5556726,1
1,0.40906793,0
0,0.5347282,1
1,0.35893905,0
1,0.3969986,0
1,0.60739416,1
0,0.34512386,0
0,0.47717115,0
0,0.5672799,1
1,0.43798473,0
1,0.39446092,0
0,0.5227731,1
1,0.43798473,0
1,0.6567918,1
0,0.36862102,0
1,0.58215225,1
0,0.46633565,0
0,0.57310724,1
0,0.49320847,0
0,0.56002975,1
1,0.50542647,1
0,0.3657284,0
0,0.4998396,0
1,0.6213302,1
0,0.5296258,1
1,0.46809214,0
1,0.6182173,1
0,0.36608285,0
0,0.4399861,0
0,0.3657967,0
1,0.6264865,1
1,0.47098434,0
1,0.5242825,1
1,0.5913752,1
1,0.6429761,1
1,0.5244918,1
0,0.52055347,1
0,0.42524177,0
0,0.34705603,0
1,0.6358293,1
0,0.37404746,0
0,0.6066789,1
0,0.39844033,0
0,0.39432934,0
0,0.69724315,1
0,0.57022065,1
0,0.6707578,1
1,0.67722505,1
0,0.6820068,1
0,0.5227731,1
1,0.63114125,1
1,0.5341879,1
1,0.643657,1
0,0.6886551,1
1,0.6078088,1
0,0.59326124,1
1,0.386596,0
0,0.64791363,1
1,0.62155896,1
1,0.33309573,0
0,0.3945503,0
0,0.6905539,1
0,0.71225405,1
1,0.5144431,1
1,0.6011509,1
1,0.41227114,0
0,0.6657773,1
0,0.420912,0
1,0.70855904,1
0,0.62860644,1
1,0.6912874,1
1,0.56422853,1
1,0.5329806,1
1,0.6244283,1
1,0.4756918,0
0,0.45569676,0
0,0.5459615,1
0,0.37671122,0
0,0.5874294,1
1,0.6312607,1
1,0.48799485,0
1,0.4496881,0
1,0.3739696,0
0,0.3671744,0
1,0.43304142,0
1,0.54114264,1
0,0.4548844,0
0,0.3662802,0
1,0.49402356,0
1,0.4457555,0
0,0.41492513,0
1,0.45450407,0
1,0.45003232,0
0,0.34580216,0
1,0.39857823,0
0,0.513219,1
1,0.49205425,0
1,0.5062679,1
1,0.46199614,0
0,0.49221596,0
1,0.5176012,1
0,0.56376183,1
0,0.42108223,0
0,0.53392696,1
1,0.67265254,1
1,0.4260765,0
0,0.5592493,1
1,0.3863706,0
0,0.7053452,1
1,0.7027669,1
0,0.63609564,1
1,0.49729094,0
1,0.56702834,1
0,0.52460605,1
0,0.68276674,1
0,0.40906793,0
1,0.3657967,0
1,0.5506824,1
0,0.37140986,0
1,0.49480516,0
1,0.6657773,1
0,0.4249851,0
0,0.599526,1
1,0.55574924,1
0,0.3714484,0
0,0.49907526,0
0,0.5252253,1
1,0.36615452,0
0,0.5807219,1
1,0.575538,1
1,0.44485927,0
0,0.43304142,0
0,0.5578971,1
1,0.46017352,0
1,0.39019546,0
0,0.39870167,0
0,0.45188096,0
1,0.58126175,1
0,0.570582,1
1,0.66087604,1
0,0.44659537,0
0,0.47665015,0
0,0.46163678,0
1,0.5168459,1
1,0.52460605,1
0,0.58720887,1
1,0.5884091,1
1,0.48469985,0
1,0.681771,1
1,0.3571887,0
0,0.4774199,0
1,0.6042572,1
0,0.56648177,1
1,0.5766874,1
1,0.5051086,1
1,0.46166754,0
0,0.43481055,0
1,0.36731386,0
1,0.6707653,1
1,0.6739062,1
1,0.53763926,1
0,0.43481055,0
0,0.5228443,1
0,0.59861827,1
1,0.50619125,1
1,0.54440343,1
0,0.6392155,1
1,0.48596415,0
0,0.5326069,1
1,0.649646,1
1,0.5881592,1
0,0.49367225,0
1,0.66554606,1
1,0.63774866,1
1,0.5983664,1
1,0.5260919,1
1,0.69503576,1
1,0.6540125,1
1,0.50406224,1
0,0.671068,1
1,0.39467204,0
0,0.6123699,1
1,0.5760357,1
0,0.38854006,0
0,0.38870773,0
0,0.47580975,0
0,0.5970938,1
0,0.565321,1
0,0.7027251,1
1,0.7035583,1
1,0.6506761,1
1,0.67386353,1
1,0.44105756,0
1,0.67345804,1
0,0.4855063,0
1,0.580781,1
1,0.69758344,1
0,0.45163903,0
0,0.5732431,1
1,0.45495224,0
0,0.4496881,0
0,0.50324214,1
1,0.6887885,1
0,0.6886572,1
0,0.52609396,1
0,0.45018372,0
1,0.4789071,0
0,0.39019546,0
0,0.6704419,1
1,0.6757723,1
0,0.39870167,0
0,0.36731386,0
1,0.56504464,1
0,0.45028946,0
1,0.55243826,1
1,0.61458266,1
1,0.6073591,1
0,0.49367225,0
0,0.46601778,0
0,0.36926058,0
0,0.3831558,0
1,0.6301403,1
0,0.5003027,1
0,0.45003232,0
1,0.5911532,1
0,0.6722916,1
0,0.36586064,0
1,0.6743616,1
0,0.69980633,1
0,0.71240836,1
0,0.54557544,1
1,0.47895038,0
1,0.50733674,1
1,0.691169,1
0,0.43798473,0
0,0.6948828,1
1,0.5557279,1
0,0.36731386,0
1,0.35907224,0
0,0.6722042,1
0,0.66456443,1
0,0.40906793,0
0,0.60836333,1
1,0.7123342,1
1,0.48469985,0
0,0.3519169,0
0,0.607982,1
0,0.51021975,1
0,0.40906793,0
1,0.52483714,1
0,0.51775914,1
1,0.46567014,0
1,0.49867398,0
1,0.630774,1
0,0.4787821,0
1,0.676433,1
1,0.38870773,0
1,0.42108223,0
1,0.6779677,1
0,0.3657967,0
1,0.48431125,0
1,0.60499346,1
0,0.6937081,1
0,0.63236403,1
1,0.38881737,0
0,0.36731386,0
0,0.3571887,0
1,0.46888044,0
0,0.56486493,1
0,0.6464666,1
0,0.3739696,0
0,0.6216167,1
1,0.6130725,1
1,0.34066728,0
0,0.4828516,0
0,0.47416374,0
0,0.6533464,1
1,0.43481055,0
0,0.5518498,1
0,0.49136034,0
1,0.5256068,1
1,0.4798397,0
1,0.48211378,0
1,0.48187128,0
0,0.37140986,0
0,0.422146,0
1,0.6042572,1
1,0.37764075,0
1,0.4874734,0
1,0.38881737,0
0,0.69054645,1
0,0.5783846,1
0,0.5842077,1
1,0.41256654,0
0,0.55435985,1
0,0.36880225,0
1,0.44541606,0
1,0.6786132,1
0,0.6554553,1
0,0.47414353,0
1,0.6002879,1
0,0.48809844,0
1,0.4578243,0
0,0.6429344,1
0,0.6514652,1
1,0.62739664,1
1,0.5563158,1
1,0.42524177,0
1,0.6763963,1
1,0.63273084,1
1,0.580781,1
0,0.6470942,1
1,0.48469985,0
0,0.4709175,0
1,0.52358747,1
1,0.6325539,1
0,0.46809214,0
1,0.5123735,1
0,0.40906793,0
1,0.6299859,1
1,0.43798473,0
0,0.49998713,0
0,0.52407205,1
1,0.527543,1
0,0.3645331,0
1,0.4293458,0
1,0.49440634,0
1,0.65748996,1
1,0.49837357,0
0,0.52515715,1
0,0.46915486,0
1,0.3671744,0
0,0.43798473,0
0,0.3700467,0
1,0.38031462,0
0,0.36593485,0
0,0.40347847,0
1,0.40874478,0
1,0.41688746,0
1,0.43415338,0
0,0.53451526,1
0,0.5833716,1
0,0.5973288,1
0,0.48471716,0
0,0.48416287,0
1,0.7116475,1
0,0.63778836,1
1,0.48175886,0
0,0.5517728,1
0,0.62817925,1
0,0.67009777,1
0,0.54114264,1
1,0.6129791,1
0,0.57177824,1
1,0.6274208,1
0,0.36880225,0
1,0.63236403,1
1,0.5773674,1
0,0.55582,1
1,0.5179477,1
1,0.51724094,1
0,0.5120167,1
0,0.45495224,0
0,0.47147232,0
1,0.67524487,1
0,0.3571887,0
0,0.57822764,1
1,0.6785559,1
0,0.64863706,1
0,0.3714484,0
0,0.68311024,1
0,0.3885296,0
1,0.5278367,1
0,0.34705603,0
0,0.365739,0
1,0.5704267,1
0,0.5292414,1
0,0.38854006,0
1,0.4423455,0
0,0.4508895,0
0,0.3413291,0
0,0.62990516,1
1,0.4423455,0
0,0.5067224,1
1,0.68085456,1
1,0.5942353,1
0,0.6360704,1
1,0.6473273,1
0,0.6119942,1
0,0.6022102,1
1,0.5500913,1
0,0.60750353,1
1,0.50239885,1
1,0.4695113,0
1,0.4951284,0
0,0.37752667,0
0,0.6993165,1
1,0.47409797,0
1,0.5801661,1
1,0.6075441,1
0,0.51112896,1
0,0.6311457,1
0,0.5872038,1
0,0.514331,1
0,0.5025607,1
0,0.6027805,1
0,0.4885882,0
1,0.51520807,1
1,0.41943908,0
0,0.54886436,1
1,0.47831738,0
0,0.5135782,1
0,0.6723573,1
0,0.4992072,0
1,0.5611648,1
0,0.63998663,1
0,0.5427281,1
1,0.6418179,1
0,0.53489804,1
1,0.5333897,1
1,0.47422722,0
1,0.6813645,1
0,0.61477774,1
1,0.58078915,1
1,0.6232402,1
0,0.6012991,1
1,0.5227731,1
0,0.34956664,0
1,0.70122284,1
1,0.5965929,1
1,0.5029431,1
0,0.4892622,0
1,0.3945503,0
0,0.6745192,1
1,0.50847054,1
0,0.3393788,0
1,0.5467155,1
0,0.6012991,1
1,0.41227114,0
1,0.70139277,1
1,0.36797202,0
1,0.67899513,1
1,0.4586318,0
0,0.45644408,0
0,0.5765522,1
0,0.65854067,1
1,0.50791186,1
1,0.6078237,1
1,0.47831738,0
1,0.6802485,1
0,0.3657967,0
1,0.6684953,1
1,0.69751376,1
0,0.35065433,0
0,0.4664708,0
1,0.69817275,1
1,0.4856396,0
0,0.59293854,1
0,0.6748171,1
0,0.5572794,1
1,0.67457885,1
1,0.643657,1
0,0.47761035,0
1,0.5145083,1
1,0.48323935,0
0,0.5944185,1
0,0.5668688,1
1,0.610639,1
1,0.36608285,0
0,0.51472527,1
0,0.45495224,0
0,0.6120898,1
0,0.4828516,0
1,0.6017056,1
1,0.65977246,1
1,0.36093304,0
0,0.4224775,0
0,0.5006327,1
0,0.33660924,0
1,0.53348684,1
1,0.7602677,1
0,0.61503685,1
1,0.6967793,1
0,0.4932789,0
0,0.36667562,0
0,0.40701008,0
0,0.39432934,0
0,0.46166754,0
0,0.49966744,0
0,0.6747619,1
1,0.63611513,1
0,0.4399861,0
0,0.66340077,1
0,0.3945503,0
1,0.46082902,0
0,0.37764075,0
1,0.6242472,1
1,0.4570393,0
0,0.39875102,0
1,0.55125946,1
1,0.6700929,1
1,0.4508895,0
0,0.3731709,0
1,0.45862278,0
1,0.6847784,1
1,0.56498784,1
1,0.4990883,0
0,0.55160147,1
1,0.58612734,1
0,0.50687546,1
1,0.6774731,1
1,0.54254365,1
0,0.46017352,0
1,0.4898978,0
1,0.6357068,1
1,0.6723528,1
1,0.4756232,0
1,0.43481055,0
0,0.3831558,0
0,0.44541606,0
1,0.4871939,0
0,0.41256654,0
1,0.46166754,0
1,0.66447145,1
0,0.497555,0
1,0.4885882,0
0,0.5779772,1
0,0.40906793,0
0,0.49713063,0
0,0.5278367,1
1,0.3645331,0
1,0.6445547,1
1,0.4228835,0
1,0.6511242,1
0,0.40906793,0
0,0.5999354,1
0,0.6227761,1
1,0.39857823,0
0,0.5841807,1
0,0.49046183,0
0,0.36880225,0
0,0.47262207,0
1,0.40347847,0
1,0.6315105,1
1,0.47738802,0
0,0.4496881,0
1,0.40701008,0
1,0.50225866,1
1,0.6002879,1
0,0.4664708,0
0,0.5630366,1
1,0.37140986,0
1,0.5468538,1
0,0.67227393,1
1,0.58090836,1
1,0.36669534,0
0,0.50213,1
1,0.36262247,0
0,0.51045823,1
0,0.3945503,0
0,0.33868602,0
1,0.599848,1
1,0.3731709,0
0,0.41688746,0
0,0.49466148,0
1,0.5468538,1
0,0.6190629,1
1,0.6594311,1
1,0.6023157,1
0,0.55417615,1
1,0.46781814,0
0,0.5520894,1
0,0.46565598,0
0,0.5006327,1
0,0.64696664,1
0,0.46615374,0
0,0.46166754,0
1,0.38280094,0
0,0.4732156,0
1,0.64534765,1
0,0.4732156,0
1,0.49440634,0
0,0.34867966,0
1,0.37671122,0
1,0.6915513,1
0,0.691285,1
1,0.4554439,0
1,0.51472986,1
1,0.5206046,1
0,0.40347847,0
1,0.5014617,1
1,0.6470834,1
0,0.49480516,0
0,0.4798397,0
0,0.37138802,0
0,0.3831558,0
1,0.61428547,1
0,0.4508895,0
1,0.58804804,1
1,0.6302366,1
1,0.54189783,1
1,0.39432934,0
1,0.617884,1
1,0.47277385,0
1,0.47897905,0
0,0.4839364,0
1,0.6056584,1
0,0.5300694,1
0,0.3751297,0
1,0.6138893,1
0,0.5643613,1
0,0.36667562,0
1,0.54775244,1
1,0.54901105,1
1,0.5389821,1
1,0.58393484,1
0,0.46017352,0
1,0.5948587,1
0,0.365739,0
1,0.6194898,1
0,0.57704926,1
0,0.43304142,0
0,0.3677956,0
0,0.6257968,1
1,0.5334287,1
0,0.36608285,0
0,0.48469985,0
0,0.5415939,1
1,0.6279924,1
0,0.6441597,1
1,0.58115077,1
1,0.6515439,1
1,0.5575388,1
1,0.41583508,0
0,0.6715658,1
0,0.41577646,0
1,0.5430973,1
1,0.6214764,1
0,0.5589656,1
1,0.6378723,1
0,0.5901249,1
1,0.48416975,0
0,0.521526,1
1,0.39467204,0
1,0.5806465,1
0,0.56648177,1
0,0.50805455,1
0,0.3597119,0
0,0.420912,0
0,0.4924797,0
0,0.5902224,1
1,0.52608496,1
1,0.64997476,1
1,0.5051762,1
1,0.37764075,0
1,0.6471828,1
0,0.6506982,1
0,0.5582227,1
0,0.55243826,1
1,0.5745998,1
0,0.57822764,1
1,0.3554124,0
0,0.47510964,0
1,0.724538,1
0,0.49328133,0
0,0.4463641,0
0,0.36586064,0
0,0.48454288,0
0,0.53178126,1
0,0.3597119,0
1,0.6232447,1
0,0.47895038,0
0,0.34271613,0
1,0.47744703,0
0,0.68199897,1
0,0.64226514,1
0,0.47580975,0
0,0.68584,1
1,0.6840585,1
0,0.41492513,0
0,0.37575626,0
0,0.3657967,0
1,0.5810628,1
1,0.59253204,1
0,0.6663023,1
0,0.6242148,1
1,0.48471716,0
1,0.50847054,1
1,0.48928332,0
0,0.50542647,1
0,0.41288063,0
0,0.4399861,0
0,0.52033454,1
0,0.6010039,1
1,0.57883817,1
0,0.5887149,1
0,0.4564592,0
0,0.6576619,1
1,0.69923776,1
0,0.50121313,1
1,0.7065891,1
1,0.5969051,1
0,0.36600912,0
1,0.52033454,1
1,0.64147586,1
1,0.3863383,0
1,0.701722,1
1,0.5332913,1
0,0.48524305,0
1,0.671987,1
0,0.40701008,0
1,0.6765977,1
1,0.55603725,1
0,0.5983664,1
1,0.6751337,1
0,0.36862102,0
0,0.45305192,0
0,0.40189824,0
1,0.5166801,1
1,0.68055534,1
0,0.37965363,0
1,0.65739816,1
0,0.69048357,1
0,0.6951317,1
1,0.6680316,1
0,0.45986193,0
0,0.5094629,1
1,0.6928641,1
1,0.54162353,1
0,0.39043364,0
0,0.3756186,0
1,0.68277454,1
0,0.4900122,0
1,0.5675472,1
0,0.34345284,0
0,0.389055,0
0,0.57764757,1
0,0.5124274,1
0,0.4399861,0
1,0.41583508,0
0,0.62828153,1
0,0.4508895,0
1,0.63440526,1
0,0.59293854,1
1,0.70066625,1
0,0.64759445,1
1,0.6668152,1
0,0.60567373,1
0,0.5037339,1
0,0.40906793,0
1,0.5207486,1
1,0.5788087,1
0,0.5790292,1
0,0.3571887,0
1,0.5956154,1
1,0.73304427,1
1,0.36586064,0
0,0.49589035,0
0,0.37671122,0
1,0.39857823,0
0,0.34705603,0
1,0.59368116,1
0,0.39287525,0
0,0.5120758,1
0,0.3571887,0
1,0.6701685,1
1,0.61748546,1
1,0.5434884,1
0,0.4871939,0
1,0.69191265,1
1,0.51304543,1
1,0.4578243,0
1,0.52004236,1
0,0.58612734,1
1,0.5248492,1
0,0.34007227,0
0,0.46567014,0
1,0.57678527,1
0,0.43357098,0
1,0.610639,1
0,0.34066728,0
1,0.539227,1
1,0.6604672,1
0,0.37140986,0
1,0.51552856,1
1,0.5659389,1
0,0.61660755,1
0,0.36600912,0
0,0.3464295,0
0,0.46781814,0
0,0.5148445,1
0,0.6705678,1
1,0.707084,1
0,0.47873652,0
0,0.6122729,1
0,0.64168596,1
0,0.5479786,1
1,0.6685767,1
0,0.37240756,0
1,0.66368234,1
0,0.47416374,0
0,0.6552381,1
0,0.5229095,1
0,0.6044326,1
0,0.3839776,0
0,0.3662802,0
1,0.56931704,1
1,0.63871896,1
0,0.5789147,1
1,0.38280094,0
0,0.52307224,1
1,0.65898335,1
0,0.48799485,0
0,0.57257015,1
1,0.48732635,0
0,0.3645331,0
1,0.4260765,0
1,0.49169675,0
0,0.42734048,0
0,0.6780159,1
0,0.58344764,1
1,0.5810498,1
0,0.6612586,1
1,0.6186325,1
1,0.570582,1
1,0.6032313,1
0,0.6217074,1
1,0.61219704,1
1,0.61405367,1
1,0.67048955,1
1,0.6416116,1
0,0.64832044,1
0,0.624258,1
0,0.47761035,0
0,0.5148511,1
0,0.37140986,0
1,0.6017458,1
0,0.71811783,1
1,0.5758434,1
0,0.4502817,0
0,0.34345284,0
1,0.5459615,1
1,0.36608285,0
0,0.71934074,1
1,0.6310065,1
0,0.61672664,1
1,0.68552655,1
1,0.41943908,0
0,0.35907224,0
0,0.42108223,0
0,0.6489573,1
1,0.42734048,0
1,0.63973,1
0,0.5187643,1
1,0.6314211,1
1,0.49745303,0
0,0.40275922,0
0,0.49132672,0
1,0.635971,1
1,0.5839527,1
1,0.51489455,1
1,0.35907224,0
0,0.41917327,0
1,0.42364183,0
0,0.48928332,0
0,0.48304373,0
1,0.6651527,1
0,0.5123489,1
0,0.39432934,0
1,0.4798397,0
1,0.40701008,0
1,0.47147232,0
1,0.51388836,1
0,0.39583215,0
1,0.36586064,0
0,0.6639883,1
0,0.66123325,1
1,0.7118372,1
0,0.46929243,0
0,0.39432934,0
0,0.40701008,0
1,0.5322385,1
0,0.5067224,1
1,0.6182173,1
1,0.6907902,1
0,0.4508895,0
1,0.49713063,0
0,0.6732343,1
0,0.61687726,1
0,0.70202196,1
0,0.5936384,1
1,0.66393715,1
0,0.36667562,0
0,0.43798473,0
0,0.45412472,0
0,0.5358241,1
0,0.42326385,0
0,0.66193527,1
0,0.4457555,0
1,0.50864357,1
1,0.46781814,0
1,0.48599207,0
1,0.54901105,1
0,0.58681554,1
0,0.6108035,1
1,0.635971,1
1,0.53026354,1
1,0.67092675,1
0,0.6989978,1
0,0.63495255,1
1,0.47868302,0
0,0.45567253,0
1,0.7033658,1
0,0.6558003,1
1,0.39870167,0
0,0.63247716,1
0,0.5584969,1
0,0.5189437,1
1,0.6447312,1
0,0.5707729,1
0,0.56648177,1
0,0.5417346,1
1,0.4879247,0
0,0.4856939,0
0,0.50738364,1
1,0.44655886,0
0,0.6090684,1
0,0.50426936,1
1,0.66870093,1
0,0.57356745,1
0,0.44752428,0
1,0.60328364,1
0,0.5178668,1
0,0.55603725,1
1,0.6358028,1
0,0.39042294,0
1,0.6530014,1
1,0.64840317,1
1,0.5707729,1
0,0.50213,1
1,0.49776414,0
1,0.4423455,0
0,0.4502817,0
0,0.40347847,0
0,0.47262207,0
1,0.46377826,0
1,0.5481136,1
1,0.63816893,1
1,0.5556726,1
0,0.6122729,1
0,0.5519485,1
0,0.3863383,0
0,0.47147232,0
0,0.36586064,0
0,0.4508895,0
1,0.6967938,1
0,0.46199614,0
0,0.6180478,1
1,0.6155987,1
0,0.49713063,0
0,0.5248492,1
1,0.5168976,1
0,0.6319448,1
1,0.6717049,1
1,0.6093107,1
1,0.615846,1
1,0.5732074,1
0,0.6849193,1
1,0.60174096,1
0,0.36615452,0
1,0.59326124,1
1,0.65049714,1
0,0.64269674,1
0,0.5855897,1
0,0.4496881,0
1,0.6130341,1
1,0.62083024,1
1,0.6135024,1
0,0.40275922,0
1,0.48804912,0
0,0.48599207,0
1,0.6748813,1
0,0.4919459,0
1,0.66529113,1
0,0.58347183,1
1,0.6888823,1
0,0.494091,0
0,0.6747185,1
0,0.55343235,1
0,0.5189437,1
1,0.54612005,1
0,0.35907224,0
1,0.39857823,0
0,0.48467043,0
0,0.5453082,1
0,0.6699856,1
1,0.48848417,0
0,0.5711165,1
1,0.6530165,1
1,0.68754536,1
1,0.39875102,0
0,0.48928332,0
1,0.49645722,0
0,0.3863706,0
0,0.6554969,1
0,0.5051086,1
0,0.48469985,0
1,0.53763926,1
1,0.3645331,0
1,0.46377826,0
0,0.43798473,0
1,0.63827485,1
1,0.45495224,0
1,0.6119441,1
0,0.49367225,0
0,0.3961168,0
0,0.46389893,0
1,0.64293146,1
0,0.5766165,1
0,0.6681941,1
0,0.48280582,0
0,0.5334044,1
0,0.6556436,1
0,0.42734048,0
0,0.4260765,0
0,0.50791186,1
0,0.49029157,0
1,0.48928332,0
1,0.48732635,0
1,0.6767042,1
0,0.41211995,0
0,0.4519917,0
1,0.52033454,1
1,0.5347282,1
1,0.6212549,1
1,0.5559769,1
1,0.57520044,1
0,0.3945503,0
1,0.46199614,0
0,0.5672799,1
0,0.35366687,0
0,0.496049,0
0,0.66518444,1
1,0.501481,1
0,0.52221113,1
0,0.37764075,0
1,0.5252253,1
0,0.3419969,0
0,0.44485927,0
1,0.3863706,0
0,0.6145804,1
0,0.35907224,0
1,0.47995284,0
1,0.49440634,0
1,0.6493058,1
0,0.36608285,0
0,0.3898304,0
0,0.65328366,1
1,0.4990883,0
0,0.41256654,0
0,0.6437295,1
0,0.46758986,0
0,0.6722746,1
0,0.7074851,1
0,0.6820825,1
0,0.48080486,0
0,0.64408195,1
1,0.60512257,1
1,0.49481028,0
0,0.5373259,1
0,0.45947462,0
1,0.6364124,1
0,0.49038425,0
0,0.53441787,1
1,0.46166754,0
0,0.612671,1
0,0.3645331,0
0,0.36862102,0
1,0.5013735,1
1,0.66583157,1
1,0.646862,1
1,0.4707208,0
1,0.6517179,1
1,0.46166754,0
0,0.6633213,1
1,0.51472986,1
0,0.56806356,1
1,0.3969705,0
1,0.57356745,1
1,0.57284564,1
0,0.66146845,1
0,0.4709175,0
0,0.610639,1
0,0.59950787,1
1,0.45495126,0
0,0.43103045,0
1,0.50733674,1
1,0.3519169,0
0,0.62421733,1
0,0.3863383,0
1,0.51526624,1
0,0.46799216,0
1,0.5710448,1
1,0.7001661,1
1,0.47761035,0
1,0.60949475,1
1,0.6795942,1
0,0.39467204,0
0,0.5758653,1
0,0.47825167,0
1,0.45672214,0
0,0.4024005,0
1,0.6344521,1
0,0.36262247,0
0,0.65566766,1
0,0.48928332,0
1,0.66902286,1
0,0.47541618,0
1,0.48694035,0
1,0.58126175,1
0,0.41507813,0
0,0.4662612,0
0,0.4714483,0
0,0.53763926,1
0,0.45826596,0
1,0.5592493,1
1,0.36586064,0
0,0.6502455,1
1,0.37156615,0
1,0.38861218,0
1,0.4856396,0
1,0.4815095,0
1,0.6317892,1
0,0.6364605,1
0,0.72176856,1
1,0.58618593,1
1,0.5034542,1
1,0.420912,0
0,0.42216417,0
0,0.49175876,0
0,0.36593485,0
1,0.6614918,1
1,0.5751373,1
0,0.67884886,1
1,0.6650831,1
0,0.63774866,1
0,0.63951993,1
1,0.48175886,0
1,0.496049,0
1,0.67901796,1
0,0.50864357,1
0,0.36667562,0
0,0.5363652,1
1,0.34512386,0
0,0.35065433,0
0,0.42734048,0
1,0.5014398,1
1,0.6344905,1
0,0.5332913,1
0,0.34956664,0
0,0.3657967,0
1,0.64045244,1
0,0.4879247,0
1,0.5198467,1
0,0.6533464,1
1,0.5296258,1
1,0.59206194,1
1,0.5920608,1
1,0.6480664,1
0,0.59938663,1
0,0.64090884,1
0,0.48469985,0
1,0.4496881,0
1,0.6056233,1
1,0.63553554,1
1,0.39583215,0
0,0.46565598,0
1,0.45745715,0
0,0.5278367,1
0,0.59276146,1
1,0.37273464,0
1,0.492616,0
0,0.36586064,0
0,0.3921117,0
1,0.36880225,0
1,0.5767017,1
0,0.50738364,1
1,0.510966,1
0,0.3571887,0
1,0.5874294,1
1,0.418053,0
0,0.36797202,0
0,0.51800466,1
0,0.34786886,0
0,0.37140986,0
1,0.51469946,1
1,0.4664708,0
1,0.584978,1
1,0.44163656,0
0,0.457217,0
0,0.5154576,1
1,0.41492513,0
1,0.3657284,0
0,0.5829675,1
0,0.3863383,0
1,0.3945503,0
0,0.45569676,0
0,0.3393788,0
1,0.46965775,0
0,0.46809214,0
1,0.44655886,0
1,0.56866986,1
0,0.4879247,0
0,0.5322385,1
1,0.60596013,1
0,0.3671744,0
0,0.34705603,0
0,0.6251834,1
1,0.49674663,0
1,0.62946886,1
1,0.6312292,1
1,0.43481055,0
0,0.46580172,0
0,0.6487813,1
0,0.38857862,0
0,0.51769704,1
1,0.5575388,1
1,0.59143233,1
0,0.56376183,1
0,0.6088407,1
0,0.3519169,0
0,0.5519485,1
0,0.36205903,0
1,0.40701008,0
0,0.47897905,0
1,0.36262247,0
0,0.55469954,1
0,0.6531558,1
1,0.6073175,1
0,0.39432934,0
1,0.46593785,0
0,0.54983765,1
0,0.5254989,1
1,0.45567253,0
1,0.67013633,1
1,0.59496164,1
0,0.6813645,1
1,0.69394267,1
0,0.34512386,0
0,0.47951323,0
0,0.63611513,1
0,0.46565598,0
1,0.5406345,1
0,0.50002754,1
0,0.5006642,1
0,0.576743,1
1,0.37764075,0
0,0.52488035,1
0,0.38280094,0
1,0.53879887,1
1,0.6334444,1
0,0.4521946,0
0,0.3700467,0
1,0.38167155,0
0,0.61137146,1
0,0.47717115,0
0,0.49942037,0
0,0.49650425,0
1,0.5223922,1
1,0.4520819,0
1,0.49440634,0
0,0.40956768,0
0,0.48928332,0
0,0.36731386,0
0,0.69683564,1
1,0.65844643,1
0,0.6268641,1
1,0.6591238,1
1,0.3677956,0
0,0.7059936,1
0,0.5807219,1
0,0.5199783,1
1,0.66866606,1
0,0.36600912,0
0,0.537994,1
1,0.4890898,0
1,0.5145083,1
1,0.45753163,0
1,0.5033258,1
1,0.63655335,1
1,0.5802285,1
1,0.6025499,1
1,0.49589035,0
0,0.43304142,0
1,0.68619955,1
1,0.594036,1
1,0.56359744,1
0,0.62300056,1
0,0.5473811,1
1,0.45495126,0
1,0.6632744,1
1,0.66161484,1
0,0.48848417,0
1,0.54637545,1
1,0.44659537,0
1,0.6294533,1
0,0.3645331,0
0,0.41790396,0
1,0.4399861,0
1,0.3863706,0
0,0.4798397,0
0,0.56153554,1
0,0.59130704,1
0,0.41492513,0
0,0.39857823,0
1,0.66747475,1
1,0.56153554,1
1,0.53023887,1
0,0.4732063,0
0,0.57255137,1
0,0.59627736,1
1,0.68763536,1
1,0.41227114,0
1,0.43415338,0
0,0.54901105,1
0,0.6963877,1
0,0.3831558,0
0,0.4798397,0
1,0.64770675,1
0,0.4868919,0
0,0.44485927,0
1,0.6336657,1
0,0.56866986,1
1,0.68942565,1
0,0.5469587,1
1,0.45502293,0
1,0.6846998,1
1,0.5817292,1
0,0.47717115,0
0,0.39432934,0
0,0.45834514,0
0,0.46593785,0
1,0.5006642,1
1,0.60911554,1
0,0.56096876,1
1,0.48816258,0
1,0.54901105,1
0,0.5243556,1
1,0.44655886,0
0,0.47717115,0
1,0.50738364,1
0,0.47416374,0
1,0.6631988,1
1,0.6257901,1
1,0.5373902,1
1,0.6878407,1
1,0.68115693,1
1,0.42960876,0
1,0.48469985,0
1,0.65506494,1
1,0.56419754,1
0,0.38280094,0
1,0.6228031,1
0,0.34271613,0
1,0.46728143,0
0,0.5013735,1
0,0.5981154,1
0,0.49929687,0
1,0.38338086,0
1,0.3662802,0
0,0.6766841,1
0,0.3667221,0
1,0.5103922,1
0,0.50791186,1
1,0.61297196,1
1,0.3571887,0
1,0.5903687,1
1,0.642467,1
1,0.689383,1
1,0.6759986,1
0,0.67100763,1
1,0.7317944,1
0,0.41288063,0
1,0.6622357,1
1,0.37764075,0
0,0.40275922,0
1,0.5229887,1
1,0.6677784,1
0,0.5144431,1
1,0.67408204,1
1,0.47744703,0
0,0.5891646,1
0,0.5283939,1
1,0.4508895,0
0,0.6791867,1
1,0.5166801,1
0,0.5289293,1
1,0.6153162,1
0,0.34580216,0
1,0.58902884,1
0,0.44282454,0
1,0.55417615,1
1,0.72476774,1
0,0.6125053,1
1,0.5432284,1
1,0.48329058,0
1,0.6263072,1
1,0.62257767,1
0,0.3921112,0
1,0.5833866,1
1,0.6521272,1
1,0.6193372,1
0,0.3751297,0
0,0.44655886,0
0,0.3731709,0
1,0.59551257,1
0,0.47580975,0
0,0.5144431,1
1,0.71334046,1
1,0.60853577,1
0,0.66230637,1
1,0.4714483,0
0,0.42334405,0
1,0.42734048,0
0,0.33587813,0
0,0.38854006,0
0,0.5453082,1
0,0.56983435,1
1,0.36731386,0
1,0.6130033,1
0,0.3831558,0
1,0.4260765,0
0,0.56002975,1
1,0.51388836,1
0,0.3863706,0
1,0.48903665,0
0,0.49326333,0
1,0.6090109,1
1,0.599004,1
0,0.45028946,0
0,0.48757505,0
1,0.7424585,1
0,0.58720887,1
1,0.4874734,0
1,0.45130092,0
1,0.45429176,0
1,0.6274348,1
1,0.49776414,0
1,0.3831558,0
0,0.675671,1
0,0.56085867,1
0,0.66489416,1
1,0.5162192,1
1,0.6282349,1
0,0.4504147,0
1,0.514331,1
0,0.47744703,0
1,0.58115077,1
1,0.65815,1
0,0.497555,0
0,0.6054456,1
0,0.42212373,0
0,0.49849287,0
0,0.33660924,0
1,0.5144799,1
0,0.6445622,1
0,0.41227114,0
0,0.3731709,0
1,0.3739696,0
0,0.5189437,1
0,0.46017352,0
1,0.6848652,1
1,0.610639,1
1,0.41561314,0
0,0.63240325,1
0,0.48799485,0
0,0.36586064,0
0,0.46166754,0
1,0.53254724,1
0,0.6668152,1
1,0.7039218,1
0,0.48903665,0
1,0.58939433,1
1,0.53485143,1
0,0.3741316,0
1,0.6439715,1
1,0.55574924,1
0,0.5840089,1
0,0.35065433,0
1,0.49695638,0
1,0.36262247,0
0,0.36862102,0
1,0.5168976,1
1,0.38280094,0
1,0.5126988,1
0,0.6903544,1
0,0.3863383,0
0,0.65442353,1
0,0.52407205,1
1,0.6722203,1
0,0.36572608,0
0,0.43103045,0
0,0.3571887,0
0,0.6642881,1
1,0.65317863,1
1,0.45030764,0
1,0.6862845,1
0,0.3657967,0
1,0.38870773,0
1,0.7123341,1
0,0.3714484,0
1,0.47026658,0
0,0.6305669,1
1,0.48416975,0
1,0.6522707,1
0,0.6682003,1
0,0.4969514,0
0,0.5598328,1
0,0.34705603,0
0,0.6586091,1
0,0.5517794,1
0,0.422146,0
1,0.48031157,0
0,0.55709296,1
0,0.55617964,1
1,0.6793479,1
0,0.47717115,0
0,0.56767035,1
1,0.44485927,0
0,0.69075465,1
1,0.62155896,1
1,0.42108223,0
1,0.3662802,0
1,0.58401656,1
0,0.6943096,1
1,0.47147232,0
0,0.43798473,0
1,0.6277867,1
1,0.6914583,1
1,0.5964892,1
1,0.61581874,1
1,0.57022065,1
0,0.40347847,0
0,0.69650203,1
0,0.47927684,0
1,0.3657967,0
1,0.4744006,0
1,0.49696615,0
1,0.6687382,1
1,0.6327695,1
1,0.6769813,1
0,0.38877094,0
0,0.36600912,0
0,0.39432934,0
0,0.52041334,1
1,0.47409797,0
1,0.43798473,0
1,0.61581874,1
0,0.36926058,0
1,0.49440634,0
1,0.59641576,1
0,0.58058614,1
1,0.55941886,1
0,0.50002754,1
0,0.39636648,0
0,0.5456571,1
1,0.48694035,0
1,0.6129303,1
1,0.5417346,1
1,0.6382605,1
1,0.66945994,1
1,0.40701008,0
1,0.42216417,0
0,0.6217712,1
1,0.49952468,0
0,0.69325024,1
1,0.66282547,1
1,0.5731549,1
0,0.47416374,0
0,0.3571887,0
1,0.66795504,1
0,0.3863706,0
1,0.48393285,0
1,0.38031462,0
0,0.6743694,1
0,0.4902472,0
1,0.63917434,1
1,0.40701008,0
0,0.4525622,0
0,0.36900797,0
1,0.55528235,1
1,0.5996421,1
0,0.40906793,0
0,0.49695638,0
0,0.49776414,0
1,0.43798473,0
1,0.36593485,0
1,0.5144431,1
0,0.5256068,1
1,0.48500508,0
1,0.65933794,1
1,0.5261742,1
1,0.66743803,1
1,0.34786886,0
1,0.6059956,1
0,0.41561314,0
1,0.627261,1
1,0.50733674,1
0,0.45163903,0
1,0.55911803,1
1,0.50847054,1
0,0.37764075,0
0,0.6731269,1
0,0.48816258,0
1,0.6423076,1
1,0.580781,1
0,0.36615452,0
1,0.5517794,1
0,0.3667221,0
1,0.63791424,1
1,0.704593,1
1,0.6662997,1
0,0.607135,1
0,0.47626913,0
0,0.64926344,1
0,0.6726193,1
1,0.40701008,0
1,0.5338797,1
0,0.41227114,0
0,0.6228608,1
0,0.34705603,0
0,0.6678713,1
0,0.6640308,1
0,0.39446092,0
0,0.3863706,0
0,0.33309573,0
1,0.6888159,1
1,0.70977455,1
0,0.5858842,1
1,0.4990883,0
1,0.5349132,1
1,0.6570521,1
0,0.5560678,1
0,0.36669534,0
0,0.470413,0
0,0.33660924,0
0,0.47911003,0
0,0.3677956,0
1,0.70208627,1
0,0.45745715,0
1,0.6531064,1
0,0.5013299,1
1,0.63332206,1
0,0.39043364,0
1,0.5572794,1
0,0.6091277,1
0,0.65318274,1
1,0.34956664,0
1,0.36593485,0
0,0.48117992,0
0,0.37273464,0
0,0.36926058,0
0,0.5810371,1
1,0.5132979,1
0,0.41689032,0
0,0.41492513,0
0,0.6038047,1
0,0.365739,0
0,0.672382,1
0,0.4423455,0
0,0.6079069,1
0,0.34345284,0
0,0.49854228,0
1,0.59884185,1
1,0.5598328,1
1,0.6639126,1
0,0.60807204,1
0,0.4722632,0
1,0.49912286,0
0,0.36572608,0
1,0.5120758,1
1,0.41256654,0
1,0.45201236,0
0,0.51045823,1
0,0.5244918,1
0,0.64768535,1
0,0.4856939,0
1,0.6133678,1
1,0.5520435,1
1,0.5884354,1
1,0.52946746,1
0,0.58724236,1
1,0.5051086,1
0,0.42088464,0
1,0.68348587,1
1,0.4391144,0
1,0.52460605,1
1,0.55199665,1
1,0.6346656,1
1,0.63644004,1
0,0.4828516,0
1,0.6441393,1
0,0.50847346,1
0,0.6107674,1
0,0.3863383,0
1,0.59454924,1
0,0.6546216,1
0,0.5407767,1
0,0.37965363,0
0,0.46199614,0
0,0.43798473,0
0,0.499715,0
0,0.4508895,0
0,0.3885296,0
0,0.5947222,1
0,0.596463,1
1,0.5449593,1
0,0.62178177,1
1,0.35065433,0
1,0.37764075,0
1,0.6057413,1
1,0.6022119,1
1,0.37156615,0
1,0.6397666,1
0,0.42734048,0
0,0.69224656,1
1,0.5405319,1
0,0.3699177,0
1,0.6588772,1
1,0.544511,1
0,0.52975345,1
0,0.37671122,0
0,0.68414545,1
1,0.45163903,0
0,0.64915466,1
0,0.42734048,0
1,0.64147586,1
0,0.53956306,1
1,0.6705898,1
1,0.576743,1
1,0.5858821,1
1,0.41227114,0
0,0.51651925,1
1,0.54175746,1
0,0.64527833,1
1,0.65166193,1
1,0.4293458,0
0,0.5950474,1
1,0.67339945,1
0,0.4508895,0
1,0.5490659,1
0,0.4882344,0
1,0.649782,1
1,0.45371354,0
1,0.44282454,0
1,0.58681554,1
0,0.49348643,0
0,0.39042294,0
1,0.62603974,1
1,0.56359744,1
1,0.40875342,0
1,0.6754225,1
0,0.5349132,1
0,0.63148093,1
0,0.50239885,1
0,0.41541484,0
0,0.3667221,0
0,0.44655886,0
1,0.36262247,0
1,0.50619125,1
0,0.4297287,0
0,0.44485927,0
0,0.40701008,0
0,0.6180705,1
1,0.53157413,1
0,0.34512386,0
1,0.6889425,1
0,0.5114721,1
1,0.6694714,1
0,0.4846478,0
1,0.68101645,1
0,0.669181,1
0,0.7010051,1
1,0.65128815,1
0,0.5435494,1
0,0.6498881,1
0,0.4741665,0
1,0.43798473,0
1,0.53120106,1
1,0.6973533,1
1,0.6815413,1
0,0.56153554,1
1,0.6056822,1
1,0.6514745,1
1,0.3464295,0
1,0.69000685,1
1,0.50386775,1
1,0.71514726,1
0,0.5123281,1
0,0.6172689,1
1,0.66798884,1
0,0.38280094,0
0,0.5267453,1
1,0.6572297,1
0,0.36093304,0
0,0.5520591,1
1,0.63495255,1
0,0.36593485,0
0,0.68493307,1
1,0.51439875,1
0,0.45028946,0
0,0.37671122,0
0,0.5146434,1
1,0.41227114,0
0,0.49058965,0
1,0.5511434,1
0,0.65748996,1
1,0.6723899,1
1,0.3945056,0
1,0.4798397,0
1,0.69216055,1
0,0.50847054,1
1,0.37671122,0
1,0.51962113,1
0,0.6392229,1
0,0.5623952,1
1,0.46166754,0
0,0.35366687,0
0,0.34867966,0
1,0.6106072,1
1,0.4888031,0
1,0.6063499,1
0,0.5154576,1
1,0.67782485,1
1,0.37965363,0
0,0.52946746,1
0,0.5398654,1
1,0.6720712,1
1,0.5517728,1
0,0.54254365,1
0,0.41652378,0
0,0.4508895,0
0,0.48308283,0
1,0.6640308,1
1,0.6653311,1
1,0.49912286,0
0,0.48454288,0
0,0.66147596,1
1,0.71296215,1
1,0.6091277,1
1,0.6404702,1
1,0.5013735,1
0,0.62062496,1
1,0.6754046,1
0,0.70044947,1
1,0.6669501,1
0,0.38870773,0
0,0.5529843,1
1,0.6115142,1
1,0.5963861,1
1,0.5450541,1
0,0.56866986,1
1,0.36615452,0
0,0.5473811,1
1,0.37764075,0
1,0.68439585,1
0,0.4798397,0
0,0.61625135,1
0,0.53603375,1
0,0.38167155,0
1,0.6856293,1
1,0.58074105,1
1,0.6621299,1
1,0.48270503,0
1,0.5062245,1
0,0.34512386,0
1,0.49205425,0
0,0.500746,1
0,0.4874734,0
0,0.7117314,1
1,0.57920593,1
1,0.5622584,1
1,0.65010935,1
0,0.3667221,0
1,0.50864357,1
0,0.3344182,0
1,0.3662802,0
0,0.5434884,1
1,0.51472986,1
1,0.3443332,0
0,0.666515,1
0,0.44832426,0
0,0.66848135,1
0,0.40701008,0
0,0.51104516,1
0,0.49205425,0
0,0.564665,1
0,0.54214317,1
1,0.6234907,1
0,0.39042294,0
1,0.68071324,1
1,0.5278367,1
0,0.57640755,1
0,0.5446659,1
0,0.6179528,1
0,0.6876304,1
0,0.45986193,0
0,0.59132373,1
1,0.5999116,1
1,0.3863706,0
0,0.5323106,1
1,0.5753825,1
1,0.63538134,1
0,0.49856007,0
0,0.3645331,0
0,0.6336657,1
0,0.48175886,0
1,0.52609396,1
0,0.42364183,0
0,0.41536438,0
0,0.6291816,1
0,0.5826497,1
0,0.48848417,0
1,0.66636896,1
1,0.66798884,1
0,0.51056075,1
0,0.36093304,0
0,0.39636648,0
1,0.41492513,0
0,0.66051596,1
1,0.5874294,1
1,0.53987324,1
1,0.6889205,1
0,0.584978,1
1,0.60094,1
1,0.6880185,1
0,0.57724255,1
0,0.6241967,1
1,0.5298845,1
0,0.5345257,1
0,0.475311,0
0,0.36608285,0
0,0.6108822,1
0,0.60174096,1
1,0.53578085,1
0,0.365739,0
1,0.41227114,0
0,0.5274494,1
1,0.620003,1
1,0.5062336,1
0,0.36731386,0
0,0.53987324,1
0,0.61045617,1
1,0.5675472,1
1,0.62720734,1
0,0.38857204,0
0,0.56648177,1
0,0.63356686,1
1,0.69939804,1
0,0.46565598,0
0,0.45681593,0
1,0.6369161,1
1,0.66706526,1
0,0.66927296,1
0,0.56336206,1
0,0.43481055,0
0,0.54114264,1
1,0.6420358,1
1,0.47053787,0
1,0.5734459,1
1,0.47416374,0
0,0.52583754,1
0,0.3419969,0
0,0.5394888,1
1,0.5902224,1
0,0.50738364,1
0,0.6347465,1
0,0.4714218,0
1,0.502068,1
0,0.36600912,0
0,0.46903446,0
0,0.48298216,0
0,0.39432934,0
1,0.46199614,0
0,0.48454288,0
0,0.5169352,1
1,0.63312775,1
0,0.5572916,1
1,0.5780024,1
1,0.5481699,1
0,0.65917516,1
1,0.6519952,1
1,0.4803969,0
0,0.68642086,1
0,0.37053862,0
1,0.49348643,0
0,0.4399861,0
0,0.45569676,0
0,0.57764757,1
1,0.51724094,1
0,0.37671122,0
1,0.44994876,0
1,0.5769158,1
0,0.46807072,0
1,0.45785,0
1,0.57150626,1
0,0.53576744,1
0,0.3687349,0
1,0.4798397,0
1,0.5977858,1
1,0.51084006,1
1,0.67817414,1
1,0.4838779,0
0,0.4725111,0
1,0.41492513,0
0,0.69122213,1
1,0.5035303,1
1,0.6675404,1
0,0.5178668,1
0,0.58344764,1
0,0.45163903,0
0,0.6502455,1
0,0.5216109,1
0,0.37764075,0
1,0.48469985,0
0,0.68299925,1
0,0.42763266,0
1,0.6182939,1
0,0.5074826,1
0,0.70042235,1
1,0.45850563,0
0,0.59124726,1
0,0.56608427,1
1,0.5388826,1
0,0.70341104,1
0,0.53529024,1
1,0.6785834,1
0,0.4709175,0
0,0.46389893,0
0,0.41536438,0
0,0.39971453,0
1,0.44655886,0
1,0.5543243,1
1,0.5323953,1
0,0.46781814,0
1,0.3657967,0
0,0.5779844,1
1,0.41688746,0
1,0.6725947,1
1,0.45850563,0
1,0.62584436,1
1,0.5708001,1
0,0.51104516,1
0,0.36593485,0
1,0.57920593,1
1,0.7015509,1
1,0.5037339,1
0,0.40347847,0
1,0.59130704,1
1,0.622001,1
0,0.45569676,0
1,0.55941886,1
1,0.6876569,1
0,0.5351244,1
1,0.5855822,1
0,0.45201236,0
1,0.49348643,0
1,0.67899513,1
1,0.668329,1
1,0.48076418,0
1,0.7016682,1
0,0.3677956,0
0,0.49348643,0
1,0.55862725,1
0,0.6920766,1
0,0.4190267,0
1,0.45450407,0
0,0.65822566,1
1,0.5453082,1
0,0.6125802,1
0,0.3945503,0
0,0.46096906,0
1,0.4890898,0
0,0.5792962,1
0,0.44105756,0
1,0.49440634,0
0,0.48323935,0
1,0.70219547,1
1,0.475311,0
1,0.6612962,1
0,0.46082902,0
1,0.64692044,1
0,0.66241074,1
0,0.45567253,0
0,0.52033454,1
0,0.3831558,0
0,0.4423455,0
0,0.49952468,0
0,0.52487385,1
0,0.50324214,1
1,0.6213996,1
1,0.34345284,0
0,0.36262247,0
0,0.44485927,0
1,0.54369205,1
0,0.48308283,0
0,0.6150491,1
1,0.40004227,0
0,0.49221596,0
0,0.49956936,0
0,0.36093304,0
0,0.39019546,0
1,0.60725355,1
0,0.4709175,0
1,0.6829333,1
1,0.5953375,1
0,0.48377812,0
0,0.42003372,0
1,0.40275922,0
0,0.5827939,1
0,0.6926474,1
1,0.47880542,0
0,0.5681263,1
0,0.5759088,1
0,0.36667562,0
1,0.5949846,1
0,0.40347847,0
0,0.44659537,0
0,0.62865293,1
0,0.49696615,0
1,0.62412155,1
1,0.62759,1
0,0.555918,1
0,0.420912,0
0,0.41492513,0
1,0.486994,0
0,0.47851864,0
0,0.39870167,0
0,0.46570635,0
0,0.36667562,0
1,0.53098977,1
1,0.486994,0
1,0.37140986,0
1,0.50733674,1
0,0.39019546,0
0,0.4770683,0
1,0.63273084,1
1,0.37671122,0
1,0.5802674,1
0,0.49645722,0
1,0.4855564,0
0,0.5618087,1
1,0.5796142,1
1,0.53741777,1
1,0.6606039,1
1,0.5370612,1
1,0.47086138,0
0,0.6212088,1
1,0.58344764,1
1,0.539227,1
1,0.3863706,0
1,0.49367225,0
1,0.60210425,1
1,0.6728703,1
0,0.36926058,0
0,0.45351523,0
1,0.6577374,1
1,0.5670634,1
0,0.49713063,0
1,0.4828516,0
0,0.6668812,1
0,0.45030764,0
1,0.59326875,1
1,0.64587593,1
0,0.43481055,0
1,0.53453195,1
1,0.389055,0
1,0.48928332,0
1,0.47717115,0
1,0.42524177,0
0,0.48597404,0
1,0.67673624,1
1,0.4054497,0
1,0.4617579,0
1,0.6171908,1
1,0.6923894,1
0,0.5617013,1
0,0.49169675,0
0,0.41721344,0
1,0.6746682,1
0,0.64125645,1
1,0.4024005,0
0,0.34705603,0
0,0.67221135,1
1,0.5810498,1
0,0.3645331,0
1,0.48602778,0
1,0.50847054,1
0,0.3571887,0
0,0.41561314,0
1,0.5407767,1
1,0.6761552,1
1,0.3712075,0
0,0.48230144,0
0,0.386596,0
0,0.44463965,0
1,0.5386336,1
0,0.62702936,1
0,0.59496164,1
1,0.58078915,1
0,0.50278986,1
1,0.43415338,0
0,0.5971176,1
0,0.3519169,0
0,0.49902642,0
0,0.39432934,0
1,0.663416,1
1,0.51489455,1
1,0.46353236,0
0,0.5146434,1
1,0.70339245,1
0,0.64393896,1
1,0.50584847,1
1,0.5551711,1
0,0.36262247,0
0,0.5494902,1
0,0.41227114,0
0,0.36926058,0
0,0.47277385,0
0,0.43738094,0
0,0.39042294,0
0,0.641594,1
0,0.5370612,1
0,0.4709175,0
1,0.66492736,1
0,0.3731709,0
0,0.57965314,1
0,0.6546948,1
1,0.66970325,1
0,0.46389893,0
1,0.48928332,0
1,0.47409797,0
0,0.42734048,0
0,0.45191953,0
1,0.6782891,1
0,0.4508895,0
1,0.66535074,1
1,0.6964277,1
0,0.515203,1
0,0.42108223,0
1,0.5753825,1
0,0.5642078,1
0,0.6054418,1
0,0.5261742,1
0,0.3657967,0
0,0.544387,1
1,0.67135537,1
0,0.44558635,0
0,0.45569676,0
0,0.66277575,1
1,0.6336259,1
1,0.52407205,1
1,0.69957006,1
1,0.5873258,1
1,0.70899177,1
0,0.4297287,0
1,0.589284,1
1,0.67218983,1
0,0.3699177,0
0,0.54917336,1
1,0.5877276,1
0,0.39019546,0
0,0.6352379,1
1,0.49854228,0
0,0.3677956,0
1,0.49169675,0
1,0.502068,1
0,0.5810371,1
1,0.55199665,1
1,0.5611648,1
0,0.46725696,0
1,0.6667103,1
1,0.39042294,0
0,0.49136034,0
1,0.5006327,1
1,0.5881592,1
1,0.67422754,1
0,0.43307102,0
1,0.5461696,1
0,0.54472816,1
1,0.6808582,1
0,0.45264134,0
0,0.36926058,0
1,0.71089715,1
0,0.52903056,1
0,0.5025607,1
0,0.5551711,1
1,0.6600377,1
1,0.5103922,1
0,0.4828516,0
1,0.7025749,1
1,0.36900797,0
1,0.41492513,0
0,0.68899935,1
0,0.45028946,0
1,0.55686843,1
0,0.48230144,0
1,0.4730619,0
1,0.53178126,1
0,0.3519169,0
0,0.48469985,0
0,0.50426936,1
1,0.37575626,0
0,0.4919307,0
0,0.63041675,1
0,0.40275922,0
1,0.5176012,1
0,0.41688746,0
0,0.48449525,0
0,0.45495126,0
1,0.6718736,1
0,0.65731025,1
0,0.58411175,1
0,0.49977812,0
1,0.62759304,1
0,0.49695638,0
0,0.55603725,1
1,0.5974382,1
0,0.57068783,1
1,0.58092576,1
1,0.5354537,1
1,0.57150626,1
1,0.6565243,1
1,0.61547774,1
0,0.5117886,1
0,0.36262247,0
0,0.598711,1
0,0.5292182,1
1,0.5810371,1
0,0.49080732,0
1,0.67381847,1
1,0.6453665,1
1,0.5837704,1
0,0.41688746,0
1,0.4732063,0
0,0.49348643,0
1,0.6384347,1
1,0.60949475,1
0,0.54175746,1
0,0.48827118,0
0,0.40347847,0
1,0.48948294,0
0,0.39857823,0
1,0.57929784,1
1,0.46166754,0
0,0.54901105,1
1,0.49080732,0
1,0.6493803,1
0,0.7048795,1
1,0.6418413,1
0,0.3571887,0
0,0.59239674,1
0,0.52347666,1
1,0.5663406,1
0,0.5148445,1
0,0.49328133,0
0,0.59372884,1
1,0.4694039,0
0,0.47995284,0
1,0.5874816,1
0,0.36667562,0
0,0.5481712,1
1,0.3945503,0
0,0.38928473,0
0,0.3700467,0
0,0.49136034,0
1,0.36262247,0
0,0.5887989,1
0,0.47053787,0
0,0.5516073,1
0,0.47416374,0
1,0.37671122,0
0,0.37965363,0
0,0.47717115,0
1,0.45504022,0
0,0.6807307,1
0,0.6843849,1
0,0.49175876,0
1,0.39019546,0
0,0.36262247,0
1,0.6690441,1
0,0.4154653,0
0,0.6169829,1
0,0.3714484,0
0,0.6922959,1
1,0.50426936,1
0,0.36600912,0
0,0.49252957,0
0,0.46721187,0
1,0.44485927,0
0,0.66146815,1
0,0.49169675,0
0,0.60211986,1
0,0.52216655,1
1,0.5469587,1
1,0.44659537,0
1,0.38031462,0
0,0.5915759,1
1,0.58618593,1
0,0.6708996,1
1,0.60789263,1
0,0.4722632,0
0,0.5374746,1
1,0.48230144,0
1,0.62720734,1
0,0.4804571,0
0,0.6056337,1
0,0.51021975,1
0,0.57427937,1
0,0.36797202,0
1,0.36731386,0
1,0.4654466,0
1,0.48230144,0
1,0.6056724,1
0,0.5453794,1
0,0.3885296,0
1,0.5821142,1
1,0.47651798,0
0,0.5340713,1
1,0.6546601,1
1,0.5653412,1
0,0.389055,0
0,0.56806356,1
1,0.52609396,1
0,0.35065433,0
1,0.4723377,0
1,0.4391144,0
1,0.6745192,1
1,0.5863161,1
0,0.35065433,0
0,0.58687276,1
0,0.45724112,0
1,0.6809906,1
0,0.7700779,1
1,0.62443954,1
0,0.45473596,0
1,0.5603523,1
0,0.6080739,1
0,0.68802553,1
0,0.4856396,0
1,0.54759026,1
1,0.5183522,1
1,0.64138603,1
0,0.6379934,1
0,0.45201236,0
1,0.41688746,0
0,0.37140986,0
1,0.49205425,0
0,0.48469985,0
0,0.5596307,1
0,0.48500508,0
1,0.40347847,0
0,0.5178668,1
0,0.4681237,0
0,0.48633176,0
0,0.48940036,0
0,0.5960092,1
1,0.34786886,0
0,0.5563859,1
0,0.37140986,0
1,0.40874478,0
1,0.46601778,0
1,0.68527985,1
0,0.7305763,1
0,0.49695638,0
0,0.40347847,0
1,0.47626913,0
0,0.36615452,0
0,0.5146862,1
0,0.5275085,1
0,0.3671744,0
0,0.3344182,0
1,0.36862102,0
1,0.53553873,1
0,0.53769946,1
0,0.53120106,1
1,0.54336244,1
1,0.54447645,1
1,0.47807327,0
0,0.45495126,0
0,0.45805937,0
0,0.37965363,0
0,0.4798397,0
1,0.54374015,1
0,0.7163393,1
1,0.44470426,0
0,0.45201236,0
1,0.674462,1
1,0.6848345,1
0,0.6759957,1
0,0.37058738,0
1,0.43304142,0
0,0.4643866,0
1,0.4732063,0
0,0.48031157,0
1,0.48469985,0
0,0.3863706,0
0,0.34786886,0
0,0.6483914,1
0,0.56319445,1
0,0.66865826,1
1,0.68863773,1
0,0.68920815,1
1,0.63686466,1
1,0.44485927,0
1,0.6652119,1
1,0.49029157,0
0,0.47883987,0
0,0.58102834,1
0,0.66028816,1
0,0.365739,0
0,0.4828516,0
1,0.39042294,0
0,0.47895405,0
0,0.7031075,1
1,0.6998607,1
1,0.47831738,0
0,0.365739,0
1,0.54410166,1
0,0.36862102,0
0,0.45289147,0
0,0.36797202,0
0,0.66215587,1
1,0.69364816,1
0,0.59236974,1
1,0.6475403,1
1,0.66005373,1
1,0.537427,1
1,0.5208924,1
1,0.35065433,0
1,0.58092576,1
0,0.4919307,0
0,0.6495047,1
0,0.3662802,0
0,0.47238314,0
1,0.6370532,1
0,0.4757722,0
1,0.67257774,1
1,0.5623952,1
0,0.36880225,0
0,0.3739696,0
1,0.34867966,0
1,0.47995284,0
0,0.5156349,1
1,0.46378386,0
1,0.3700467,0
1,0.6585175,1
1,0.4888031,0
0,0.42995307,0
1,0.55862725,1
1,0.51112896,1
0,0.56096876,1
1,0.68730766,1
1,0.6180867,1
0,0.39467204,0
1,0.69356304,1
0,0.36586064,0
0,0.58542895,1
0,0.39844033,0
0,0.39857823,0
0,0.5951955,1
0,0.531376,1
0,0.3443332,0
1,0.34345284,0
0,0.58344764,1
1,0.3662802,0
1,0.5213932,1
0,0.3739696,0
1,0.649782,1
0,0.636777,1
0,0.5747153,1
1,0.38031462,0
0,0.45622468,0
0,0.4508895,0
0,0.37671122,0
1,0.48804912,0
0,0.365739,0
0,0.49857646,0
0,0.48827118,0
0,0.40906793,0
1,0.4888031,0
1,0.42108223,0
0,0.47414353,0
1,0.58126175,1
0,0.57195276,1
0,0.3443332,0
0,0.37671122,0
1,0.5960092,1
0,0.65739816,1
0,0.76041913,1
0,0.3657284,0
1,0.46624768,0
1,0.69594,1
0,0.36608285,0
1,0.42763266,0
0,0.4293458,0
1,0.5642055,1
1,0.47366825,0
0,0.34345284,0
1,0.7615882,1
1,0.5736616,1
0,0.47895405,0
1,0.7025749,1
0,0.36667562,0
0,0.35065433,0
0,0.61172026,1
0,0.5446659,1
1,0.54472816,1
1,0.51112896,1
0,0.44485927,0
0,0.4293458,0
0,0.365739,0
1,0.34705603,0
1,0.67597145,1
1,0.6851131,1
0,0.69793665,1
0,0.48778895,0
0,0.42364183,0
1,0.4757628,0
0,0.6248788,1
1,0.5650447,1
0,0.60750353,1
1,0.60784453,1
0,0.67704594,1
0,0.36615452,0
0,0.36600912,0
0,0.6798495,1
1,0.39875102,0
0,0.43415338,0
1,0.42212373,0
0,0.420912,0
0,0.3571887,0
1,0.48147985,0
0,0.3714484,0
1,0.6473429,1
0,0.35907224,0
1,0.39971453,0
0,0.68529993,1
1,0.6793721,1
1,0.61272514,1
1,0.5402562,1
1,0.43307102,0
0,0.55612373,1
0,0.36667562,0
1,0.66902286,1
0,0.3657284,0
0,0.5937715,1
0,0.41689032,0
1,0.48900425,0
0,0.43304142,0
1,0.47147232,0
1,0.69955397,1
1,0.6499805,1
0,0.3657967,0
0,0.582008,1
1,0.40701008,0
0,0.66993624,1
0,0.34066728,0
1,0.6012991,1
0,0.42108223,0
1,0.6656493,1
1,0.46728143,0
1,0.52460605,1
0,0.48928332,0
0,0.5283939,1
0,0.51520807,1
0,0.6937153,1
0,0.6294533,1
1,0.5595858,1
0,0.36880225,0
0,0.3714484,0
1,0.53079605,1
1,0.67815757,1
0,0.36615452,0
1,0.43481055,0
0,0.48471716,0
1,0.6697794,1
1,0.6662361,1
1,0.56275284,1
1,0.6344521,1
0,0.5304623,1
1,0.5459615,1
0,0.57354623,1
0,0.43350357,0
1,0.5123489,1
1,0.6842234,1
1,0.43798473,0
0,0.48622,0
0,0.48997185,0
1,0.5810498,1
1,0.72947997,1
0,0.4676771,0
0,0.39636648,0
0,0.4519607,0
1,0.6911667,1
0,0.6125734,1
1,0.48928332,0
1,0.5617877,1
0,0.6382605,1
1,0.45371354,0
1,0.5120758,1
1,0.5529843,1
0,0.38031462,0
0,0.62342376,1
0,0.5239261,1
0,0.4707208,0
1,0.48616952,0
1,0.7266508,1
0,0.66657674,1
1,0.64523506,1
0,0.5048441,1
0,0.6693565,1
0,0.41256654,0
0,0.4054497,0
1,0.49252957,0
0,0.46781814,0
0,0.48596415,0
0,0.45495126,0
1,0.66314447,1
1,0.69766265,1
0,0.3714484,0
0,0.45812032,0
1,0.41744128,0
0,0.5751373,1
0,0.68119663,1
1,0.59979707,1
1,0.49713063,0
1,0.5421555,1
1,0.39870167,0
0,0.3667221,0
1,0.5269331,1
0,0.3571887,0
0,0.6511168,1
1,0.40622655,0
1,0.5693295,1
0,0.6537008,1
1,0.39857823,0
0,0.4333709,0
1,0.48517495,0
1,0.69220954,1
1,0.66687113,1
1,0.49221596,0
1,0.6960963,1
0,0.36880225,0
1,0.45305192,0
1,0.49188012,0
0,0.38280094,0
0,0.7460806,1
1,0.662489,1
0,0.386596,0
0,0.58285874,1
0,0.42763266,0
0,0.54254365,1
0,0.5771242,1
0,0.48563886,0
1,0.35893905,0
1,0.5571212,1
1,0.49856007,0
1,0.5066418,1
1,0.672902,1
1,0.68276036,1
1,0.4804571,0
1,0.6970422,1
1,0.38854006,0
0,0.700073,1
0,0.69683564,1
1,0.6248234,1
1,0.43798473,0
1,0.62600124,1
0,0.62062496,1
0,0.4798397,0
0,0.48622,0
0,0.39870167,0
1,0.7645441,1
1,0.43481055,0
0,0.37671122,0
1,0.52216655,1
0,0.5206046,1
1,0.36731386,0
0,0.63340414,1
0,0.47147232,0
0,0.6568437,1
0,0.4902472,0
0,0.5386135,1
0,0.3936784,0
0,0.5434918,1
0,0.3945503,0
1,0.5260919,1
0,0.38031462,0
1,0.48599207,0
0,0.3671744,0
1,0.62556845,1
1,0.46565598,0
0,0.47744703,0
0,0.5260919,1
1,0.69412714,1
0,0.3667221,0
0,0.48469985,0
0,0.62761235,1
0,0.65484524,1
0,0.42364183,0
0,0.48597404,0
1,0.515203,1
0,0.6269311,1
1,0.6867792,1
0,0.60750353,1
1,0.6458771,1
1,0.63892126,1
0,0.55293536,1
1,0.4694039,0
1,0.6303565,1
1,0.6154885,1
1,0.57609236,1
1,0.42247552,0
0,0.5189437,1
1,0.49440634,0
0,0.5603142,1
0,0.4798397,0
0,0.51024395,1
0,0.5208924,1
1,0.5253676,1
1,0.67795455,1
1,0.61512774,1
1,0.33660924,0
0,0.44470426,0
0,0.46781814,0
0,0.6852629,1
1,0.51061636,1
1,0.51388836,1
0,0.63436574,1
0,0.5170473,1
1,0.3751297,0
0,0.4617579,0
1,0.5489533,1
0,0.49776414,0
1,0.6755984,1
1,0.5411965,1
0,0.41943908,0
1,0.59236974,1
0,0.51769704,1
1,0.4403262,0
0,0.4548844,0
1,0.5880493,1
0,0.60154885,1
0,0.53026354,1
1,0.6645964,1
0,0.5950474,1
1,0.45369342,0
1,0.6279713,1
0,0.5006642,1
1,0.5565355,1
0,0.63871896,1
1,0.48597404,0
1,0.48827118,0
1,0.41492513,0
1,0.39042294,0
0,0.5689024,1
0,0.63113534,1
1,0.43932247,0
1,0.58593607,1
1,0.65311646,1
0,0.47154137,0
1,0.742074,1
1,0.5939969,1
0,0.386596,0
0,0.6299859,1
0,0.34705603,0
1,0.43085527,0
1,0.68857944,1
0,0.6289221,1
0,0.502068,1
1,0.5184038,1
1,0.6800333,1
0,0.36572608,0
0,0.38977832,0
1,0.6852987,1
1,0.6047137,1
0,0.5275085,1
0,0.5074826,1
1,0.6816425,1
1,0.36262247,0
1,0.46293,0
0,0.7032473,1
1,0.552834,1
1,0.69326955,1
0,0.6753171,1
0,0.3731709,0
1,0.4774199,0
0,0.35907224,0
0,0.5771242,1
0,0.61598456,1
0,0.5037339,1
1,0.4293458,0
0,0.46017352,0
0,0.45495126,0
0,0.6978259,1
0,0.51045823,1
0,0.48563886,0
0,0.50239885,1
1,0.60504323,1
0,0.5380361,1
1,0.5378561,1
0,0.48848417,0
1,0.51752764,1
1,0.5608648,1
1,0.53453195,1
0,0.4723377,0
1,0.50406224,1
0,0.5278367,1
0,0.5570412,1
1,0.5148511,1
0,0.39432934,0
1,0.66368234,1
1,0.4951284,0
1,0.6165744,1
1,0.6767601,1
0,0.59641576,1
1,0.64984524,1
0,0.51752764,1
0,0.43481055,0
0,0.5826497,1
0,0.42698044,0
1,0.6256546,1
1,0.53334993,1
1,0.6257901,1
0,0.5014398,1
1,0.6552381,1
1,0.4902472,0
0,0.49402356,0
0,0.40275922,0
0,0.48848417,0
0,0.5415556,1
1,0.6928872,1
0,0.39060596,0
1,0.4508895,0
1,0.66777873,1
1,0.60789263,1
1,0.4902472,0
0,0.61575234,1
0,0.5179477,1
1,0.49533522,0
1,0.6414786,1
1,0.75384843,1
0,0.38280094,0
1,0.48804912,0
0,0.61079866,1
0,0.7000826,1
0,0.49776414,0
1,0.5458787,1
0,0.65294105,1
1,0.44105756,0
0,0.47416374,0
0,0.4399861,0
0,0.4399861,0
0,0.38143936,0
0,0.5178668,1
1,0.38849738,0
1,0.5363645,1
1,0.49348643,0
0,0.55733037,1
1,0.63964695,1
0,0.5034542,1
1,0.4866003,0
1,0.5168976,1
0,0.3863383,0
0,0.3554124,0
0,0.41492513,0
1,0.48147985,0
0,0.39875102,0
0,0.45569676,0
1,0.48416975,0
1,0.6441898,1
1,0.5025607,1
0,0.6929271,1
0,0.6336194,1
0,0.43415338,0
0,0.47761035,0
1,0.46353236,0
1,0.5260919,1
1,0.54901105,1
0,0.564665,1
0,0.57022065,1
0,0.67191595,1
0,0.49480516,0
1,0.45495224,0
0,0.3519169,0
0,0.56238544,1
0,0.3945503,0
0,0.680252,1
0,0.47485554,0
1,0.47003302,0
0,0.48799485,0
0,0.56002975,1
0,0.49348643,0
0,0.47194675,0
0,0.36667562,0
0,0.5555403,1
1,0.6623448,1
0,0.6731674,1
1,0.6722852,1
1,0.41227114,0
0,0.42734048,0
1,0.46017352,0
0,0.56023186,1
0,0.5434918,1
0,0.60210425,1
0,0.48103645,0
1,0.64472467,1
1,0.5708001,1
1,0.6065163,1
0,0.52487385,1
1,0.5166801,1
0,0.47851864,0
1,0.65785444,1
1,0.53798974,1
0,0.39574552,0
1,0.534909,1
0,0.69436,1
1,0.40622655,0
1,0.5473811,1
0,0.45018372,0
1,0.67525244,1
0,0.56275284,1
0,0.57061434,1
0,0.41525438,0
0,0.59591347,1
1,0.56702834,1
1,0.48563886,0
1,0.5936504,1
0,0.5917084,1
0,0.47053787,0
0,0.5144799,1
0,0.48103645,0
1,0.49136034,0
0,0.5463088,1
1,0.5049152,1
0,0.58939433,1
0,0.5289293,1
0,0.3671744,0
1,0.4399861,0
1,0.45644408,0
1,0.5959896,1
0,0.6284667,1
0,0.49320847,0
1,0.7460962,1
0,0.48928332,0
1,0.6818636,1
0,0.68119323,1
0,0.3519169,0
1,0.6709643,1
0,0.5956154,1
1,0.44485927,0
1,0.4496881,0
0,0.50791186,1
0,0.6771956,1
0,0.6963761,1
0,0.59530896,1
0,0.6079069,1
1,0.64827186,1
0,0.4804571,0
1,0.4828516,0
0,0.62187505,1
1,0.69318885,1
1,0.6731529,1
0,0.5494902,1
0,0.39857823,0
1,0.6616351,1
1,0.588251,1
1,0.6861037,1
1,0.5404663,1
0,0.50687546,1
0,0.6895162,1
1,0.5275085,1
1,0.49204203,0
1,0.43798473,0
1,0.5532568,1
0,0.64669603,1
0,0.48928332,0
0,0.5126988,1
1,0.4519917,0
1,0.6544148,1
0,0.63538,1
1,0.49695638,0
1,0.5808652,1
0,0.62511104,1
1,0.40189824,0
1,0.5334287,1
1,0.66855264,1
1,0.62074083,1
0,0.39432934,0
1,0.6631988,1
1,0.48346806,0
0,0.35907224,0
1,0.63142353,1
1,0.59398806,1
0,0.5960018,1
1,0.59368116,1
0,0.47147232,0
1,0.6836077,1
0,0.35366687,0
0,0.6924993,1
1,0.5013735,1
1,0.4293458,0
1,0.3645331,0
1,0.67290914,1
1,0.70139277,1
0,0.6175746,1
0,0.45834514,0
1,0.42326385,0
1,0.3831558,0
1,0.5434918,1
1,0.65503883,1
1,0.5704077,1
0,0.49348643,0
1,0.6667521,1
0,0.5193918,1
0,0.3699177,0
1,0.45030764,0
0,0.3677956,0
1,0.70843315,1
1,0.64599216,1
1,0.50791186,1
0,0.39857823,0
0,0.47098434,0
0,0.36608285,0
1,0.59733975,1
0,0.39432934,0
0,0.671718,1
0,0.5533019,1
0,0.6080739,1
1,0.4570393,0
1,0.63097477,1
0,0.39432934,0
0,0.4798397,0
0,0.539227,1
0,0.6289221,1
1,0.6779131,1
1,0.666515,1
1,0.6002575,1
0,0.47122002,0
0,0.42763266,0
0,0.43481055,0
1,0.6959965,1
1,0.4499349,0
1,0.7070061,1
1,0.6889604,1
0,0.34271613,0
1,0.5025607,1
0,0.3863706,0
1,0.48280582,0
1,0.58406895,1
1,0.64213145,1
1,0.66742766,1
1,0.5649955,1
0,0.5034542,1
1,0.4370247,0
0,0.42892176,0
1,0.6932384,1
0,0.42763266,0
1,0.637477,1
1,0.50886714,1
1,0.6347465,1
1,0.6832965,1
1,0.6372729,1
0,0.59122276,1
0,0.37166247,0
0,0.3921117,0
1,0.4888031,0
1,0.571713,1
0,0.51928675,1
1,0.67817146,1
0,0.41227114,0
0,0.36880225,0
1,0.7134242,1
0,0.3667221,0
0,0.37140986,0
1,0.34345284,0
0,0.35907224,0
0,0.36608285,0
1,0.36593485,0
0,0.3859837,0
0,0.48903665,0
0,0.48903665,0
0,0.6216575,1
1,0.65256846,1
0,0.6728673,1
1,0.43350357,0
1,0.47147232,0
0,0.41666615,0
0,0.49776414,0
0,0.36669534,0
0,0.5708601,1
0,0.5519485,1
0,0.3890302,0
1,0.49589035,0
0,0.39446092,0
0,0.5013735,1
1,0.6716419,1
0,0.4399861,0
0,0.42216417,0
0,0.49722815,0
0,0.49136034,0
1,0.6447312,1
0,0.38857862,0
1,0.3645331,0
1,0.6546601,1
1,0.5884091,1
1,0.6358485,1
1,0.6787712,1
1,0.43307102,0
1,0.51056075,1
0,0.37671122,0
0,0.54453605,1
0,0.3571887,0
0,0.46017352,0
1,0.46789303,0
1,0.52325004,1
1,0.6241967,1
0,0.6521354,1
0,0.53408986,1
0,0.67473197,1
1,0.61457515,1
0,0.41790396,0
0,0.3662802,0
1,0.5762602,1
0,0.46614948,0
0,0.5415556,1
1,0.5552535,1
0,0.3657967,0
0,0.5132979,1
0,0.49221596,0
1,0.65624636,1
1,0.5811873,1
1,0.5461696,1
0,0.43307102,0
0,0.6916879,1
1,0.61958325,1
1,0.66358936,1
0,0.59884185,1
0,0.5415556,1
0,0.37156615,0
0,0.61913985,1
0,0.6683498,1
0,0.4882344,0
0,0.5178668,1
0,0.36593485,0
0,0.58054215,1
1,0.40906793,0
1,0.65442353,1
1,0.6162815,1
0,0.6602379,1
0,0.5322385,1
0,0.6372975,1
0,0.6409316,1
0,0.41688746,0
0,0.6279924,1
0,0.4803969,0
0,0.37764075,0
1,0.4293458,0
1,0.5881592,1
0,0.475311,0
0,0.46848375,0
1,0.60154885,1
1,0.5178668,1
1,0.50239885,1
0,0.6796836,1
0,0.47895038,0
0,0.36593485,0
1,0.57356745,1
0,0.6943101,1
1,0.5926058,1
0,0.51290786,1
0,0.4720038,0
0,0.3657967,0
1,0.6622357,1
1,0.42108223,0
0,0.45197085,0
1,0.5231946,1
0,0.36667562,0
1,0.6201998,1
1,0.4643866,0
0,0.4399861,0
0,0.68438286,1
1,0.68514484,1
0,0.39254853,0
0,0.51084006,1
0,0.4504147,0
1,0.49888057,0
0,0.37138802,0
0,0.48928332,0
1,0.43798473,0
1,0.6432145,1
0,0.50411445,1
0,0.3645331,0
1,0.63023067,1
0,0.42266107,0
1,0.6810902,1
1,0.57520044,1
0,0.48848417,0
1,0.4654466,0
0,0.40622655,0
0,0.7099572,1
0,0.40347847,0
1,0.5095797,1
1,0.4828516,0
1,0.572146,1
1,0.4731143,0
0,0.3890302,0
1,0.48469985,0
0,0.42892176,0
0,0.5378561,1
0,0.6478578,1
1,0.46565598,0
1,0.47744703,0
0,0.39019546,0
0,0.63284403,1
0,0.6180867,1
1,0.6269622,1
1,0.5334287,1
0,0.5066418,1
0,0.48346806,0
1,0.62827516,1
0,0.34956664,0
0,0.5610356,1
0,0.583898,1
1,0.420912,0
1,0.6726012,1
0,0.5753065,1
0,0.35907224,0
1,0.4293458,0
0,0.6826721,1
0,0.44485927,0
1,0.54047096,1
0,0.65134656,1
0,0.45947462,0
0,0.4902472,0
0,0.5347282,1
1,0.62020826,1
0,0.38928473,0
0,0.59368116,1
0,0.60621244,1
1,0.6063715,1
1,0.6139866,1
1,0.7040189,1
0,0.5049152,1
0,0.34345284,0
1,0.63486105,1
0,0.46389893,0
1,0.6694413,1
1,0.53157413,1
1,0.3443332,0
1,0.5933825,1
0,0.41256654,0
0,0.50864357,1
0,0.49328133,0
0,0.5484656,1
1,0.6412606,1
0,0.6692805,1
1,0.64751476,1
0,0.5132979,1
1,0.5554903,1
0,0.5919928,1
0,0.44485927,0
0,0.6166322,1
1,0.34786886,0
0,0.6713101,1
1,0.4798397,0
1,0.64251393,1
0,0.67935276,1
0,0.4888031,0
1,0.45644408,0
0,0.63553554,1
0,0.45495224,0
1,0.41689032,0
1,0.4293458,0
1,0.6068421,1
0,0.59122276,1
1,0.5810371,1
1,0.5520591,1
1,0.67578113,1
1,0.41790396,0
1,0.46565598,0
0,0.7092939,1
1,0.5802674,1
0,0.55477256,1
0,0.6543302,1
0,0.5006642,1
0,0.61189586,1
1,0.6683498,1
0,0.39714208,0
0,0.4496881,0
1,0.69933444,1
1,0.5707729,1
1,0.3964846,0
0,0.67227393,1
1,0.66153735,1
1,0.6108035,1
1,0.41790396,0
0,0.40906793,0
0,0.6207465,1
1,0.50213,1
1,0.66747475,1
1,0.5418293,1
1,0.64599955,1
0,0.48308283,0
0,0.41274858,0
0,0.63340414,1
0,0.62464887,1
0,0.3863383,0
0,0.39256534,0
0,0.6178106,1
1,0.60936797,1
0,0.3464295,0
1,0.5145083,1
0,0.5449593,1
0,0.3519169,0
0,0.62167096,1
1,0.6727742,1
1,0.46579167,0
1,0.6477694,1
1,0.66683006,1
1,0.5263473,1
0,0.55600554,1
1,0.36205903,0
0,0.6325791,1
1,0.4798397,0
0,0.3714484,0
0,0.59154177,1
0,0.5935113,1
0,0.502068,1
1,0.3667221,0
0,0.5788917,1
1,0.4714483,0
0,0.5801661,1
0,0.5420132,1
1,0.56359744,1
0,0.6429286,1
1,0.39432934,0
0,0.37764075,0
1,0.5519248,1
0,0.4057616,0
0,0.5499642,1
0,0.35366687,0
0,0.669297,1
1,0.5386336,1
1,0.6820825,1
1,0.66688496,1
0,0.34786886,0
1,0.5798032,1
1,0.67386353,1
0,0.5945877,1
0,0.61458266,1
1,0.7272624,1
0,0.45052117,0
1,0.47053787,0
1,0.56460714,1
1,0.61523575,1
1,0.50847054,1
1,0.5742326,1
0,0.44655886,0
0,0.5067224,1
0,0.49262393,0
1,0.6061178,1
1,0.67915386,1
1,0.7066439,1
1,0.5043451,1
0,0.5669574,1
1,0.6105404,1
1,0.61660576,1
1,0.5013735,1
0,0.36667562,0
0,0.48903665,0
0,0.6693565,1
0,0.5610356,1
0,0.42364183,0
0,0.45567253,0
0,0.51442015,1
0,0.3645331,0
1,0.47717115,0
0,0.5216109,1
1,0.46799216,0
0,0.41744128,0
1,0.45502293,0
0,0.365739,0
1,0.6038939,1
1,0.4790444,0
1,0.365739,0
0,0.48393285,0
1,0.55143946,1
0,0.59130704,1
0,0.40347847,0
1,0.69139075,1
1,0.6282127,1
0,0.65332043,1
0,0.36586064,0
0,0.39432934,0
1,0.3913471,0
0,0.6692693,1
0,0.68898076,1
1,0.47416374,0
0,0.5037339,1
0,0.65082204,1
1,0.5560561,1
0,0.50836796,1
1,0.6023376,1
0,0.60962063,1
0,0.49589035,0
0,0.41689032,0
1,0.6732082,1
0,0.47416374,0
0,0.45201236,0
1,0.67986405,1
0,0.3894787,0
0,0.4730619,0
1,0.523091,1
0,0.46166754,0
0,0.4714483,0
0,0.46389893,0
0,0.6299859,1
0,0.6814619,1
0,0.4804571,0
1,0.65226495,1
1,0.6288288,1
1,0.66753876,1
0,0.39043364,0
1,0.5810498,1
1,0.5456571,1
0,0.3751297,0
1,0.47738802,0
0,0.64116347,1
0,0.39857823,0
1,0.54983765,1
0,0.5144799,1
1,0.48611948,0
1,0.5669574,1
0,0.6993717,1
1,0.6847169,1
0,0.40908986,0
0,0.49907526,0
0,0.49110353,0
0,0.4297287,0
1,0.57177824,1
0,0.69361264,1
1,0.6161948,1
0,0.39287525,0
0,0.5013735,1
0,0.502068,1
0,0.37671122,0
0,0.5438934,1
1,0.6996065,1
0,0.48500508,0
0,0.49440634,0
1,0.5363681,1
0,0.3739696,0
0,0.43103045,0
1,0.5649719,1
0,0.51469946,1
0,0.53348684,1
0,0.53548616,1
0,0.5710448,1
0,0.43415338,0
0,0.51472986,1
0,0.41541484,0
0,0.68037266,1
0,0.49118474,0
0,0.5839527,1
0,0.3751297,0
1,0.69910556,1
0,0.36862102,0
1,0.48211378,0
1,0.65904045,1
1,0.6522812,1
1,0.6178331,1
0,0.37965363,0
1,0.365739,0
1,0.7024045,1
0,0.4790444,0
1,0.65234375,1
1,0.6679323,1
0,0.6725466,1
0,0.45495126,0
0,0.66933215,1
1,0.64060223,1
1,0.48940036,0
0,0.5438352,1
0,0.42216417,0
1,0.3645331,0
1,0.42698044,0
0,0.6430208,1
0,0.46017352,0
0,0.41211995,0
1,0.5210043,1
1,0.67824036,1
0,0.50213915,1
1,0.55199665,1
1,0.47262207,0
1,0.6639126,1
0,0.47422722,0
0,0.5357088,1
0,0.42960876,0
0,0.3839776,0
1,0.56071377,1
0,0.57929784,1
0,0.3885296,0
1,0.57764757,1
1,0.6180159,1
0,0.5379197,1
0,0.55612373,1
1,0.515429,1
0,0.6820891,1
0,0.4297287,0
0,0.67009777,1
1,0.62417483,1
0,0.46166754,0
0,0.5275663,1
0,0.41492513,0
0,0.6086115,1
1,0.5963861,1
0,0.578231,1
1,0.5519485,1
1,0.5208924,1
0,0.4687495,0
0,0.40275922,0
1,0.4050715,0
1,0.64091843,1
0,0.6414435,1
0,0.5587231,1
1,0.6110168,1
1,0.49348643,0
1,0.38031462,0
1,0.41492513,0
0,0.38031462,0
0,0.5424896,1
1,0.49713063,0
0,0.3731709,0
1,0.5067224,1
1,0.6046029,1
0,0.6082956,1
1,0.5708001,1
0,0.55601215,1
1,0.55686843,1
1,0.67955774,1
1,0.5731549,1
1,0.64358085,1
1,0.4993703,0
1,0.705402,1
1,0.68268186,1
0,0.3677956,0
0,0.4457555,0
1,0.6402504,1
0,0.5213932,1
1,0.6613163,1
0,0.6715944,1
0,0.47147232,0
0,0.3700467,0
1,0.550063,1
0,0.3751297,0
1,0.5650119,1
0,0.6586798,1
1,0.68956894,1
0,0.36608285,0
0,0.66904527,1
0,0.6185462,1
0,0.41917327,0
0,0.53254724,1
1,0.58766615,1
1,0.5103922,1
0,0.6010964,1
1,0.486994,0
1,0.5199783,1
1,0.45328817,0
0,0.48775655,0
0,0.37764075,0
0,0.5013735,1
1,0.6057413,1
0,0.5829675,1
0,0.66072387,1
1,0.58828074,1
0,0.50980616,1
0,0.66873544,1
0,0.41790396,0
1,0.6350757,1
1,0.52903056,1
1,0.44463965,0
0,0.418053,0
0,0.61245555,1
0,0.40275922,0
1,0.6010014,1
1,0.66081583,1
0,0.5278367,1
0,0.5116418,1
1,0.5949846,1
1,0.5919928,1
1,0.5148511,1
1,0.62203443,1
1,0.49320847,0
0,0.49367225,0
0,0.37575626,0
1,0.6369902,1
0,0.53956306,1
1,0.46876287,0
0,0.41492513,0
0,0.49136034,0
0,0.3863706,0
0,0.5013735,1
0,0.37764075,0
1,0.49328133,0
1,0.54886436,1
1,0.643657,1
1,0.6689352,1
0,0.47195747,0
0,0.41507813,0
1,0.50687546,1
1,0.4919459,0
1,0.5125572,1
1,0.50733674,1
1,0.55862725,1
0,0.594036,1
1,0.48694035,0
1,0.48469985,0
0,0.49854228,0
0,0.66116023,1
1,0.50712407,1
0,0.46303433,0
1,0.59341913,1
1,0.6040382,1
0,0.49348643,0
0,0.57570106,1
0,0.5880493,1
0,0.50031316,1
1,0.40701008,0
0,0.58100843,1
1,0.6567918,1
0,0.4562846,0
1,0.5468538,1
0,0.60655737,1
0,0.41536438,0
1,0.6735088,1
0,0.3945056,0
0,0.51775914,1
0,0.5146862,1
1,0.6775889,1
0,0.39019546,0
0,0.36593485,0
0,0.42734048,0
0,0.48848417,0
0,0.5643613,1
1,0.571713,1
0,0.5565693,1
0,0.38031462,0
0,0.64598155,1
1,0.45495126,0
1,0.3731709,0
0,0.64382213,1
0,0.4293458,0
1,0.366822,0
0,0.5083029,1
1,0.44485927,0
0,0.3667221,0
1,0.6175682,1
0,0.46377826,0
0,0.56661665,1
1,0.53426355,1
0,0.67168844,1
1,0.4795154,0
0,0.53956306,1
0,0.45135155,0
0,0.39857823,0
0,0.50002754,1
0,0.77720845,1
1,0.4574394,0
1,0.66871166,1
0,0.5576605,1
0,0.66902286,1
0,0.48500508,0
0,0.37671122,0
1,0.39714208,0
1,0.37590504,0
0,0.5973288,1
1,0.6260415,1
1,0.41288063,0
1,0.6493803,1
1,0.6684868,1
0,0.44485927,0
1,0.51800466,1
0,0.41227114,0
0,0.37140986,0
0,0.6705952,1
0,0.46915486,0
1,0.5006642,1
0,0.36262247,0
1,0.4152824,0
0,0.5062245,1
1,0.63605505,1
1,0.46789303,0
1,0.5013735,1
0,0.67558885,1
1,0.48694035,0
0,0.37965363,0
0,0.6305909,1
1,0.515203,1
0,0.47098434,0
0,0.45264134,0
1,0.6734548,1
0,0.47738802,0
0,0.3831558,0
1,0.55199665,1
0,0.57126915,1
0,0.70473075,1
1,0.49856007,0
0,0.59372884,1
0,0.5862702,1
1,0.49840447,0
0,0.5378561,1
0,0.41688746,0
1,0.71915305,1
1,0.39042294,0
0,0.3714484,0
0,0.6849907,1
0,0.3731709,0
1,0.38857204,0
0,0.57440835,1
1,0.6272214,1
0,0.5029431,1
0,0.4928005,0
0,0.47485554,0
1,0.6180404,1
1,0.6169534,1
0,0.38928473,0
1,0.6262216,1
0,0.36608285,0
1,0.56460714,1
0,0.39467204,0
1,0.545215,1
0,0.6820891,1
1,0.49038425,0
1,0.69405544,1
0,0.39019546,0
1,0.6236859,1
1,0.69694537,1
0,0.45502293,0
1,0.5832887,1
0,0.52349424,1
0,0.6195648,1
1,0.6846385,1
1,0.36608285,0
1,0.6619162,1
1,0.6803179,1
0,0.46915486,0
1,0.5640866,1
1,0.66607815,1
1,0.654514,1
0,0.36593485,0
1,0.39844033,0
0,0.34786886,0
1,0.67227393,1
0,0.49776414,0
1,0.5610356,1
1,0.58726585,1
0,0.46199614,0
0,0.56169236,1
0,0.65731025,1
0,0.6068421,1
0,0.3645331,0
1,0.7083837,1
1,0.50847054,1
0,0.41227114,0
0,0.422146,0
1,0.6420943,1
0,0.47651798,0
0,0.39019546,0
1,0.50791186,1
1,0.6422424,1
0,0.3969986,0
1,0.421147,0
0,0.4508895,0
0,0.42216417,0
1,0.5198207,1
1,0.51388836,1
0,0.36586064,0
1,0.44994876,0
0,0.6228223,1
0,0.53392696,1
0,0.3700467,0
1,0.51800466,1
1,0.65672415,1
0,0.45690334,0
1,0.4709175,0
0,0.641867,1
1,0.66935265,1
1,0.5822405,1
1,0.6273441,1
1,0.689866,1
1,0.56322277,1
0,0.37764075,0
0,0.4565622,0
0,0.6204657,1
0,0.5773674,1
1,0.6402838,1
0,0.6242472,1
1,0.39095104,0
1,0.64075273,1
1,0.5792962,1
0,0.66099477,1
1,0.639839,1
1,0.5481712,1
0,0.6373619,1
0,0.54336244,1
1,0.52460605,1
1,0.42960876,0
1,0.47717115,0
0,0.6082804,1
1,0.5025607,1
1,0.43481055,0
1,0.59641576,1
0,0.44655886,0
1,0.39432934,0
1,0.6263072,1
0,0.61335963,1
1,0.4900122,0
0,0.45371354,0
0,0.5049152,1
1,0.4570393,0
1,0.49674663,0
0,0.36669534,0
1,0.68416727,1
0,0.48948294,0
1,0.38280094,0
0,0.42108223,0
0,0.49320847,0
1,0.6765363,1
1,0.72582805,1
1,0.50054115,1
0,0.3443332,0
1,0.62155896,1
1,0.6819614,1
0,0.49998713,0
0,0.47761035,0
0,0.3898304,0
1,0.420912,0
0,0.5471069,1
0,0.3519169,0
1,0.6560204,1
0,0.46565598,0
1,0.5049152,1
1,0.5887989,1
0,0.6258005,1
0,0.6165744,1
1,0.6431096,1
0,0.5370612,1
0,0.44163656,0
0,0.5432284,1
1,0.5037339,1
1,0.5753825,1
0,0.46601778,0
1,0.39467204,0
0,0.37965363,0
0,0.43304142,0
1,0.5885379,1
0,0.41561314,0
0,0.6855158,1
0,0.3519169,0
1,0.4578243,0
0,0.45569676,0
0,0.5718448,1
1,0.5867848,1
1,0.5229095,1
0,0.36926058,0
1,0.44655886,0
0,0.36608285,0
1,0.49219874,0
0,0.6336657,1
1,0.5123489,1
0,0.47761035,0
0,0.44485927,0
0,0.68176913,1
0,0.3419969,0
0,0.64406717,1
0,0.49118474,0
0,0.49869835,0
1,0.3913471,0
0,0.65756375,1
1,0.6321754,1
0,0.3913471,0
0,0.50690365,1
1,0.49840447,0
1,0.51952296,1
0,0.5922328,1
1,0.6378723,1
1,0.35366687,0
1,0.5718448,1
1,0.64481574,1
0,0.46389893,0
0,0.5216109,1
1,0.6257942,1
0,0.3831558,0
0,0.5974479,1
1,0.55055314,1
1,0.4756232,0
1,0.39857823,0
1,0.5033258,1
1,0.7088575,1
1,0.6807373,1
0,0.592725,1
0,0.47416374,0
0,0.45201236,0
1,0.57048804,1
0,0.61625135,1
0,0.5446659,1
1,0.43304142,0
0,0.49038425,0
0,0.40160954,0
1,0.599526,1
0,0.68480164,1
1,0.6402394,1
0,0.5792962,1
0,0.6019053,1
1,0.6522702,1
1,0.40275922,0
1,0.45644408,0
1,0.54952776,1
0,0.45028946,0
1,0.5760357,1
0,0.3731709,0
0,0.6400832,1
0,0.6474184,1
0,0.46565598,0
0,0.3667221,0
1,0.4888031,0
0,0.6416116,1
0,0.56773686,1
0,0.49440634,0
0,0.6418196,1
0,0.5877478,1
1,0.5034542,1
0,0.3419969,0
0,0.61334866,1
0,0.33309573,0
1,0.49440634,0
1,0.6561512,1
1,0.41227114,0
0,0.45429176,0
0,0.55795354,1
0,0.63774866,1
1,0.7002665,1
1,0.62551457,1
1,0.6185845,1
0,0.69644713,1
0,0.3712075,0
1,0.46571466,0
0,0.46166754,0
0,0.37140986,0
1,0.48469985,0
0,0.5630793,1
1,0.68264025,1
0,0.58222467,1
0,0.57310724,1
1,0.45030764,0
1,0.63548607,1
1,0.53603375,1
1,0.5773674,1
1,0.6681941,1
0,0.6874884,1
0,0.6931481,1
0,0.34271613,0
0,0.3443332,0
0,0.4496881,0
0,0.55465084,1
1,0.51800466,1
1,0.6073175,1
0,0.64553267,1
1,0.64536405,1
0,0.688628,1
1,0.6965808,1
1,0.5559478,1
1,0.41536438,0
0,0.6149991,1
1,0.3519169,0
1,0.6948828,1
0,0.5575388,1
0,0.48416287,0
0,0.6666384,1
0,0.35907224,0
1,0.5146434,1
1,0.67035824,1
0,0.39446092,0
0,0.47711933,0
0,0.36593485,0
1,0.6398815,1
1,0.5404663,1
1,0.5977858,1
0,0.44558635,0
1,0.6821555,1
0,0.68463165,1
0,0.48871976,0
0,0.60538244,1
1,0.70251834,1
1,0.42734048,0
1,0.58720887,1
1,0.499715,0
0,0.365739,0
1,0.60762674,1
0,0.45569676,0
1,0.53987324,1
0,0.52488035,1
0,0.458488,0
1,0.40275922,0
0,0.690311,1
1,0.53741735,1
0,0.44659537,0
1,0.664604,1
0,0.4871939,0
0,0.39019546,0
0,0.52609396,1
0,0.36048374,0
1,0.5260919,1
0,0.50121313,1
1,0.6516609,1
1,0.62300056,1
1,0.66923213,1
0,0.46929243,0
0,0.42061004,0
1,0.66504335,1
1,0.4293458,0
1,0.6854893,1
0,0.53741777,1
1,0.5649453,1
1,0.37166247,0
1,0.6205769,1
0,0.39446092,0
1,0.49952468,0
1,0.6833425,1
0,0.47147232,0
1,0.6643778,1
1,0.5988935,1
0,0.6384561,1
1,0.48469985,0
1,0.46567014,0
1,0.6234574,1
0,0.3443332,0
1,0.46199614,0
1,0.5595029,1
1,0.5753065,1
0,0.44485927,0
1,0.40701008,0
0,0.3712075,0
1,0.6940752,1
1,0.58593607,1
0,0.4643866,0
1,0.693733,1
1,0.5208924,1
0,0.47147232,0
0,0.6635229,1
0,0.6221767,1
1,0.6311928,1
0,0.5347148,1
0,0.34956664,0
0,0.6966713,1
1,0.42763266,0
0,0.54254365,1
0,0.4707208,0
0,0.54924065,1
0,0.5228443,1
1,0.3519169,0
0,0.5066418,1
0,0.48103645,0
1,0.5757436,1
0,0.3677956,0
0,0.5564364,1
0,0.5727869,1
1,0.3714484,0
1,0.68163025,1
1,0.6888451,1
1,0.57068783,1
0,0.45495126,0
1,0.5855897,1
0,0.34705603,0
1,0.6670539,1
1,0.6780626,1
1,0.67510825,1
0,0.3699177,0
0,0.47409797,0
1,0.50121313,1
0,0.5418293,1
0,0.4545083,0
1,0.5013735,1
1,0.67068154,1
0,0.6436443,1
1,0.56746423,1
1,0.5649162,1
1,0.5125572,1
1,0.6434454,1
0,0.3413291,0
1,0.515203,1
0,0.48469985,0
0,0.5322385,1
0,0.34705603,0
0,0.63474137,1
0,0.58470947,1
0,0.6816402,1
0,0.64293146,1
0,0.43307102,0
0,0.40275922,0
0,0.4399861,0
0,0.6357068,1
0,0.4403262,0
0,0.50738364,1
0,0.50121313,1
0,0.6637614,1
0,0.66585183,1
0,0.62402964,1
1,0.59236974,1
1,0.46624768,0
0,0.6795904,1
1,0.7020912,1
0,0.57764757,1
1,0.69799507,1
1,0.6656645,1
1,0.5013735,1
1,0.49221596,0
1,0.6483914,1
1,0.72112006,1
0,0.50836796,1
0,0.45289147,0
0,0.53956306,1
0,0.49348643,0
1,0.6904299,1
1,0.70957965,1
0,0.5049152,1
0,0.64718765,1
1,0.5402562,1
0,0.46017352,0
0,0.5877276,1
0,0.46017352,0
0,0.5983664,1
0,0.39714208,0
1,0.5670634,1
1,0.48117992,0
0,0.37138802,0
0,0.6443109,1
0,0.3671744,0
1,0.62683827,1
0,0.46781814,0
1,0.5372598,1
0,0.6119441,1
0,0.43481055,0
1,0.5630793,1
1,0.61949337,1
0,0.40393683,0
0,0.4508895,0
0,0.4828516,0
0,0.5260919,1
1,0.37166247,0
1,0.5998411,1
0,0.6819267,1
0,0.500584,1
0,0.6464666,1
1,0.51021975,1
0,0.4828516,0
0,0.365739,0
0,0.36600912,0
1,0.39446092,0
1,0.5617877,1
1,0.5504924,1
1,0.34580216,0
1,0.53178126,1
0,0.36862102,0
0,0.37671122,0
0,0.555918,1
0,0.5839527,1
0,0.47416374,0
1,0.49776414,0
0,0.56238544,1
0,0.42734048,0
1,0.55920225,1
0,0.41688746,0
0,0.48103645,0
1,0.5809803,1
1,0.49888057,0
1,0.52857155,1
0,0.7135012,1
0,0.4856396,0
0,0.66044915,1
1,0.5116418,1
1,0.66146344,1
1,0.6205769,1
0,0.48757505,0
0,0.5582588,1
0,0.71084607,1
0,0.6795843,1
1,0.57284564,1
1,0.55686843,1
1,0.67911327,1
0,0.4496881,0
0,0.45191467,0
0,0.37965363,0
0,0.48147985,0
0,0.34956664,0
1,0.63087654,1
0,0.36615452,0
1,0.5788917,1
1,0.46166754,0
1,0.6736035,1
1,0.39583215,0
0,0.51045823,1
1,0.56806356,1
0,0.45201236,0
0,0.48416975,0
1,0.5942024,1
0,0.6171628,1
0,0.4423455,0
1,0.67334974,1
0,0.37053862,0
0,0.3464295,0
1,0.45067617,0
0,0.4828516,0
1,0.6218434,1
1,0.47873652,0
1,0.47194675,0
1,0.37140986,0
0,0.43932247,0
0,0.3751297,0
0,0.492616,0
1,0.593001,1
0,0.3863383,0
0,0.41227114,0
0,0.4664708,0
0,0.41790396,0
0,0.41790396,0
0,0.6560736,1
1,0.7213485,1
1,0.46163678,0
0,0.3751297,0
0,0.47717115,0
1,0.607683,1
0,0.57284564,1
1,0.4798397,0
0,0.48928332,0
1,0.50426936,1
0,0.68749726,1
0,0.70082283,1
0,0.45028946,0
0,0.48517495,0
0,0.6661219,1
1,0.48558274,0
0,0.3667221,0
0,0.37940598,0
0,0.4676771,0
0,0.475311,0
0,0.60017246,1
0,0.66001993,1
0,0.41492513,0
0,0.5617877,1
1,0.53779614,1
1,0.65872806,1
0,0.36608285,0
0,0.45495126,0
0,0.53480434,1
0,0.6219095,1
1,0.5462896,1
0,0.6010014,1
1,0.66713834,1
0,0.45163903,0
1,0.56486493,1
0,0.42216417,0
1,0.67551756,1
0,0.3945503,0
0,0.37764075,0
1,0.69672453,1
0,0.39432934,0
1,0.46876287,0
1,0.42108223,0
0,0.5403604,1
0,0.5779661,1
1,0.7100635,1
1,0.5924819,1
0,0.46017352,0
1,0.6669501,1
1,0.5418293,1
0,0.3443332,0
0,0.51724094,1
0,0.49867398,0
0,0.45622468,0
1,0.66813815,1
1,0.6800064,1
0,0.41227114,0
0,0.64615417,1
1,0.6294533,1
0,0.3831558,0
0,0.39042294,0
1,0.4508895,0
0,0.57440835,1
1,0.6257089,1
0,0.6867696,1
1,0.496049,0
0,0.42960876,0
0,0.50690365,1
0,0.5708001,1
1,0.62258434,1
0,0.56376183,1
1,0.6731674,1
1,0.5133611,1
0,0.43481055,0
1,0.3699177,0
0,0.36593485,0
0,0.42229432,0
0,0.5732074,1
0,0.4562846,0
1,0.481742,0
0,0.41689032,0
1,0.5441935,1
0,0.5642055,1
1,0.7573672,1
1,0.53769946,1
1,0.39583215,0
1,0.5455844,1
1,0.4024005,0
1,0.34007227,0
1,0.61892754,1
0,0.48827118,0
1,0.6720153,1
1,0.51952296,1
0,0.5630167,1
1,0.68857944,1
1,0.51003706,1
1,0.652727,1
0,0.5496373,1
0,0.46593785,0
0,0.5895008,1
0,0.48599207,0
1,0.5766874,1
1,0.5991963,1
0,0.5403604,1
1,0.6063499,1
1,0.40906793,0
0,0.4564592,0
0,0.49453884,0
0,0.46593785,0
0,0.4868919,0
0,0.4260765,0
1,0.5492244,1
1,0.61199933,1
1,0.63571393,1
0,0.52975345,1
0,0.3863383,0
1,0.6195648,1
1,0.35065433,0
1,0.6365206,1
0,0.35366687,0
0,0.4152824,0
0,0.5551711,1
0,0.61845934,1
1,0.7437631,1
1,0.63041675,1
0,0.45567253,0
1,0.71280026,1
0,0.60254294,1
0,0.486994,0
0,0.6857875,1
0,0.5411965,1
0,0.5456571,1
1,0.6770586,1
0,0.68115777,1
1,0.622299,1
0,0.4789071,0
0,0.39800432,0
0,0.49991146,0
0,0.5581498,1
1,0.67834985,1
1,0.6119942,1
0,0.34867966,0
0,0.53783166,1
0,0.64984524,1
0,0.4709168,0
0,0.5113278,1
1,0.62465435,1
0,0.46915486,0
0,0.67899513,1
1,0.48467043,0
1,0.55579436,1
0,0.37940598,0
0,0.66087717,1
1,0.56322277,1
0,0.5474617,1
0,0.44485927,0
0,0.3519169,0
1,0.48997185,0
0,0.48329058,0
1,0.6089317,1
0,0.58090836,1
0,0.4798397,0
0,0.67210764,1
1,0.43798473,0
0,0.43415338,0
1,0.3714484,0
0,0.36862102,0
1,0.6374763,1
1,0.6198876,1
1,0.6813051,1
0,0.59627736,1
1,0.51469946,1
1,0.43304142,0
1,0.6722764,1
0,0.40906793,0
0,0.47416374,0
0,0.5043451,1
0,0.5494902,1
0,0.5019027,1
1,0.54162353,1
0,0.42734048,0
1,0.5846017,1
0,0.40906793,0
1,0.4508895,0
0,0.4770683,0
0,0.42734048,0
0,0.5494902,1
1,0.50803816,1
0,0.50169647,1
0,0.48313776,0
1,0.535088,1
1,0.69025874,1
0,0.6711547,1
0,0.7356575,1
0,0.39019546,0
0,0.45569676,0
1,0.5166801,1
0,0.3945503,0
1,0.53254724,1
1,0.6704919,1
0,0.6559269,1
1,0.60907453,1
0,0.6075441,1
1,0.4508895,0
1,0.5610356,1
0,0.4293458,0
0,0.4293458,0
1,0.65822566,1
0,0.4333709,0
0,0.50690365,1
0,0.37940598,0
1,0.5848482,1
0,0.3571887,0
1,0.63143903,1
1,0.6006319,1
0,0.68251354,1
0,0.34705603,0
0,0.5689024,1
0,0.40275922,0
0,0.4990883,0
1,0.6774436,1
0,0.39870167,0
0,0.34867966,0
0,0.4423455,0
1,0.73034185,1
0,0.6179528,1
1,0.6228879,1
0,0.49204203,0
1,0.40701008,0
1,0.60790396,1
0,0.565321,1
0,0.36608285,0
1,0.36608285,0
1,0.6856259,1
0,0.67449296,1
0,0.5012822,1
1,0.5449593,1
0,0.63800377,1
1,0.6588842,1
0,0.46491653,0
0,0.52653694,1
0,0.62464887,1
0,0.6071782,1
1,0.39060596,0
1,0.43304142,0
0,0.60154885,1
0,0.3657284,0
0,0.6665548,1
1,0.37764075,0
1,0.52325004,1
0,0.48103645,0
1,0.6027875,1
0,0.38031462,0
0,0.53529024,1
0,0.57068783,1
1,0.3699177,0
0,0.43481055,0
0,0.38280094,0
0,0.38881737,0
0,0.34345284,0
1,0.4508895,0
0,0.3700467,0
0,0.6175682,1
1,0.685626,1
0,0.47098434,0
0,0.4885882,0
0,0.40347847,0
0,0.36900797,0
1,0.43798473,0
0,0.5886844,1
0,0.6471828,1
1,0.5554609,1
1,0.6978623,1
0,0.5322385,1
0,0.6044326,1
0,0.63951504,1
0,0.3571887,0
1,0.5006642,1
0,0.3714484,0
0,0.61113286,1
0,0.6896782,1
1,0.56181633,1
0,0.593001,1
1,0.37173903,0
1,0.39636648,0
1,0.63865924,1
0,0.5556726,1
0,0.43481055,0
0,0.49142286,0
1,0.4714483,0
0,0.64789075,1
1,0.3671744,0
1,0.3839776,0
1,0.63340414,1
0,0.3890302,0
0,0.4694039,0
0,0.3863706,0
0,0.65317863,1
1,0.5952463,1
0,0.5810371,1
1,0.45495126,0
1,0.5402168,1
0,0.55862725,1
0,0.4919459,0
0,0.48597404,0
0,0.5892358,1
1,0.55469954,1
0,0.365739,0
0,0.36880225,0
1,0.59938663,1
0,0.43798473,0
0,0.60040957,1
0,0.61109346,1
0,0.5840957,1
0,0.38870773,0
0,0.48596415,0
1,0.5618087,1
0,0.366822,0
1,0.47744703,0
1,0.52488035,1
1,0.40347847,0
0,0.4815095,0
1,0.6636699,1
1,0.6583008,1
0,0.475285,0
1,0.5651841,1
0,0.43798473,0
1,0.651658,1
0,0.36669534,0
0,0.5597312,1
0,0.39060596,0
1,0.41227114,0
1,0.47416374,0
0,0.5134873,1
0,0.604522,1
0,0.46017352,0
0,0.5630366,1
0,0.6720479,1
0,0.69823915,1
0,0.4885882,0
0,0.3969986,0
0,0.49472624,0
0,0.5043451,1
1,0.6795968,1
0,0.45850563,0
0,0.52055347,1
0,0.46017352,0
1,0.6125053,1
1,0.4787821,0
0,0.3571887,0
0,0.6241967,1
0,0.59983015,1
0,0.5358636,1
1,0.7030451,1
1,0.6294433,1
0,0.45850563,0
0,0.516373,1
0,0.62402964,1
1,0.5243556,1
0,0.49348643,0
1,0.6555131,1
0,0.36593485,0
1,0.53741777,1
0,0.47416374,0
0,0.36262247,0
0,0.47117957,0
0,0.36900797,0
0,0.6661986,1
0,0.5773674,1
1,0.669256,1
1,0.5178098,1
0,0.5405319,1
0,0.39870167,0
0,0.3677956,0
0,0.51489455,1
0,0.4888031,0
1,0.6668224,1
1,0.3700467,0
1,0.66299194,1
0,0.41577646,0
1,0.6253798,1
1,0.49695638,0
1,0.6847074,1
1,0.5655124,1
1,0.5123489,1
0,0.60017246,1
1,0.6313012,1
1,0.66561276,1
0,0.6514167,1
0,0.67569625,1
1,0.6621024,1
1,0.66411424,1
0,0.54886436,1
0,0.51562613,1
1,0.61748546,1
0,0.36962628,0
1,0.4898978,0
0,0.41256654,0
0,0.5347148,1
1,0.4798397,0
1,0.5390124,1
1,0.64819634,1
0,0.48416975,0
0,0.58411175,1
0,0.45201236,0
0,0.60499424,1
1,0.70170003,1
1,0.5659389,1
1,0.5982074,1
0,0.67209554,1
0,0.3945503,0
0,0.43798473,0
0,0.5183522,1
0,0.6701106,1
1,0.6815496,1
1,0.58053195,1
0,0.60017246,1
1,0.5842077,1
0,0.6539315,1
0,0.496049,0
0,0.42734048,0
0,0.53098977,1
1,0.44485927,0
0,0.47895405,0
0,0.43798473,0
0,0.66417456,1
0,0.4723377,0
0,0.6299039,1
0,0.45028946,0
1,0.6592912,1
0,0.42364183,0
0,0.47086138,0
0,0.6989259,1
0,0.65484524,1
0,0.46166754,0
0,0.48230144,0
0,0.5430973,1
1,0.55143946,1
1,0.608751,1
0,0.39870167,0
0,0.4024005,0
1,0.43798473,0
0,0.544511,1
1,0.6354181,1
1,0.4687495,0
0,0.55858505,1
0,0.6180404,1
1,0.51388836,1
0,0.64768535,1
1,0.70192325,1
1,0.6925226,1
1,0.68274194,1
0,0.50239885,1
0,0.57257015,1
1,0.6117177,1
1,0.69724536,1
0,0.4293458,0
1,0.43798473,0
1,0.61458266,1
1,0.5560561,1
0,0.63474137,1
0,0.39857823,0
0,0.41790396,0
1,0.4993442,0
1,0.44485927,0
1,0.6125053,1
1,0.66106904,1
0,0.68861413,1
1,0.5161503,1
0,0.36600912,0
0,0.39432934,0
0,0.5067224,1
1,0.42108223,0
0,0.45429176,0
1,0.7017654,1
1,0.50386775,1
1,0.5829675,1
0,0.62447226,1
0,0.40275922,0
0,0.5753825,1
0,0.67578113,1
1,0.5748863,1
0,0.49252957,0
1,0.41288063,0
0,0.4798397,0
1,0.6674846,1
0,0.6512758,1
1,0.65013057,1
0,0.49187297,0
0,0.4228835,0
1,0.62391704,1
1,0.5189437,1
0,0.5044051,1
0,0.4798397,0
0,0.5184038,1
0,0.61717653,1
0,0.46017352,0
1,0.62750965,1
1,0.4508895,0
1,0.5389821,1
1,0.6668812,1
0,0.52216655,1
0,0.3519169,0
0,0.62407666,1
1,0.42763266,0
0,0.41227114,0
1,0.6595446,1
1,0.646449,1
0,0.3945503,0
0,0.60580367,1
0,0.5149983,1
0,0.6506761,1
1,0.60567373,1
1,0.47847322,0
1,0.5120758,1
0,0.5642078,1
1,0.61843824,1
1,0.6414786,1
1,0.63516706,1
0,0.6296693,1
1,0.64938396,1
0,0.36880225,0
1,0.49348643,0
1,0.5733635,1
1,0.5557279,1
1,0.4508895,0
1,0.475285,0
1,0.6114745,1
0,0.5368009,1
1,0.47416374,0
0,0.39432934,0
0,0.61769664,1
1,0.49205425,0
0,0.51769704,1
0,0.67431074,1
1,0.67132586,1
0,0.53741777,1
1,0.39542314,0
1,0.67534995,1
0,0.55293536,1
0,0.53809035,1
0,0.47154137,0
1,0.37671122,0
1,0.36669534,0
1,0.37671122,0
0,0.6285146,1
1,0.6546601,1
0,0.5753065,1
0,0.34066728,0
1,0.6599859,1
0,0.42734048,0
0,0.3839776,0
1,0.6056822,1
0,0.48469985,0
1,0.6458236,1
1,0.6445622,1
0,0.39042294,0
0,0.49252957,0
0,0.44485927,0
0,0.46853104,0
1,0.6898676,1
0,0.6919682,1
1,0.6015761,1
0,0.48426002,0
1,0.6874436,1
1,0.49328133,0
0,0.3671744,0
0,0.5198207,1
1,0.5244918,1
0,0.61457515,1
1,0.7296907,1
0,0.37240756,0
1,0.48186275,0
0,0.41833496,0
0,0.5467531,1
1,0.49817112,0
1,0.64481574,1
0,0.3863706,0
1,0.6377265,1
0,0.3863383,0
0,0.57640755,1
0,0.3677956,0
0,0.39870167,0
1,0.39857823,0
0,0.46017352,0
1,0.5347148,1
0,0.5733464,1
0,0.47570884,0
1,0.65519303,1
0,0.45644408,0
1,0.55502903,1
1,0.61001414,1
0,0.4519917,0
0,0.3554124,0
1,0.5193918,1
0,0.4260765,0
1,0.5801661,1
0,0.65115047,1
0,0.37671122,0
1,0.635971,1
0,0.4707208,0
0,0.41256654,0
0,0.5409779,1
0,0.51472986,1
0,0.47312742,0
0,0.36586064,0
1,0.674211,1
0,0.41688746,0
0,0.6798719,1
0,0.5471069,1
0,0.34786886,0
1,0.71828187,1
0,0.3714484,0
1,0.6774675,1
1,0.51775914,1
0,0.4931122,0
0,0.6181534,1
0,0.67434156,1
0,0.6698431,1
1,0.5490659,1
0,0.5821142,1
1,0.64302874,1
0,0.5051762,1
0,0.676942,1
0,0.496049,0
1,0.48469985,0
0,0.46721187,0
1,0.50696754,1
1,0.36262247,0
0,0.40906793,0
0,0.6798601,1
0,0.40347847,0
0,0.5035303,1
1,0.6517121,1
0,0.51469946,1
0,0.56422323,1
0,0.51338524,1
1,0.64118385,1
1,0.59243655,1
0,0.5006642,1
0,0.47416374,0
0,0.60655737,1
1,0.65795,1
0,0.624258,1
0,0.47469062,0
1,0.34512386,0
1,0.40906793,0
0,0.47215563,0
1,0.5997317,1
0,0.55528235,1
0,0.4868919,0
0,0.67119765,1
0,0.5459615,1
1,0.673239,1
0,0.39287525,0
1,0.5862702,1
0,0.49589035,0
0,0.5027372,1
0,0.6423076,1
0,0.46166754,0
1,0.38861218,0
1,0.6820819,1
0,0.66608006,1
0,0.5466241,1
0,0.6461845,1
0,0.6029137,1
1,0.66185975,1
1,0.5176012,1
0,0.3662802,0
1,0.5758434,1
1,0.56254894,1
0,0.39042294,0
0,0.40701008,0
0,0.5946827,1
0,0.49553952,0
0,0.5762602,1
0,0.3519169,0
0,0.6716519,1
0,0.34580216,0
1,0.6786431,1
1,0.6639036,1
1,0.68092525,1
0,0.4423455,0
0,0.4828516,0
0,0.65982366,1
1,0.38854006,0
1,0.58724236,1
0,0.55902916,1
1,0.42763266,0
1,0.4293458,0
1,0.41288063,0
0,0.37363493,0
1,0.4570393,0
1,0.593196,1
0,0.53446406,1
0,0.64420044,1
0,0.65641737,1
1,0.43350357,0
1,0.6885799,1
1,0.54489505,1
0,0.5779844,1
1,0.5821142,1
1,0.65589446,1
0,0.3554124,0
1,0.5960092,1
1,0.67092675,1
0,0.475311,0
1,0.614395,1
0,0.5788917,1
1,0.6956952,1
1,0.54414976,1
0,0.6733971,1
0,0.5287849,1
1,0.39043364,0
1,0.41227114,0
0,0.50733674,1
0,0.41790396,0
0,0.6412606,1
0,0.36615452,0
0,0.3863383,0
1,0.6585094,1
0,0.66829354,1
0,0.5228443,1
1,0.494091,0
0,0.53254724,1
0,0.5732431,1
0,0.389055,0
1,0.79551625,1
1,0.5207486,1
1,0.4915971,0
1,0.5741095,1
0,0.64873636,1
1,0.61129194,1
0,0.497555,0
1,0.41577646,0
1,0.5974009,1
0,0.46221685,0
1,0.5551711,1
1,0.6468984,1
0,0.52903056,1
0,0.5033258,1
1,0.5231293,1
1,0.52460605,1
0,0.58344764,1
1,0.53387165,1
0,0.37940598,0
0,0.38031462,0
1,0.4333709,0
0,0.4391144,0
1,0.62258434,1
0,0.64678866,1
1,0.67899513,1
0,0.61913985,1
1,0.500993,1
0,0.4562846,0
0,0.5059764,1
1,0.51489455,1
0,0.5161503,1
1,0.5166801,1
1,0.51084006,1
0,0.47026658,0
0,0.67172325,1
0,0.42734048,0
0,0.52800965,1
0,0.55293536,1
1,0.56095505,1
1,0.68620145,1
1,0.59122276,1
1,0.64016575,1
0,0.36593485,0
1,0.5773674,1
1,0.5479786,1
0,0.560361,1
1,0.5025607,1
1,0.50791186,1
0,0.693733,1
1,0.4664708,0
1,0.36797202,0
1,0.475311,0
1,0.6366712,1
0,0.48313776,0
1,0.6971675,1
0,0.45030764,0
0,0.6753171,1
0,0.56773686,1
1,0.49837357,0
1,0.5210043,1
0,0.5670634,1
1,0.7054111,1
0,0.4578243,0
0,0.42763266,0
1,0.68528783,1
0,0.34512386,0
0,0.38280094,0
1,0.5253676,1
1,0.66873544,1
1,0.6878132,1
1,0.43415338,0
0,0.36608285,0
1,0.6704827,1
1,0.5572794,1
0,0.5563859,1
0,0.64888674,1
1,0.627204,1
0,0.5995085,1
1,0.55600554,1
1,0.7223997,1
1,0.6180714,1
1,0.5727748,1
0,0.5389821,1
0,0.53453195,1
1,0.580486,1
0,0.5123735,1
1,0.48323935,0
1,0.43932247,0
0,0.3571887,0
1,0.72727764,1
1,0.5960092,1
0,0.49854228,0
1,0.67473817,1
0,0.6721787,1
0,0.4868919,0
0,0.62736493,1
0,0.5832887,1
0,0.52571326,1
0,0.47744703,0
0,0.41652378,0
0,0.48186275,0
1,0.3913471,0
1,0.3714484,0
1,0.6472136,1
1,0.35907224,0
1,0.58730674,1
0,0.7027797,1
0,0.38977832,0
1,0.57150626,1
1,0.34786886,0
0,0.49053776,0
0,0.6908392,1
0,0.5997317,1
0,0.5323106,1
0,0.5261742,1
1,0.6634868,1
0,0.33370075,0
0,0.3831558,0
0,0.560361,1
1,0.6283442,1
1,0.6295995,1
1,0.6630618,1
0,0.48599207,0
0,0.51881194,1
1,0.5939969,1
0,0.60132176,1
0,0.53392696,1
0,0.44463965,0
1,0.63349617,1
1,0.6867792,1
1,0.46565598,0
1,0.39019546,0
1,0.7055404,1
0,0.66014963,1
1,0.48900425,0
1,0.5455844,1
0,0.3554124,0
0,0.40275922,0
0,0.5037339,1
1,0.54175746,1
1,0.6759153,1
1,0.46601778,0
0,0.3863706,0
1,0.48804912,0
0,0.47416374,0
1,0.45567253,0
0,0.34580216,0
0,0.46983233,0
1,0.47147232,0
0,0.48757505,0
0,0.386596,0
1,0.5427281,1
0,0.4565622,0
0,0.6052402,1
1,0.4828516,0
1,0.5033258,1
1,0.44485927,0
1,0.45741346,0
1,0.5446659,1
0,0.5033258,1
1,0.6944628,1
1,0.669847,1
0,0.48469985,0
0,0.37671122,0
1,0.38977832,0
1,0.35065433,0
1,0.65989244,1
1,0.38031462,0
1,0.5120758,1
0,0.6038047,1
1,0.69297343,1
0,0.47744703,0
0,0.48590457,0
0,0.50426936,1
0,0.5374746,1
1,0.46615374,0
0,0.5187643,1
1,0.6133243,1
0,0.5012822,1
0,0.69295526,1
0,0.3751297,0
1,0.5570412,1
1,0.52004236,1
0,0.4709175,0
1,0.69714665,1
0,0.3945503,0
1,0.678859,1
0,0.569754,1
1,0.6585664,1
0,0.51952296,1
0,0.5242825,1
0,0.37671122,0
0,0.38280094,0
0,0.5154576,1
1,0.39446092,0
0,0.41689032,0
0,0.38280094,0
0,0.53716755,1
0,0.45274773,0
0,0.42108223,0
1,0.49205425,0
1,0.7261904,1
0,0.6446628,1
1,0.534985,1
1,0.55637115,1
0,0.50712365,1
0,0.3751297,0
1,0.68085456,1
0,0.4578243,0
1,0.45305192,0
1,0.51273185,1
1,0.5792207,1
0,0.37173903,0
1,0.6498881,1
0,0.49902642,0
0,0.3751297,0
1,0.48416975,0
0,0.470413,0
1,0.63644004,1
0,0.55600554,1
1,0.69703186,1
1,0.5208924,1
0,0.5322385,1
1,0.50426936,1
0,0.5329806,1
1,0.42960876,0
1,0.60977864,1
0,0.4632607,0
0,0.66935265,1
1,0.51021975,1
0,0.3671744,0
0,0.6336259,1
0,0.39857823,0
1,0.7085493,1
1,0.6672603,1
1,0.5411965,1
0,0.42108223,0
0,0.5981154,1
0,0.7067301,1
0,0.6396647,1
1,0.4904315,0
1,0.6414081,1
1,0.38031462,0
1,0.6299859,1
0,0.3945503,0
1,0.42229432,0
0,0.6599859,1
1,0.47744703,0
1,0.58126175,1
0,0.47744703,0
1,0.37965363,0
1,0.65220356,1
0,0.37965363,0
1,0.5332913,1
0,0.36797202,0
1,0.5707729,1
0,0.55941886,1
0,0.3714484,0
1,0.5901979,1
0,0.5134873,1
1,0.42698044,0
0,0.43965155,0
1,0.6082956,1
0,0.5672726,1
1,0.68964946,1
1,0.55417615,1
0,0.5248492,1
1,0.3597119,0
0,0.61233824,1
0,0.36093304,0
1,0.62179357,1
0,0.41227114,0
1,0.37575626,0
0,0.46166754,0
1,0.5210043,1
1,0.49252957,0
1,0.51401937,1
1,0.68979746,1
0,0.6057413,1
0,0.4249851,0
1,0.45412472,0
1,0.6966979,1
0,0.57519734,1
1,0.58936626,1
1,0.65515864,1
1,0.6655219,1
0,0.3714484,0
0,0.67563564,1
0,0.40275922,0
1,0.36862102,0
0,0.44655886,0
1,0.5417346,1
1,0.5417346,1
1,0.49857646,0
0,0.48080486,0
0,0.47883987,0
0,0.3667221,0
1,0.39467204,0
1,0.5012125,1
1,0.5576801,1
1,0.54189783,1
0,0.63778836,1
1,0.6082956,1
0,0.556391,1
0,0.58127844,1
0,0.5162393,1
1,0.49589035,0
0,0.3443332,0
0,0.61844116,1
0,0.35907224,0
0,0.6303565,1
0,0.4868919,0
0,0.44655886,0
1,0.69322133,1
0,0.49367225,0
0,0.61657757,1
1,0.49348643,0
0,0.41525438,0
1,0.36586064,0
1,0.5453082,1
0,0.36262247,0
0,0.6703011,1
1,0.39857823,0
1,0.561631,1
1,0.6800573,1
0,0.41790396,0
0,0.51962113,1
0,0.45986193,0
0,0.6481811,1
0,0.5035303,1
1,0.6984406,1
0,0.550063,1
1,0.5710448,1
1,0.38031462,0
0,0.42364183,0
1,0.6071782,1
0,0.38031462,0
0,0.6194898,1
0,0.5472947,1
0,0.50847054,1
0,0.6006553,1
0,0.48830026,0
0,0.57822764,1
0,0.5014398,1
1,0.5120758,1
0,0.40347847,0
0,0.45264134,0
0,0.37575626,0
0,0.3863383,0
0,0.64997476,1
1,0.46565598,0
1,0.649646,1
1,0.64250976,1
1,0.64050287,1
0,0.4723377,0
0,0.5120167,1
0,0.46915266,0
0,0.57068783,1
1,0.5584969,1
1,0.69992524,1
0,0.63155985,1
1,0.6676893,1
0,0.5806033,1
1,0.4815095,0
0,0.47728792,0
0,0.36262247,0
1,0.43798473,0
1,0.5651841,1
0,0.5386135,1
0,0.5120758,1
1,0.36586064,0
0,0.701438,1
1,0.6228223,1
0,0.6023157,1
1,0.6774701,1
1,0.7025172,1
0,0.6653686,1
0,0.6800202,1
0,0.45569676,0
0,0.3863706,0
0,0.36608285,0
1,0.5389821,1
0,0.6974983,1
0,0.36731386,0
0,0.4508895,0
1,0.6174733,1
1,0.46758986,0
1,0.5648925,1
1,0.56787527,1
0,0.5745998,1
1,0.5149983,1
0,0.50239885,1
1,0.51769704,1
0,0.64976424,1
1,0.66282547,1
0,0.45495126,0
0,0.4887727,0
0,0.36880225,0
1,0.55205303,1
1,0.5296258,1
1,0.5048441,1
1,0.39019546,0
1,0.6834117,1
0,0.6620571,1
0,0.3700467,0
0,0.6578731,1
1,0.59330434,1
0,0.603786,1
0,0.6341577,1
0,0.6708996,1
0,0.6646987,1
0,0.41688746,0
0,0.49837357,0
0,0.42211428,0
1,0.58508754,1
0,0.43304142,0
0,0.6573288,1
0,0.4508895,0
1,0.47416374,0
0,0.34007227,0
1,0.6939945,1
0,0.37156615,0
1,0.7073694,1
1,0.53348684,1
1,0.58288854,1
1,0.5097024,1
1,0.55293536,1
0,0.42763266,0
1,0.51952296,1
1,0.5961529,1
0,0.49645722,0
0,0.47717115,0
0,0.6088471,1
1,0.57920593,1
0,0.5655124,1
1,0.649497,1
0,0.5404663,1
0,0.58054215,1
0,0.41688746,0
0,0.36608285,0
0,0.6629466,1
1,0.5655124,1
0,0.4399861,0
0,0.48346806,0
1,0.43304142,0
1,0.60676515,1
0,0.34007227,0
0,0.59720534,1
1,0.6242096,1
1,0.5418293,1
1,0.5043451,1
0,0.5949846,1
1,0.47312742,0
0,0.36572608,0
0,0.4399861,0
0,0.42524177,0
0,0.49869835,0
0,0.34705603,0
0,0.64486414,1
0,0.58288854,1
1,0.36262247,0
0,0.5368009,1
1,0.6734315,1
1,0.5618087,1
0,0.663078,1
0,0.3700467,0
1,0.47026658,0
0,0.7440354,1
1,0.53098977,1
0,0.42088464,0
0,0.4423455,0
0,0.4423455,0
0,0.4496881,0
1,0.43798473,0
1,0.7359355,1
0,0.534985,1
1,0.65256417,1
0,0.5148511,1
1,0.67231494,1
0,0.51507074,1
1,0.65676475,1
0,0.49854523,0
1,0.48500508,0
0,0.5006327,1
1,0.5449593,1
0,0.49205425,0
0,0.39446092,0
0,0.3571887,0
1,0.38870773,0
1,0.61272514,1
0,0.626323,1
1,0.49713063,0
0,0.4617579,0
0,0.4260765,0
1,0.5013735,1
1,0.3863706,0
0,0.45201236,0
0,0.63127375,1
0,0.46570635,0
1,0.6400136,1
0,0.42734048,0
0,0.46781814,0
0,0.5453794,1
1,0.59950787,1
0,0.5222894,1
0,0.4828516,0
0,0.4496881,0
0,0.41689032,0
0,0.38877094,0
0,0.36093304,0
1,0.6383937,1
0,0.6071806,1
1,0.64293146,1
1,0.41917327,0
0,0.49187297,0
1,0.3945056,0
0,0.70228225,1
1,0.45569676,0
1,0.45504022,0
1,0.6299039,1
0,0.34786886,0
1,0.5903687,1
0,0.37512565,0
1,0.64875215,1
1,0.4990883,0
0,0.6290705,1
1,0.74876,1
0,0.5067224,1
1,0.6815713,1
0,0.34705603,0
1,0.3751297,0
1,0.65575796,1
0,0.47873652,0
1,0.67384356,1
1,0.5833716,1
1,0.36862102,0
1,0.5332913,1
1,0.6583489,1
0,0.54336244,1
1,0.59113896,1
1,0.48278937,0
1,0.6330396,1
1,0.45569676,0
1,0.6677436,1
0,0.6035479,1
0,0.45163903,0
1,0.5198207,1
1,0.66778016,1
1,0.6871145,1
1,0.6025867,1
1,0.49857646,0
0,0.6750761,1
1,0.55438364,1
1,0.56657046,1
1,0.42108223,0
0,0.69503707,1
1,0.59551257,1
0,0.5054029,1
0,0.61402947,1
0,0.4919307,0
0,0.560361,1
1,0.4399861,0
0,0.5765522,1
1,0.6269161,1
1,0.5887989,1
0,0.57678527,1
1,0.593001,1
0,0.6818743,1
0,0.4709175,0
1,0.6054733,1
1,0.5006642,1
0,0.52946746,1
0,0.6506982,1
0,0.3751297,0
0,0.6768414,1
1,0.4936481,0
0,0.5013735,1
0,0.64431554,1
1,0.59124726,1
1,0.3890302,0
1,0.58209383,1
1,0.6340067,1
0,0.45072514,0
0,0.5738994,1
0,0.56336206,1
0,0.46809214,0
1,0.481742,0
0,0.40908986,0
1,0.66287756,1
1,0.4223052,0
1,0.49952468,0
0,0.3700467,0
1,0.4562846,0
1,0.6680444,1
1,0.3961168,0
1,0.56275284,1
0,0.61660755,1
1,0.6059769,1
1,0.5206046,1
0,0.5363645,1
0,0.49645722,0
0,0.53987324,1
1,0.59122276,1
0,0.34580216,0
0,0.57520044,1
0,0.36669534,0
0,0.6686812,1
0,0.39042294,0
0,0.6971858,1
0,0.4709175,0
1,0.40275922,0
0,0.48278937,0
1,0.61949337,1
0,0.48525164,0
0,0.6588772,1
0,0.66087717,1
0,0.46567014,0
1,0.65562683,1
1,0.64691395,1
1,0.3554124,0
0,0.53178126,1
1,0.50406224,1
0,0.4732063,0
1,0.7014863,1
0,0.36615452,0
1,0.4333709,0
1,0.40906793,0
0,0.38280094,0
0,0.43304142,0
0,0.594724,1
1,0.7030045,1
0,0.4399861,0
1,0.6151769,1
0,0.66218954,1
0,0.49205425,0
1,0.5779844,1
1,0.67422754,1
1,0.6719884,1
1,0.6477165,1
1,0.53360003,1
1,0.60252196,1
1,0.49089745,0
0,0.4828516,0
1,0.5583678,1
0,0.4695113,0
0,0.55125946,1
1,0.6038939,1
0,0.41492513,0
1,0.6581836,1
0,0.51769704,1
1,0.36093304,0
0,0.5198467,1
1,0.5727748,1
0,0.4297287,0
1,0.6025867,1
1,0.50213,1
0,0.4885882,0
0,0.41583508,0
1,0.64083225,1
1,0.39500874,0
0,0.6002575,1
0,0.6483914,1
1,0.6093107,1
1,0.67552507,1
0,0.3657284,0
0,0.4570393,0
0,0.5278367,1
1,0.45495224,0
0,0.5389821,1
0,0.33587813,0
0,0.66102594,1
0,0.5759283,1
0,0.6339083,1
1,0.6658318,1
0,0.6676721,1
0,0.5402168,1
1,0.56336206,1
1,0.53716755,1
0,0.5292321,1
1,0.38031462,0
0,0.47416374,0
1,0.6423043,1
1,0.5931168,1
0,0.39019546,0
1,0.60267633,1
1,0.6829932,1
0,0.37140986,0
0,0.4293458,0
0,0.4496881,0
0,0.48240677,0
1,0.5779772,1
0,0.62417483,1
0,0.3597119,0
1,0.55417615,1
0,0.4632607,0
0,0.44463965,0
1,0.6326549,1
0,0.5357044,1
0,0.6373076,1
0,0.57440835,1
0,0.59372884,1
0,0.6336259,1
1,0.649646,1
0,0.55199665,1
1,0.6051684,1
1,0.6922315,1
1,0.5143522,1
0,0.67509764,1
1,0.6946866,1
0,0.6612005,1
0,0.68136704,1
1,0.65858793,1
1,0.52653694,1
1,0.40906793,0
0,0.42892176,0
0,0.64832044,1
1,0.639839,1
0,0.3464295,0
0,0.43307102,0
0,0.69956696,1
0,0.48757505,0
1,0.4054497,0
1,0.5961197,1
0,0.64066476,1
0,0.49367225,0
1,0.5407767,1
0,0.6691068,1
1,0.62658405,1
0,0.4050715,0
0,0.6193407,1
1,0.53489804,1
1,0.43481055,0
1,0.4496881,0
0,0.36880225,0
0,0.59270287,1
0,0.5035303,1
0,0.48602778,0
1,0.6355987,1
0,0.5490659,1
1,0.6469298,1
1,0.565321,1
1,0.5577206,1
0,0.6974042,1
1,0.68989575,1
0,0.45191953,0
1,0.5466241,1
0,0.67836636,1
0,0.61189586,1
1,0.52857155,1
1,0.5991963,1
1,0.49854228,0
0,0.5296258,1
0,0.54369575,1
0,0.422146,0
1,0.5806033,1
0,0.53783166,1
0,0.39095104,0
1,0.4790444,0
1,0.6688933,1
0,0.6179849,1
0,0.4399861,0
0,0.49867398,0
0,0.56486493,1
1,0.5810371,1
0,0.3751297,0
1,0.497555,0
0,0.55775166,1
1,0.5798032,1
0,0.389055,0
0,0.49320847,0
1,0.6587538,1
0,0.5960102,1
1,0.48469985,0
1,0.6620618,1
1,0.6847556,1
1,0.6212088,1
1,0.5189437,1
0,0.39714208,0
0,0.49713063,0
0,0.48471716,0
1,0.48611948,0
0,0.42196047,0
0,0.62368464,1
0,0.43798473,0
0,0.45163903,0
0,0.5590579,1
0,0.5773674,1
1,0.60040957,1
0,0.6608875,1
1,0.613541,1
1,0.58126175,1
1,0.6823943,1
0,0.42326385,0
1,0.43481055,0
1,0.65115047,1
0,0.43307102,0
0,0.66695946,1
1,0.45495126,0
1,0.5043451,1
0,0.550063,1
0,0.59330434,1
1,0.5782998,1
0,0.56096876,1
0,0.39971453,0
1,0.37671122,0
0,0.3519169,0
0,0.69029623,1
1,0.6970962,1
1,0.4888031,0
1,0.70678526,1
1,0.40347847,0
0,0.71485317,1
1,0.6482049,1
0,0.34786886,0
0,0.60777086,1
1,0.3720639,0
1,0.47951323,0
1,0.58804804,1
1,0.64607435,1
1,0.45268294,0
1,0.54254365,1
1,0.6719799,1
1,0.4665507,0
1,0.6275235,1
0,0.3945503,0
0,0.502068,1
1,0.62352794,1
1,0.679248,1
1,0.4720038,0
0,0.52041334,1
1,0.656656,1
0,0.48080486,0
0,0.4054497,0
0,0.48469985,0
1,0.5402562,1
0,0.5229887,1
1,0.44119978,0
0,0.7083203,1
1,0.6676721,1
1,0.4770683,0
0,0.40347847,0
0,0.65774554,1
1,0.5874294,1
0,0.42734048,0
0,0.48757505,0
1,0.6847598,1
0,0.39870167,0
0,0.4675846,0
0,0.6926084,1
0,0.3714484,0
0,0.45030764,0
1,0.46565598,0
1,0.43415338,0
1,0.45495126,0
1,0.67268103,1
0,0.40906793,0
0,0.5062245,1
1,0.6724097,1
1,0.5625825,1
1,0.39870167,0
1,0.70651263,1
1,0.3419969,0
1,0.7167914,1
1,0.41689032,0
0,0.46915266,0
1,0.5961529,1
0,0.4757763,0
1,0.5954095,1
0,0.60534954,1
0,0.70651263,1
0,0.52780366,1
0,0.59591347,1
1,0.49966744,0
1,0.61842823,1
0,0.39875102,0
0,0.5204826,1
0,0.6722772,1
0,0.46565598,0
0,0.45569676,0
0,0.6667629,1
1,0.66450536,1
0,0.6833014,1
0,0.47744703,0
0,0.49966744,0
0,0.5260919,1
0,0.46758986,0
0,0.43481055,0
0,0.5535565,1
0,0.50712407,1
0,0.5884851,1
0,0.55342776,1
0,0.37671122,0
0,0.63016635,1
0,0.3936784,0
1,0.56169236,1
1,0.5965929,1
1,0.6022119,1
1,0.67257774,1
0,0.4892622,0
0,0.62127775,1
0,0.58833116,1
1,0.5999354,1
1,0.5403604,1
0,0.46848625,0
1,0.6567401,1
0,0.3571887,0
1,0.60283506,1
0,0.36586064,0
1,0.3700467,0
1,0.5518498,1
0,0.50192094,1
1,0.7271299,1
1,0.49089745,0
0,0.4664708,0
1,0.57822764,1
1,0.57310724,1
0,0.46789303,0
0,0.53334993,1
1,0.5300694,1
0,0.3645331,0
1,0.6657281,1
1,0.643657,1
0,0.5855171,1
1,0.544511,1
0,0.4885882,0
1,0.6709274,1
0,0.6209872,1
0,0.40393683,0
0,0.4866003,0
1,0.66207147,1
1,0.54254365,1
0,0.6473273,1
0,0.5855897,1
1,0.52358085,1
0,0.45371354,0
0,0.36600912,0
0,0.35366687,0
1,0.40906793,0
0,0.5120758,1
1,0.43798473,0
1,0.5595294,1
0,0.3373026,0
1,0.64083225,1
1,0.6398966,1
0,0.6366712,1
1,0.68417865,1
1,0.39636648,0
1,0.4890898,0
0,0.47003302,0
1,0.48416287,0
0,0.5887858,1
0,0.48471716,0
0,0.4024005,0
1,0.5649955,1
1,0.4399861,0
1,0.45593137,0
0,0.57150626,1
0,0.39560378,0
1,0.6256724,1
1,0.3863383,0
0,0.51389444,1
1,0.62511104,1
1,0.5208924,1
0,0.40160954,0
0,0.48469985,0
0,0.6750901,1
0,0.4423455,0
1,0.6790313,1
0,0.6620179,1
1,0.7101978,1
1,0.6802119,1
0,0.61547285,1
1,0.48593882,0
0,0.64358085,1
0,0.49722815,0
1,0.69525605,1
1,0.60213786,1
1,0.420912,0
0,0.4508895,0
0,0.544511,1
0,0.5572916,1
0,0.4803913,0
0,0.49907526,0
0,0.42734048,0
0,0.39467204,0
0,0.65128946,1
0,0.6056822,1
1,0.45495224,0
1,0.50836796,1
0,0.5779578,1
0,0.4557526,0
1,0.544387,1
0,0.51522315,1
1,0.37243995,0
1,0.44655886,0
0,0.6427139,1
1,0.6475403,1
0,0.6882765,1
0,0.43481055,0
0,0.47905228,0
0,0.47905228,0
1,0.57313365,1
1,0.67018026,1
0,0.3667221,0
1,0.45495126,0
1,0.6670853,1
0,0.46567014,0
0,0.6148327,1
1,0.47744703,0
1,0.67001677,1
0,0.48556313,0
1,0.49221596,0
1,0.5468829,1
1,0.70966494,1
1,0.5123489,1
1,0.6350818,1
0,0.52349424,1
1,0.4399861,0
0,0.4370053,0
0,0.57369316,1
0,0.6234907,1
0,0.42763266,0
0,0.6929679,1
0,0.6685657,1
1,0.6369097,1
0,0.5257537,1
0,0.42108223,0
0,0.5732246,1
0,0.60332125,1
0,0.39254853,0
0,0.3667221,0
0,0.54782623,1
0,0.43307102,0
1,0.6358226,1
1,0.47744703,0
0,0.6544463,1
0,0.48556313,0
1,0.4722911,0
1,0.45446265,0
0,0.37671122,0
0,0.7222013,1
0,0.3700467,0
0,0.41492513,0
0,0.43304142,0
0,0.47951323,0
1,0.67048955,1
1,0.58567387,1
0,0.44655886,0
1,0.6667226,1
1,0.6788064,1
0,0.45495126,0
0,0.4293458,0
0,0.47147232,0
0,0.6251995,1
0,0.5520506,1
1,0.69220614,1
0,0.4293458,0
0,0.40393683,0
1,0.36262247,0
0,0.34580216,0
0,0.48848417,0
0,0.6791688,1
1,0.64959794,1
0,0.43798473,0
1,0.6888089,1
1,0.46789303,0
0,0.5801661,1
0,0.46017352,0
0,0.48471716,0
1,0.6594916,1
1,0.5013299,1
1,0.46876287,0
1,0.50698227,1
1,0.6453273,1
0,0.59122276,1
1,0.6092247,1
0,0.4664708,0
0,0.6361635,1
1,0.62258434,1
0,0.47414353,0
1,0.67442775,1
0,0.48323935,0
0,0.37140986,0
0,0.44463965,0
1,0.5459615,1
0,0.53763926,1
1,0.43798473,0
0,0.5103922,1
1,0.69612217,1
0,0.5103922,1
1,0.39500874,0
0,0.46781814,0
1,0.3662802,0
1,0.6677044,1
1,0.44485927,0
1,0.46017352,0
1,0.6788217,1
0,0.37173903,0
0,0.4603709,0
1,0.67858297,1
1,0.3645331,0
1,0.6065997,1
1,0.49846342,0
0,0.5731643,1
0,0.5112425,1
1,0.6697146,1
1,0.46166754,0
0,0.50002754,1
1,0.6537479,1
1,0.4890898,0
0,0.42524177,0
0,0.4990883,0
0,0.40275922,0
0,0.43307102,0
1,0.62432516,1
0,0.560361,1
1,0.5693295,1
0,0.46848375,0
1,0.3700467,0
1,0.5390124,1
1,0.3677956,0
0,0.6189604,1
1,0.57965314,1
1,0.4457555,0
1,0.5845279,1
0,0.49645722,0
1,0.5062245,1
0,0.6879455,1
0,0.42108223,0
0,0.46565598,0
1,0.6444993,1
0,0.55932397,1
0,0.50847054,1
0,0.4457555,0
0,0.43481055,0
1,0.47147232,0
0,0.40701008,0
1,0.6753835,1
0,0.6536951,1
0,0.6835576,1
1,0.4874734,0
0,0.5802285,1
0,0.36593485,0
1,0.42078853,0
0,0.48525164,0
1,0.62342376,1
1,0.5481712,1
0,0.3890302,0
0,0.5461396,1
1,0.62155896,1
1,0.6301549,1
0,0.48469985,0
1,0.6263072,1
0,0.3443332,0
0,0.62402964,1
0,0.52653694,1
0,0.421147,0
0,0.33799395,0
1,0.54453605,1
0,0.4399861,0
1,0.5013735,1
1,0.6655136,1
1,0.564665,1
0,0.43304142,0
1,0.38857862,0
1,0.53334993,1
0,0.6473273,1
0,0.44485927,0
1,0.6530014,1
0,0.39870167,0
0,0.502068,1
1,0.52653694,1
0,0.6372388,1
0,0.49367225,0
0,0.49367225,0
0,0.671068,1
1,0.570582,1
0,0.52608496,1
0,0.45455307,0
1,0.46781814,0
0,0.48103645,0
1,0.6631679,1
0,0.49807814,0
1,0.6191826,1
1,0.42524177,0
0,0.45495126,0
0,0.40875342,0
1,0.41227114,0
1,0.4714483,0
1,0.5066418,1
1,0.3677956,0
1,0.5798032,1
1,0.39287525,0
1,0.4890898,0
1,0.6984357,1
1,0.6750374,1
1,0.40701008,0
0,0.5228443,1
0,0.44463965,0
1,0.6732193,1
0,0.5998411,1
1,0.68703014,1
1,0.5148445,1
0,0.37965363,0
1,0.47883987,0
0,0.3739696,0
0,0.4154653,0
0,0.55709296,1
1,0.6663728,1
0,0.38280094,0
1,0.59496164,1
1,0.58936626,1
1,0.6662206,1
0,0.5904547,1
0,0.4871939,0
0,0.5926058,1
1,0.70195025,1
1,0.6248234,1
1,0.5278367,1
0,0.39042294,0
0,0.68334585,1
1,0.51552314,1
0,0.36262247,0
1,0.46565598,0
1,0.6344629,1
1,0.5244918,1
1,0.6687382,1
0,0.39870167,0
1,0.6091277,1
0,0.39636648,0
1,0.72727305,1
0,0.36900797,0
1,0.54453605,1
0,0.52856916,1
0,0.45569676,0
0,0.39870167,0
1,0.5289293,1
0,0.3554124,0
0,0.36669534,0
0,0.38977832,0
0,0.47215563,0
0,0.5733464,1
1,0.64206684,1
1,0.6145885,1
0,0.57284564,1
1,0.52055347,1
1,0.5013735,1
1,0.46527192,0
0,0.6613036,1
0,0.66813606,1
1,0.48416287,0
0,0.4856396,0
1,0.67082524,1
1,0.72294,1
1,0.52460605,1
0,0.5874294,1
0,0.46166754,0
0,0.45324206,0
1,0.4828516,0
0,0.57048804,1
0,0.49367225,0
0,0.5432284,1
0,0.53553873,1
0,0.5244918,1
0,0.39875102,0
1,0.6981145,1
1,0.7255735,1
0,0.3831558,0
0,0.365739,0
1,0.34705603,0
0,0.3571887,0
0,0.39636648,0
1,0.64367926,1
0,0.61363745,1
0,0.510966,1
1,0.43304142,0
0,0.55696905,1
1,0.66717035,1
1,0.43932247,0
1,0.39857823,0
0,0.48230144,0
1,0.4399861,0
0,0.523091,1
1,0.50791186,1
1,0.45690334,0
1,0.45495126,0
0,0.66657674,1
1,0.6558354,1
0,0.50426936,1
1,0.7105541,1
0,0.4815095,0
1,0.56702834,1
1,0.50121313,1
0,0.5607507,1
1,0.70125914,1
1,0.34705603,0
1,0.5014617,1
1,0.42364183,0
1,0.6831772,1
1,0.68188155,1
0,0.55686843,1
0,0.3677956,0
1,0.55125946,1
1,0.48416975,0
1,0.43481055,0
1,0.36262247,0
0,0.42108223,0
0,0.6762865,1
0,0.60725355,1
1,0.5463088,1
0,0.4333709,0
1,0.41492513,0
1,0.41782057,0
0,0.45305192,0
1,0.66081387,1
1,0.66838396,1
0,0.5347829,1
0,0.45504022,0
0,0.7057507,1
0,0.5725277,1
0,0.54886436,1
0,0.612671,1
1,0.4828516,0
1,0.5274494,1
0,0.34007227,0
1,0.5062679,1
0,0.6842871,1
0,0.6015552,1
0,0.60979146,1
0,0.56184214,1
0,0.6698702,1
0,0.4993703,0
1,0.6537105,1
0,0.49817112,0
1,0.4828516,0
0,0.3700467,0
1,0.6794274,1
0,0.35907224,0
1,0.64231914,1
1,0.5263473,1
0,0.53969693,1
1,0.5382247,1
0,0.42108223,0
0,0.57255137,1
1,0.44659537,0
1,0.4902472,0
0,0.49817604,0
1,0.6044326,1
1,0.62511104,1
0,0.5768,1
1,0.63371265,1
1,0.4293458,0
1,0.61200124,1
0,0.6282127,1
0,0.4879247,0
1,0.6540694,1
0,0.45850608,0
1,0.62603974,1
1,0.6730533,1
0,0.61751544,1
1,0.5997317,1
0,0.4399861,0
0,0.52946746,1
0,0.37140986,0
1,0.6041357,1
1,0.68021464,1
1,0.63538,1
1,0.475285,0
0,0.42108223,0
1,0.43481055,0
0,0.48373386,0
1,0.6465031,1
0,0.59006083,1
0,0.4297287,0
0,0.4508895,0
1,0.66739494,1
0,0.3945503,0
0,0.3731709,0
0,0.5116418,1
1,0.52004236,1
0,0.43350357,0
1,0.5469587,1
1,0.4904315,0
0,0.36926058,0
0,0.47416374,0
1,0.693733,1
1,0.5417346,1
1,0.49713063,0
1,0.6727092,1
0,0.34867966,0
0,0.45569676,0
1,0.5866877,1
0,0.48903665,0
0,0.6131612,1
0,0.42108223,0
0,0.36615452,0
1,0.46579167,0
0,0.6590885,1
1,0.6895162,1
1,0.34512386,0
0,0.59591347,1
1,0.55600554,1
1,0.4919307,0
1,0.5252253,1
1,0.50791186,1
0,0.3667221,0
0,0.6682124,1
0,0.33249128,0
0,0.57313365,1
0,0.43415338,0
1,0.45593137,0
0,0.5124274,1
1,0.52857155,1
1,0.52800995,1
1,0.40347847,0
1,0.47149602,0
0,0.48346806,0
0,0.58285874,1
1,0.67946774,1
1,0.40701008,0
1,0.4508895,0
1,0.707305,1
1,0.5964104,1
0,0.35907224,0
0,0.3714484,0
0,0.63143903,1
0,0.6534305,1
1,0.46571466,0
0,0.49533522,0
1,0.34786886,0
0,0.37140986,0
1,0.6690382,1
0,0.5877276,1
1,0.66001993,1
1,0.44655886,0
0,0.72275585,1
1,0.46082902,0
0,0.4798397,0
0,0.67142296,1
0,0.3571887,0
1,0.6539601,1
1,0.4423455,0
0,0.46082902,0
1,0.3863383,0
0,0.34786886,0
0,0.6619532,1
0,0.38280094,0
0,0.49320847,0
1,0.6712157,1
0,0.39857823,0
0,0.3714484,0
1,0.7223997,1
1,0.5607507,1
0,0.53491515,1
0,0.36667562,0
1,0.60739416,1
0,0.5459615,1
1,0.68417865,1
0,0.44659537,0
0,0.52033454,1
0,0.48732635,0
1,0.52407205,1
1,0.34786886,0
1,0.42364183,0
1,0.43304142,0
1,0.6331943,1
0,0.65310687,1
1,0.62211543,1
1,0.51410925,1
0,0.6236859,1
0,0.49453884,0
1,0.39432934,0
0,0.77925175,1
0,0.6537518,1
1,0.5949846,1
1,0.57094294,1
0,0.4423455,0
0,0.53480434,1
1,0.5733464,1
0,0.6927761,1
1,0.34512386,0
1,0.668134,1
0,0.5055211,1
0,0.40347847,0
0,0.53120106,1
0,0.44655886,0
0,0.6374763,1
1,0.68042415,1
0,0.65822566,1
1,0.55920225,1
0,0.37140986,0
1,0.70272934,1
0,0.5152315,1
1,0.44463965,0
0,0.39095104,0
0,0.4803969,0
0,0.6555069,1
1,0.35816532,0
0,0.46781814,0
1,0.6205687,1
0,0.37671122,0
0,0.65415394,1
0,0.4545083,0
0,0.3714484,0
0,0.6345339,1
1,0.49320847,0
0,0.5217025,1
1,0.6707138,1
0,0.7444831,1
0,0.43304142,0
0,0.5635019,1
0,0.5773674,1
1,0.51827306,1
0,0.60936797,1
1,0.6851131,1
1,0.64770675,1
0,0.48329058,0
0,0.67093587,1
0,0.59624577,1
0,0.5062245,1
1,0.38870773,0
0,0.37940598,0
0,0.3373026,0
1,0.4391144,0
0,0.4888031,0
0,0.5213932,1
0,0.5642055,1
0,0.5708001,1
1,0.4902472,0
0,0.53392696,1
1,0.64050287,1
0,0.51290786,1
0,0.54901105,1
0,0.5033258,1
0,0.66871166,1
1,0.4496881,0
1,0.47117957,0
0,0.3658504,0
0,0.47717115,0
1,0.56702834,1
0,0.5239261,1
0,0.58738905,1
0,0.648188,1
0,0.36608285,0
1,0.70775306,1
1,0.3731709,0
0,0.5948587,1
1,0.62944466,1
1,0.6392155,1
1,0.6305677,1
1,0.6588842,1
0,0.39870167,0
1,0.48525164,0
1,0.61509,1
0,0.6383871,1
0,0.6890829,1
1,0.37764075,0
0,0.41288063,0
1,0.4748891,0
0,0.35907224,0
0,0.6282349,1
0,0.43304142,0
1,0.5161503,1
1,0.5055211,1
0,0.6117035,1
1,0.475285,0
0,0.36669534,0
1,0.56336206,1
0,0.3714484,0
1,0.5953375,1
0,0.45495224,0
1,0.64741856,1
1,0.48683432,0
0,0.46848375,0
1,0.41917327,0
0,0.3863706,0
1,0.48346806,0
1,0.6637178,1
1,0.5834796,1
0,0.53456956,1
0,0.6583058,1
1,0.3667221,0
0,0.4709175,0
0,0.69123304,1
0,0.6444795,1
1,0.5402562,1
1,0.61428547,1
0,0.35662016,0
1,0.420912,0
1,0.57150626,1
0,0.59249395,1
0,0.39870167,0
0,0.4874734,0
1,0.44655886,0
0,0.40701008,0
1,0.6207465,1
0,0.60504323,1
1,0.49196532,0
0,0.6588772,1
1,0.554902,1
1,0.5826497,1
0,0.47416374,0
1,0.62406814,1
1,0.6479898,1
0,0.4868919,0
0,0.41790396,0
0,0.66318643,1
0,0.5161503,1
1,0.48778895,0
0,0.3419969,0
1,0.49029157,0
0,0.5886844,1
1,0.6543002,1
0,0.5718448,1
0,0.4293458,0
0,0.58100843,1
1,0.54114264,1
1,0.7015023,1
1,0.6852081,1
1,0.48903665,0
1,0.67215115,1
1,0.676509,1
1,0.6639883,1
0,0.37764075,0
0,0.49320847,0
0,0.68888533,1
1,0.43304142,0
0,0.3667221,0
0,0.5123489,1
0,0.66889477,1
0,0.41943908,0
0,0.49348643,0
0,0.36731386,0
1,0.6236859,1
1,0.36880225,0
0,0.5681263,1
0,0.70513654,1
0,0.36962628,0
0,0.47416374,0
1,0.5062679,1
1,0.4798397,0
1,0.5467155,1
1,0.67468446,1
0,0.5809803,1
0,0.46929243,0
0,0.59553564,1
0,0.497555,0
1,0.5885379,1
0,0.42734048,0
0,0.3898304,0
1,0.4709175,0
1,0.6397666,1
0,0.56153554,1
0,0.34956664,0
0,0.6569443,1
1,0.6273441,1
0,0.39875102,0
0,0.6826887,1
0,0.39019546,0
0,0.4293458,0
0,0.38280094,0
1,0.492616,0
1,0.6617559,1
0,0.41790396,0
0,0.59624577,1
0,0.4024005,0
0,0.36262247,0
0,0.58593607,1
0,0.37135613,0
1,0.5006642,1
0,0.6484317,1
0,0.45455307,0
1,0.49695638,0
0,0.609013,1
1,0.5006642,1
0,0.48757505,0
0,0.594268,1
1,0.5625825,1
1,0.6318735,1
0,0.41525438,0
0,0.5120758,1
1,0.47563538,0
0,0.6680822,1
1,0.58427304,1
1,0.675212,1
1,0.64628685,1
1,0.6191826,1
1,0.4297287,0
0,0.5889764,1
0,0.46915266,0
1,0.55920225,1
1,0.69496274,1
0,0.6770811,1
0,0.547358,1
1,0.62584436,1
1,0.6842234,1
1,0.56806356,1
0,0.59132373,1
1,0.66393715,1
1,0.67221326,1
0,0.4457555,0
1,0.4297287,0
1,0.53489804,1
0,0.45784986,0
1,0.46017352,0
1,0.6810714,1
1,0.3667221,0
1,0.56879413,1
0,0.5759312,1
0,0.6023157,1
1,0.6263072,1
0,0.421147,0
1,0.67128545,1
1,0.36615452,0
0,0.669407,1
0,0.4249851,0
0,0.550063,1
0,0.41790396,0
0,0.50324214,1
0,0.50426936,1
1,0.6054418,1
1,0.5689823,1
1,0.64275044,1
1,0.69098926,1
0,0.6178106,1
0,0.66658485,1
1,0.46579167,0
0,0.3739696,0
1,0.6584823,1
0,0.6001583,1
0,0.48308283,0
1,0.52903056,1
1,0.6816443,1
1,0.7129912,1
1,0.49221596,0
0,0.62955016,1
1,0.4780641,0
0,0.5210043,1
1,0.6723573,1
1,0.6554553,1
1,0.56773686,1
0,0.6408175,1
0,0.38031462,0
0,0.47194675,0
0,0.49713063,0
0,0.49038425,0
0,0.67523956,1
0,0.69991815,1
0,0.39256534,0
0,0.4701028,0
0,0.46199614,0
0,0.389055,0
0,0.5409779,1
1,0.6065163,1
0,0.53741735,1
1,0.6264566,1
1,0.3671744,0
0,0.60416454,1
1,0.6701052,1
1,0.61800605,1
0,0.44282454,0
0,0.40701008,0
1,0.45163903,0
0,0.6078951,1
0,0.6468548,1
1,0.5006327,1
1,0.49776414,0
1,0.67066324,1
1,0.6158953,1
1,0.74662554,1
1,0.6689473,1
0,0.46848625,0
1,0.5253676,1
1,0.60174096,1
0,0.67734796,1
0,0.37156615,0
0,0.6513966,1
1,0.59517515,1
0,0.4423455,0
0,0.5402562,1
1,0.5499642,1
0,0.5802674,1
1,0.65497786,1
0,0.6744168,1
0,0.43798473,0
1,0.6553133,1
0,0.53529024,1
0,0.54637545,1
1,0.58090836,1
0,0.3464295,0
1,0.5551711,1
0,0.50426936,1
0,0.45567253,0
0,0.5426007,1
0,0.648188,1
1,0.34867966,0
0,0.4714483,0
0,0.49440634,0
0,0.54114264,1
1,0.49480516,0
0,0.6236859,1
0,0.37243995,0
1,0.6314211,1
1,0.3571887,0
1,0.47416374,0
0,0.45539364,0
0,0.5998411,1
1,0.6736771,1
1,0.46017352,0
0,0.5964892,1
1,0.47416374,0
1,0.55052686,1
1,0.72100365,1
0,0.37671122,0
1,0.7170254,1
0,0.513219,1
0,0.44485927,0
1,0.53608537,1
0,0.42734048,0
0,0.47753134,0
0,0.34786886,0
1,0.6473273,1
1,0.36797202,0
1,0.6722737,1
0,0.50847054,1
0,0.3657284,0
1,0.51273185,1
0,0.6218014,1
1,0.5597312,1
0,0.6748171,1
0,0.70154655,1
1,0.58100843,1
1,0.6537518,1
0,0.5216109,1
0,0.52780366,1
0,0.62091,1
1,0.48103645,0
0,0.63827485,1
0,0.49029157,0
0,0.51104516,1
0,0.48601538,0
1,0.5378561,1
0,0.41536438,0
0,0.46565598,0
1,0.61407644,1
1,0.40875342,0
0,0.5145877,1
1,0.45495224,0
1,0.41782057,0
0,0.3863383,0
0,0.49348643,0
0,0.62368464,1
1,0.6699109,1
1,0.43307102,0
1,0.49867398,0
1,0.70184094,1
0,0.60936797,1
1,0.63720065,1
0,0.53157413,1
1,0.5420132,1
0,0.44485927,0
0,0.39467204,0
1,0.5144431,1
1,0.57313365,1
0,0.40275922,0
1,0.62511104,1
0,0.6677495,1
0,0.65428543,1
0,0.5576801,1
0,0.47147232,0
1,0.49776414,0
0,0.55430514,1
0,0.5006642,1
1,0.5370612,1
0,0.49136034,0
1,0.6325539,1
0,0.68620014,1
1,0.4707208,0
1,0.48469985,0
0,0.3898304,0
1,0.6635229,1
1,0.6581836,1
1,0.41507813,0
1,0.758741,1
1,0.6732446,1
1,0.6504785,1
0,0.55417615,1
1,0.6923746,1
0,0.39019546,0
0,0.44485927,0
0,0.66207147,1
0,0.6829286,1
0,0.45569676,0
1,0.47880542,0
0,0.67363113,1
1,0.6233486,1
0,0.48103645,0
1,0.60040957,1
0,0.37764075,0
0,0.33660924,0
0,0.57726175,1
1,0.5572916,1
0,0.4554439,0
1,0.5773704,1
0,0.5489533,1
0,0.4874734,0
1,0.5578971,1
0,0.58639365,1
0,0.69279975,1
1,0.46571466,0
0,0.34956664,0
1,0.5332913,1
0,0.64580154,1
0,0.42734048,0
0,0.6722737,1
1,0.6103161,1
1,0.5939969,1
0,0.51469946,1
1,0.60725355,1
0,0.66718274,1
1,0.5617013,1
0,0.51021975,1
0,0.36615452,0
0,0.5183522,1
0,0.6999215,1
0,0.3662802,0
1,0.6569906,1
0,0.6630618,1
0,0.43965155,0
0,0.49029157,0
1,0.72738963,1
1,0.6926017,1
0,0.36593485,0
0,0.44655886,0
1,0.5597312,1
1,0.62945336,1
0,0.475311,0
0,0.45455307,0
0,0.53809035,1
0,0.6868934,1
1,0.67712426,1
1,0.5961529,1
0,0.4866003,0
1,0.53451526,1
1,0.50213,1
1,0.60499424,1
0,0.5790292,1
0,0.62020576,1
0,0.38857204,0
0,0.51769704,1
0,0.6938258,1
1,0.62211543,1
1,0.626088,1
0,0.37752667,0
1,0.49952468,0
1,0.593196,1
1,0.67389053,1
0,0.6068754,1
0,0.6402394,1
1,0.3739696,0
0,0.37764075,0
1,0.625718,1
0,0.3677956,0
1,0.6433692,1
1,0.6350818,1
0,0.6905539,1
1,0.373136,0
0,0.4249851,0
0,0.36667562,0
1,0.6262258,1
0,0.48469985,0
0,0.5598356,1
1,0.64837927,1
1,0.6049812,1
1,0.42763266,0
1,0.6461377,1
1,0.62083024,1
0,0.53023887,1
1,0.65581435,1
1,0.62300056,1
0,0.46965775,0
1,0.66204417,1
0,0.66914785,1
1,0.46565598,0
0,0.5762602,1
1,0.4815095,0
0,0.56799024,1
0,0.49367225,0
1,0.5855822,1
1,0.3921117,0
1,0.6943096,1
1,0.47761035,0
0,0.3936784,0
1,0.6358028,1
0,0.5204826,1
1,0.7105093,1
0,0.42088464,0
1,0.6370991,1
0,0.35907224,0
0,0.5231293,1
1,0.6269161,1
0,0.3731709,0
1,0.3554124,0
0,0.48928332,0
0,0.59355825,1
0,0.5608648,1
0,0.64615124,1
0,0.59987277,1
1,0.64678866,1
0,0.3671744,0
0,0.42524177,0
0,0.628386,1
1,0.36572608,0
1,0.50619125,1
1,0.44485927,0
0,0.37940598,0
0,0.4293458,0
0,0.4998396,0
0,0.49888277,0
0,0.60143644,1
1,0.5179477,1
1,0.6217712,1
1,0.4399861,0
0,0.38849738,0
0,0.36093304,0
0,0.38031462,0
1,0.58061916,1
0,0.6160861,1
0,0.38280094,0
1,0.39857823,0
1,0.49132672,0
0,0.5013735,1
1,0.54886436,1
0,0.67582923,1
0,0.5133697,1
0,0.60696775,1
0,0.5597312,1
1,0.66920453,1
1,0.583898,1
0,0.39446092,0
1,0.68430114,1
0,0.34956664,0
1,0.646862,1
0,0.36880225,0
0,0.3671744,0
0,0.4732063,0
0,0.5555403,1
1,0.63273925,1
0,0.5025607,1
0,0.36262247,0
0,0.51084006,1
0,0.6175682,1
1,0.49922925,0
1,0.3464295,0
0,0.48175886,0
0,0.5441935,1
0,0.4790444,0
1,0.5960092,1
1,0.5402562,1
0,0.69105774,1
0,0.41227114,0
0,0.5210043,1
0,0.65603244,1
0,0.5179477,1
0,0.42734048,0
0,0.52307224,1
1,0.6754982,1
0,0.5254989,1
1,0.6453322,1
0,0.41689032,0
0,0.534985,1
0,0.50386775,1
0,0.5411965,1
1,0.38877094,0
1,0.6510637,1
1,0.54901296,1
1,0.60789263,1
0,0.51290786,1
0,0.59215146,1
0,0.65854394,1
0,0.3464295,0
1,0.4775792,0
0,0.4659267,0
0,0.49221596,0
0,0.3863706,0
1,0.588251,1
1,0.6344629,1
0,0.50791186,1
1,0.5289293,1
0,0.4522762,0
0,0.36880225,0
0,0.4871939,0
0,0.418053,0
0,0.6235502,1
0,0.34580216,0
1,0.43798473,0
0,0.6735726,1
0,0.39287525,0
1,0.70148236,1
1,0.5591229,1
1,0.41541484,0
0,0.6994302,1
1,0.50864357,1
0,0.5153049,1
0,0.6731529,1
0,0.6233257,1
0,0.7413033,1
0,0.6205769,1
1,0.5934398,1
0,0.38031462,0
0,0.3739696,0
0,0.5292554,1
0,0.44119978,0
1,0.46017352,0
1,0.49223375,0
0,0.51442015,1
0,0.38881737,0
0,0.39042294,0
1,0.3863383,0
0,0.6526394,1
1,0.594268,1
1,0.5128839,1
1,0.5420132,1
0,0.6753513,1
0,0.5441935,1
0,0.65641737,1
1,0.6691682,1
0,0.38280094,0
0,0.64083225,1
0,0.48031157,0
1,0.59900033,1
1,0.67302674,1
1,0.46166754,0
0,0.6641694,1
1,0.63399917,1
0,0.37965363,0
1,0.59082407,1
0,0.41790396,0
0,0.5983664,1
0,0.40701008,0
0,0.537427,1
0,0.4757722,0
1,0.58493173,1
1,0.5555403,1
0,0.49713063,0
1,0.66435134,1
0,0.5855897,1
0,0.48449525,0
1,0.67094404,1
0,0.7074013,1
0,0.43304142,0
1,0.6839818,1
1,0.41227114,0
1,0.65553004,1
1,0.5773674,1
0,0.5821142,1
1,0.67582923,1
0,0.6661559,1
0,0.6277252,1
0,0.5649955,1
1,0.48558274,0
0,0.5049152,1
0,0.48732635,0
0,0.46781814,0
1,0.49695638,0
1,0.7200007,1
0,0.52004236,1
1,0.5372426,1
1,0.550063,1
0,0.53334993,1
0,0.4508895,0
0,0.36608285,0
0,0.47711933,0
1,0.68229896,1
1,0.6066983,1
1,0.41256654,0
1,0.68215954,1
0,0.58092576,1
1,0.60504323,1
1,0.6013013,1
0,0.36797202,0
0,0.40275922,0
0,0.65102804,1
0,0.4520364,0
0,0.36093304,0
1,0.58127844,1
0,0.45495126,0
0,0.60082704,1
0,0.42108223,0
0,0.36669534,0
1,0.3945503,0
0,0.4054497,0
0,0.52460605,1
0,0.48031157,0
1,0.52460605,1
0,0.64863706,1
1,0.35366687,0
0,0.3739696,0
0,0.366822,0
1,0.3898304,0
0,0.55293536,1
0,0.6492597,1
