true_label,prob_s3,pred_s3
1,0.49919552,0
1,0.626671,1
1,0.7696801,1
1,0.51547605,1
1,0.67865175,1
1,0.5445608,1
1,0.35384318,0
1,0.44462606,0
0,0.656777,1
1,0.8912977,1
1,0.8160584,1
1,0.7550718,1
1,0.9183049,1
1,0.84334105,1
1,0.51891154,1
1,0.7331974,1
0,0.6750728,1
1,0.74518114,1
1,0.81266356,1
1,0.7168138,1
1,0.74484676,1
1,0.76269954,1
0,0.87615395,1
0,0.8749254,1
0,0.83718514,1
0,0.84282374,1
1,0.8293243,1
0,0.79419136,1
1,0.80503416,1
1,0.75965536,1
1,0.68793523,1
1,0.288082,0
1,0.50035673,1
1,0.6893651,1
1,0.5632396,1
1,0.709019,1
1,0.6919945,1
1,0.70930094,1
1,0.67618287,1
1,0.8354451,1
1,0.78947407,1
1,0.88763106,1
1,0.92391837,1
1,0.91372526,1
1,0.9234884,1
1,0.77480626,1
0,0.75271183,1
1,0.79466534,1
1,0.7541359,1
1,0.63817775,1
1,0.7594103,1
1,0.59021294,1
1,0.60598695,1
1,0.691197,1
1,0.75182664,1
1,0.7414613,1
1,0.8111219,1
0,0.7245981,1
0,0.7575796,1
1,0.77311856,1
0,0.8277893,1
1,0.83404684,1
1,0.741744,1
0,0.6809193,1
0,0.776191,1
0,0.78748816,1
1,0.79566085,1
1,0.8593733,1
1,0.6847407,1
1,0.81267935,1
1,0.8189462,1
1,0.8187243,1
1,0.6361465,1
1,0.7349502,1
0,0.8365022,1
0,0.81884664,1
1,0.8403276,1
0,0.8102788,1
1,0.7224891,1
1,0.71802694,1
0,0.8526436,1
1,0.774027,1
1,0.702224,1
1,0.7951084,1
1,0.8810117,1
1,0.8225021,1
1,0.8204909,1
1,0.82658345,1
1,0.80110556,1
1,0.81306624,1
1,0.8424237,1
1,0.8173489,1
1,0.8229879,1
1,0.727708,1
1,0.7495024,1
1,0.8597621,1
1,0.8339656,1
0,0.7496226,1
1,0.83243275,1
1,0.8227711,1
1,0.7154547,1
0,0.73454773,1
1,0.8283554,1
0,0.7800577,1
0,0.8063778,1
1,0.85862213,1
0,0.82389605,1
1,0.8674682,1
1,0.8432792,1
1,0.8493462,1
1,0.88598293,1
1,0.82384336,1
1,0.75375986,1
1,0.759145,1
1,0.7310278,1
1,0.8003277,1
1,0.2723374,0
1,0.7210245,1
1,0.7795475,1
0,0.67366195,1
0,0.8526131,1
1,0.6651155,1
1,0.74420345,1
1,0.29404137,0
0,0.9003922,1
1,0.7839641,1
1,0.7847717,1
1,0.82227504,1
1,0.85792553,1
1,0.81809384,1
1,0.80959255,1
1,0.77571154,1
1,0.8030021,1
1,0.8193901,1
1,0.77835566,1
1,0.8129134,1
1,0.7508607,1
1,0.8782343,1
1,0.87362194,1
1,0.79408324,1
1,0.7845541,1
1,0.7632657,1
1,0.82045835,1
1,0.8342679,1
1,0.8181129,1
1,0.74271154,1
1,0.77528983,1
1,0.8392863,1
1,0.9042657,1
1,0.8698218,1
1,0.8627957,1
1,0.8489085,1
1,0.85291564,1
1,0.8103162,1
1,0.8204588,1
0,0.84451026,1
1,0.8453337,1
1,0.85489225,1
0,0.830904,1
1,0.9169012,1
1,0.8201382,1
1,0.8910082,1
1,0.8167802,1
1,0.90179586,1
1,0.862527,1
1,0.9320866,1
0,0.91231847,1
0,0.8933592,1
1,0.86498666,1
1,0.3380491,0
1,0.6037406,1
1,0.69292325,1
0,0.7089499,1
0,0.29608503,0
1,0.51208925,1
0,0.28153926,0
0,0.43917924,0
1,0.44606796,0
1,0.43895355,0
1,0.31210506,0
0,0.31657678,0
0,0.3521152,0
1,0.70459646,1
0,0.6914015,1
1,0.5638376,1
1,0.81786865,1
1,0.75882596,1
0,0.32918668,0
0,0.7292429,1
1,0.90588653,1
0,0.7289239,1
1,0.8049924,1
0,0.76836306,1
1,0.8831249,1
1,0.84300756,1
1,0.8190195,1
1,0.8990954,1
1,0.8681546,1
1,0.844472,1
1,0.8140417,1
0,0.781274,1
1,0.788247,1
0,0.83412266,1
1,0.7838754,1
1,0.8523001,1
1,0.79765564,1
1,0.73175305,1
1,0.777477,1
0,0.78025293,1
1,0.7939401,1
0,0.7932804,1
0,0.79212916,1
0,0.7958923,1
0,0.7534767,1
0,0.84346545,1
0,0.8701506,1
1,0.80373186,1
1,0.7055281,1
1,0.81798214,1
0,0.89216506,1
1,0.7954048,1
1,0.7949713,1
0,0.8039919,1
1,0.6760973,1
1,0.6529598,1
1,0.7587743,1
1,0.7928024,1
0,0.80642104,1
1,0.7617457,1
0,0.71720594,1
1,0.7694916,1
1,0.6874548,1
1,0.7037307,1
1,0.6778704,1
1,0.8103599,1
1,0.7476778,1
1,0.82663894,1
0,0.8077635,1
1,0.8288733,1
0,0.82302666,1
1,0.7672141,1
0,0.73356974,1
1,0.8827895,1
1,0.81783545,1
0,0.83751786,1
0,0.79058564,1
1,0.84180444,1
1,0.7823184,1
1,0.69406176,1
1,0.7842308,1
1,0.84795976,1
0,0.7215899,1
0,0.7321239,1
0,0.66124654,1
0,0.35318136,0
0,0.43061537,0
0,0.2808453,0
0,0.3619668,0
0,0.5805679,1
0,0.5785945,1
1,0.6697458,1
0,0.45047623,0
0,0.3160136,0
0,0.19951981,0
0,0.6555877,1
0,0.7056267,1
0,0.5928835,1
0,0.3618671,0
0,0.23271002,0
0,0.1824296,0
0,0.17882963,0
0,0.37503046,0
0,0.20707892,0
1,0.761244,1
1,0.87631696,1
1,0.723265,1
1,0.37401235,0
0,0.9127242,1
1,0.8791804,1
1,0.94031614,1
1,0.94354624,1
1,0.97158086,1
1,0.9400744,1
1,0.9744874,1
1,0.8588807,1
1,0.93387365,1
1,0.9270032,1
1,0.8660071,1
1,0.8641069,1
1,0.8552616,1
1,0.9149676,1
0,0.8787142,1
1,0.84085095,1
1,0.85691696,1
0,0.8879232,1
1,0.86614066,1
1,0.9062189,1
1,0.8510782,1
1,0.80206877,1
1,0.84438425,1
1,0.83219296,1
1,0.94611603,1
1,0.944128,1
1,0.8972324,1
0,0.9540357,1
1,0.9384704,1
1,0.90135133,1
0,0.88489944,1
1,0.8986,1
1,0.9445909,1
0,0.96799546,1
1,0.8438223,1
1,0.87088436,1
1,0.80236477,1
1,0.8521486,1
1,0.8602422,1
0,0.86759245,1
1,0.8269125,1
1,0.64133686,1
1,0.4566163,0
0,0.7875787,1
0,0.780523,1
1,0.79105496,1
1,0.8046569,1
1,0.6918349,1
0,0.67033315,1
0,0.7444337,1
0,0.21371612,0
1,0.17362253,0
0,0.24054344,0
0,0.1940922,0
0,0.7428028,1
1,0.83725095,1
1,0.50451666,1
0,0.81302804,1
1,0.7305386,1
0,0.8841844,1
1,0.8361385,1
1,0.7466124,1
1,0.82928634,1
1,0.838603,1
1,0.83432186,1
1,0.8028362,1
1,0.79283935,1
1,0.84414107,1
0,0.18996023,0
0,0.14802292,0
1,0.7798859,1
1,0.68610185,1
1,0.6055323,1
1,0.72883445,1
1,0.6294892,1
1,0.73469865,1
0,0.566874,1
1,0.300258,0
0,0.3229697,0
1,0.5581584,1
1,0.678291,1
0,0.6564803,1
1,0.7372064,1
1,0.798471,1
0,0.4099737,0
0,0.5385692,1
1,0.6235896,1
0,0.33622542,0
0,0.63412434,1
1,0.3934615,0
1,0.2577083,0
0,0.64881384,1
0,0.3665742,0
0,0.44272643,0
1,0.6867134,1
1,0.58547163,1
0,0.53023714,1
1,0.7364062,1
1,0.8434298,1
1,0.93720174,1
1,0.843533,1
1,0.66602325,1
1,0.73932433,1
0,0.7634676,1
0,0.6331823,1
0,0.6880799,1
0,0.59711975,1
0,0.47583827,0
1,0.5456121,1
0,0.6904606,1
1,0.6328234,1
0,0.74476933,1
1,0.7219497,1
1,0.6372929,1
1,0.78255796,1
1,0.86930364,1
0,0.8660636,1
1,0.678778,1
1,0.82933694,1
0,0.55282193,1
1,0.7520842,1
1,0.68072456,1
1,0.72868353,1
0,0.70284534,1
0,0.52235633,1
1,0.28703335,0
0,0.5451177,1
1,0.68260145,1
0,0.7039989,1
1,0.88464946,1
1,0.9105002,1
1,0.89758486,1
1,0.7788348,1
1,0.49578625,0
0,0.31368664,0
0,0.48143798,0
1,0.842797,1
0,0.812375,1
1,0.8620871,1
1,0.8692925,1
1,0.8384234,1
1,0.8647231,1
1,0.8386099,1
1,0.88674664,1
0,0.84361106,1
0,0.87430584,1
0,0.8093253,1
1,0.806371,1
1,0.83143187,1
1,0.84910643,1
1,0.92058146,1
1,0.7599281,1
1,0.85420346,1
1,0.8284542,1
1,0.6848011,1
1,0.78944457,1
1,0.74514496,1
1,0.7795462,1
1,0.76002157,1
1,0.7233,1
1,0.87380767,1
1,0.80261374,1
1,0.6419954,1
1,0.73864853,1
1,0.6626064,1
1,0.6543708,1
0,0.64456815,1
1,0.78771496,1
1,0.58738285,1
1,0.7222861,1
1,0.561583,1
1,0.5996402,1
0,0.6248661,1
1,0.76939714,1
1,0.4401922,0
0,0.5256889,1
0,0.69139576,1
1,0.49231052,0
0,0.5789358,1
1,0.60820913,1
1,0.6303219,1
0,0.5941346,1
1,0.5634696,1
1,0.4315774,0
1,0.7410615,1
1,0.70566183,1
1,0.75265205,1
0,0.5874313,1
1,0.60508144,1
0,0.52293694,1
0,0.5784795,1
1,0.75811833,1
1,0.48819548,0
0,0.65360254,1
0,0.27220535,0
0,0.15666336,0
0,0.3105811,0
0,0.2774159,0
1,0.1850803,0
0,0.27582538,0
0,0.6510615,1
0,0.424753,0
0,0.24365735,0
0,0.32175282,0
0,0.4297588,0
0,0.78140664,1
1,0.4314506,0
0,0.12154257,0
0,0.35945383,0
0,0.38343644,0
0,0.40466768,0
1,0.6854763,1
1,0.42161033,0
0,0.52227044,1
0,0.24323255,0
0,0.713913,1
1,0.772496,1
0,0.74940544,1
0,0.64983934,1
1,0.6267161,1
0,0.3349483,0
0,0.24953346,0
1,0.18824032,0
1,0.25533175,0
0,0.77635884,1
1,0.7838447,1
1,0.69135267,1
0,0.7431164,1
1,0.71631527,1
1,0.58994424,1
1,0.8717418,1
1,0.78852123,1
1,0.7848969,1
1,0.7943812,1
0,0.71440285,1
1,0.27589944,0
1,0.5486043,1
1,0.31843802,0
1,0.44787523,0
0,0.6655039,1
0,0.50515115,1
0,0.38391635,0
0,0.7144217,1
0,0.6554153,1
1,0.64282537,1
1,0.7868334,1
0,0.3483169,0
1,0.38165683,0
1,0.41725576,0
0,0.3557489,0
1,0.34619606,0
1,0.35789707,0
1,0.60561234,1
0,0.0850201,0
0,0.5463065,1
1,0.75818527,1
0,0.23720007,0
0,0.52364266,1
0,0.48307487,0
0,0.6382472,1
1,0.77586734,1
1,0.5375369,1
1,0.3461916,0
1,0.6715982,1
1,0.80490965,1
0,0.7399466,1
0,0.7314715,1
0,0.6341911,1
1,0.7881216,1
0,0.7956086,1
1,0.6488825,1
0,0.8015893,1
0,0.7735155,1
0,0.7742742,1
1,0.70543647,1
1,0.72879004,1
1,0.5091648,1
1,0.8689189,1
1,0.7739045,1
1,0.71604836,1
0,0.7061334,1
1,0.60126406,1
0,0.7464982,1
1,0.76162887,1
1,0.81758624,1
1,0.74800366,1
1,0.82745546,1
1,0.8466399,1
1,0.8424266,1
0,0.7843443,1
1,0.787881,1
0,0.8020527,1
0,0.7306914,1
1,0.5503959,1
0,0.602075,1
1,0.6309238,1
0,0.6055009,1
1,0.93187404,1
0,0.7099943,1
0,0.8586223,1
0,0.6218356,1
1,0.79472744,1
1,0.8938846,1
1,0.73044753,1
1,0.7540608,1
1,0.87588835,1
1,0.9179737,1
0,0.5559206,1
1,0.7164274,1
1,0.26011464,0
1,0.5718419,1
0,0.65713954,1
0,0.9104289,1
1,0.7913635,1
1,0.85630333,1
0,0.82039696,1
1,0.454668,0
1,0.7747108,1
1,0.8993428,1
0,0.7812264,1
1,0.76652604,1
1,0.78074944,1
0,0.7589739,1
0,0.6118945,1
1,0.8263502,1
1,0.73590815,1
1,0.77315056,1
1,0.8287396,1
0,0.68213075,1
0,0.86934316,1
1,0.84853184,1
0,0.381556,0
0,0.594336,1
1,0.8488598,1
1,0.86417943,1
1,0.79247963,1
1,0.7807656,1
1,0.79136944,1
1,0.7207253,1
1,0.75257504,1
1,0.7735028,1
1,0.74323857,1
1,0.89840263,1
1,0.63809097,1
1,0.5228515,1
0,0.79683274,1
1,0.80807155,1
1,0.78686213,1
1,0.7724729,1
1,0.7343254,1
1,0.85544497,1
1,0.87054175,1
0,0.89651966,1
1,0.45959777,0
1,0.63702434,1
1,0.61362153,1
1,0.55311394,1
1,0.6745875,1
0,0.099942066,0
0,0.3265314,0
1,0.63091356,1
1,0.7849391,1
1,0.8175049,1
1,0.8166495,1
1,0.7873803,1
1,0.81424016,1
1,0.79946667,1
1,0.803252,1
1,0.80876535,1
1,0.7677952,1
1,0.80859095,1
1,0.81816363,1
0,0.51690805,1
0,0.860562,1
1,0.79958886,1
1,0.88015616,1
1,0.6812071,1
1,0.7098067,1
0,0.21135299,0
1,0.35682777,0
1,0.91342807,1
1,0.8788882,1
0,0.2566388,0
0,0.5766877,1
0,0.33439866,0
0,0.30309093,0
0,0.097052574,0
0,0.09984623,0
0,0.35616085,0
0,0.17147887,0
0,0.2795729,0
0,0.38730997,0
0,0.07937713,0
0,0.104288936,0
0,0.06626903,0
1,0.4150137,0
1,0.8784743,1
1,0.41128567,0
0,0.20823236,0
1,0.3917274,0
0,0.64690304,1
0,0.7037909,1
0,0.85519266,1
1,0.6974501,1
1,0.7312657,1
0,0.5424234,1
0,0.60656655,1
1,0.2226014,0
1,0.8839734,1
1,0.87532574,1
1,0.8903209,1
1,0.6667452,1
0,0.20189811,0
0,0.3269861,0
1,0.35876152,0
1,0.5115769,1
0,0.49586853,0
1,0.6097307,1
0,0.48584825,0
1,0.6997343,1
1,0.36251447,0
1,0.2968363,0
1,0.89816445,1
1,0.8639037,1
0,0.3607939,0
0,0.27353978,0
0,0.31993255,0
0,0.50087273,1
1,0.30957317,0
0,0.27539206,0
1,0.29223496,0
0,0.084471464,0
1,0.2357907,0
1,0.2915982,0
1,0.32523727,0
1,0.6480592,1
0,0.51652986,1
1,0.80268407,1
1,0.1682395,0
1,0.2514322,0
0,0.5618288,1
1,0.5867501,1
0,0.6350989,1
1,0.6994374,1
1,0.7727406,1
1,0.5728849,1
1,0.74656564,1
1,0.65043074,1
1,0.51581115,1
1,0.4706366,0
0,0.56649524,1
1,0.43095884,0
1,0.5304786,1
0,0.5356259,1
1,0.6914721,1
1,0.77598214,1
1,0.79652756,1
0,0.8137243,1
1,0.8280159,1
1,0.9269781,1
1,0.7849921,1
1,0.73345137,1
1,0.7443198,1
1,0.734242,1
1,0.6953327,1
1,0.7450327,1
1,0.65414715,1
1,0.726834,1
1,0.7211753,1
1,0.715134,1
1,0.6647488,1
0,0.52618283,1
1,0.69707215,1
1,0.7171007,1
0,0.21033688,0
0,0.2388435,0
0,0.10247319,0
0,0.37793523,0
0,0.17860562,0
1,0.39960313,0
0,0.24055335,0
1,0.1599574,0
1,0.4758724,0
0,0.7082489,1
1,0.7803422,1
1,0.80600166,1
1,0.83371884,1
1,0.76707333,1
0,0.8077275,1
1,0.86096096,1
0,0.78322214,1
0,0.773078,1
0,0.7821929,1
1,0.7277631,1
0,0.74893516,1
1,0.64250624,1
1,0.4670553,0
0,0.8511564,1
1,0.741771,1
1,0.7606824,1
0,0.7149663,1
0,0.84671605,1
1,0.7221074,1
1,0.6281948,1
1,0.8423333,1
0,0.87091273,1
1,0.88084745,1
1,0.7817207,1
1,0.34003678,0
0,0.2734861,0
0,0.26376083,0
1,0.2681718,0
0,0.4696448,0
0,0.2753838,0
1,0.5206965,1
1,0.76919407,1
0,0.35748723,0
0,0.557429,1
1,0.54413635,1
0,0.4687452,0
1,0.626216,1
0,0.3778109,0
0,0.30499586,0
0,0.13184988,0
0,0.36367258,0
1,0.57538474,1
0,0.62855905,1
1,0.5308065,1
1,0.6534702,1
1,0.7448811,1
1,0.81768066,1
1,0.49775374,0
1,0.8648043,1
1,0.7026001,1
1,0.57022107,1
0,0.4342156,0
1,0.30005985,0
0,0.27595285,0
0,0.58353823,1
0,0.51364255,1
0,0.45880806,0
0,0.5760052,1
0,0.4538028,0
1,0.5189537,1
1,0.53179413,1
1,0.42689362,0
1,0.38966957,0
1,0.14741637,0
1,0.44188532,0
1,0.47105607,0
1,0.2669745,0
1,0.22135104,0
1,0.753167,1
1,0.59618646,1
1,0.7192106,1
1,0.61962664,1
1,0.765782,1
0,0.6572358,1
1,0.81733304,1
0,0.68081284,1
1,0.6059033,1
1,0.64699405,1
0,0.7190979,1
0,0.8935379,1
1,0.78738165,1
0,0.8495537,1
0,0.84405845,1
0,0.8504954,1
1,0.8468578,1
1,0.741274,1
0,0.7333872,1
0,0.69407636,1
0,0.67906874,1
1,0.7467756,1
0,0.66616267,1
1,0.69631076,1
0,0.7758065,1
0,0.79473025,1
1,0.49646732,0
1,0.780552,1
1,0.7445239,1
1,0.7240131,1
1,0.699298,1
1,0.8100401,1
1,0.7535805,1
1,0.7437612,1
1,0.8357636,1
1,0.6769783,1
0,0.69512075,1
1,0.7956396,1
1,0.814215,1
1,0.7884275,1
1,0.81219083,1
1,0.86322755,1
0,0.8101446,1
0,0.79266524,1
1,0.66378677,1
1,0.84105664,1
1,0.8142278,1
1,0.8101844,1
1,0.8337573,1
0,0.8255688,1
1,0.77043974,1
1,0.78707635,1
1,0.68403685,1
1,0.7493846,1
1,0.81461155,1
0,0.7356099,1
1,0.69913787,1
1,0.73861444,1
1,0.7482447,1
0,0.7965663,1
1,0.78012043,1
0,0.7769218,1
0,0.82168365,1
0,0.76616377,1
1,0.8270438,1
0,0.8283846,1
0,0.8072585,1
0,0.30384848,0
0,0.18756628,0
0,0.103826605,0
0,0.09592204,0
1,0.07065091,0
0,0.23207343,0
0,0.13719499,0
1,0.12912054,0
0,0.12525104,0
0,0.21277173,0
1,0.18333156,0
1,0.20426397,0
1,0.65844035,1
1,0.37412593,0
1,0.28858504,0
0,0.26058438,0
1,0.80276793,1
0,0.7077761,1
1,0.79607517,1
1,0.7807168,1
1,0.79341674,1
1,0.7521432,1
1,0.8371669,1
1,0.77849865,1
0,0.7748209,1
0,0.80365413,1
1,0.8204621,1
1,0.7979838,1
1,0.8371042,1
0,0.72831917,1
1,0.7660292,1
1,0.7923096,1
1,0.7449403,1
1,0.7521163,1
1,0.8615992,1
1,0.73460346,1
0,0.82590514,1
1,0.7783158,1
1,0.7813675,1
1,0.84649074,1
1,0.9565534,1
1,0.88471764,1
1,0.8817566,1
0,0.8932069,1
1,0.8481982,1
1,0.75686973,1
1,0.86092883,1
0,0.7661795,1
1,0.7926131,1
1,0.7607737,1
0,0.84140426,1
0,0.80429727,1
1,0.82065135,1
0,0.81620353,1
1,0.8003308,1
1,0.67802286,1
1,0.54188687,1
1,0.6792023,1
1,0.43604547,0
0,0.46849918,0
1,0.6264073,1
1,0.49168453,0
1,0.73466873,1
1,0.47701195,0
1,0.8622828,1
1,0.9037924,1
1,0.77684546,1
1,0.68786323,1
0,0.61724955,1
1,0.3765261,0
0,0.62833446,1
1,0.34369704,0
0,0.49920708,0
1,0.8487326,1
1,0.31583154,0
0,0.56519127,1
1,0.6870733,1
0,0.794121,1
1,0.69989985,1
0,0.7970576,1
1,0.7466546,1
1,0.7071293,1
1,0.7605271,1
1,0.71799254,1
1,0.816691,1
1,0.6764712,1
1,0.81252384,1
1,0.7445591,1
0,0.764627,1
1,0.7480804,1
1,0.83188254,1
0,0.82713956,1
0,0.7685128,1
1,0.8891219,1
1,0.8451172,1
0,0.87620264,1
0,0.8236789,1
1,0.7557851,1
1,0.8907777,1
1,0.87069327,1
0,0.8635519,1
1,0.8082268,1
1,0.8229615,1
1,0.884571,1
1,0.8695549,1
1,0.8475396,1
1,0.9211703,1
1,0.91825664,1
1,0.9357758,1
1,0.89411336,1
1,0.7891681,1
1,0.87488616,1
1,0.9428635,1
1,0.8647818,1
1,0.8835905,1
0,0.94455224,1
1,0.90492016,1
1,0.910752,1
0,0.8704421,1
1,0.9310822,1
1,0.9414531,1
1,0.9284548,1
1,0.9322876,1
1,0.8480068,1
1,0.89772844,1
1,0.91534543,1
1,0.917169,1
1,0.95578796,1
0,0.3145409,0
0,0.16735557,0
0,0.20940398,0
0,0.15748906,0
0,0.21412727,0
0,0.41596013,0
1,0.69060475,1
1,0.7887504,1
1,0.7340372,1
0,0.7733784,1
1,0.8162902,1
1,0.4690782,0
1,0.51691604,1
1,0.6853083,1
0,0.7211139,1
0,0.39876875,0
1,0.71088713,1
0,0.5648178,1
0,0.48768744,0
0,0.73369974,1
0,0.68874216,1
0,0.7587154,1
0,0.59865314,1
1,0.78005135,1
0,0.5549332,1
0,0.61495477,1
0,0.5881895,1
0,0.760227,1
0,0.77375394,1
1,0.8105622,1
1,0.58320373,1
0,0.7385167,1
0,0.63311327,1
1,0.70486987,1
0,0.6086587,1
1,0.74506116,1
0,0.6246072,1
1,0.7746036,1
1,0.80591637,1
1,0.71475285,1
0,0.7544976,1
0,0.67995656,1
0,0.52898073,1
0,0.66177374,1
0,0.5165403,1
1,0.8025797,1
0,0.671514,1
0,0.46590146,0
0,0.5998417,1
1,0.5666129,1
1,0.43277046,0
0,0.71377224,1
0,0.72835106,1
1,0.7540741,1
1,0.65653664,1
1,0.7924551,1
1,0.5916082,1
0,0.7137061,1
1,0.67429036,1
0,0.62665415,1
0,0.7128003,1
0,0.7480659,1
0,0.75374234,1
0,0.6659196,1
0,0.5581926,1
1,0.22241105,0
0,0.21849503,0
0,0.22982231,0
1,0.26908493,0
1,0.5480588,1
1,0.43029007,0
1,0.28036,0
1,0.5589371,1
1,0.2562653,0
0,0.25966975,0
0,0.6178547,1
1,0.5814242,1
0,0.77153695,1
1,0.6787015,1
1,0.6348645,1
0,0.7259458,1
0,0.44130376,0
0,0.32820916,0
0,0.43348354,0
0,0.42395005,0
0,0.29675508,0
1,0.68928736,1
1,0.3161124,0
0,0.31128046,0
0,0.31530645,0
1,0.43660536,0
1,0.5577442,1
1,0.63121736,1
1,0.588151,1
1,0.60773426,1
0,0.60395026,1
1,0.5029791,1
0,0.71924114,1
0,0.66130364,1
0,0.43843636,0
0,0.2659898,0
1,0.18288669,0
1,0.7683278,1
1,0.8095015,1
1,0.86108434,1
1,0.81936574,1
1,0.7871746,1
1,0.9029638,1
0,0.748624,1
0,0.47875533,0
0,0.35681656,0
0,0.50446177,1
0,0.59909564,1
1,0.820069,1
1,0.71502346,1
1,0.7658693,1
1,0.85983837,1
1,0.77683085,1
1,0.7955264,1
0,0.6312781,1
1,0.6039849,1
1,0.687771,1
1,0.84605956,1
1,0.54541713,1
1,0.79248685,1
0,0.77879035,1
1,0.6832574,1
1,0.70931005,1
1,0.8396309,1
1,0.6381452,1
1,0.8903722,1
1,0.88925004,1
1,0.8235926,1
1,0.86391556,1
1,0.88273,1
1,0.6887138,1
0,0.6697783,1
0,0.07832061,0
0,0.62618923,1
0,0.8079783,1
1,0.7500196,1
1,0.7056659,1
1,0.6846579,1
1,0.73719704,1
1,0.3330239,0
1,0.4124543,0
1,0.7169473,1
1,0.6870671,1
1,0.2977072,0
0,0.6693903,1
0,0.48993888,0
1,0.68443614,1
0,0.18299812,0
0,0.14699315,0
0,0.24677044,0
0,0.124680325,0
1,0.37792632,0
1,0.1827538,0
1,0.75616705,1
1,0.70972145,1
1,0.39989147,0
0,0.82975906,1
1,0.8108279,1
1,0.74529225,1
0,0.5085028,1
1,0.5888658,1
1,0.19166107,0
0,0.2872897,0
0,0.7125785,1
1,0.7721957,1
0,0.87194806,1
1,0.9027103,1
1,0.6508117,1
0,0.7769961,1
0,0.35662144,0
1,0.7631225,1
0,0.6183665,1
1,0.8029197,1
0,0.62954503,1
0,0.40065828,0
1,0.59690344,1
0,0.66153157,1
1,0.42748195,0
1,0.67969644,1
0,0.58295393,1
1,0.32240623,0
0,0.14692874,0
1,0.60277605,1
0,0.54455096,1
0,0.6498433,1
0,0.6759986,1
0,0.4821672,0
0,0.42264867,0
1,0.3889004,0
1,0.372993,0
1,0.2206464,0
0,0.41447407,0
0,0.13535076,0
1,0.39653844,0
0,0.26366782,0
1,0.29210356,0
1,0.41083184,0
1,0.4781401,0
0,0.27853376,0
0,0.35483208,0
1,0.36440971,0
1,0.31617507,0
0,0.36067885,0
1,0.43369472,0
1,0.49024352,0
1,0.35815284,0
1,0.5183093,1
1,0.5027415,1
1,0.7291896,1
0,0.7505965,1
0,0.53225964,1
0,0.5059376,1
1,0.27738032,0
0,0.21804763,0
0,0.27764332,0
0,0.51446,1
1,0.31257713,0
1,0.72135586,1
1,0.4804162,0
0,0.51419127,1
1,0.7453995,1
1,0.7233058,1
0,0.5963431,1
1,0.70298064,1
0,0.69843256,1
1,0.7966264,1
0,0.7390571,1
1,0.68701553,1
1,0.7655284,1
1,0.815592,1
0,0.76434565,1
0,0.77266043,1
1,0.18159293,0
0,0.07604081,0
0,0.057211474,0
0,0.23651788,0
1,0.69165885,1
1,0.7469677,1
0,0.751315,1
0,0.749299,1
1,0.8028308,1
0,0.77721035,1
1,0.797,1
1,0.7782283,1
0,0.74224204,1
1,0.8148793,1
1,0.80209094,1
1,0.844285,1
1,0.83546615,1
1,0.74847883,1
1,0.7587025,1
1,0.82829034,1
1,0.8197956,1
1,0.79857886,1
1,0.8486656,1
0,0.8755139,1
1,0.83463734,1
0,0.7839708,1
1,0.8007951,1
0,0.83290106,1
0,0.8036247,1
1,0.8353716,1
0,0.7582351,1
0,0.80456215,1
0,0.8350757,1
1,0.8490969,1
1,0.8024633,1
1,0.80442214,1
1,0.83203787,1
0,0.7987944,1
1,0.8241344,1
1,0.8394894,1
0,0.80500835,1
1,0.79731536,1
1,0.8404467,1
1,0.81128347,1
0,0.8535353,1
1,0.8492438,1
0,0.90706146,1
1,0.84948623,1
1,0.8574491,1
1,0.8426219,1
1,0.8218296,1
1,0.86597395,1
1,0.8610611,1
1,0.82700664,1
0,0.8397557,1
0,0.86753786,1
1,0.8634606,1
1,0.8923812,1
1,0.8535518,1
0,0.83765316,1
1,0.81891936,1
1,0.7962746,1
0,0.8133554,1
0,0.82478064,1
1,0.8256179,1
0,0.8021377,1
0,0.8129477,1
0,0.8484436,1
0,0.8512646,1
1,0.84147954,1
0,0.8498333,1
0,0.8521126,1
1,0.83935887,1
1,0.80623263,1
1,0.83099574,1
0,0.85260147,1
0,0.8280179,1
0,0.8026268,1
0,0.8346073,1
1,0.86625284,1
1,0.8316814,1
1,0.82628614,1
1,0.79694647,1
0,0.7398355,1
0,0.7811489,1
1,0.7653386,1
1,0.83387214,1
1,0.80690247,1
0,0.7570562,1
0,0.7999959,1
0,0.85964316,1
0,0.83632123,1
1,0.8799042,1
0,0.8859969,1
1,0.8743539,1
1,0.81793714,1
0,0.84169185,1
0,0.8683901,1
0,0.7787672,1
0,0.83832383,1
1,0.84174216,1
1,0.8794508,1
1,0.87984717,1
1,0.7890734,1
1,0.84037155,1
1,0.8281435,1
0,0.7562507,1
1,0.81545067,1
1,0.7987318,1
1,0.8221815,1
0,0.83791655,1
0,0.8090459,1
1,0.8166739,1
0,0.77364314,1
1,0.82685184,1
1,0.8490784,1
0,0.8492447,1
1,0.8530762,1
1,0.7026377,1
0,0.9136112,1
0,0.8641668,1
1,0.8247102,1
1,0.7930995,1
1,0.8343661,1
1,0.78079236,1
0,0.7551526,1
0,0.7848617,1
1,0.82312584,1
0,0.84560657,1
1,0.8298572,1
0,0.8304574,1
0,0.8693838,1
1,0.8798887,1
1,0.8697083,1
1,0.8515975,1
0,0.8866316,1
0,0.8850042,1
0,0.8465558,1
0,0.90514153,1
0,0.8683942,1
1,0.8438529,1
1,0.60192615,1
0,0.66984344,1
0,0.284929,0
0,0.73149365,1
0,0.12251054,0
0,0.16993062,0
1,0.6069484,1
0,0.48166046,0
0,0.31163785,0
1,0.8353741,1
1,0.7406062,1
1,0.680183,1
1,0.6588991,1
1,0.75227123,1
1,0.8349268,1
1,0.7785463,1
1,0.83411205,1
1,0.85107666,1
1,0.8394599,1
0,0.9143763,1
1,0.66456115,1
1,0.7846231,1
0,0.9144429,1
1,0.885294,1
1,0.7629761,1
1,0.8725741,1
1,0.8839002,1
1,0.91445214,1
1,0.8808473,1
1,0.9183766,1
1,0.66354156,1
1,0.89341235,1
1,0.8411812,1
1,0.847547,1
1,0.8613883,1
1,0.8295657,1
1,0.93470746,1
1,0.9395872,1
1,0.9160027,1
1,0.41237774,0
0,0.7293485,1
1,0.6668012,1
0,0.7179613,1
1,0.6554963,1
1,0.7090494,1
0,0.8194293,1
1,0.7561791,1
1,0.78231514,1
0,0.74614125,1
0,0.7847157,1
1,0.6338245,1
1,0.6880938,1
0,0.5825466,1
1,0.74630195,1
1,0.7365943,1
1,0.74118876,1
1,0.79926306,1
0,0.6971754,1
1,0.7823406,1
1,0.74337,1
0,0.76940924,1
0,0.74630195,1
0,0.71698767,1
0,0.7519134,1
1,0.78224725,1
1,0.7300261,1
1,0.6707237,1
0,0.72369736,1
0,0.7112531,1
1,0.7873986,1
0,0.8168798,1
1,0.8133444,1
1,0.732453,1
1,0.7712243,1
1,0.79702336,1
1,0.86473095,1
1,0.7751309,1
1,0.73998046,1
1,0.80590147,1
1,0.7154623,1
1,0.8185027,1
1,0.6989287,1
0,0.19484042,0
1,0.5135667,1
1,0.7254596,1
1,0.770069,1
1,0.7800798,1
1,0.7755161,1
0,0.7446529,1
0,0.42293254,0
1,0.6985754,1
1,0.8399506,1
1,0.66345084,1
1,0.41789147,0
1,0.45027852,0
1,0.43909767,0
0,0.8267329,1
0,0.5742587,1
1,0.88110274,1
1,0.6771857,1
1,0.4732264,0
1,0.72271687,1
1,0.64545566,1
0,0.75020593,1
0,0.69562185,1
0,0.6015031,1
0,0.5720222,1
1,0.515799,1
0,0.5453396,1
1,0.6137101,1
1,0.56815416,1
0,0.8440767,1
1,0.82170635,1
1,0.66164905,1
0,0.7448252,1
1,0.8690862,1
1,0.856463,1
1,0.87407357,1
1,0.8446568,1
1,0.39052302,0
1,0.25373706,0
0,0.40774515,0
1,0.73126733,1
1,0.7309813,1
1,0.77965915,1
1,0.73097056,1
1,0.81018716,1
1,0.7475261,1
1,0.7169645,1
1,0.73275596,1
1,0.59900457,1
0,0.69431174,1
1,0.31856847,0
0,0.6495177,1
1,0.4692371,0
1,0.7792848,1
0,0.8287482,1
1,0.8240593,1
1,0.7584443,1
1,0.785778,1
0,0.414807,0
1,0.7556479,1
0,0.7645846,1
1,0.8167822,1
0,0.7447802,1
1,0.80265796,1
1,0.80788106,1
0,0.5686065,1
1,0.75480825,1
1,0.5404344,1
1,0.8066693,1
0,0.37104285,0
0,0.34015605,0
1,0.35728502,0
0,0.35205248,0
1,0.30411217,0
1,0.32283843,0
1,0.33006722,0
1,0.3177806,0
1,0.85304403,1
0,0.7590601,1
0,0.7983816,1
0,0.76046574,1
1,0.8012088,1
1,0.8438383,1
1,0.88287663,1
1,0.85516554,1
1,0.75915945,1
1,0.77010804,1
1,0.8296028,1
1,0.838906,1
1,0.82324815,1
1,0.8496385,1
1,0.7971302,1
0,0.82374567,1
1,0.86052257,1
0,0.7892844,1
1,0.8860293,1
1,0.84342253,1
1,0.80641925,1
1,0.8471535,1
1,0.81713027,1
1,0.82578826,1
1,0.8607163,1
1,0.83678824,1
1,0.36859897,0
1,0.82096976,1
1,0.85514265,1
0,0.8067922,1
0,0.8611392,1
1,0.87615603,1
0,0.88844556,1
1,0.90094334,1
1,0.86084384,1
1,0.84550273,1
1,0.7618067,1
1,0.8014129,1
1,0.7785641,1
1,0.82198745,1
0,0.7929183,1
1,0.79683083,1
0,0.80336267,1
1,0.83206624,1
1,0.7719773,1
1,0.8177811,1
0,0.8170992,1
0,0.7971027,1
1,0.7926633,1
1,0.80009186,1
1,0.8120041,1
1,0.8641843,1
1,0.8641295,1
0,0.8499411,1
1,0.80155957,1
0,0.54550225,1
0,0.67987555,1
0,0.6839482,1
0,0.48260766,0
0,0.43530512,0
1,0.5502662,1
1,0.6425904,1
1,0.7013312,1
1,0.4492047,0
1,0.6756335,1
1,0.5407207,1
1,0.6607247,1
1,0.41814715,0
1,0.84200543,1
0,0.7539739,1
1,0.6017635,1
1,0.67781955,1
1,0.63937384,1
0,0.75658363,1
0,0.7059854,1
1,0.6886293,1
1,0.64388704,1
1,0.7063243,1
0,0.77494776,1
1,0.6264464,1
1,0.6058149,1
0,0.78583145,1
1,0.7790134,1
1,0.78683305,1
1,0.5616982,1
1,0.749675,1
1,0.77850395,1
1,0.7734327,1
1,0.8137483,1
1,0.8192294,1
1,0.71850365,1
0,0.8567899,1
0,0.8697732,1
0,0.8610631,1
1,0.8900266,1
1,0.86577326,1
1,0.9114416,1
1,0.8880029,1
1,0.85561234,1
1,0.847256,1
1,0.8777078,1
1,0.91396904,1
1,0.8582877,1
1,0.89496195,1
1,0.9015395,1
1,0.87876683,1
1,0.91648465,1
1,0.8413988,1
1,0.8395542,1
1,0.84030807,1
1,0.86934483,1
1,0.8688492,1
0,0.88711834,1
1,0.88001865,1
1,0.8790423,1
1,0.8183345,1
1,0.82201296,1
1,0.7554266,1
0,0.79033697,1
0,0.7990936,1
1,0.828116,1
1,0.80790454,1
1,0.8672658,1
1,0.82029027,1
1,0.8248398,1
0,0.81959766,1
1,0.87941855,1
1,0.82484233,1
1,0.39850637,0
1,0.79757875,1
0,0.66009426,1
0,0.55157816,1
0,0.5617369,1
1,0.44800565,0
0,0.19224218,0
1,0.33613476,0
0,0.40719563,0
0,0.43173388,0
0,0.06415411,0
0,0.049481444,0
0,0.1788743,0
0,0.6286083,1
0,0.11896993,0
1,0.30886656,0
1,0.26528317,0
0,0.10005191,0
0,0.13093247,0
1,0.4438404,0
1,0.8232261,1
1,0.73537,1
0,0.67105126,1
0,0.7146873,1
0,0.809589,1
1,0.7359782,1
1,0.6371505,1
0,0.6687051,1
1,0.78289425,1
1,0.69128656,1
1,0.8393371,1
0,0.7446408,1
0,0.8126383,1
0,0.75159687,1
1,0.7599309,1
0,0.83214384,1
1,0.7675758,1
0,0.7547674,1
1,0.82329404,1
1,0.6922267,1
1,0.7104348,1
1,0.66365016,1
1,0.8258036,1
1,0.7870839,1
1,0.8506924,1
0,0.81624854,1
1,0.7034697,1
1,0.75492465,1
1,0.8327877,1
1,0.79815227,1
1,0.7463369,1
1,0.8182448,1
0,0.8259229,1
0,0.759698,1
1,0.88273466,1
1,0.7522435,1
1,0.88753676,1
0,0.8200803,1
1,0.8370552,1
1,0.8032312,1
1,0.8317999,1
0,0.81343967,1
1,0.8387058,1
1,0.7663539,1
1,0.71045995,1
0,0.8271572,1
1,0.77895683,1
0,0.71604806,1
0,0.64927465,1
1,0.84658694,1
0,0.7769025,1
1,0.86390275,1
1,0.8242698,1
1,0.81898963,1
1,0.835814,1
1,0.79736173,1
0,0.80642414,1
0,0.77743405,1
0,0.83166945,1
0,0.8840787,1
1,0.7712386,1
0,0.86649096,1
0,0.8422424,1
1,0.77971786,1
0,0.81935835,1
0,0.7453396,1
1,0.7556745,1
0,0.7862319,1
1,0.78234154,1
0,0.8210357,1
0,0.7634344,1
0,0.6549031,1
0,0.6811253,1
1,0.83270985,1
0,0.80199075,1
1,0.8725727,1
1,0.79805905,1
1,0.82462335,1
1,0.71473897,1
1,0.7824375,1
1,0.7042457,1
1,0.659037,1
0,0.6714893,1
0,0.78546315,1
1,0.7443938,1
1,0.7408974,1
0,0.7733433,1
1,0.80384254,1
0,0.8087959,1
1,0.82038534,1
0,0.13193157,0
1,0.7517723,1
1,0.6812119,1
0,0.6662364,1
0,0.29717422,0
0,0.18890463,0
0,0.39305523,0
1,0.53736264,1
1,0.7491974,1
0,0.25763914,0
0,0.40096238,0
0,0.341662,0
0,0.09309865,0
0,0.26979676,0
1,0.40019795,0
0,0.30541557,0
0,0.43356752,0
0,0.231835,0
1,0.40996397,0
1,0.28681424,0
1,0.44909328,0
0,0.38157558,0
1,0.72465914,1
1,0.7560224,1
1,0.51344717,1
1,0.23258753,0
0,0.3321861,0
0,0.24207507,0
0,0.3283912,0
0,0.5931441,1
1,0.62101,1
0,0.16353725,0
0,0.3442018,0
1,0.7857402,1
1,0.8282444,1
1,0.8955024,1
1,0.82522464,1
1,0.62461627,1
0,0.2002842,0
0,0.09494433,0
0,0.2889876,0
0,0.3743975,0
0,0.44033235,0
0,0.5029905,1
1,0.51948357,1
0,0.4576229,0
1,0.5029189,1
0,0.40949306,0
1,0.31727007,0
1,0.40056378,0
0,0.62374336,1
0,0.6216715,1
1,0.5714278,1
1,0.5203589,1
0,0.45871603,0
1,0.7122791,1
1,0.7664748,1
1,0.8448579,1
0,0.86416495,1
1,0.77313346,1
1,0.6960889,1
1,0.6874284,1
0,0.3578119,0
0,0.42081335,0
1,0.28193864,0
1,0.4916248,0
1,0.70990026,1
1,0.73178744,1
1,0.75699395,1
0,0.6997604,1
1,0.74591994,1
0,0.23561732,0
0,0.32377496,0
1,0.6661901,1
1,0.87345403,1
1,0.8510434,1
1,0.8598855,1
1,0.6641355,1
1,0.7796333,1
0,0.7748712,1
0,0.88621444,1
0,0.80765676,1
0,0.87144166,1
1,0.84688526,1
1,0.8693584,1
1,0.8057994,1
1,0.72726536,1
1,0.8506027,1
1,0.6503858,1
1,0.5269403,1
1,0.63364613,1
0,0.6459415,1
0,0.49972984,0
0,0.63722837,1
0,0.30706668,0
0,0.55431634,1
1,0.8475716,1
0,0.5928549,1
0,0.6150776,1
0,0.49609703,0
1,0.3163231,0
0,0.76482314,1
1,0.82018936,1
0,0.75209635,1
0,0.3900718,0
0,0.7041117,1
1,0.7558365,1
0,0.6248398,1
0,0.45576543,0
0,0.35616097,0
0,0.77281624,1
1,0.3088726,0
0,0.69069743,1
1,0.7655752,1
1,0.292526,0
0,0.4535013,0
0,0.78866065,1
0,0.574139,1
0,0.37432092,0
1,0.6391887,1
1,0.41835806,0
1,0.8151062,1
1,0.7920814,1
1,0.71484697,1
0,0.29375488,0
1,0.78837204,1
0,0.13031219,0
0,0.5342341,1
0,0.2977445,0
0,0.525037,1
1,0.2856327,0
1,0.75147855,1
0,0.7435659,1
1,0.6756818,1
1,0.6669499,1
1,0.5558374,1
1,0.60819834,1
1,0.5787082,1
0,0.34681106,0
1,0.37665436,0
1,0.44588783,0
0,0.56654686,1
0,0.61666995,1
1,0.58190626,1
1,0.5247401,1
1,0.68685037,1
1,0.7183124,1
1,0.7092842,1
0,0.13579197,0
1,0.16951442,0
1,0.22746028,0
1,0.3163445,0
0,0.18324454,0
1,0.6884536,1
1,0.73540574,1
1,0.77564543,1
1,0.72203434,1
1,0.8381696,1
0,0.8702329,1
0,0.84012437,1
1,0.8672895,1
1,0.9418941,1
1,0.88019305,1
1,0.90702325,1
1,0.93135756,1
1,0.9456014,1
1,0.93726635,1
1,0.8375614,1
1,0.8782782,1
1,0.8404216,1
1,0.8849483,1
1,0.8183185,1
1,0.80839527,1
0,0.8232702,1
0,0.86122304,1
1,0.9153768,1
1,0.90954864,1
1,0.8430572,1
1,0.8399139,1
1,0.88283515,1
1,0.81089115,1
1,0.7571862,1
1,0.80536497,1
1,0.8957366,1
0,0.8491503,1
0,0.8322471,1
1,0.18391822,0
0,0.32340106,0
0,0.32134327,0
0,0.27786016,0
0,0.22033611,0
1,0.31897768,0
0,0.36326304,0
0,0.15736112,0
0,0.19112892,0
0,0.26030484,0
1,0.47498116,0
1,0.31815252,0
0,0.2891344,0
0,0.37129018,0
1,0.2578089,0
0,0.3151528,0
0,0.34568527,0
1,0.26677066,0
0,0.32185504,0
0,0.3665383,0
0,0.7626181,1
0,0.7467526,1
0,0.7316964,1
1,0.68723536,1
1,0.81849563,1
1,0.7879643,1
1,0.7802807,1
1,0.7982702,1
1,0.83216304,1
0,0.45634934,0
1,0.84753025,1
1,0.824547,1
1,0.5670627,1
1,0.78707093,1
1,0.8083682,1
1,0.88223594,1
1,0.9479121,1
1,0.881454,1
1,0.77751774,1
1,0.4833055,0
1,0.6954454,1
1,0.76568896,1
1,0.87556857,1
1,0.89468104,1
1,0.60265607,1
1,0.8209731,1
1,0.8326954,1
0,0.73961705,1
1,0.84221923,1
1,0.85341066,1
0,0.891409,1
1,0.73725915,1
0,0.73592013,1
0,0.6429483,1
1,0.8263729,1
1,0.8413869,1
0,0.84679174,1
0,0.76352036,1
0,0.7622763,1
0,0.6949723,1
0,0.6298791,1
1,0.6617539,1
1,0.69235235,1
1,0.7741882,1
1,0.7690622,1
1,0.5750128,1
0,0.39459604,0
0,0.33427605,0
1,0.4776263,0
0,0.10504071,0
0,0.16267933,0
0,0.27743432,0
0,0.31826195,0
1,0.7679762,1
1,0.79321104,1
1,0.69903594,1
0,0.7352522,1
1,0.6768444,1
1,0.7108302,1
1,0.76043844,1
0,0.74585027,1
0,0.7327163,1
0,0.65327024,1
1,0.6302827,1
1,0.37604523,0
1,0.71016175,1
1,0.7659698,1
1,0.7603614,1
1,0.78628194,1
1,0.6864103,1
1,0.7787415,1
1,0.6423445,1
1,0.4519019,0
1,0.43051344,0
1,0.5405023,1
0,0.4963078,0
0,0.3475184,0
1,0.44913268,0
0,0.573609,1
0,0.70196116,1
1,0.5618996,1
0,0.6525032,1
0,0.7047458,1
0,0.5440878,1
0,0.6576479,1
1,0.5891524,1
0,0.6542934,1
1,0.57151973,1
0,0.66607565,1
1,0.7709667,1
1,0.6679292,1
0,0.6925033,1
1,0.78171843,1
1,0.6794524,1
0,0.7607549,1
1,0.7849637,1
1,0.7207884,1
1,0.7020064,1
1,0.72197163,1
1,0.7742518,1
1,0.7561914,1
0,0.7229067,1
0,0.7632178,1
0,0.74555767,1
0,0.7689982,1
0,0.7078061,1
0,0.7476368,1
1,0.7553337,1
1,0.6746957,1
1,0.7634915,1
1,0.66907793,1
1,0.47513482,0
0,0.43839043,0
1,0.17502168,0
1,0.5549498,1
0,0.21006568,0
1,0.6592597,1
1,0.61689484,1
1,0.6816999,1
1,0.5838982,1
1,0.75572026,1
1,0.6797401,1
1,0.53313696,1
1,0.73784196,1
1,0.74826366,1
1,0.83749443,1
1,0.72528017,1
0,0.7097576,1
1,0.7730135,1
1,0.7080084,1
0,0.6137468,1
1,0.719869,1
1,0.81233937,1
1,0.7538521,1
1,0.78902465,1
0,0.7930597,1
0,0.18244594,0
0,0.09265356,0
1,0.61763614,1
0,0.55255383,1
1,0.79612005,1
1,0.5203788,1
1,0.56371075,1
1,0.13674286,0
1,0.53353316,1
1,0.17183813,0
0,0.50812644,1
0,0.2391023,0
0,0.65781504,1
1,0.607411,1
0,0.44643766,0
0,0.2891718,0
0,0.30490628,0
1,0.34394696,0
1,0.2712325,0
0,0.32482004,0
0,0.5985283,1
0,0.6076138,1
0,0.33851844,0
0,0.37818298,0
0,0.3356862,0
0,0.31539372,0
1,0.7549966,1
1,0.6253243,1
1,0.65929,1
1,0.5616869,1
1,0.70615613,1
1,0.7313969,1
1,0.771222,1
1,0.57213366,1
0,0.3052339,0
0,0.36613667,0
1,0.75038683,1
1,0.84411454,1
1,0.79526883,1
1,0.63427037,1
1,0.70306075,1
0,0.1600933,0
1,0.41760305,0
1,0.7857608,1
0,0.10435949,0
0,0.31689578,0
1,0.6290429,1
1,0.2560878,0
0,0.13692263,0
1,0.22770306,0
1,0.62021625,1
1,0.6535634,1
0,0.32606715,0
0,0.216196,0
0,0.17016171,0
1,0.86096895,1
0,0.7834485,1
0,0.7193898,1
0,0.7629861,1
1,0.8104363,1
1,0.7490553,1
1,0.7614927,1
1,0.7267577,1
1,0.8592158,1
1,0.8271707,1
1,0.8613349,1
0,0.765812,1
1,0.7743604,1
0,0.81126183,1
1,0.82777125,1
1,0.8607947,1
1,0.37338766,0
0,0.7657898,1
1,0.56793386,1
0,0.5092528,1
1,0.6531374,1
0,0.5690448,1
1,0.70624435,1
1,0.697982,1
1,0.93004596,1
0,0.65026295,1
1,0.7654378,1
1,0.91547596,1
1,0.90134794,1
0,0.88582855,1
0,0.92022467,1
0,0.45724392,0
1,0.7360443,1
0,0.68684626,1
0,0.8378287,1
0,0.7203904,1
0,0.8702919,1
1,0.79371595,1
0,0.7408457,1
1,0.7400804,1
0,0.74793637,1
1,0.7760503,1
1,0.77393305,1
1,0.8087319,1
0,0.67461073,1
1,0.6968939,1
0,0.47886044,0
1,0.69534755,1
1,0.73734707,1
0,0.6339206,1
0,0.7806784,1
1,0.78208923,1
1,0.7869674,1
1,0.8441262,1
1,0.79931587,1
1,0.7500488,1
1,0.82189435,1
1,0.8302488,1
1,0.8109158,1
1,0.8824096,1
1,0.84518677,1
1,0.86774546,1
1,0.8319269,1
1,0.8242815,1
1,0.7486117,1
1,0.8324088,1
1,0.8740803,1
1,0.8933007,1
1,0.7618627,1
1,0.79336447,1
1,0.8581908,1
1,0.82791054,1
1,0.74090457,1
1,0.8771075,1
1,0.83241415,1
1,0.81254923,1
0,0.43924472,0
0,0.8406695,1
1,0.7647234,1
0,0.3376273,0
0,0.34792602,0
0,0.38193536,0
0,0.29856804,0
1,0.3729083,0
0,0.4439696,0
0,0.40437222,0
0,0.34247136,0
0,0.2740343,0
0,0.49234867,0
0,0.3056176,0
0,0.28003684,0
1,0.23508245,0
1,0.33759353,0
1,0.60538316,1
0,0.82016736,1
0,0.5690519,1
1,0.67593664,1
1,0.94762695,1
1,0.9385166,1
1,0.90232563,1
1,0.82847226,1
1,0.8457004,1
1,0.7304891,1
1,0.725255,1
0,0.6687731,1
0,0.70325804,1
1,0.7232357,1
1,0.6890138,1
0,0.5668648,1
1,0.65242016,1
1,0.7483229,1
1,0.68306136,1
0,0.7242575,1
1,0.5318298,1
1,0.861887,1
1,0.8623005,1
1,0.8280999,1
0,0.59683204,1
1,0.90940213,1
1,0.8554303,1
0,0.886125,1
1,0.91938394,1
1,0.67683756,1
1,0.6384774,1
1,0.83897525,1
0,0.81877345,1
0,0.7827359,1
0,0.7621073,1
1,0.8316114,1
1,0.8359177,1
0,0.5790546,1
1,0.69239455,1
1,0.6676969,1
1,0.62872666,1
1,0.7215816,1
0,0.6659976,1
1,0.761856,1
1,0.58090955,1
0,0.6228843,1
1,0.7002463,1
1,0.7235803,1
1,0.3301793,0
0,0.5252794,1
1,0.86084825,1
1,0.55933523,1
1,0.18288063,0
0,0.3878527,0
0,0.29226422,0
0,0.24378878,0
0,0.73099047,1
0,0.56701094,1
1,0.20814227,0
1,0.67301434,1
1,0.70301676,1
1,0.7633739,1
1,0.7056608,1
1,0.8366613,1
1,0.8072497,1
1,0.75718623,1
1,0.91620517,1
1,0.8961608,1
1,0.91702235,1
1,0.71878374,1
1,0.93272346,1
1,0.82086354,1
0,0.871241,1
1,0.8900445,1
1,0.89055836,1
0,0.77630675,1
1,0.8472597,1
1,0.86598045,1
1,0.90308845,1
1,0.669299,1
0,0.7881403,1
1,0.7602131,1
1,0.51678777,1
1,0.622218,1
1,0.6526353,1
0,0.7989268,1
1,0.75792897,1
0,0.6284311,1
1,0.6231952,1
1,0.45874333,0
1,0.73705274,1
1,0.5693491,1
1,0.6202403,1
0,0.3876933,0
1,0.29488567,0
1,0.73068786,1
1,0.47946355,0
1,0.650591,1
1,0.73425335,1
1,0.40520346,0
1,0.30634126,0
0,0.23138036,0
0,0.2919848,0
0,0.27955627,0
0,0.20934775,0
1,0.3162722,0
1,0.560164,1
0,0.19561954,0
0,0.42175776,0
0,0.08862806,0
0,0.13917539,0
0,0.34300923,0
0,0.14938602,0
1,0.547104,1
1,0.58674496,1
1,0.6637997,1
1,0.2901193,0
1,0.79175305,1
0,0.46770185,0
1,0.32109362,0
0,0.39357752,0
0,0.33690083,0
0,0.31501913,0
1,0.34834787,0
0,0.4177528,0
1,0.76613545,1
1,0.8823256,1
1,0.8126692,1
1,0.7434075,1
1,0.8797778,1
0,0.19271865,0
0,0.62114805,1
1,0.70940673,1
1,0.80222625,1
1,0.78646934,1
1,0.8216303,1
1,0.69847894,1
1,0.43084168,0
1,0.46780884,0
1,0.6869107,1
1,0.6746394,1
0,0.7655035,1
1,0.7403551,1
0,0.68379194,1
1,0.9398412,1
1,0.42248437,0
0,0.7674513,1
1,0.748138,1
0,0.8034845,1
0,0.8148122,1
0,0.8049348,1
1,0.43282816,0
1,0.75303096,1
0,0.8583956,1
1,0.8673566,1
1,0.93475276,1
0,0.9152597,1
1,0.92039216,1
1,0.94199026,1
0,0.46283084,0
0,0.40645593,0
0,0.47127378,0
0,0.47954512,0
0,0.5006632,1
1,0.50231403,1
1,0.425376,0
0,0.53910273,1
1,0.43501788,0
0,0.42501026,0
1,0.29095566,0
1,0.27503186,0
1,0.42339754,0
0,0.5692056,1
0,0.78855485,1
1,0.9569089,1
1,0.83458006,1
1,0.950937,1
1,0.8820787,1
1,0.90332466,1
1,0.56483114,1
0,0.6293983,1
1,0.58470064,1
0,0.75972533,1
0,0.6201249,1
0,0.40756062,0
1,0.70627075,1
0,0.874556,1
1,0.7406797,1
1,0.951323,1
1,0.8088566,1
1,0.90987056,1
1,0.75618005,1
1,0.93468094,1
1,0.8838017,1
1,0.8018299,1
1,0.90988445,1
1,0.83678013,1
1,0.8305966,1
1,0.89638,1
1,0.8714682,1
1,0.942467,1
1,0.9286446,1
0,0.7696949,1
1,0.8839115,1
1,0.93302846,1
1,0.89185953,1
1,0.8360654,1
1,0.7876484,1
0,0.7061227,1
0,0.7283122,1
0,0.5555118,1
0,0.5166407,1
1,0.67357796,1
1,0.7501259,1
1,0.7588838,1
0,0.56139773,1
0,0.44166523,0
0,0.35989794,0
0,0.3395154,0
0,0.5392755,1
0,0.85192055,1
1,0.8333191,1
1,0.82717824,1
0,0.7988139,1
0,0.65652597,1
0,0.9134381,1
1,0.16187392,0
0,0.6127709,1
0,0.28869903,0
0,0.48250324,0
1,0.6068609,1
0,0.2654455,0
0,0.67630166,1
0,0.77844346,1
1,0.7268506,1
1,0.67213416,1
0,0.6868324,1
1,0.84237736,1
1,0.8305828,1
0,0.6289466,1
1,0.68701196,1
1,0.4870363,0
1,0.37175256,0
1,0.08839522,0
0,0.6660651,1
0,0.31411025,0
1,0.34623808,0
0,0.36780506,0
0,0.6538255,1
0,0.3040464,0
0,0.7813982,1
1,0.5659019,1
0,0.30892232,0
1,0.6541294,1
0,0.3739896,0
0,0.4991364,0
0,0.438687,0
1,0.54448146,1
0,0.5700529,1
1,0.32426503,0
0,0.31365648,0
1,0.2991929,0
0,0.39093462,0
1,0.20581193,0
1,0.68958575,1
1,0.49628365,0
0,0.49200046,0
1,0.5568017,1
0,0.3565915,0
0,0.48923403,0
1,0.68858993,1
0,0.29631582,0
0,0.5152968,1
0,0.48851457,0
1,0.532051,1
0,0.40963125,0
0,0.45354182,0
1,0.79268134,1
1,0.9068713,1
1,0.7532061,1
1,0.5642624,1
1,0.5795861,1
0,0.5731347,1
0,0.79287004,1
1,0.78075486,1
0,0.6244801,1
1,0.90464556,1
1,0.90378815,1
1,0.8671249,1
1,0.8438563,1
1,0.8388044,1
1,0.892663,1
0,0.873475,1
1,0.8772229,1
1,0.9025935,1
1,0.8735132,1
0,0.8782213,1
1,0.87263185,1
1,0.8362725,1
1,0.8588979,1
0,0.890193,1
0,0.78653663,1
0,0.836677,1
0,0.9182993,1
1,0.8916183,1
1,0.8908948,1
1,0.59066975,1
1,0.6743565,1
1,0.8125322,1
1,0.706935,1
1,0.81735176,1
1,0.7515791,1
1,0.8170417,1
1,0.7977023,1
0,0.81109697,1
1,0.85920644,1
1,0.85358465,1
1,0.8051781,1
0,0.7593785,1
1,0.8321135,1
1,0.7873235,1
1,0.82038146,1
1,0.814703,1
1,0.81096554,1
1,0.81889987,1
1,0.7163875,1
1,0.7770264,1
1,0.8006535,1
1,0.82839346,1
1,0.7603249,1
1,0.7842561,1
1,0.838105,1
1,0.8256686,1
1,0.8701408,1
1,0.8385077,1
1,0.8150806,1
1,0.80790555,1
1,0.8404504,1
1,0.8003423,1
1,0.77462375,1
1,0.7996479,1
1,0.8059932,1
1,0.8344397,1
1,0.8328956,1
1,0.7942987,1
1,0.8544302,1
1,0.8403607,1
1,0.84017205,1
0,0.79152495,1
1,0.8508793,1
1,0.7175752,1
1,0.75986797,1
1,0.8062917,1
1,0.7866109,1
1,0.79162294,1
1,0.8157025,1
1,0.7697803,1
1,0.828776,1
0,0.74863267,1
1,0.9729462,1
1,0.9387566,1
0,0.7869581,1
0,0.7969179,1
0,0.71574986,1
1,0.72122836,1
0,0.7609431,1
0,0.7905176,1
1,0.8758385,1
1,0.70970136,1
1,0.69799316,1
1,0.8478549,1
1,0.89900166,1
0,0.7389757,1
1,0.85547507,1
1,0.82385236,1
0,0.7295624,1
1,0.71996033,1
1,0.7068033,1
1,0.8633715,1
1,0.8076824,1
1,0.77343756,1
0,0.29528296,0
1,0.43472427,0
0,0.5617707,1
1,0.5071325,1
1,0.14648046,0
1,0.5786681,1
1,0.5222322,1
1,0.8755259,1
1,0.2759372,0
1,0.11298128,0
0,0.28719223,0
1,0.65124446,1
1,0.44395775,0
0,0.69736683,1
1,0.20161077,0
1,0.5134345,1
0,0.40025395,0
0,0.33918247,0
1,0.15504733,0
0,0.19731593,0
1,0.67463833,1
1,0.81705993,1
1,0.78591764,1
0,0.7759938,1
1,0.6224905,1
1,0.6756621,1
1,0.69212323,1
1,0.6995353,1
0,0.43503273,0
0,0.37988776,0
1,0.6345098,1
1,0.18031023,0
1,0.37677678,0
1,0.856125,1
0,0.7639816,1
1,0.34580374,0
0,0.22992042,0
0,0.5925211,1
0,0.5797431,1
0,0.5715859,1
0,0.34070903,0
0,0.19470319,0
1,0.5355427,1
1,0.73755103,1
0,0.9022639,1
0,0.654334,1
1,0.58415854,1
0,0.7439227,1
1,0.72583544,1
1,0.9246553,1
1,0.43880734,0
1,0.54725206,1
1,0.41087517,0
1,0.59424716,1
0,0.37434584,0
1,0.70255274,1
1,0.6067448,1
1,0.70685565,1
1,0.37720868,0
1,0.57312137,1
1,0.33293334,0
0,0.39651343,0
1,0.4613819,0
1,0.6552201,1
0,0.2432292,0
0,0.3702021,0
1,0.63127947,1
1,0.39990672,0
0,0.3193423,0
0,0.690415,1
1,0.70096415,1
0,0.45231584,0
0,0.45155522,0
1,0.7252402,1
1,0.7594683,1
1,0.79332936,1
1,0.7472779,1
1,0.6213885,1
1,0.5859333,1
1,0.58737206,1
0,0.30648354,0
1,0.4912651,0
0,0.48346278,0
1,0.48194906,0
1,0.6318116,1
1,0.72188276,1
1,0.6790466,1
1,0.76838535,1
1,0.93012846,1
1,0.7889173,1
0,0.6375911,1
0,0.58540684,1
1,0.7508524,1
1,0.74565184,1
1,0.5802249,1
1,0.78220266,1
1,0.76037353,1
1,0.78389406,1
1,0.863591,1
0,0.80867475,1
0,0.7006071,1
1,0.75200546,1
1,0.7522865,1
0,0.7119591,1
1,0.5512344,1
1,0.7728469,1
1,0.62721294,1
0,0.52559316,1
1,0.777729,1
1,0.6804406,1
0,0.77025145,1
1,0.71948045,1
0,0.25658652,0
1,0.7231757,1
1,0.57457376,1
1,0.44860703,0
1,0.2556548,0
1,0.63029534,1
0,0.5241567,1
0,0.4878457,0
0,0.21326703,0
0,0.70772,1
1,0.77272224,1
0,0.7026344,1
0,0.7394145,1
1,0.48380026,0
1,0.29146042,0
0,0.7006214,1
0,0.4940235,0
0,0.25423172,0
1,0.3382279,0
0,0.4787082,0
1,0.7201931,1
1,0.7691159,1
1,0.5465091,1
1,0.58540136,1
1,0.9190915,1
1,0.43739802,0
1,0.6810688,1
1,0.5518222,1
1,0.7849634,1
0,0.7967533,1
1,0.7816955,1
1,0.7693537,1
0,0.7741941,1
0,0.79128563,1
0,0.80981094,1
1,0.7158977,1
1,0.75935304,1
1,0.82746464,1
1,0.78075093,1
1,0.77323455,1
0,0.7924731,1
0,0.72481143,1
1,0.3161867,0
1,0.45274794,0
1,0.1100701,0
0,0.1466447,0
0,0.17327212,0
0,0.31489754,0
1,0.29750854,0
0,0.19808036,0
0,0.2047317,0
0,0.21831468,0
0,0.27925274,0
1,0.78466004,1
1,0.67898935,1
1,0.71119887,1
1,0.82701284,1
1,0.6325592,1
0,0.7461199,1
0,0.52305996,1
1,0.5059026,1
0,0.46993664,0
1,0.25707313,0
0,0.14101216,0
1,0.6454939,1
0,0.22544251,0
1,0.1137889,0
0,0.2261288,0
0,0.14954287,0
0,0.7625113,1
1,0.52973807,1
0,0.24893366,0
1,0.7693057,1
1,0.66598463,1
0,0.099785514,0
0,0.70515543,1
1,0.48620903,0
1,0.48565257,0
0,0.3569139,0
0,0.19573788,0
0,0.26966432,0
0,0.59949166,1
0,0.26785284,0
0,0.5134776,1
1,0.4192486,0
1,0.590715,1
1,0.669245,1
1,0.70503527,1
1,0.63917935,1
1,0.72008955,1
1,0.6737549,1
1,0.6652797,1
0,0.53683966,1
1,0.60172874,1
1,0.52857095,1
0,0.26731557,0
0,0.5312714,1
0,0.25282818,0
1,0.5938342,1
1,0.13031979,0
0,0.20659463,0
0,0.10886704,0
0,0.13170911,0
0,0.22016633,0
0,0.21062963,0
0,0.15747185,0
1,0.6499016,1
1,0.34384754,0
0,0.32960725,0
0,0.30253515,0
0,0.10692453,0
0,0.27037814,0
0,0.1384736,0
0,0.15474959,0
0,0.32186916,0
0,0.24168283,0
0,0.4249735,0
1,0.589549,1
0,0.4749119,0
0,0.20497383,0
0,0.22626114,0
1,0.75804263,1
1,0.79100716,1
1,0.68801284,1
1,0.7151917,1
1,0.7829961,1
1,0.86789906,1
1,0.83131045,1
0,0.8220473,1
0,0.8293877,1
0,0.8170386,1
0,0.8432893,1
0,0.89204895,1
0,0.85758775,1
1,0.80216604,1
1,0.7810198,1
1,0.85574174,1
1,0.86581296,1
1,0.8998774,1
1,0.85224617,1
0,0.92106575,1
1,0.9092394,1
0,0.918692,1
1,0.902847,1
1,0.9201034,1
1,0.8752787,1
1,0.8528658,1
0,0.5979335,1
1,0.42307732,0
0,0.31771126,0
0,0.2169827,0
0,0.7604908,1
1,0.8291585,1
1,0.749531,1
1,0.5514062,1
1,0.5620993,1
0,0.3059497,0
1,0.5903747,1
1,0.42725357,0
1,0.5583339,1
1,0.52119577,1
0,0.7836254,1
1,0.31806275,0
0,0.35928962,0
1,0.8131337,1
1,0.79341877,1
0,0.35852876,0
0,0.61703926,1
0,0.3041359,0
0,0.35843918,0
1,0.43230835,0
0,0.7602215,1
1,0.8256137,1
1,0.77234006,1
1,0.33261582,0
1,0.64373595,1
0,0.23581836,0
0,0.47528645,0
1,0.24001482,0
1,0.22874899,0
1,0.7414187,1
0,0.16923922,0
1,0.5793957,1
1,0.7684458,1
1,0.19934592,0
1,0.6098266,1
0,0.23082544,0
0,0.4546459,0
1,0.7591286,1
1,0.20013449,0
1,0.70093364,1
0,0.6800245,1
1,0.31100604,0
1,0.79607815,1
1,0.70458394,1
0,0.7758821,1
1,0.7471085,1
1,0.37343237,0
1,0.6396504,1
1,0.70681584,1
0,0.6857065,1
0,0.69603777,1
1,0.6463614,1
1,0.8353831,1
1,0.76610726,1
1,0.85580385,1
1,0.7863868,1
1,0.8524278,1
0,0.7879977,1
1,0.7439253,1
1,0.8652025,1
1,0.84057456,1
0,0.75087464,1
1,0.78717697,1
0,0.85650855,1
0,0.8964187,1
0,0.86244494,1
1,0.917188,1
0,0.89598984,1
1,0.96016824,1
1,0.9409695,1
0,0.9357851,1
1,0.7941985,1
1,0.8572644,1
1,0.85229313,1
1,0.7902062,1
1,0.8646725,1
1,0.835141,1
1,0.8540206,1
1,0.82338893,1
1,0.89358085,1
1,0.85889953,1
1,0.8286758,1
1,0.8392743,1
1,0.81042546,1
1,0.8541869,1
0,0.7657613,1
1,0.6524375,1
0,0.65457904,1
1,0.64564854,1
1,0.78584343,1
1,0.74836963,1
1,0.7912144,1
1,0.7700258,1
0,0.7609061,1
0,0.69951594,1
1,0.6981555,1
0,0.7897732,1
0,0.7005105,1
1,0.73113525,1
0,0.62658644,1
1,0.809817,1
0,0.66511846,1
1,0.6176456,1
1,0.5653579,1
0,0.46645078,0
0,0.47497287,0
0,0.7187082,1
0,0.6609824,1
1,0.57344246,1
1,0.81313807,1
0,0.580193,1
0,0.789763,1
1,0.73863965,1
1,0.90954226,1
1,0.5940089,1
0,0.63367945,1
0,0.6468556,1
1,0.67398804,1
1,0.6196651,1
1,0.6320414,1
0,0.6707199,1
0,0.59614563,1
1,0.6690399,1
0,0.6758183,1
1,0.78370273,1
1,0.72890043,1
0,0.7033821,1
1,0.7967954,1
1,0.8281264,1
1,0.8335905,1
1,0.7852614,1
1,0.82641506,1
0,0.7910396,1
1,0.8292544,1
0,0.78467405,1
0,0.75807184,1
1,0.73238605,1
1,0.70343393,1
1,0.77504814,1
0,0.8029011,1
0,0.8197983,1
1,0.8344088,1
1,0.85251504,1
1,0.81447476,1
1,0.7952274,1
1,0.786286,1
0,0.8032153,1
1,0.77390563,1
1,0.7823478,1
1,0.78174144,1
0,0.77777576,1
1,0.7931089,1
0,0.65911466,1
0,0.7316312,1
0,0.3876043,0
0,0.48866448,0
1,0.3153619,0
0,0.3720752,0
1,0.65569246,1
0,0.6887982,1
1,0.89712197,1
1,0.9059727,1
0,0.9413854,1
1,0.8166648,1
1,0.8707945,1
1,0.7499949,1
0,0.51944727,1
1,0.66129833,1
1,0.66103095,1
1,0.5746195,1
1,0.58425033,1
1,0.56064355,1
0,0.8005559,1
1,0.8392848,1
1,0.73845965,1
1,0.7962176,1
0,0.31489065,0
0,0.3116887,0
1,0.64264977,1
0,0.8038911,1
0,0.3009756,0
0,0.7626143,1
1,0.46098694,0
1,0.7778808,1
1,0.42381313,0
0,0.63128465,1
0,0.66766256,1
0,0.76338375,1
0,0.23561102,0
0,0.37886268,0
0,0.49936727,0
1,0.9659954,1
0,0.22713354,0
0,0.2959388,0
1,0.8965198,1
1,0.16445017,0
0,0.5678307,1
0,0.9237475,1
1,0.66249233,1
0,0.7717938,1
1,0.6638725,1
1,0.6919164,1
1,0.7303206,1
1,0.3944785,0
0,0.8647205,1
1,0.72292405,1
0,0.26409945,0
1,0.5153885,1
1,0.51238364,1
1,0.9297631,1
1,0.42902327,0
0,0.7820999,1
1,0.8689788,1
0,0.26668987,0
0,0.23098682,0
0,0.31892547,0
0,0.39630768,0
0,0.36494496,0
1,0.3604403,0
1,0.7302356,1
1,0.54683936,1
1,0.87788665,1
1,0.72407556,1
0,0.34754017,0
0,0.40754387,0
0,0.43697166,0
1,0.31227642,0
0,0.35902146,0
0,0.17500742,0
0,0.24561213,0
1,0.6596335,1
1,0.5935908,1
1,0.29477397,0
1,0.6509987,1
0,0.38194215,0
0,0.5143925,1
0,0.3513928,0
1,0.6403774,1
0,0.44408572,0
1,0.25972626,0
1,0.5200958,1
1,0.6558407,1
1,0.61620474,1
1,0.76730675,1
0,0.40459347,0
0,0.46077004,0
1,0.3788898,0
0,0.35007834,0
0,0.18936999,0
1,0.5614332,1
0,0.30854705,0
1,0.4750556,0
0,0.41870353,0
0,0.24763547,0
0,0.3094747,0
1,0.24325348,0
0,0.56863284,1
1,0.8050086,1
1,0.7429234,1
1,0.9094213,1
1,0.75550205,1
1,0.74201995,1
1,0.63398117,1
0,0.437087,0
0,0.6597736,1
1,0.67465186,1
0,0.76085204,1
1,0.82478625,1
1,0.8086839,1
0,0.84651875,1
1,0.87320083,1
1,0.8704532,1
1,0.83658546,1
1,0.8883476,1
1,0.87525296,1
1,0.9110083,1
1,0.9098933,1
1,0.7450462,1
1,0.7542743,1
1,0.72836053,1
1,0.8422833,1
1,0.83925307,1
1,0.8387376,1
1,0.75906914,1
0,0.7621438,1
1,0.82940173,1
1,0.75425184,1
1,0.7272654,1
1,0.75841403,1
1,0.82345545,1
1,0.8006871,1
1,0.8927001,1
1,0.7524125,1
1,0.8344686,1
0,0.7691274,1
1,0.8129702,1
0,0.24493754,0
0,0.25429463,0
0,0.1529296,0
1,0.3561581,0
0,0.77812433,1
1,0.7775964,1
1,0.82604015,1
0,0.7705711,1
1,0.70651567,1
1,0.5821107,1
1,0.49691576,0
0,0.4905058,0
0,0.44926602,0
0,0.3056086,0
0,0.28527665,0
0,0.7931423,1
1,0.677049,1
1,0.094048224,0
0,0.26709405,0
0,0.25218776,0
0,0.16274974,0
0,0.8831349,1
0,0.79615915,1
1,0.90847754,1
1,0.89778405,1
1,0.9131022,1
0,0.8723438,1
1,0.36663023,0
1,0.5268942,1
1,0.31840086,0
1,0.9444001,1
1,0.775946,1
0,0.38934,0
1,0.7220571,1
1,0.7121053,1
1,0.26943734,0
1,0.45407647,0
1,0.45334408,0
1,0.2099508,0
1,0.47747102,0
1,0.91769964,1
1,0.8533332,1
1,0.44554988,0
1,0.5978012,1
0,0.80306107,1
1,0.5361912,1
0,0.78174967,1
1,0.6935239,1
1,0.61776876,1
0,0.55767995,1
1,0.8090229,1
1,0.9180326,1
0,0.82478845,1
0,0.4888236,0
1,0.78379893,1
0,0.733338,1
0,0.60446554,1
0,0.47154075,0
0,0.32627472,0
1,0.7477164,1
1,0.9316153,1
1,0.8631536,1
1,0.61313134,1
0,0.7877676,1
1,0.7676191,1
1,0.71760494,1
1,0.9178498,1
1,0.75608665,1
1,0.83090985,1
1,0.8163146,1
1,0.8135928,1
1,0.83669776,1
1,0.841824,1
1,0.81915265,1
1,0.8111477,1
0,0.79214036,1
1,0.8680922,1
0,0.7880972,1
1,0.6975424,1
1,0.6479552,1
0,0.72652775,1
1,0.79270345,1
1,0.7349186,1
1,0.7690246,1
1,0.8571315,1
0,0.77432775,1
1,0.72001296,1
0,0.76606184,1
1,0.79422843,1
1,0.7772521,1
1,0.77763635,1
0,0.7965303,1
1,0.76973295,1
1,0.83212334,1
1,0.70440537,1
1,0.76075155,1
1,0.8177108,1
1,0.805795,1
0,0.7303438,1
0,0.7922213,1
1,0.55723643,1
1,0.75704706,1
0,0.7262507,1
1,0.7763291,1
0,0.66062945,1
1,0.7214,1
1,0.7796534,1
1,0.8053509,1
1,0.8181474,1
1,0.64491796,1
0,0.7127907,1
0,0.70251405,1
1,0.76411116,1
1,0.74331653,1
1,0.7837537,1
0,0.6481073,1
1,0.7975068,1
0,0.66607517,1
1,0.6637955,1
1,0.7877616,1
1,0.7835938,1
1,0.81792986,1
0,0.8118536,1
0,0.7598537,1
1,0.7798226,1
1,0.77743185,1
1,0.84132284,1
0,0.668618,1
1,0.79119635,1
1,0.6301787,1
1,0.8058068,1
0,0.7805389,1
0,0.7795999,1
0,0.69546634,1
1,0.788485,1
0,0.72345394,1
0,0.77779144,1
0,0.8063384,1
1,0.7950968,1
0,0.7829915,1
1,0.8472613,1
0,0.7898639,1
1,0.6728707,1
1,0.8053525,1
1,0.6711566,1
1,0.70512563,1
0,0.75596404,1
1,0.75004596,1
1,0.3224096,0
1,0.7478282,1
0,0.73412174,1
1,0.7795491,1
0,0.8009718,1
1,0.8005746,1
1,0.81644976,1
1,0.80722904,1
1,0.23354381,0
1,0.39839172,0
1,0.82052475,1
1,0.38498396,0
0,0.38994578,0
1,0.60365176,1
1,0.46899092,0
0,0.10122189,0
1,0.72764516,1
1,0.8377974,1
0,0.6490022,1
1,0.68855166,1
1,0.68476826,1
1,0.7798856,1
1,0.72843385,1
1,0.8140952,1
0,0.81347924,1
1,0.8183441,1
1,0.7308748,1
1,0.7929897,1
1,0.7315535,1
1,0.71113074,1
0,0.722972,1
0,0.6550877,1
0,0.36107218,0
1,0.3225136,0
0,0.4349457,0
0,0.37197205,0
1,0.64936167,1
0,0.5437992,1
0,0.39864513,0
1,0.8320594,1
0,0.6377072,1
0,0.42162403,0
0,0.47873253,0
0,0.5238894,1
0,0.67448163,1
1,0.6643215,1
1,0.47950697,0
1,0.6515097,1
1,0.75587636,1
0,0.57670385,1
1,0.5591018,1
0,0.5233093,1
0,0.49648786,0
0,0.7153046,1
0,0.4154485,0
1,0.7584716,1
1,0.6343191,1
0,0.42423964,0
1,0.5535684,1
0,0.42706126,0
1,0.41074675,0
1,0.70870596,1
1,0.7839838,1
1,0.7185111,1
1,0.68246907,1
1,0.7765361,1
1,0.7511156,1
0,0.7420115,1
1,0.83007455,1
1,0.7234431,1
1,0.80112845,1
1,0.84235513,1
1,0.8147063,1
1,0.812154,1
1,0.75544137,1
1,0.7060111,1
1,0.83844227,1
1,0.73774475,1
0,0.8647081,1
1,0.83745515,1
1,0.7514633,1
0,0.7486711,1
1,0.6506482,1
1,0.74507296,1
1,0.80345494,1
1,0.81224513,1
0,0.72931993,1
1,0.7778268,1
1,0.85221744,1
0,0.3346953,0
1,0.7345703,1
1,0.74745286,1
1,0.8029037,1
1,0.6305724,1
0,0.5650612,1
0,0.26801604,0
1,0.68394274,1
0,0.38469645,0
1,0.6717149,1
0,0.5712438,1
0,0.7141268,1
0,0.85451466,1
0,0.59823126,1
1,0.77499276,1
1,0.79355705,1
1,0.66660225,1
0,0.4769642,0
0,0.7101984,1
0,0.69519997,1
0,0.635222,1
0,0.7441314,1
1,0.7696227,1
1,0.8547656,1
1,0.82419306,1
1,0.46286675,0
1,0.7513924,1
1,0.5469009,1
0,0.7394788,1
1,0.6528925,1
1,0.77816415,1
0,0.674555,1
0,0.29271615,0
0,0.3121219,0
0,0.27328345,0
1,0.7674606,1
1,0.557857,1
0,0.40577376,0
1,0.8527304,1
1,0.74217206,1
0,0.5192073,1
0,0.6573425,1
1,0.7716448,1
0,0.6420254,1
0,0.75511074,1
1,0.61892223,1
1,0.8162584,1
1,0.58748895,1
0,0.5259991,1
0,0.13149819,0
1,0.7803072,1
1,0.7801781,1
1,0.7607932,1
0,0.5612545,1
0,0.75651574,1
1,0.7163534,1
1,0.8166043,1
1,0.7268686,1
1,0.66761535,1
0,0.628354,1
1,0.64498174,1
1,0.74299115,1
1,0.5174356,1
0,0.6534804,1
1,0.64594877,1
0,0.66989267,1
0,0.6099512,1
0,0.7135743,1
0,0.49046746,0
0,0.5710706,1
0,0.6878168,1
1,0.8275076,1
1,0.67177856,1
1,0.5044538,1
0,0.31303298,0
1,0.5195969,1
0,0.3327303,0
1,0.6778625,1
1,0.8422525,1
1,0.6344799,1
1,0.8666952,1
1,0.7716928,1
0,0.8160787,1
1,0.87668633,1
1,0.8152558,1
1,0.81725025,1
1,0.84351057,1
1,0.7090816,1
1,0.78640324,1
1,0.8429454,1
1,0.3788879,0
1,0.32283664,0
1,0.6315413,1
1,0.8247563,1
0,0.8685571,1
1,0.8982706,1
1,0.92815423,1
0,0.78567487,1
1,0.55440265,1
1,0.67000085,1
1,0.73571867,1
0,0.78906006,1
1,0.859419,1
1,0.9383296,1
1,0.857378,1
1,0.9734437,1
0,0.8419463,1
1,0.82146853,1
1,0.9332891,1
1,0.9262138,1
1,0.8703722,1
0,0.84838194,1
1,0.88343656,1
1,0.808102,1
1,0.8051438,1
1,0.7862604,1
1,0.892927,1
1,0.8395386,1
1,0.9059559,1
1,0.940495,1
1,0.8513408,1
1,0.77879876,1
0,0.68833786,1
0,0.80067277,1
1,0.79547685,1
1,0.7313352,1
1,0.9069169,1
1,0.9385464,1
1,0.78840303,1
0,0.8049689,1
1,0.704133,1
1,0.73738676,1
1,0.76279503,1
1,0.7622267,1
0,0.59642935,1
1,0.2576553,0
0,0.3400879,0
0,0.397473,0
1,0.31111944,0
0,0.35105634,0
0,0.26313552,0
0,0.22252813,0
0,0.41993752,0
0,0.35394147,0
0,0.2868293,0
1,0.64681923,1
1,0.68365455,1
1,0.73277235,1
1,0.6042211,1
0,0.417408,0
0,0.719709,1
0,0.35906965,0
0,0.40301928,0
0,0.24696305,0
0,0.35196477,0
0,0.22126469,0
0,0.37020656,0
0,0.52641165,1
1,0.8341509,1
1,0.6460997,1
0,0.85076386,1
1,0.8542151,1
1,0.7571201,1
0,0.8521757,1
1,0.5967201,1
1,0.7509612,1
1,0.7928487,1
0,0.6745749,1
1,0.7452526,1
1,0.7712679,1
1,0.73827887,1
0,0.6684708,1
0,0.77687496,1
1,0.81713283,1
0,0.78901017,1
1,0.85639435,1
0,0.8287133,1
1,0.9107403,1
1,0.7148638,1
1,0.8260483,1
1,0.8609637,1
1,0.78426075,1
1,0.8301825,1
1,0.8232295,1
0,0.19505547,0
0,0.28158262,0
0,0.27463356,0
1,0.19449082,0
0,0.4696097,0
0,0.6745294,1
1,0.6486673,1
1,0.6891005,1
0,0.6716986,1
1,0.23152167,0
0,0.32569915,0
0,0.3420865,0
1,0.44672632,0
0,0.4613198,0
1,0.39714426,0
0,0.62249374,1
1,0.6435568,1
1,0.67999744,1
1,0.22309914,0
0,0.58100307,1
1,0.5365282,1
1,0.67928,1
0,0.8192832,1
1,0.60301006,1
1,0.8130735,1
1,0.54079014,1
1,0.66493297,1
1,0.8427955,1
0,0.82525736,1
1,0.23870464,0
0,0.106579304,0
0,0.1728407,0
0,0.16609311,0
0,0.080764264,0
0,0.18595813,0
0,0.20860787,0
0,0.045496397,0
0,0.3696125,0
0,0.23767786,0
0,0.27577728,0
0,0.11288554,0
0,0.06250292,0
0,0.24914327,0
0,0.22331342,0
0,0.07132825,0
0,0.3887055,0
0,0.1502777,0
1,0.87851,1
1,0.8243168,1
1,0.898719,1
1,0.7403416,1
1,0.84766364,1
1,0.94429356,1
1,0.9649962,1
1,0.8365164,1
1,0.89106244,1
1,0.70947725,1
1,0.7557377,1
1,0.91094416,1
1,0.70110816,1
0,0.5662865,1
1,0.7503761,1
1,0.59369093,1
1,0.6691398,1
1,0.624429,1
1,0.5756408,1
1,0.6335843,1
0,0.50732464,1
1,0.46140334,0
0,0.63850534,1
1,0.23491617,0
0,0.08013611,0
0,0.17112489,0
0,0.16332811,0
0,0.09906528,0
0,0.14392944,0
1,0.8890169,1
1,0.15330367,0
0,0.15289879,0
0,0.24026771,0
1,0.20129448,0
0,0.47360194,0
1,0.47522286,0
1,0.32238066,0
1,0.26597518,0
1,0.45553917,0
1,0.60324675,1
1,0.24919944,0
0,0.19388658,0
0,0.21435061,0
0,0.11161737,0
1,0.14154851,0
0,0.19797269,0
1,0.11676824,0
0,0.2286424,0
1,0.6422833,1
1,0.82869637,1
1,0.80477524,1
1,0.9494529,1
0,0.7766978,1
0,0.7988711,1
1,0.76036024,1
1,0.84293073,1
0,0.8545589,1
0,0.75990593,1
1,0.8221411,1
1,0.8669093,1
1,0.84408957,1
0,0.40583274,0
1,0.55175304,1
1,0.8127323,1
1,0.7423243,1
1,0.67556053,1
1,0.7423464,1
0,0.29032165,0
1,0.58020335,1
1,0.6300163,1
1,0.80892766,1
1,0.8047219,1
0,0.64871615,1
1,0.5350971,1
1,0.44934702,0
0,0.12838353,0
0,0.13810216,0
0,0.123443484,0
1,0.6555344,1
0,0.23618236,0
0,0.43458372,0
0,0.19731593,0
0,0.11997135,0
1,0.39349544,0
0,0.24267907,0
1,0.06801731,0
1,0.22916551,0
1,0.79576766,1
1,0.6392165,1
1,0.681471,1
1,0.7015247,1
1,0.67719656,1
1,0.7472437,1
0,0.52190846,1
0,0.6590509,1
0,0.6602633,1
0,0.48777834,0
1,0.69293356,1
0,0.66879326,1
1,0.6659151,1
0,0.6864065,1
1,0.7181748,1
0,0.6654631,1
1,0.81022656,1
0,0.7241503,1
1,0.65800524,1
1,0.71624285,1
1,0.7809287,1
1,0.7000135,1
1,0.7528246,1
1,0.72433496,1
1,0.74541986,1
1,0.72009254,1
1,0.6749233,1
0,0.5824263,1
1,0.7847818,1
1,0.69690394,1
1,0.7487374,1
1,0.716823,1
1,0.75969577,1
0,0.7735629,1
1,0.68920535,1
0,0.69571906,1
0,0.14911538,0
0,0.75897545,1
0,0.72042465,1
0,0.658427,1
0,0.7814918,1
1,0.748015,1
1,0.77750564,1
1,0.7653661,1
1,0.73899645,1
0,0.7404493,1
0,0.7465101,1
1,0.7129478,1
1,0.60902166,1
0,0.67912555,1
1,0.7045821,1
1,0.72633433,1
0,0.75098664,1
0,0.66067255,1
0,0.7092012,1
1,0.7568178,1
0,0.7393839,1
0,0.71890867,1
0,0.7914881,1
0,0.76389307,1
0,0.7393748,1
1,0.7408198,1
1,0.6958115,1
0,0.75542796,1
1,0.73178387,1
1,0.6684149,1
1,0.77925295,1
0,0.69856095,1
0,0.8039683,1
0,0.73787445,1
0,0.74653226,1
1,0.6770608,1
1,0.7167756,1
1,0.7502988,1
0,0.77273685,1
0,0.7108884,1
0,0.7537926,1
0,0.80504495,1
0,0.63363254,1
0,0.8324296,1
0,0.81949025,1
0,0.82595515,1
1,0.79556185,1
1,0.70984596,1
0,0.7419431,1
0,0.65772825,1
1,0.67970335,1
0,0.72348773,1
0,0.6779081,1
0,0.57656157,1
0,0.74429214,1
0,0.74533576,1
0,0.7706796,1
1,0.7738265,1
1,0.8402607,1
1,0.7708811,1
1,0.7904775,1
0,0.78248626,1
0,0.7568282,1
1,0.73337466,1
0,0.75416833,1
0,0.73265743,1
1,0.7553616,1
1,0.7341759,1
1,0.77392817,1
1,0.75751,1
0,0.6865731,1
0,0.74016875,1
1,0.4741395,0
0,0.5140158,1
0,0.29218516,0
1,0.5269391,1
1,0.6753459,1
0,0.74728084,1
1,0.6114437,1
1,0.8111959,1
1,0.8515398,1
1,0.9103445,1
1,0.8941005,1
1,0.9359701,1
1,0.9313294,1
1,0.85213,1
1,0.86681014,1
1,0.8552009,1
0,0.86528575,1
1,0.77535367,1
1,0.75690305,1
0,0.855894,1
1,0.8203864,1
0,0.8778274,1
0,0.8463765,1
1,0.80951434,1
1,0.8990916,1
1,0.8558247,1
1,0.8342944,1
0,0.79889303,1
1,0.82506245,1
1,0.8118184,1
1,0.8302743,1
1,0.8112176,1
1,0.8299104,1
1,0.81815493,1
1,0.8507124,1
0,0.78099924,1
0,0.8313677,1
1,0.7596361,1
1,0.8273407,1
1,0.7763733,1
1,0.69827336,1
0,0.71704996,1
0,0.70242035,1
0,0.6205041,1
0,0.50687605,1
1,0.60586405,1
1,0.57277775,1
1,0.24693322,0
0,0.68206877,1
1,0.69930553,1
0,0.59485286,1
0,0.52774656,1
1,0.57418215,1
0,0.4344387,0
1,0.4273308,0
1,0.39509842,0
1,0.39222467,0
0,0.6208753,1
0,0.6040563,1
0,0.45677155,0
1,0.6855546,1
1,0.5729749,1
1,0.7029903,1
1,0.72241116,1
0,0.4845625,0
0,0.48975477,0
1,0.49054173,0
1,0.55692166,1
1,0.66423446,1
1,0.7033749,1
1,0.76352876,1
1,0.76309896,1
0,0.663404,1
0,0.6973742,1
1,0.6931603,1
1,0.74187917,1
1,0.68249357,1
1,0.63875943,1
1,0.7112573,1
1,0.70880276,1
1,0.718343,1
1,0.66325957,1
1,0.6045428,1
1,0.6827238,1
1,0.676954,1
1,0.5660224,1
0,0.5842162,1
0,0.2427744,0
0,0.5945106,1
1,0.67433524,1
0,0.6640861,1
1,0.32254696,0
1,0.35303134,0
1,0.29827365,0
1,0.38644123,0
0,0.5094519,1
0,0.72669786,1
1,0.6298801,1
1,0.8019769,1
1,0.8388151,1
1,0.6856809,1
1,0.73788786,1
0,0.72522235,1
1,0.82569313,1
0,0.8466166,1
1,0.8408962,1
1,0.92359793,1
0,0.8758661,1
0,0.9085597,1
1,0.7944522,1
1,0.83465445,1
0,0.71330863,1
0,0.74418074,1
0,0.8060232,1
0,0.84831053,1
0,0.7758565,1
0,0.8478702,1
1,0.7798168,1
1,0.82607734,1
1,0.7977796,1
1,0.83238477,1
1,0.8353994,1
1,0.809365,1
1,0.89883,1
1,0.9286717,1
0,0.10127371,0
1,0.64264935,1
1,0.8185876,1
1,0.94224983,1
1,0.82708067,1
1,0.7161377,1
1,0.6435396,1
1,0.49894,0
0,0.5488389,1
1,0.68067837,1
0,0.6216952,1
1,0.58375543,1
0,0.62597084,1
0,0.563567,1
0,0.50251186,1
1,0.7630897,1
1,0.5797234,1
1,0.68749756,1
1,0.82939935,1
1,0.85205996,1
1,0.6824312,1
1,0.7804759,1
0,0.8154696,1
0,0.8059207,1
1,0.85269755,1
0,0.8117499,1
1,0.82050204,1
1,0.8290195,1
1,0.87135565,1
1,0.84566236,1
1,0.8691556,1
1,0.795528,1
0,0.8006367,1
0,0.77896535,1
1,0.7384472,1
0,0.8199835,1
1,0.84807837,1
1,0.90555865,1
1,0.9082404,1
0,0.8543246,1
1,0.5721793,1
0,0.20630701,0
0,0.2599172,0
1,0.49764273,0
0,0.23035865,0
0,0.32715863,0
1,0.35231012,0
0,0.30382866,0
0,0.41270998,0
0,0.7665977,1
0,0.76960105,1
1,0.5992818,1
0,0.48837623,0
1,0.64098924,1
1,0.69335693,1
1,0.67635113,1
1,0.7461657,1
1,0.6944955,1
1,0.8782308,1
1,0.89606345,1
1,0.89711,1
1,0.7929471,1
1,0.48073044,0
1,0.48563862,0
1,0.06657548,0
0,0.18405883,0
1,0.1909426,0
0,0.073936455,0
0,0.053079963,0
0,0.05239879,0
1,0.8638468,1
1,0.9162925,1
1,0.84452784,1
0,0.39490882,0
0,0.2238754,0
0,0.12545869,0
1,0.40154442,0
0,0.16358696,0
0,0.084624305,0
0,0.042090774,0
0,0.056558505,0
0,0.1141837,0
1,0.6352827,1
1,0.8407345,1
1,0.8374255,1
1,0.8610223,1
0,0.3858882,0
0,0.17841464,0
0,0.16882952,0
1,0.86745626,1
1,0.32736441,0
1,0.49429458,0
0,0.6563508,1
1,0.8155021,1
1,0.76353544,1
0,0.7523341,1
1,0.70100623,1
1,0.78074145,1
0,0.87369037,1
1,0.6526923,1
1,0.9204324,1
0,0.8571447,1
1,0.51307184,1
1,0.50489384,1
1,0.5069255,1
0,0.46945333,0
0,0.6204856,1
1,0.62576675,1
0,0.11757841,0
0,0.45477054,0
1,0.83412546,1
1,0.8487211,1
1,0.86883956,1
0,0.40091318,0
1,0.56124717,1
1,0.672197,1
1,0.43183422,0
1,0.30274194,0
0,0.61456347,1
0,0.7280486,1
1,0.79972947,1
1,0.8100518,1
1,0.72004515,1
1,0.72722054,1
1,0.81921506,1
1,0.9446857,1
1,0.42632455,0
1,0.42699373,0
1,0.82055414,1
1,0.53198344,1
1,0.51795447,1
1,0.43775782,0
0,0.40967205,0
0,0.17759658,0
0,0.26029682,0
1,0.41700286,0
1,0.49835795,0
1,0.41291684,0
1,0.21490835,0
1,0.5366747,1
1,0.6112072,1
0,0.33839583,0
1,0.6240934,1
1,0.89578557,1
1,0.42317438,0
1,0.75094086,1
0,0.7387261,1
1,0.77563536,1
1,0.81176347,1
1,0.6509499,1
0,0.71708167,1
0,0.75469077,1
0,0.8986259,1
0,0.5407438,1
0,0.61848354,1
1,0.8124495,1
0,0.372455,0
0,0.46946073,0
0,0.39841762,0
0,0.4061821,0
0,0.36088753,0
1,0.6208619,1
1,0.3955682,0
1,0.5908691,1
0,0.27120277,0
1,0.4259936,0
1,0.9659778,1
1,0.848508,1
1,0.9572097,1
1,0.94683725,1
0,0.7828299,1
1,0.76321214,1
1,0.8342849,1
1,0.5713053,1
0,0.72931546,1
1,0.63296854,1
0,0.84402394,1
0,0.77384484,1
1,0.7726802,1
0,0.66380316,1
0,0.7911399,1
1,0.8348382,1
0,0.89904636,1
1,0.6918505,1
1,0.8695209,1
1,0.8526814,1
1,0.82739544,1
1,0.43815148,0
1,0.79844105,1
1,0.87541217,1
0,0.90756524,1
1,0.66000855,1
0,0.6979764,1
1,0.730873,1
1,0.747521,1
0,0.34804922,0
0,0.7020372,1
0,0.7522998,1
1,0.7021973,1
1,0.64618343,1
1,0.85695153,1
1,0.7163175,1
0,0.15744542,0
1,0.46343178,0
1,0.5086167,1
1,0.65955925,1
1,0.5730499,1
1,0.5099789,1
1,0.7854522,1
1,0.7487767,1
1,0.55962086,1
1,0.9010752,1
0,0.63399863,1
1,0.8281409,1
1,0.9453607,1
1,0.849252,1
0,0.8922479,1
0,0.72792876,1
1,0.43307924,0
1,0.6062098,1
0,0.72456074,1
0,0.62768406,1
1,0.5379161,1
1,0.679314,1
1,0.74266094,1
1,0.74360013,1
1,0.83499056,1
0,0.6770955,1
1,0.67208177,1
0,0.71438473,1
0,0.05044086,0
1,0.51976305,1
0,0.13665578,0
1,0.79888076,1
1,0.8666921,1
1,0.87307405,1
0,0.06474676,0
0,0.2624397,0
0,0.14470688,0
0,0.0914697,0
0,0.13560599,0
1,0.28425357,0
0,0.21990138,0
1,0.08125096,0
1,0.40237793,0
0,0.187929,0
0,0.13719246,0
0,0.19435672,0
0,0.8079182,1
1,0.80706066,1
1,0.8127911,1
1,0.7976723,1
1,0.8523894,1
1,0.71200037,1
1,0.79619825,1
1,0.90151453,1
1,0.7483789,1
1,0.95034295,1
0,0.83810264,1
1,0.90040606,1
1,0.71762407,1
1,0.6555065,1
1,0.6664733,1
0,0.71895355,1
0,0.8140684,1
0,0.7039401,1
0,0.72327495,1
1,0.6998167,1
1,0.86334777,1
1,0.8695635,1
1,0.83538395,1
1,0.88345003,1
1,0.82925093,1
1,0.78195226,1
1,0.4994545,0
0,0.37327117,0
0,0.059997723,0
0,0.31686282,0
1,0.5911307,1
1,0.3188238,0
1,0.42561588,0
1,0.74243045,1
0,0.86289537,1
0,0.85725385,1
0,0.8837449,1
1,0.8695387,1
1,0.28582844,0
1,0.57872766,1
0,0.1989625,0
1,0.64497524,1
1,0.3634727,0
1,0.15086313,0
1,0.35133806,0
1,0.6936434,1
0,0.5470548,1
0,0.3676913,0
1,0.854194,1
1,0.7940879,1
1,0.7440246,1
1,0.7890642,1
1,0.70391405,1
1,0.6478483,1
1,0.820374,1
1,0.6383948,1
0,0.29763508,0
0,0.17130248,0
0,0.15640143,0
1,0.6746423,1
1,0.7479404,1
0,0.7217322,1
0,0.7727456,1
0,0.7157019,1
1,0.65969825,1
1,0.47049236,0
0,0.061662473,0
0,0.071061864,0
0,0.1913918,0
0,0.14137869,0
0,0.2233443,0
0,0.07976959,0
0,0.031905197,0
0,0.0515568,0
0,0.3318955,0
0,0.18329744,0
1,0.6079253,1
1,0.59867775,1
1,0.6400964,1
1,0.54277253,1
1,0.6709896,1
1,0.81735414,1
0,0.67533624,1
0,0.78353053,1
0,0.7443678,1
1,0.77194124,1
0,0.64442253,1
0,0.66094977,1
1,0.7936347,1
1,0.64102125,1
0,0.66147995,1
1,0.69737494,1
1,0.7264327,1
0,0.74980676,1
0,0.62608194,1
1,0.7756351,1
1,0.7369261,1
1,0.5544348,1
1,0.6340754,1
1,0.7084865,1
0,0.774027,1
0,0.72737825,1
0,0.85237694,1
1,0.7807371,1
1,0.7756062,1
1,0.78263813,1
1,0.76203513,1
1,0.7979763,1
0,0.7037859,1
0,0.7048929,1
0,0.69415003,1
1,0.801704,1
1,0.7466661,1
1,0.6827457,1
1,0.6695119,1
1,0.77045804,1
1,0.6157349,1
1,0.41170663,0
1,0.6526531,1
1,0.76026356,1
1,0.7859587,1
1,0.7818725,1
1,0.8401076,1
1,0.91349983,1
1,0.7871193,1
1,0.813575,1
1,0.7872392,1
1,0.88394326,1
1,0.74328125,1
0,0.9048798,1
1,0.80505997,1
0,0.7394021,1
0,0.47649193,0
1,0.60395765,1
1,0.7834155,1
1,0.76502925,1
1,0.7700712,1
1,0.74918586,1
1,0.7120343,1
1,0.7624375,1
1,0.7149692,1
1,0.8007052,1
1,0.75668913,1
1,0.76296735,1
1,0.74636185,1
0,0.6986593,1
0,0.68554175,1
0,0.7041271,1
0,0.7495681,1
0,0.68043894,1
1,0.7417212,1
1,0.7706682,1
1,0.6930338,1
1,0.67779374,1
1,0.7706805,1
1,0.74095696,1
1,0.80738294,1
1,0.73414105,1
0,0.64869505,1
1,0.6963332,1
0,0.50821406,1
0,0.6716721,1
0,0.62957865,1
1,0.7670826,1
1,0.70994806,1
1,0.7007303,1
1,0.79568547,1
0,0.8123186,1
1,0.82735944,1
1,0.684761,1
1,0.6356818,1
1,0.7810934,1
0,0.751073,1
0,0.80209476,1
1,0.7493232,1
1,0.75205946,1
1,0.56796163,1
1,0.8089573,1
1,0.760753,1
1,0.7142942,1
1,0.6918891,1
0,0.6661501,1
0,0.7024889,1
1,0.74640894,1
0,0.7302121,1
1,0.6792232,1
1,0.41979215,0
1,0.70648533,1
1,0.72436005,1
0,0.72240096,1
1,0.76527214,1
0,0.8065138,1
1,0.8288007,1
1,0.74713725,1
1,0.7500482,1
1,0.6705084,1
1,0.7440308,1
1,0.7373251,1
1,0.7845795,1
1,0.75771743,1
0,0.6515189,1
0,0.69219834,1
1,0.77874017,1
1,0.72789216,1
1,0.7720625,1
1,0.84798384,1
1,0.81868297,1
0,0.8082439,1
0,0.7897924,1
1,0.7897634,1
0,0.74159366,1
1,0.770755,1
1,0.7439857,1
0,0.21281467,0
0,0.19119963,0
0,0.32117417,0
1,0.6760428,1
1,0.76747406,1
0,0.096496664,0
1,0.51187694,1
1,0.6007449,1
1,0.8241378,1
0,0.8405741,1
1,0.12559134,0
0,0.44787398,0
1,0.80273646,1
1,0.97547704,1
1,0.94594896,1
1,0.083540626,0
1,0.95233107,1
0,0.6627301,1
1,0.78964967,1
0,0.6723348,1
1,0.6015793,1
1,0.7785472,1
0,0.6967165,1
1,0.7725283,1
1,0.78251237,1
1,0.76597226,1
1,0.66215473,1
1,0.80197954,1
1,0.87798136,1
1,0.87029284,1
1,0.89686346,1
0,0.86914366,1
1,0.88348335,1
0,0.6637223,1
0,0.6967731,1
1,0.70367163,1
1,0.7481793,1
1,0.8465984,1
1,0.83143425,1
1,0.85676664,1
1,0.80850554,1
1,0.8145715,1
1,0.61551094,1
0,0.6143098,1
1,0.32743582,0
1,0.76677305,1
1,0.8249852,1
1,0.79889315,1
1,0.92347145,1
1,0.9024574,1
1,0.5309976,1
1,0.5961847,1
1,0.672157,1
1,0.592745,1
1,0.36485007,0
1,0.30862364,0
1,0.65673697,1
1,0.48260227,0
1,0.63361466,1
1,0.67755437,1
0,0.46150905,0
0,0.25450873,0
1,0.45356438,0
1,0.39120576,0
1,0.4289795,0
0,0.30567706,0
1,0.695414,1
1,0.7946219,1
1,0.6398771,1
1,0.3724243,0
1,0.321396,0
1,0.6437158,1
1,0.2427461,0
0,0.6462032,1
0,0.2718555,0
0,0.36311436,0
0,0.37913173,0
0,0.5003043,1
1,0.3031052,0
0,0.65229607,1
0,0.25718188,0
1,0.39571825,0
0,0.26482227,0
1,0.5473027,1
0,0.54291177,1
1,0.7354896,1
1,0.89465,1
1,0.8843911,1
1,0.80762535,1
1,0.93198305,1
1,0.9205967,1
1,0.788465,1
1,0.8086562,1
0,0.77552074,1
1,0.71227777,1
1,0.75516784,1
1,0.8133056,1
0,0.7332182,1
1,0.62470967,1
0,0.56653255,1
1,0.7694511,1
1,0.77365965,1
1,0.8927911,1
1,0.67319214,1
1,0.3089637,0
0,0.51283556,1
0,0.19890086,0
1,0.273772,0
1,0.7892828,1
1,0.21510132,0
1,0.20289029,0
1,0.7274844,1
0,0.42372382,0
0,0.25843424,0
0,0.4006432,0
0,0.43527368,0
1,0.6397156,1
1,0.77343255,1
0,0.6933772,1
0,0.6231395,1
0,0.5959931,1
0,0.5497311,1
0,0.6327243,1
0,0.3027016,0
0,0.510755,1
0,0.6299068,1
1,0.59319896,1
1,0.33796725,0
1,0.6318684,1
1,0.58730865,1
0,0.70267886,1
1,0.64886415,1
1,0.68710595,1
0,0.22754997,0
1,0.49652976,0
1,0.6850215,1
0,0.6491074,1
1,0.72507524,1
1,0.83856565,1
1,0.83923584,1
0,0.9393838,1
0,0.93060756,1
1,0.9359158,1
1,0.90371215,1
1,0.8624649,1
1,0.8491451,1
1,0.95735687,1
1,0.81934226,1
0,0.86661905,1
0,0.81277245,1
0,0.91056734,1
1,0.8947282,1
1,0.874531,1
1,0.9278077,1
1,0.8130307,1
1,0.6563894,1
1,0.92446524,1
1,0.80589586,1
1,0.6786765,1
1,0.84002143,1
0,0.86143976,1
1,0.77650666,1
1,0.33850542,0
0,0.10784236,0
0,0.11960963,0
0,0.25214913,0
0,0.1751375,0
0,0.078192696,0
0,0.1258025,0
1,0.13478287,0
0,0.21622255,0
0,0.2492297,0
0,0.305037,0
1,0.3119156,0
0,0.31927475,0
0,0.2111404,0
0,0.3247005,0
0,0.06661162,0
0,0.2626273,0
1,0.3019691,0
1,0.31458193,0
0,0.2875876,0
1,0.7975755,1
1,0.8589891,1
1,0.8620705,1
1,0.6229223,1
1,0.8400218,1
1,0.8528601,1
0,0.28367707,0
1,0.3332037,0
0,0.37521586,0
1,0.42627588,0
1,0.33995315,0
0,0.40511227,0
0,0.3853482,0
0,0.09556223,0
0,0.13709854,0
0,0.30221695,0
0,0.28787762,0
0,0.30200773,0
0,0.84666026,1
1,0.43533036,0
1,0.5091554,1
1,0.38498965,0
0,0.1043353,0
1,0.18420671,0
0,0.57902586,1
1,0.78101945,1
1,0.7679559,1
1,0.39793354,0
1,0.48409715,0
1,0.21143618,0
0,0.4925759,0
0,0.3849352,0
1,0.52702296,1
1,0.83788306,1
1,0.81118023,1
1,0.7738117,1
1,0.8342303,1
1,0.8961538,1
0,0.83500123,1
1,0.8137344,1
1,0.7988291,1
1,0.8256386,1
0,0.77784914,1
1,0.7784015,1
0,0.7577378,1
1,0.785343,1
1,0.7627129,1
1,0.7636107,1
0,0.815759,1
1,0.7470001,1
1,0.7367224,1
1,0.77795297,1
1,0.62856853,1
0,0.78215796,1
0,0.76688737,1
1,0.7892849,1
1,0.70219815,1
1,0.73558587,1
1,0.78000706,1
1,0.7003642,1
1,0.7471277,1
1,0.74927515,1
1,0.7636347,1
1,0.7637217,1
0,0.6923731,1
0,0.7384833,1
1,0.7233271,1
1,0.79060036,1
1,0.78070825,1
1,0.74429804,1
0,0.7432016,1
0,0.7286761,1
0,0.7973337,1
1,0.80300194,1
1,0.8106758,1
1,0.8552801,1
1,0.7750961,1
1,0.78279936,1
1,0.77304304,1
0,0.2680372,0
1,0.7207786,1
1,0.63735056,1
1,0.7568904,1
1,0.74893814,1
0,0.7513413,1
1,0.75954914,1
1,0.70950943,1
1,0.8124958,1
1,0.76772004,1
1,0.501383,1
1,0.6605585,1
1,0.56321055,1
1,0.73794407,1
1,0.75249976,1
1,0.769109,1
1,0.7852158,1
0,0.76174676,1
1,0.8199207,1
0,0.20723318,0
0,0.07588574,0
0,0.046911154,0
0,0.08182854,0
0,0.11633182,0
0,0.0910195,0
0,0.13066839,0
0,0.18360704,0
0,0.048019543,0
0,0.21503799,0
0,0.0871292,0
0,0.08259473,0
1,0.21053955,0
1,0.78860766,1
0,0.21872318,0
1,0.1659729,0
0,0.29530388,0
0,0.06141682,0
1,0.16659983,0
0,0.21424086,0
0,0.3894774,0
0,0.6247156,1
0,0.11920933,0
0,0.47581348,0
0,0.36929387,0
0,0.23930666,0
0,0.45446905,0
0,0.80345786,1
1,0.3609231,0
1,0.45675316,0
0,0.78928787,1
0,0.31640282,0
0,0.22847839,0
0,0.6923127,1
0,0.3261251,0
0,0.44184613,0
0,0.68801576,1
1,0.78507674,1
0,0.68826145,1
1,0.77381533,1
1,0.6638705,1
1,0.22323799,0
1,0.29966003,0
1,0.7519211,1
1,0.68493754,1
1,0.7674109,1
1,0.6102898,1
0,0.73381954,1
0,0.6102242,1
0,0.3690169,0
0,0.70874214,1
0,0.8054312,1
1,0.727517,1
1,0.7054081,1
1,0.76810735,1
0,0.7788154,1
1,0.7445414,1
0,0.7612305,1
1,0.8160842,1
1,0.30089962,0
0,0.25882137,0
1,0.7095262,1
1,0.60889196,1
0,0.7488911,1
1,0.75269437,1
0,0.4721539,0
1,0.5690828,1
0,0.57350403,1
0,0.2936223,0
1,0.48080572,0
0,0.76306903,1
1,0.3172258,0
0,0.82151693,1
0,0.8429555,1
1,0.7996513,1
0,0.7979736,1
1,0.9291852,1
1,0.90917087,1
0,0.6073586,1
1,0.8215065,1
1,0.8998261,1
1,0.7387561,1
1,0.83467954,1
0,0.82077205,1
0,0.36527166,0
1,0.590093,1
1,0.52904844,1
0,0.64258397,1
1,0.7650415,1
0,0.64048433,1
0,0.10631549,0
0,0.4160861,0
1,0.6443,1
1,0.7072599,1
0,0.8020254,1
1,0.76829785,1
1,0.78851646,1
1,0.75896776,1
1,0.6992147,1
1,0.74617475,1
1,0.7428253,1
1,0.74508905,1
1,0.7363235,1
1,0.7523256,1
1,0.75250196,1
1,0.6822218,1
1,0.6780072,1
1,0.8394424,1
1,0.89026517,1
1,0.7951159,1
1,0.833025,1
0,0.70361894,1
1,0.23680103,0
0,0.27869552,0
0,0.15820998,0
0,0.15156426,0
1,0.30092812,0
1,0.39238143,0
0,0.45481256,0
1,0.2109465,0
1,0.5962859,1
1,0.5094747,1
1,0.67602533,1
1,0.6502325,1
1,0.77769744,1
1,0.7356553,1
0,0.69035983,1
1,0.66123265,1
1,0.7216599,1
0,0.78442883,1
1,0.7835215,1
1,0.6985238,1
1,0.7770417,1
1,0.71094584,1
1,0.6777847,1
1,0.80582047,1
1,0.52269495,1
1,0.5986987,1
0,0.7289614,1
1,0.62349695,1
1,0.62831074,1
1,0.5444611,1
1,0.7742051,1
0,0.2736759,0
0,0.14218827,0
0,0.31464925,0
0,0.5736014,1
1,0.7199149,1
1,0.7369603,1
1,0.8206798,1
0,0.8077025,1
1,0.8157601,1
1,0.7799836,1
0,0.7941598,1
0,0.6006786,1
1,0.607756,1
1,0.6789805,1
1,0.6992976,1
1,0.71932656,1
1,0.7775287,1
0,0.7560387,1
0,0.7672555,1
1,0.67402816,1
1,0.5776504,1
1,0.81645155,1
0,0.8786929,1
1,0.8896017,1
0,0.78358775,1
0,0.6533189,1
0,0.7354081,1
1,0.7139405,1
1,0.77746475,1
1,0.6348239,1
0,0.3560894,0
0,0.4312737,0
0,0.3535327,0
0,0.66225135,1
1,0.54490465,1
1,0.51611334,1
1,0.83734554,1
0,0.4924551,0
1,0.5205739,1
1,0.6768818,1
1,0.56947976,1
1,0.26542202,0
1,0.407924,0
1,0.3335784,0
0,0.4338518,0
0,0.3296661,0
1,0.6461128,1
1,0.6470832,1
0,0.65599614,1
1,0.285808,0
1,0.38107172,0
0,0.5352697,1
1,0.6484695,1
1,0.6597352,1
1,0.6461574,1
0,0.7589908,1
1,0.7296666,1
1,0.6548718,1
1,0.80713505,1
1,0.5771172,1
0,0.6206279,1
1,0.5120496,1
1,0.53839564,1
0,0.5225762,1
0,0.837012,1
1,0.79851246,1
1,0.83022857,1
1,0.8169647,1
0,0.46541023,0
0,0.69073594,1
1,0.86482865,1
1,0.7958835,1
0,0.79667753,1
1,0.8700484,1
1,0.69229484,1
0,0.74320394,1
0,0.7777339,1
0,0.7286076,1
0,0.69418764,1
1,0.7065302,1
1,0.7198015,1
1,0.76833826,1
0,0.75174445,1
0,0.67316484,1
1,0.75070775,1
1,0.70500606,1
0,0.74798036,1
1,0.73956966,1
0,0.7309126,1
1,0.66162056,1
0,0.85674185,1
0,0.8691155,1
0,0.62960774,1
0,0.6077526,1
1,0.5558363,1
0,0.5549176,1
0,0.85886055,1
1,0.8464671,1
1,0.67070335,1
1,0.69856066,1
0,0.6269987,1
0,0.3935714,0
0,0.6391603,1
1,0.81943554,1
0,0.86785036,1
1,0.817942,1
1,0.8470424,1
1,0.25907353,0
0,0.5288267,1
0,0.7375278,1
1,0.6226147,1
1,0.68070763,1
1,0.6372412,1
1,0.72454953,1
1,0.7790184,1
1,0.35581803,0
0,0.53222346,1
0,0.34404823,0
0,0.7195368,1
1,0.76551646,1
1,0.7277873,1
1,0.8072898,1
1,0.7894774,1
1,0.6929916,1
1,0.67700064,1
1,0.78199124,1
1,0.7104949,1
1,0.7080196,1
1,0.7717527,1
1,0.656015,1
0,0.68378925,1
1,0.5715657,1
1,0.6548795,1
1,0.71373934,1
1,0.86081487,1
1,0.8795083,1
0,0.6591273,1
0,0.7917006,1
0,0.831468,1
1,0.7709665,1
1,0.79049975,1
1,0.8626332,1
1,0.801776,1
1,0.79199517,1
1,0.7693315,1
0,0.7757575,1
1,0.5408907,1
1,0.76323795,1
1,0.68748367,1
1,0.7906911,1
1,0.6991384,1
0,0.5220754,1
0,0.72960633,1
1,0.73166835,1
1,0.739441,1
1,0.74701816,1
1,0.71636647,1
1,0.72810143,1
1,0.8639806,1
0,0.7907843,1
1,0.8375295,1
1,0.86584604,1
1,0.85641545,1
0,0.8706283,1
0,0.8178674,1
0,0.712399,1
0,0.67208475,1
1,0.7953873,1
0,0.71127456,1
1,0.79336524,1
1,0.799294,1
1,0.70120186,1
0,0.6279023,1
1,0.7519598,1
1,0.7297246,1
0,0.72355396,1
1,0.8366679,1
1,0.8469773,1
1,0.85166717,1
0,0.82618296,1
0,0.3706794,0
1,0.8377169,1
1,0.7088699,1
0,0.8182772,1
1,0.7836362,1
1,0.8183225,1
0,0.7553585,1
1,0.7104147,1
0,0.54297423,1
1,0.5117046,1
1,0.79089993,1
0,0.7316459,1
1,0.7988709,1
1,0.6723308,1
0,0.20575923,0
0,0.73251235,1
0,0.31700537,0
0,0.6869566,1
0,0.34823284,0
0,0.20012034,0
0,0.13264193,0
0,0.33328864,0
0,0.47204736,0
0,0.44223028,0
1,0.34219384,0
1,0.712712,1
1,0.1595016,0
0,0.41865352,0
1,0.53355443,1
0,0.7922135,1
0,0.54124314,1
1,0.75369716,1
1,0.7932904,1
1,0.7039989,1
0,0.86987936,1
1,0.85646755,1
0,0.57928854,1
1,0.63834393,1
1,0.6554317,1
1,0.8460998,1
1,0.80699366,1
1,0.83053064,1
0,0.67376506,1
1,0.81850636,1
1,0.7973892,1
1,0.6809448,1
0,0.6296935,1
1,0.66358745,1
1,0.690318,1
0,0.68808675,1
0,0.23467699,0
1,0.27172264,0
0,0.30288887,0
0,0.12745516,0
0,0.122294866,0
0,0.16980761,0
1,0.24755666,0
1,0.59146035,1
1,0.67431486,1
1,0.22486581,0
1,0.17177464,0
0,0.11241429,0
1,0.57018715,1
1,0.92812306,1
1,0.98034406,1
1,0.16659212,0
0,0.44417748,0
0,0.6191172,1
1,0.7592735,1
1,0.6024326,1
1,0.775344,1
1,0.47267613,0
0,0.29673243,0
0,0.39862138,0
0,0.28731757,0
0,0.39315653,0
0,0.35624108,0
0,0.48713166,0
1,0.47449014,0
1,0.8466628,1
1,0.8402009,1
0,0.85375255,1
1,0.6847932,1
1,0.772382,1
1,0.7185451,1
1,0.81807685,1
1,0.8773682,1
1,0.74387056,1
0,0.7857844,1
1,0.7921402,1
1,0.86508447,1
1,0.68119895,1
1,0.3377701,0
0,0.6152029,1
0,0.36050838,0
0,0.36580825,0
0,0.28243312,0
0,0.3635158,0
0,0.25098014,0
1,0.64313996,1
1,0.69913995,1
1,0.7696918,1
1,0.6562611,1
1,0.7310445,1
0,0.3195485,0
1,0.61867756,1
1,0.59540933,1
1,0.74902344,1
1,0.74611384,1
0,0.7470424,1
1,0.6672451,1
1,0.69896734,1
1,0.56670415,1
1,0.6137279,1
1,0.5971933,1
1,0.5464565,1
1,0.3845245,0
1,0.3925491,0
1,0.40185925,0
1,0.68614256,1
1,0.5608237,1
1,0.5958629,1
1,0.5845785,1
1,0.725902,1
1,0.6868318,1
0,0.64172053,1
0,0.6208237,1
1,0.6880886,1
1,0.6904558,1
1,0.672747,1
0,0.66425234,1
0,0.6700434,1
0,0.6730509,1
0,0.5495179,1
0,0.47749546,0
0,0.7373042,1
0,0.6553819,1
0,0.67153955,1
0,0.66773605,1
0,0.06716936,0
1,0.67653173,1
1,0.78012323,1
1,0.8440732,1
1,0.84304816,1
1,0.8031505,1
1,0.84643054,1
1,0.87098366,1
1,0.8225744,1
0,0.46907443,0
0,0.86985207,1
1,0.83698493,1
1,0.7842732,1
1,0.83970064,1
1,0.8505226,1
0,0.80436474,1
1,0.8202163,1
0,0.821581,1
1,0.59609973,1
1,0.44965476,0
1,0.633265,1
1,0.6412607,1
1,0.79924023,1
1,0.73042434,1
1,0.650795,1
1,0.780121,1
1,0.63937765,1
1,0.7596826,1
1,0.76679665,1
1,0.75184834,1
1,0.6949595,1
1,0.6975521,1
1,0.80039626,1
1,0.70485854,1
1,0.6803312,1
0,0.74780846,1
1,0.7073905,1
1,0.32446063,0
0,0.22685552,0
0,0.254174,0
0,0.65223813,1
1,0.630238,1
0,0.3326703,0
0,0.31697318,0
0,0.27137554,0
0,0.27838582,0
0,0.05700856,0
0,0.29828376,0
0,0.05961908,0
1,0.3580202,0
1,0.44732404,0
1,0.7975043,1
1,0.77758956,1
1,0.43263227,0
1,0.63180864,1
1,0.61712414,1
1,0.7205817,1
1,0.2974492,0
0,0.2706582,0
0,0.23543999,0
0,0.28029907,0
0,0.1762371,0
1,0.35196006,0
1,0.7389494,1
1,0.7404295,1
0,0.8113115,1
0,0.81020504,1
0,0.7021056,1
1,0.5463828,1
0,0.27832878,0
0,0.30288696,0
1,0.28444374,0
1,0.23952165,0
0,0.17776226,0
1,0.71419877,1
1,0.74061084,1
1,0.6029558,1
1,0.6954909,1
1,0.24477153,0
0,0.13922334,0
0,0.11940494,0
0,0.08975511,0
1,0.1685151,0
0,0.2086128,0
0,0.18966623,0
0,0.53634983,1
0,0.20673805,0
1,0.15134527,0
0,0.20923503,0
0,0.538093,1
0,0.15917888,0
1,0.88035095,1
1,0.15581207,0
0,0.15638767,0
1,0.61161065,1
1,0.48835036,0
0,0.10140626,0
0,0.30469278,0
1,0.4523898,0
0,0.23958027,0
0,0.36123472,0
1,0.2796788,0
1,0.27634704,0
0,0.7163327,1
0,0.52780026,1
0,0.3382459,0
1,0.72539717,1
1,0.5908919,1
1,0.24385221,0
0,0.3237466,0
1,0.64433473,1
0,0.50337213,1
0,0.2590855,0
1,0.76604515,1
1,0.7851892,1
0,0.38562903,0
0,0.26837552,0
0,0.2770809,0
1,0.9550917,1
0,0.6588736,1
0,0.76329917,1
0,0.74824876,1
0,0.7393946,1
1,0.70547795,1
1,0.2693744,0
1,0.5625311,1
0,0.26406473,0
0,0.4795733,0
1,0.74599165,1
0,0.7549854,1
1,0.8229934,1
1,0.89862895,1
0,0.88635594,1
1,0.8720436,1
1,0.87619805,1
1,0.8165762,1
1,0.8090801,1
1,0.8689883,1
1,0.87143064,1
1,0.8714923,1
1,0.73673576,1
1,0.8333449,1
1,0.8934997,1
1,0.85541284,1
1,0.7977686,1
1,0.8411717,1
0,0.7970953,1
1,0.8562165,1
1,0.7674096,1
1,0.79671484,1
1,0.8757388,1
1,0.8184228,1
0,0.68304473,1
1,0.7509024,1
1,0.85028833,1
1,0.84948874,1
1,0.7548854,1
1,0.82740504,1
1,0.86302096,1
0,0.8543906,1
1,0.80562055,1
1,0.82996505,1
1,0.8570008,1
1,0.83418036,1
1,0.8462656,1
1,0.8140612,1
1,0.78496754,1
1,0.8430911,1
0,0.7991486,1
0,0.82325846,1
1,0.7933634,1
0,0.8095757,1
1,0.7308139,1
1,0.8834925,1
0,0.8586465,1
1,0.8214769,1
0,0.7603765,1
1,0.8106345,1
1,0.8261284,1
1,0.8590072,1
1,0.8464975,1
1,0.84753376,1
1,0.8325066,1
1,0.7909205,1
1,0.6161875,1
1,0.8520712,1
1,0.63385105,1
0,0.6586503,1
1,0.399953,0
0,0.5840739,1
0,0.47818837,0
0,0.8522009,1
1,0.8901685,1
1,0.81214935,1
1,0.71694344,1
0,0.65659225,1
0,0.64825535,1
0,0.7667063,1
0,0.77381486,1
0,0.74177504,1
1,0.7958014,1
1,0.743534,1
1,0.77143,1
0,0.6391637,1
1,0.635599,1
1,0.65928787,1
1,0.5398826,1
1,0.58596784,1
1,0.28454307,0
0,0.38712463,0
0,0.4258763,0
0,0.30474746,0
0,0.57519317,1
1,0.7619963,1
1,0.7333355,1
1,0.7858608,1
1,0.69747037,1
0,0.43074158,0
1,0.46834594,0
0,0.65149766,1
1,0.48016602,0
1,0.32816246,0
1,0.7244889,1
1,0.7724042,1
1,0.92206216,1
1,0.8809551,1
1,0.81183606,1
1,0.83488613,1
0,0.89077073,1
0,0.90892303,1
1,0.90651983,1
1,0.8630758,1
1,0.80840003,1
1,0.6979667,1
0,0.054882143,0
0,0.14979006,0
1,0.2046979,0
1,0.12347846,0
1,0.19090049,0
0,0.08832263,0
1,0.918682,1
1,0.20276564,0
0,0.28239664,0
1,0.6374144,1
1,0.6894317,1
1,0.7766674,1
1,0.8286886,1
1,0.82333744,1
1,0.9503993,1
1,0.8314248,1
1,0.6687904,1
1,0.75652015,1
1,0.8561627,1
1,0.76646096,1
1,0.8651895,1
1,0.40267083,0
1,0.107500575,0
1,0.6271338,1
0,0.661138,1
1,0.71393234,1
1,0.73404485,1
1,0.69366896,1
1,0.78393793,1
1,0.69535774,1
0,0.7365992,1
1,0.5946246,1
0,0.58110934,1
0,0.68613803,1
0,0.6265355,1
1,0.82513195,1
1,0.74669105,1
1,0.7522434,1
1,0.7361243,1
0,0.7274328,1
1,0.7560468,1
1,0.79249966,1
0,0.78792536,1
0,0.83654606,1
1,0.760942,1
0,0.71011966,1
1,0.72436184,1
0,0.74697536,1
1,0.7755555,1
1,0.7205582,1
1,0.7751114,1
1,0.68940926,1
0,0.7170843,1
1,0.7233671,1
1,0.71531624,1
1,0.8150775,1
1,0.7916136,1
0,0.67720044,1
1,0.7697877,1
1,0.47252348,0
0,0.8217124,1
0,0.6872823,1
0,0.81979036,1
0,0.784899,1
1,0.7859388,1
1,0.7874812,1
1,0.7829507,1
1,0.44695514,0
1,0.48723048,0
1,0.65291256,1
1,0.6990726,1
1,0.7274034,1
1,0.7106035,1
1,0.8172215,1
1,0.8202927,1
0,0.8323585,1
0,0.81933343,1
0,0.8040296,1
1,0.8186045,1
1,0.76852703,1
1,0.74847525,1
1,0.75312185,1
1,0.796376,1
0,0.76183677,1
1,0.767512,1
0,0.8129928,1
1,0.8185884,1
1,0.37180284,0
0,0.13839307,0
0,0.11575118,0
0,0.21095766,0
0,0.3005173,0
1,0.97434604,1
1,0.85209835,1
1,0.7503512,1
1,0.7885384,1
1,0.7932294,1
1,0.7267566,1
1,0.7871707,1
1,0.772209,1
1,0.77050185,1
1,0.72788715,1
1,0.7624857,1
1,0.8294688,1
0,0.8649347,1
0,0.8605604,1
1,0.84233814,1
1,0.91890234,1
1,0.7720758,1
1,0.8891834,1
1,0.71011376,1
1,0.8512035,1
1,0.8895547,1
1,0.8058894,1
1,0.81483203,1
0,0.7982578,1
1,0.7977349,1
1,0.7765613,1
1,0.83550924,1
0,0.7381633,1
1,0.7405892,1
1,0.75262386,1
0,0.8385102,1
1,0.8533216,1
1,0.9084733,1
1,0.84657955,1
1,0.85937977,1
1,0.8887363,1
1,0.54739803,1
0,0.27355927,0
1,0.07846051,0
1,0.5941044,1
0,0.6315974,1
0,0.66513497,1
0,0.77995384,1
1,0.7225291,1
0,0.53497046,1
0,0.4637786,0
0,0.24687253,0
0,0.33243516,0
0,0.51006323,1
0,0.3436499,0
1,0.43078175,0
1,0.4966264,0
0,0.17481884,0
0,0.5724489,1
0,0.5746601,1
0,0.26645693,0
0,0.081364,0
0,0.47639504,0
0,0.5049457,1
1,0.5904268,1
1,0.7742751,1
1,0.7326856,1
0,0.6642757,1
0,0.60526717,1
0,0.68477404,1
1,0.597607,1
1,0.6400458,1
1,0.5322599,1
0,0.62069076,1
0,0.6210945,1
1,0.55251116,1
1,0.73124886,1
1,0.7064826,1
1,0.6981393,1
0,0.73925495,1
1,0.7926842,1
1,0.74657595,1
1,0.7110421,1
0,0.64285314,1
0,0.56306493,1
1,0.50483805,1
1,0.6762087,1
1,0.87387323,1
1,0.81374884,1
1,0.5966417,1
0,0.52139604,1
1,0.6699742,1
1,0.67810345,1
0,0.7537762,1
0,0.665991,1
0,0.67587984,1
0,0.6798964,1
0,0.53687084,1
0,0.8505111,1
1,0.79370606,1
1,0.6969131,1
1,0.78344506,1
0,0.6766154,1
0,0.76752055,1
0,0.78578466,1
0,0.7555395,1
0,0.73808473,1
1,0.8130755,1
0,0.7906978,1
0,0.7262592,1
0,0.80874974,1
0,0.69905186,1
0,0.7259504,1
1,0.5919199,1
1,0.7152194,1
1,0.70646155,1
0,0.6811978,1
1,0.73741084,1
1,0.72884077,1
1,0.8582038,1
1,0.95544636,1
1,0.6848116,1
1,0.80627805,1
1,0.8469354,1
1,0.6774966,1
1,0.6628458,1
1,0.6078047,1
0,0.3859461,0
1,0.6997431,1
0,0.6370195,1
0,0.7796473,1
0,0.6990592,1
1,0.77383715,1
1,0.7845682,1
1,0.56170535,1
1,0.8582086,1
0,0.7045988,1
0,0.7485077,1
0,0.79081863,1
0,0.87264574,1
0,0.87822175,1
1,0.8523572,1
1,0.8910795,1
1,0.6936242,1
1,0.7977173,1
0,0.80944,1
1,0.9008776,1
1,0.9253773,1
1,0.92963696,1
1,0.8591314,1
1,0.7985073,1
1,0.827302,1
1,0.87335974,1
1,0.89932513,1
1,0.7982017,1
1,0.8501501,1
1,0.8078462,1
0,0.88928986,1
1,0.8413885,1
1,0.8248563,1
1,0.7696686,1
1,0.85399806,1
1,0.8369532,1
1,0.86454374,1
1,0.87871116,1
1,0.76232374,1
1,0.816424,1
1,0.8792799,1
0,0.88320297,1
0,0.7923092,1
0,0.9080568,1
0,0.87143755,1
1,0.85358375,1
1,0.9388053,1
1,0.8934581,1
1,0.8765714,1
1,0.8272396,1
0,0.85489225,1
1,0.8070588,1
0,0.7699173,1
1,0.83131593,1
1,0.75139403,1
1,0.72982013,1
1,0.87369955,1
1,0.6775369,1
1,0.7468065,1
1,0.787744,1
1,0.53512514,1
1,0.87775666,1
1,0.785458,1
1,0.63365215,1
1,0.7708909,1
0,0.68573487,1
0,0.83655083,1
1,0.745889,1
1,0.74511606,1
1,0.76953566,1
1,0.83284664,1
0,0.69158125,1
0,0.5245156,1
0,0.4009601,0
0,0.7564254,1
1,0.8303971,1
1,0.7944535,1
1,0.8041261,1
1,0.5814542,1
0,0.52588505,1
1,0.6096591,1
1,0.31884727,0
0,0.69345576,1
0,0.20287617,0
1,0.7398616,1
1,0.64768326,1
1,0.7706009,1
1,0.7926206,1
1,0.6227539,1
1,0.45542055,0
0,0.11514396,0
1,0.2863176,0
0,0.07720044,0
1,0.357795,0
1,0.6667613,1
1,0.08646682,0
0,0.08700817,0
1,0.39006788,0
1,0.09184239,0
1,0.74288046,1
1,0.78922975,1
0,0.7777617,1
0,0.8827639,1
0,0.71243006,1
0,0.8214746,1
0,0.821187,1
0,0.8615034,1
0,0.8615726,1
1,0.8463594,1
1,0.8492655,1
0,0.81469953,1
1,0.91894716,1
1,0.67725426,1
1,0.29977,0
0,0.18573044,0
1,0.22161298,0
1,0.18971568,0
0,0.34054977,0
0,0.33827123,0
0,0.3303445,0
1,0.96570057,1
1,0.90744615,1
1,0.40670896,0
0,0.268744,0
0,0.22764695,0
0,0.41703835,0
1,0.33604684,0
1,0.29332516,0
1,0.39459282,0
1,0.84107715,1
1,0.8965571,1
1,0.65087533,1
1,0.8201085,1
1,0.34037894,0
0,0.7216486,1
1,0.86264396,1
0,0.69465864,1
0,0.7891547,1
1,0.61260164,1
0,0.82010835,1
1,0.3765797,0
1,0.75919825,1
1,0.73097783,1
1,0.7853755,1
1,0.65015477,1
1,0.72956777,1
1,0.76440203,1
1,0.7417992,1
0,0.7736299,1
0,0.830744,1
0,0.80764365,1
0,0.8445233,1
0,0.7871751,1
0,0.16840805,0
0,0.16026835,0
0,0.22170517,0
0,0.5957999,1
1,0.63045734,1
1,0.6496991,1
0,0.35651794,0
1,0.65535754,1
0,0.62588775,1
1,0.31986418,0
1,0.6420602,1
0,0.33239856,0
0,0.26598197,0
0,0.24828148,0
0,0.35032824,0
0,0.30045742,0
0,0.6258703,1
0,0.25258794,0
1,0.22214226,0
0,0.10548286,0
1,0.13210173,0
0,0.17586718,0
0,0.39596862,0
0,0.14068046,0
1,0.20663096,0
0,0.6380819,1
0,0.33401316,0
1,0.887091,1
1,0.88646954,1
1,0.30796897,0
0,0.3308335,0
0,0.26009974,0
0,0.2867847,0
0,0.29428503,0
0,0.734194,1
0,0.28413242,0
0,0.24207543,0
0,0.26624134,0
0,0.25058988,0
1,0.17909802,0
0,0.24819142,0
1,0.91186035,1
1,0.9206353,1
1,0.833643,1
1,0.7808127,1
1,0.91740054,1
1,0.8316743,1
1,0.82714576,1
1,0.9125271,1
1,0.8359387,1
0,0.64148045,1
1,0.5658853,1
0,0.36434513,0
1,0.6265227,1
0,0.5160562,1
0,0.43190724,0
0,0.45253262,0
0,0.748647,1
1,0.77432126,1
1,0.8150632,1
1,0.8035583,1
1,0.72006243,1
1,0.7361735,1
0,0.7726544,1
1,0.7809785,1
1,0.67041147,1
1,0.7557013,1
1,0.8241741,1
1,0.72542053,1
1,0.7762475,1
0,0.81964296,1
1,0.79470944,1
1,0.75890017,1
0,0.7421043,1
1,0.772979,1
1,0.8317907,1
1,0.71377826,1
1,0.68986875,1
1,0.78385186,1
0,0.72402626,1
1,0.7390713,1
1,0.8575326,1
0,0.71167856,1
1,0.81822675,1
1,0.8079022,1
1,0.7322383,1
1,0.82423687,1
1,0.8039722,1
1,0.77715373,1
1,0.70871186,1
0,0.7510232,1
1,0.8009126,1
1,0.7529417,1
1,0.74604344,1
1,0.713231,1
1,0.78830653,1
1,0.77903914,1
1,0.7499004,1
1,0.7385593,1
1,0.85693693,1
0,0.7948278,1
1,0.8302985,1
0,0.69463956,1
1,0.8523151,1
1,0.79030734,1
1,0.81359476,1
0,0.7807313,1
1,0.78693277,1
1,0.8072516,1
1,0.7291302,1
1,0.8196581,1
1,0.8079954,1
1,0.8699309,1
0,0.8288518,1
1,0.8925583,1
1,0.7159865,1
0,0.84346783,1
0,0.8486177,1
1,0.82300913,1
1,0.86206996,1
1,0.48029953,0
1,0.25007537,0
0,0.21036747,0
1,0.8564574,1
0,0.59909445,1
0,0.686267,1
1,0.8167018,1
1,0.8067674,1
1,0.72875494,1
1,0.81976503,1
0,0.13835852,0
1,0.48007408,0
1,0.52259904,1
0,0.7500761,1
1,0.6918332,1
1,0.45655528,0
0,0.23088843,0
1,0.6160334,1
1,0.70635563,1
0,0.20013613,0
1,0.10640127,0
1,0.48070532,0
1,0.7128695,1
1,0.28135407,0
1,0.6863275,1
0,0.45164526,0
1,0.49419615,0
1,0.53353286,1
0,0.63550746,1
1,0.79815215,1
1,0.7640533,1
1,0.8500389,1
1,0.8772193,1
0,0.82419354,1
0,0.8610643,1
1,0.7772797,1
1,0.8771122,1
1,0.86936074,1
1,0.82524097,1
1,0.76369387,1
1,0.88175935,1
1,0.89482266,1
1,0.7473358,1
1,0.84572643,1
1,0.7874969,1
1,0.7708265,1
1,0.76091313,1
1,0.76218754,1
1,0.667855,1
0,0.6890957,1
1,0.78236204,1
0,0.6307404,1
1,0.75925636,1
0,0.6952882,1
0,0.721918,1
1,0.5163858,1
1,0.55765516,1
0,0.63066065,1
0,0.57037014,1
1,0.58737344,1
1,0.7551972,1
1,0.5803377,1
1,0.43857315,0
1,0.71872705,1
0,0.7424126,1
0,0.715923,1
1,0.7621147,1
0,0.741737,1
0,0.77343553,1
1,0.79320854,1
0,0.7737817,1
1,0.68778646,1
1,0.7324679,1
1,0.7514569,1
0,0.72997594,1
1,0.77119637,1
1,0.78251135,1
0,0.70759314,1
1,0.8034456,1
0,0.74641174,1
1,0.7816477,1
1,0.56047344,1
0,0.27698842,0
0,0.69873244,1
0,0.7573837,1
1,0.36729515,0
0,0.75861406,1
1,0.6422484,1
1,0.755611,1
1,0.66061956,1
1,0.7463303,1
1,0.75135595,1
1,0.37501833,0
1,0.64396316,1
0,0.6569205,1
0,0.53308034,1
1,0.65794116,1
0,0.7879296,1
1,0.76619095,1
1,0.8295283,1
1,0.80694103,1
1,0.8411354,1
1,0.81724197,1
1,0.7135834,1
1,0.8301313,1
0,0.7860283,1
0,0.66585046,1
0,0.6812838,1
0,0.66020143,1
0,0.713577,1
1,0.74811345,1
0,0.68811774,1
1,0.70735586,1
1,0.78523976,1
1,0.746137,1
1,0.57295996,1
0,0.6743097,1
1,0.6189446,1
1,0.6011049,1
0,0.619065,1
1,0.60914654,1
0,0.60162526,1
0,0.7942687,1
1,0.7382924,1
0,0.6591463,1
1,0.64907783,1
1,0.6282614,1
1,0.64635634,1
1,0.6624305,1
0,0.57844234,1
0,0.6165618,1
0,0.46635845,0
0,0.7260078,1
0,0.7443917,1
0,0.5745355,1
1,0.5801547,1
1,0.54358006,1
1,0.5784076,1
1,0.6673799,1
0,0.39556396,0
1,0.46352968,0
1,0.5614513,1
0,0.13317107,0
0,0.13307747,0
0,0.10249541,0
0,0.14481121,0
1,0.3384846,0
0,0.64797336,1
0,0.78268725,1
1,0.79786414,1
1,0.65956736,1
0,0.4152315,0
0,0.5578307,1
1,0.6766123,1
1,0.8406369,1
1,0.5952313,1
1,0.78857493,1
1,0.6542772,1
1,0.83579344,1
1,0.7594798,1
1,0.76502144,1
1,0.7899455,1
0,0.84707606,1
0,0.8287628,1
1,0.8489928,1
0,0.67984825,1
1,0.48226035,0
0,0.63347816,1
1,0.68866634,1
0,0.8431361,1
1,0.79421407,1
1,0.8555509,1
1,0.8310776,1
0,0.82708347,1
0,0.77122575,1
1,0.7146635,1
1,0.80824417,1
1,0.83530855,1
0,0.82743376,1
1,0.83728445,1
1,0.66408473,1
1,0.83426243,1
1,0.82411337,1
1,0.83233505,1
0,0.39425415,0
0,0.28025737,0
1,0.5528775,1
1,0.68021405,1
1,0.77473813,1
1,0.7618266,1
1,0.7441751,1
1,0.7930477,1
0,0.7438287,1
0,0.73431486,1
0,0.7827186,1
0,0.8058358,1
1,0.79332334,1
1,0.86320794,1
1,0.8269396,1
1,0.81230766,1
1,0.8540932,1
1,0.77845705,1
0,0.45954832,0
1,0.77012134,1
1,0.57946557,1
0,0.3439859,0
1,0.624757,1
1,0.66174656,1
1,0.30395812,0
0,0.42453024,0
1,0.6131181,1
0,0.41758475,0
1,0.6183736,1
0,0.4394834,0
0,0.3370076,0
0,0.20345181,0
0,0.6349835,1
0,0.41899875,0
0,0.30093095,0
1,0.20116672,0
0,0.38431352,0
0,0.6103329,1
1,0.3760985,0
0,0.30678535,0
0,0.31199068,0
0,0.4051046,0
0,0.47207996,0
0,0.39782327,0
0,0.2852788,0
0,0.30553648,0
0,0.21823394,0
1,0.37207296,0
1,0.40328744,0
0,0.26938942,0
1,0.6755963,1
1,0.32783332,0
0,0.6721589,1
0,0.42712152,0
1,0.35195613,0
0,0.56824803,1
1,0.34243688,0
1,0.6216483,1
1,0.65652233,1
1,0.72281927,1
0,0.77976894,1
1,0.83502114,1
1,0.77255034,1
1,0.736521,1
1,0.70170546,1
1,0.6791695,1
1,0.6099937,1
1,0.7265613,1
1,0.47142366,0
0,0.2601735,0
1,0.41096634,0
1,0.59454954,1
0,0.6827241,1
0,0.6786117,1
1,0.3186883,0
1,0.6080684,1
1,0.3387549,0
1,0.3478709,0
0,0.8806395,1
1,0.8302049,1
1,0.881866,1
1,0.822964,1
1,0.8658468,1
1,0.9003706,1
1,0.8306397,1
1,0.7927614,1
1,0.78543234,1
1,0.8732661,1
1,0.906508,1
1,0.78243643,1
1,0.85536456,1
1,0.8322623,1
0,0.88506764,1
0,0.92250305,1
0,0.8575198,1
1,0.86100227,1
1,0.8157355,1
0,0.8678799,1
1,0.8313754,1
1,0.9257676,1
1,0.8694021,1
1,0.9136072,1
1,0.9541093,1
1,0.9000131,1
0,0.9113139,1
1,0.9160082,1
1,0.88945013,1
1,0.8228708,1
0,0.8920958,1
0,0.87235916,1
0,0.92909586,1
0,0.8871736,1
1,0.8660875,1
1,0.77516955,1
1,0.79292035,1
1,0.7903429,1
1,0.8513683,1
1,0.7871777,1
1,0.8440197,1
1,0.81158406,1
0,0.4809685,0
0,0.63533145,1
1,0.81218207,1
1,0.8351256,1
1,0.77828574,1
1,0.8283596,1
1,0.7003948,1
1,0.83485633,1
1,0.7215612,1
0,0.70645386,1
1,0.7377959,1
0,0.7981368,1
1,0.8283731,1
1,0.8490949,1
1,0.776909,1
1,0.7734716,1
1,0.7481833,1
1,0.7764276,1
0,0.8343219,1
1,0.7611197,1
0,0.834579,1
1,0.7350067,1
0,0.69406265,1
1,0.73876774,1
1,0.79763323,1
0,0.72980237,1
1,0.77197105,1
1,0.73643845,1
1,0.8400158,1
1,0.83745825,1
1,0.7001028,1
1,0.85176885,1
0,0.7621966,1
1,0.90928245,1
1,0.7522776,1
1,0.70192295,1
1,0.86471426,1
1,0.7608934,1
1,0.80359614,1
1,0.7835594,1
0,0.6224791,1
1,0.7490277,1
1,0.6302934,1
1,0.70294607,1
1,0.7873978,1
1,0.82783616,1
1,0.8245473,1
0,0.6528329,1
1,0.72824067,1
1,0.69812876,1
1,0.7276675,1
1,0.7111278,1
0,0.6604762,1
0,0.7229258,1
1,0.77469283,1
1,0.73192036,1
1,0.7196695,1
1,0.7924856,1
1,0.79098094,1
1,0.8226218,1
1,0.7230678,1
1,0.7747874,1
1,0.7043351,1
1,0.7879674,1
0,0.83692014,1
1,0.7872006,1
1,0.71564656,1
1,0.74515647,1
1,0.8364094,1
0,0.86593145,1
0,0.8025692,1
1,0.7334579,1
1,0.7847784,1
1,0.9031926,1
0,0.8614658,1
1,0.7459232,1
1,0.8321731,1
1,0.8311002,1
1,0.811986,1
1,0.79143196,1
1,0.8168634,1
0,0.81531847,1
0,0.6772888,1
0,0.8455835,1
1,0.74379706,1
1,0.7055883,1
0,0.84771484,1
1,0.8253253,1
1,0.67379975,1
1,0.8351141,1
1,0.9187061,1
1,0.82236433,1
1,0.78690654,1
1,0.82673866,1
1,0.88663286,1
1,0.8131121,1
1,0.8484865,1
1,0.775597,1
1,0.7774254,1
0,0.76899725,1
1,0.8088864,1
1,0.80164826,1
0,0.7229914,1
1,0.7771754,1
1,0.8063447,1
0,0.8005988,1
0,0.81067616,1
1,0.8537596,1
1,0.6204808,1
1,0.8052268,1
1,0.86388105,1
0,0.85421634,1
1,0.85798895,1
1,0.83640677,1
0,0.85304457,1
0,0.8188518,1
0,0.84782535,1
1,0.78744704,1
1,0.8060359,1
1,0.697378,1
1,0.8222685,1
0,0.46700317,0
1,0.77577156,1
1,0.8265027,1
0,0.8050517,1
1,0.76435286,1
1,0.7430176,1
0,0.82744706,1
1,0.72807175,1
1,0.55401176,1
1,0.80624187,1
1,0.6480118,1
0,0.8061533,1
1,0.8041975,1
0,0.804596,1
1,0.81039315,1
1,0.7884814,1
0,0.797239,1
1,0.80817175,1
1,0.8113968,1
1,0.8956945,1
0,0.5686666,1
0,0.77893656,1
1,0.81407547,1
1,0.8427764,1
1,0.8283952,1
1,0.7237739,1
1,0.85458475,1
0,0.809268,1
0,0.8001828,1
1,0.77986103,1
1,0.7244122,1
1,0.7455889,1
1,0.8107959,1
1,0.8423257,1
1,0.8267237,1
1,0.48262393,0
1,0.7848802,1
1,0.63975495,1
1,0.7017718,1
1,0.58506596,1
1,0.7562827,1
1,0.8197319,1
1,0.6529689,1
1,0.8118426,1
1,0.80136824,1
1,0.65438014,1
0,0.77622336,1
1,0.77244335,1
1,0.57362276,1
1,0.7623442,1
0,0.8237167,1
1,0.85468966,1
1,0.83557796,1
1,0.73499066,1
0,0.85078007,1
0,0.75361115,1
0,0.5214406,1
1,0.7646384,1
1,0.787993,1
1,0.6889475,1
0,0.8642391,1
1,0.70205486,1
1,0.8407849,1
0,0.042174608,0
1,0.79188854,1
0,0.73327535,1
0,0.78072584,1
1,0.7104537,1
1,0.7803886,1
1,0.7959632,1
0,0.6944143,1
0,0.80603695,1
1,0.8092741,1
1,0.7496651,1
0,0.740537,1
0,0.7372782,1
0,0.77311856,1
1,0.77788496,1
1,0.7176903,1
1,0.67010945,1
1,0.7324794,1
1,0.6684762,1
1,0.67455596,1
1,0.721194,1
1,0.7037907,1
1,0.66566133,1
1,0.7048985,1
1,0.6592167,1
1,0.7331232,1
1,0.7867929,1
1,0.7596137,1
1,0.7869009,1
0,0.74225867,1
1,0.7864186,1
1,0.7534023,1
1,0.7049165,1
1,0.7059036,1
1,0.83359456,1
1,0.9078115,1
1,0.7204484,1
1,0.802043,1
0,0.6994418,1
0,0.74832696,1
1,0.8009964,1
1,0.81152546,1
0,0.7473203,1
1,0.7545677,1
0,0.8218785,1
1,0.80937994,1
0,0.28215203,0
0,0.5575751,1
1,0.44929975,0
1,0.6641805,1
1,0.7216481,1
0,0.7472744,1
0,0.73699653,1
1,0.80296266,1
1,0.73407906,1
0,0.8320555,1
1,0.83999914,1
1,0.8361335,1
1,0.8240892,1
0,0.215469,0
0,0.11635039,0
0,0.39922917,0
1,0.25980297,0
0,0.6106189,1
0,0.61127466,1
0,0.36266807,0
0,0.56917095,1
0,0.7361349,1
1,0.8229324,1
0,0.72518325,1
1,0.56917125,1
1,0.5846269,1
1,0.7737798,1
1,0.6991118,1
0,0.6625247,1
1,0.73845863,1
0,0.7185396,1
1,0.7869665,1
1,0.68831533,1
0,0.7804274,1
0,0.78920394,1
1,0.6685134,1
1,0.44532946,0
1,0.7194508,1
1,0.7657839,1
1,0.8451764,1
1,0.76164436,1
0,0.50198597,1
0,0.7150902,1
0,0.7639324,1
0,0.83438224,1
0,0.7509746,1
0,0.8002914,1
0,0.9007452,1
1,0.84866476,1
1,0.828839,1
1,0.85995716,1
0,0.8217978,1
1,0.6981826,1
1,0.5816804,1
0,0.68319225,1
1,0.58321255,1
1,0.61052555,1
1,0.69144034,1
1,0.64335936,1
1,0.588137,1
1,0.73446506,1
1,0.54588085,1
0,0.64499223,1
0,0.66157186,1
1,0.727813,1
1,0.6958754,1
1,0.69807315,1
1,0.7636419,1
1,0.7517731,1
1,0.80333453,1
1,0.85214895,1
1,0.8898399,1
0,0.88682085,1
1,0.7822342,1
1,0.8064181,1
1,0.7938108,1
1,0.762473,1
1,0.7948748,1
1,0.7819105,1
1,0.7145052,1
1,0.7302123,1
1,0.8047746,1
0,0.84522367,1
1,0.7900998,1
0,0.23543991,0
0,0.18170252,0
0,0.23029,0
0,0.2939022,0
0,0.30282116,0
1,0.5337254,1
1,0.37628415,0
1,0.7515131,1
1,0.58159053,1
0,0.8140487,1
0,0.8366641,1
1,0.6981935,1
1,0.7082949,1
1,0.69103116,1
1,0.7514271,1
1,0.7616523,1
1,0.6419584,1
1,0.48538473,0
0,0.6421008,1
1,0.8060628,1
1,0.7037709,1
1,0.7721605,1
1,0.72715914,1
0,0.67074496,1
1,0.13763207,0
1,0.31221783,0
1,0.55581695,1
1,0.7949947,1
1,0.81676733,1
1,0.55978006,1
1,0.43326426,0
0,0.5259972,1
1,0.6630973,1
1,0.630527,1
1,0.7874344,1
1,0.75810635,1
1,0.83487844,1
1,0.25679994,0
0,0.38145727,0
1,0.8273403,1
0,0.1734572,0
0,0.15857643,0
0,0.21389405,0
1,0.18805718,0
1,0.80422884,1
1,0.83920085,1
0,0.20840533,0
1,0.3150106,0
0,0.33595684,0
0,0.09328475,0
0,0.23096271,0
0,0.286819,0
1,0.6890612,1
1,0.7397944,1
1,0.7805495,1
1,0.7997966,1
1,0.8363334,1
0,0.8010429,1
0,0.57752466,1
1,0.60809565,1
1,0.5802108,1
1,0.92861104,1
0,0.4492268,0
0,0.3794218,0
0,0.4414399,0
1,0.35848293,0
0,0.6503328,1
1,0.5958276,1
0,0.62144685,1
1,0.5839501,1
1,0.6452023,1
0,0.6798202,1
1,0.5165861,1
0,0.49420604,0
0,0.50846654,1
1,0.53955895,1
0,0.4192915,0
0,0.47118986,0
0,0.65135103,1
1,0.5488452,1
1,0.7771951,1
1,0.8249668,1
0,0.5395941,1
1,0.75397176,1
1,0.44794697,0
1,0.7497417,1
1,0.7732862,1
0,0.2208376,0
0,0.074701175,0
0,0.07121498,0
0,0.07325343,0
0,0.22074482,0
1,0.4368157,0
1,0.36621,0
0,0.22389871,0
1,0.58669734,1
1,0.5954513,1
0,0.20776503,0
0,0.285145,0
0,0.24483311,0
0,0.103085995,0
0,0.21856104,0
0,0.11360254,0
0,0.07542404,0
1,0.6701028,1
1,0.8212627,1
1,0.8051267,1
1,0.7393237,1
1,0.8027727,1
1,0.81752264,1
1,0.7630925,1
0,0.6215724,1
1,0.5657344,1
0,0.6381518,1
1,0.74145013,1
0,0.79175746,1
0,0.86246014,1
0,0.79586226,1
0,0.8319216,1
1,0.77890867,1
1,0.8446396,1
0,0.83014345,1
1,0.80662376,1
1,0.83762103,1
0,0.5932541,1
0,0.37104777,0
0,0.35772884,0
0,0.34750926,0
0,0.16509421,0
0,0.14731596,0
1,0.4555928,0
1,0.89379793,1
1,0.85893154,1
1,0.89845306,1
1,0.91004604,1
1,0.91353637,1
1,0.86905354,1
1,0.838133,1
1,0.61896616,1
1,0.6855159,1
1,0.46574688,0
1,0.29782742,0
0,0.2840917,0
0,0.20808855,0
0,0.8065983,1
0,0.38543922,0
1,0.40004092,0
0,0.6496168,1
1,0.6847682,1
1,0.637802,1
1,0.6316017,1
0,0.3647623,0
0,0.26925075,0
0,0.30315748,0
0,0.57471794,1
0,0.6419154,1
0,0.6208805,1
0,0.11783305,0
0,0.56584597,1
0,0.50841254,1
0,0.33625966,0
1,0.44198853,0
0,0.3008668,0
1,0.63111705,1
0,0.7678735,1
0,0.78544426,1
0,0.6441267,1
0,0.37649,0
0,0.4306415,0
0,0.5825244,1
0,0.37710375,0
0,0.67466164,1
0,0.71158594,1
0,0.8892918,1
0,0.74259377,1
0,0.49837866,0
0,0.31156442,0
0,0.42437145,0
1,0.4650127,0
0,0.3414799,0
0,0.50957334,1
0,0.124323815,0
0,0.33551905,0
0,0.2988227,0
1,0.67872185,1
1,0.755815,1
1,0.70527524,1
1,0.9426745,1
0,0.88587403,1
1,0.8036585,1
1,0.8232615,1
1,0.88571894,1
1,0.7974489,1
1,0.8821651,1
1,0.60359645,1
1,0.79729205,1
0,0.70727247,1
1,0.7121435,1
1,0.9095878,1
0,0.7794057,1
1,0.82451075,1
0,0.69384855,1
0,0.6236863,1
1,0.6359909,1
1,0.8251473,1
1,0.8197106,1
1,0.8347015,1
1,0.84434557,1
1,0.8565559,1
1,0.7349897,1
1,0.7422138,1
1,0.66423804,1
1,0.757257,1
1,0.8366145,1
0,0.7613611,1
0,0.6976163,1
0,0.6958374,1
1,0.7488436,1
1,0.7584056,1
1,0.8230917,1
1,0.80121607,1
1,0.730683,1
0,0.74615604,1
1,0.41152024,0
0,0.3331064,0
0,0.26986372,0
0,0.25878587,0
1,0.20384273,0
1,0.12930112,0
0,0.22666903,0
1,0.30689204,0
0,0.3660994,0
0,0.29985616,0
0,0.39718848,0
0,0.4839496,0
0,0.13878796,0
0,0.039035402,0
0,0.08989448,0
0,0.077018455,0
0,0.055737313,0
0,0.112432055,0
0,0.4013884,0
0,0.098811924,0
0,0.21638916,0
1,0.24760121,0
1,0.28683725,0
1,0.6433147,1
1,0.2471308,0
0,0.18870185,0
0,0.3563769,0
0,0.073456645,0
1,0.2584651,0
0,0.32421622,0
0,0.5246438,1
1,0.7099348,1
1,0.80649114,1
1,0.84300154,1
1,0.8595408,1
1,0.82589245,1
1,0.8292904,1
1,0.8735811,1
1,0.7891127,1
0,0.51714826,1
1,0.29041493,0
1,0.8734883,1
1,0.8030258,1
0,0.6139055,1
0,0.19984144,0
1,0.37330917,0
0,0.1198102,0
1,0.85324836,1
1,0.8701053,1
1,0.4376265,0
1,0.26340625,0
1,0.2191489,0
1,0.8711242,1
0,0.7007279,1
0,0.7217908,1
0,0.8438122,1
1,0.749838,1
1,0.49040157,0
1,0.59589064,1
0,0.43491092,0
1,0.6764928,1
1,0.73366916,1
1,0.87098897,1
1,0.84591776,1
1,0.85549444,1
1,0.86061335,1
1,0.8124168,1
1,0.60047466,1
1,0.5075657,1
1,0.35092774,0
0,0.5444406,1
1,0.3272136,0
0,0.48574898,0
1,0.66474336,1
1,0.3609031,0
0,0.54478097,1
0,0.402024,0
0,0.3067262,0
1,0.75071394,1
0,0.86035734,1
0,0.68445665,1
1,0.74005157,1
0,0.67595196,1
1,0.77199537,1
1,0.8021136,1
1,0.74036396,1
1,0.85908717,1
1,0.8181591,1
1,0.8295798,1
1,0.785528,1
1,0.86406416,1
1,0.83053833,1
1,0.89018494,1
1,0.81713194,1
1,0.8626131,1
1,0.8583658,1
1,0.78567046,1
0,0.86100656,1
1,0.88305503,1
0,0.85311794,1
1,0.7736391,1
1,0.80193806,1
1,0.80889654,1
1,0.83522457,1
1,0.7925892,1
1,0.8742317,1
1,0.8837945,1
1,0.8688884,1
1,0.8036858,1
1,0.8785638,1
1,0.85442674,1
1,0.8156257,1
0,0.8576832,1
0,0.8265155,1
1,0.8795976,1
1,0.8203028,1
1,0.8610494,1
1,0.80808896,1
1,0.88004786,1
1,0.8367834,1
1,0.7702623,1
1,0.8432019,1
1,0.7101313,1
1,0.8342681,1
1,0.25373077,0
1,0.11821526,0
0,0.3276471,0
0,0.45372787,0
1,0.11269638,0
1,0.7426495,1
0,0.28446037,0
0,0.22092405,0
1,0.94703376,1
0,0.26753834,0
1,0.8470214,1
1,0.74679554,1
1,0.8426276,1
1,0.6482566,1
1,0.49790797,0
1,0.77721393,1
1,0.67518044,1
1,0.6759951,1
1,0.83237195,1
1,0.7816941,1
1,0.78249407,1
0,0.7667812,1
1,0.7685765,1
1,0.8339693,1
1,0.76544636,1
1,0.8160584,1
1,0.6203854,1
1,0.65544355,1
1,0.7947758,1
1,0.80459,1
1,0.8270813,1
1,0.8037216,1
1,0.85541147,1
1,0.82204366,1
1,0.46924025,0
1,0.32868394,0
1,0.55797935,1
1,0.6965053,1
1,0.7798177,1
1,0.7497437,1
1,0.8019309,1
0,0.736422,1
1,0.61862296,1
0,0.8324741,1
1,0.8824221,1
1,0.8628376,1
1,0.87911254,1
1,0.91926014,1
1,0.88170856,1
1,0.924207,1
1,0.9179726,1
1,0.8238463,1
1,0.58468777,1
0,0.7498502,1
1,0.7850396,1
1,0.74418396,1
1,0.7706295,1
0,0.78283507,1
0,0.7360323,1
1,0.6695517,1
1,0.83188856,1
0,0.80277216,1
1,0.8401564,1
1,0.79076564,1
1,0.73326147,1
1,0.8343249,1
1,0.81373614,1
1,0.791341,1
0,0.7365284,1
0,0.7141295,1
1,0.80517465,1
1,0.7832732,1
1,0.82117707,1
1,0.8206006,1
1,0.7583602,1
1,0.8065038,1
1,0.6932178,1
1,0.79147154,1
1,0.80904716,1
1,0.64145136,1
1,0.65628105,1
0,0.7661414,1
1,0.81227404,1
0,0.83105546,1
1,0.79606885,1
0,0.7627988,1
1,0.8640439,1
1,0.78639686,1
1,0.800548,1
0,0.7377733,1
0,0.8063499,1
0,0.8300991,1
1,0.7993927,1
1,0.85738426,1
1,0.83745795,1
1,0.7646627,1
1,0.8035574,1
0,0.79113793,1
0,0.7931532,1
1,0.81435883,1
1,0.824904,1
1,0.8419795,1
1,0.8259234,1
1,0.8064899,1
1,0.8508965,1
1,0.9059779,1
0,0.77296466,1
1,0.78635544,1
0,0.45881066,0
1,0.7593845,1
0,0.78428257,1
0,0.77778774,1
0,0.80781084,1
1,0.87431514,1
1,0.7903412,1
0,0.14985552,0
1,0.7960951,1
1,0.7908189,1
1,0.7357332,1
0,0.7604986,1
0,0.6771931,1
1,0.6807524,1
1,0.7100584,1
0,0.7305985,1
1,0.70592654,1
0,0.63216645,1
0,0.5407147,1
0,0.46440145,0
1,0.3615804,0
0,0.44637883,0
0,0.2452006,0
0,0.26123843,0
1,0.4432574,0
1,0.76835006,1
1,0.73035026,1
0,0.8994102,1
0,0.89207315,1
0,0.84128994,1
0,0.75755227,1
1,0.7762097,1
0,0.9126012,1
1,0.79926246,1
1,0.91625994,1
1,0.8025946,1
1,0.8035538,1
1,0.8968423,1
1,0.9049343,1
1,0.91334313,1
1,0.95444286,1
1,0.92888653,1
1,0.9095563,1
0,0.9347784,1
1,0.8660112,1
1,0.9108318,1
0,0.90402937,1
0,0.81790453,1
1,0.89894086,1
1,0.71732885,1
1,0.85808796,1
1,0.8246855,1
1,0.8930445,1
1,0.89236134,1
1,0.92481995,1
1,0.8891665,1
1,0.854739,1
1,0.80049324,1
1,0.83981264,1
1,0.86106783,1
1,0.89492995,1
1,0.90179586,1
1,0.86251557,1
1,0.9006328,1
1,0.9077118,1
1,0.86973363,1
1,0.888275,1
1,0.9415455,1
1,0.85347587,1
1,0.9572215,1
0,0.9323092,1
1,0.9447866,1
1,0.9238468,1
0,0.9662045,1
0,0.9550117,1
1,0.965765,1
1,0.92558426,1
1,0.9665944,1
1,0.9605168,1
1,0.95538783,1
1,0.9319353,1
1,0.94221586,1
1,0.9361006,1
0,0.9536072,1
1,0.9632859,1
1,0.94145226,1
1,0.8828351,1
0,0.92258126,1
1,0.96794945,1
1,0.92695844,1
1,0.73210096,1
1,0.7335948,1
0,0.15343492,0
0,0.18987815,0
1,0.26041058,0
0,0.07625587,0
0,0.36540562,0
0,0.73241395,1
0,0.30118072,0
0,0.19845612,0
0,0.05959699,0
1,0.7989464,1
1,0.36846873,0
0,0.2564799,0
0,0.04748654,0
1,0.5919048,1
0,0.18628848,0
0,0.69804317,1
1,0.084230416,0
0,0.25335136,0
0,0.7581254,1
0,0.65662915,1
1,0.7092594,1
0,0.8221995,1
1,0.3972051,0
0,0.5912077,1
1,0.75915664,1
1,0.5581065,1
1,0.69460076,1
1,0.7896605,1
1,0.8385329,1
1,0.26425266,0
1,0.81935716,1
1,0.87528694,1
1,0.8373497,1
1,0.9158339,1
1,0.8984431,1
1,0.8772216,1
1,0.8210474,1
1,0.8500199,1
0,0.8584785,1
1,0.84333265,1
0,0.54738754,1
1,0.723419,1
1,0.8389259,1
1,0.87232727,1
1,0.7159892,1
1,0.71720034,1
1,0.6515031,1
0,0.33315253,0
1,0.6874219,1
0,0.6664634,1
1,0.72585756,1
1,0.64424455,1
0,0.66258925,1
1,0.6752333,1
0,0.3470893,0
0,0.38876644,0
0,0.28292575,0
1,0.31927174,0
0,0.4038795,0
0,0.64685947,1
1,0.78730553,1
1,0.8826924,1
1,0.9615181,1
1,0.9700429,1
1,0.96231717,1
1,0.8594999,1
1,0.4463438,0
0,0.4495281,0
0,0.54945534,1
0,0.3301523,0
1,0.6685359,1
1,0.74556655,1
0,0.75224936,1
1,0.65075046,1
1,0.41234687,0
0,0.6567549,1
0,0.3449389,0
1,0.7872408,1
1,0.7846795,1
1,0.7608496,1
1,0.7462261,1
1,0.6809756,1
0,0.07166402,0
1,0.5671583,1
0,0.30281812,0
1,0.70750546,1
0,0.55895394,1
1,0.16263425,0
1,0.67382675,1
0,0.10775232,0
0,0.2389215,0
1,0.55471003,1
0,0.27746093,0
1,0.92598444,1
1,0.55857897,1
1,0.48778066,0
0,0.18582658,0
0,0.253299,0
0,0.26621187,0
0,0.2506218,0
1,0.6817754,1
1,0.70609015,1
1,0.69652224,1
0,0.9198597,1
0,0.71000344,1
1,0.89541245,1
1,0.87258714,1
1,0.7264947,1
1,0.49948615,0
0,0.74155277,1
1,0.96007717,1
1,0.8552286,1
1,0.84513557,1
1,0.8796884,1
1,0.94417673,1
1,0.93259543,1
1,0.89972854,1
0,0.85270756,1
1,0.84599096,1
0,0.86817265,1
1,0.9071368,1
0,0.83761734,1
0,0.8343828,1
1,0.8370173,1
1,0.8593467,1
1,0.8946152,1
1,0.58818984,1
1,0.86721313,1
1,0.7831697,1
0,0.72586936,1
0,0.7493366,1
1,0.7163401,1
0,0.716852,1
0,0.37299553,0
1,0.78970426,1
1,0.7899625,1
1,0.38746732,0
1,0.7975281,1
0,0.3314028,0
1,0.6318398,1
1,0.7041928,1
1,0.76792985,1
1,0.72467816,1
1,0.6498766,1
0,0.6340524,1
0,0.7938478,1
0,0.8177582,1
0,0.78772974,1
1,0.8282888,1
1,0.82789576,1
1,0.85115504,1
0,0.6666405,1
0,0.50649273,1
1,0.85476655,1
0,0.7621987,1
0,0.7927515,1
1,0.7946255,1
1,0.60276914,1
1,0.43229258,0
1,0.57363284,1
1,0.6025862,1
1,0.77036643,1
0,0.7188757,1
0,0.76637155,1
1,0.732345,1
1,0.8579826,1
1,0.7867867,1
1,0.75006133,1
1,0.77057225,1
1,0.80487895,1
1,0.8349829,1
1,0.8070407,1
1,0.70727056,1
0,0.81209874,1
1,0.83112395,1
0,0.8057468,1
1,0.8631777,1
0,0.88796216,1
1,0.87320393,1
1,0.87600976,1
0,0.8762741,1
1,0.8808525,1
1,0.81683874,1
1,0.87753093,1
0,0.8146909,1
0,0.7940536,1
1,0.8585523,1
1,0.8495686,1
0,0.8295919,1
1,0.8788982,1
0,0.86087495,1
1,0.815423,1
0,0.86930966,1
1,0.78728515,1
0,0.8491317,1
0,0.8935782,1
0,0.8782486,1
1,0.8702826,1
0,0.9298346,1
0,0.78297126,1
1,0.7499931,1
0,0.8250133,1
1,0.86597,1
0,0.86321247,1
0,0.8641112,1
1,0.82573026,1
1,0.7934321,1
0,0.7706126,1
0,0.82327527,1
1,0.8064467,1
0,0.7820507,1
1,0.79320735,1
1,0.8052193,1
1,0.80554754,1
1,0.7812017,1
1,0.79662913,1
0,0.7893506,1
0,0.82732314,1
0,0.8544908,1
1,0.8319167,1
1,0.9032593,1
1,0.8365127,1
1,0.8982011,1
1,0.86016166,1
1,0.8536174,1
0,0.88031685,1
1,0.8480132,1
1,0.8156904,1
0,0.8967533,1
0,0.8790385,1
1,0.8604495,1
1,0.85397106,1
1,0.8372933,1
1,0.88033265,1
1,0.84902,1
1,0.7726275,1
1,0.875994,1
1,0.768785,1
1,0.86477375,1
1,0.8176759,1
1,0.7786525,1
1,0.86510736,1
1,0.8403113,1
1,0.8312797,1
1,0.777155,1
1,0.82339376,1
0,0.8822768,1
1,0.77832264,1
0,0.8914028,1
1,0.8141553,1
0,0.8316382,1
0,0.85492146,1
1,0.8352694,1
1,0.7854736,1
1,0.82701904,1
1,0.7696402,1
0,0.86468935,1
0,0.69377744,1
1,0.8664531,1
1,0.78722984,1
1,0.74619734,1
1,0.76698995,1
1,0.8270256,1
0,0.844911,1
0,0.8045524,1
0,0.7851968,1
1,0.7884699,1
1,0.82567436,1
0,0.8273835,1
0,0.84008867,1
1,0.8070531,1
1,0.7951602,1
1,0.7781163,1
1,0.81649727,1
0,0.7953991,1
1,0.8655218,1
1,0.89747673,1
1,0.7956588,1
1,0.8060513,1
0,0.87747854,1
0,0.8638639,1
1,0.82025945,1
1,0.8295239,1
1,0.8646633,1
0,0.81511027,1
1,0.8166754,1
1,0.7977188,1
1,0.80447227,1
0,0.8712783,1
1,0.27952054,0
0,0.8049241,1
1,0.8270892,1
1,0.8251116,1
1,0.8009834,1
0,0.58974075,1
1,0.83563656,1
1,0.6864407,1
1,0.9348539,1
1,0.88711196,1
1,0.5782986,1
0,0.8156691,1
0,0.81437117,1
1,0.813407,1
0,0.6068155,1
1,0.7174146,1
1,0.81474024,1
1,0.74211156,1
0,0.69498247,1
1,0.7441306,1
1,0.7972834,1
0,0.72886646,1
1,0.76347184,1
1,0.86176497,1
1,0.86534536,1
0,0.8941829,1
0,0.33258212,0
1,0.6381387,1
1,0.60020626,1
1,0.60074586,1
1,0.5843696,1
0,0.65476465,1
1,0.30971745,0
1,0.68409973,1
1,0.7336847,1
1,0.7642256,1
0,0.73680604,1
1,0.73708993,1
1,0.7769228,1
1,0.7897194,1
1,0.85775554,1
1,0.79180586,1
0,0.56343204,1
1,0.83407444,1
1,0.48163313,0
1,0.64356774,1
1,0.7739375,1
1,0.8128682,1
1,0.83772284,1
1,0.8166188,1
1,0.868502,1
1,0.80056006,1
1,0.70865166,1
1,0.764296,1
1,0.8221325,1
1,0.7505351,1
1,0.7978371,1
1,0.7165992,1
1,0.8217754,1
0,0.74547845,1
1,0.7381558,1
1,0.7649366,1
1,0.72218335,1
1,0.72414863,1
0,0.7909933,1
1,0.75354743,1
1,0.7312131,1
0,0.78684855,1
1,0.77931446,1
1,0.6966455,1
1,0.7825142,1
1,0.7843784,1
0,0.8093781,1
1,0.76906437,1
0,0.815777,1
1,0.7101322,1
1,0.8472573,1
0,0.7490755,1
1,0.8127728,1
0,0.71813107,1
0,0.7036245,1
1,0.7344098,1
1,0.8368039,1
1,0.734014,1
1,0.7445771,1
1,0.5757294,1
1,0.768638,1
1,0.6970304,1
1,0.7724529,1
1,0.7200402,1
1,0.74266267,1
1,0.8092872,1
1,0.8366923,1
1,0.83899504,1
1,0.8078889,1
1,0.82735705,1
1,0.78593266,1
1,0.63511145,1
0,0.6768917,1
1,0.79158694,1
1,0.81204236,1
1,0.75190026,1
1,0.7916519,1
1,0.6827647,1
0,0.6733089,1
1,0.8302787,1
1,0.26825348,0
0,0.6845089,1
1,0.7747754,1
1,0.5777763,1
0,0.3489736,0
1,0.49325964,0
0,0.27767417,0
0,0.28777274,0
0,0.11740986,0
1,0.3416527,0
0,0.114842705,0
0,0.4028641,0
1,0.11206131,0
0,0.42413247,0
1,0.09589648,0
0,0.33875653,0
0,0.2250876,0
0,0.1550487,0
1,0.60813075,1
1,0.76708174,1
1,0.53856945,1
1,0.60426056,1
1,0.6884964,1
1,0.7895894,1
1,0.5960591,1
1,0.7589461,1
1,0.5815248,1
0,0.4781487,0
1,0.5891976,1
1,0.6895174,1
1,0.7583336,1
1,0.6503665,1
0,0.43305895,0
1,0.61750686,1
0,0.63572574,1
1,0.6241382,1
0,0.7016528,1
0,0.45251778,0
1,0.62709457,1
1,0.7362788,1
0,0.7567556,1
1,0.6512975,1
1,0.6489224,1
1,0.6059239,1
1,0.43597123,0
0,0.6677788,1
1,0.6498635,1
0,0.60593516,1
1,0.645021,1
0,0.6442524,1
1,0.6830617,1
0,0.62826025,1
0,0.52006024,1
1,0.6750217,1
1,0.55200714,1
0,0.71576667,1
1,0.7315403,1
1,0.7135927,1
0,0.41173434,0
1,0.69386923,1
0,0.731327,1
0,0.7686417,1
0,0.67938244,1
0,0.57038385,1
1,0.72174215,1
0,0.802974,1
0,0.643661,1
1,0.6367829,1
1,0.62246305,1
0,0.80208564,1
0,0.17452711,0
1,0.20588452,0
0,0.5060142,1
0,0.2759202,0
0,0.05005125,0
0,0.05899639,0
1,0.41302618,0
1,0.737399,1
0,0.6287087,1
1,0.6498412,1
0,0.6329926,1
1,0.68468654,1
0,0.37582636,0
0,0.11375872,0
0,0.24315026,0
0,0.17887627,0
0,0.23660716,0
0,0.65431446,1
1,0.6317772,1
1,0.85867095,1
1,0.80422384,1
1,0.53575915,1
1,0.8309532,1
0,0.08072099,0
0,0.325625,0
0,0.13205762,0
1,0.09021435,0
1,0.63773876,1
0,0.6237607,1
0,0.15546937,0
0,0.5453656,1
0,0.5214226,1
0,0.70986575,1
1,0.67331046,1
0,0.20625833,0
1,0.76186395,1
1,0.8261159,1
0,0.6614529,1
1,0.6345632,1
1,0.7694784,1
1,0.55310124,1
1,0.3786079,0
1,0.7206327,1
1,0.6420843,1
0,0.6588889,1
1,0.7162948,1
1,0.81942356,1
1,0.76195335,1
1,0.6914942,1
1,0.79910934,1
1,0.74737746,1
1,0.7179762,1
1,0.6379482,1
0,0.64465845,1
1,0.6587452,1
1,0.7861262,1
1,0.6073784,1
1,0.81392604,1
1,0.8235763,1
1,0.8241317,1
1,0.8540437,1
1,0.84699064,1
1,0.76847243,1
1,0.69973,1
1,0.781297,1
1,0.71972746,1
1,0.6747848,1
1,0.6997843,1
1,0.6981253,1
1,0.7754984,1
1,0.7731024,1
1,0.6465387,1
1,0.6434167,1
1,0.82967186,1
1,0.89701396,1
1,0.72530854,1
0,0.7234227,1
1,0.6141766,1
0,0.6921687,1
1,0.7704599,1
1,0.7527188,1
1,0.7042647,1
1,0.6050696,1
1,0.6664012,1
1,0.6298668,1
1,0.7218358,1
1,0.71110463,1
1,0.8037532,1
1,0.80741274,1
0,0.68914855,1
1,0.9121183,1
1,0.864861,1
1,0.88287354,1
1,0.9351222,1
1,0.8653985,1
1,0.8405691,1
1,0.84151715,1
1,0.6758202,1
1,0.64391285,1
1,0.68905336,1
1,0.6127264,1
1,0.60588163,1
0,0.7264237,1
1,0.5650994,1
1,0.5926149,1
0,0.76770586,1
0,0.7768994,1
0,0.7816656,1
0,0.6956455,1
1,0.6323219,1
0,0.7315721,1
1,0.71161777,1
0,0.54207194,1
1,0.5847561,1
1,0.25960463,0
1,0.7666656,1
1,0.6481902,1
1,0.6271877,1
1,0.38163915,0
1,0.6519436,1
0,0.43471614,0
0,0.22374798,0
1,0.69433516,1
0,0.10733183,0
0,0.0952474,0
0,0.57391286,1
0,0.298656,0
0,0.22344439,0
0,0.19251634,0
0,0.16028734,0
1,0.46971068,0
1,0.6370719,1
1,0.31195208,0
0,0.5306322,1
1,0.8012721,1
1,0.7323356,1
1,0.7776653,1
0,0.42805573,0
0,0.3236608,0
0,0.64547783,1
0,0.7357925,1
0,0.5640991,1
1,0.5909651,1
1,0.3972937,0
0,0.15582937,0
0,0.57618463,1
0,0.29339996,0
0,0.2779327,0
0,0.5358693,1
0,0.31955382,0
0,0.41569299,0
1,0.6797565,1
0,0.25968957,0
1,0.3570784,0
0,0.32151324,0
1,0.45054755,0
0,0.8142764,1
0,0.6895948,1
0,0.3849986,0
1,0.37002128,0
0,0.2848999,0
1,0.6802059,1
1,0.6640904,1
0,0.6069643,1
1,0.7845955,1
0,0.8081218,1
1,0.6308632,1
0,0.6703925,1
1,0.7839286,1
1,0.7459253,1
1,0.8168568,1
1,0.82064605,1
1,0.7087365,1
1,0.6888891,1
1,0.7786017,1
1,0.7585935,1
1,0.74841756,1
0,0.70136005,1
0,0.70479643,1
0,0.76981497,1
0,0.608558,1
1,0.7829714,1
1,0.7200307,1
1,0.66839147,1
0,0.71441734,1
0,0.84926486,1
0,0.6928698,1
0,0.66787094,1
0,0.56079185,1
0,0.73640275,1
0,0.7441804,1
1,0.80537355,1
1,0.6852833,1
1,0.70152694,1
1,0.7944742,1
0,0.9119513,1
1,0.88468015,1
1,0.88074756,1
1,0.7438211,1
1,0.85927564,1
1,0.8215698,1
0,0.8428135,1
0,0.7264653,1
0,0.88456374,1
0,0.87329227,1
1,0.82031786,1
1,0.93424946,1
1,0.7481453,1
1,0.7100307,1
1,0.30337992,0
0,0.8439061,1
1,0.85703516,1
1,0.87349886,1
0,0.9326004,1
1,0.8139344,1
1,0.7253596,1
0,0.47929108,0
0,0.32686996,0
0,0.30451542,0
0,0.23371497,0
0,0.3175691,0
0,0.39326057,0
1,0.30490655,0
0,0.4408388,0
0,0.23123005,0
0,0.31432334,0
0,0.5980249,1
0,0.34363627,0
0,0.5970064,1
0,0.25397402,0
0,0.25724474,0
0,0.36978316,0
0,0.11889544,0
1,0.76656437,1
0,0.72734374,1
1,0.61617196,1
1,0.6519086,1
1,0.9002738,1
1,0.9226257,1
1,0.89351904,1
1,0.77472174,1
1,0.51913065,1
0,0.7936041,1
0,0.8052279,1
0,0.5116397,1
0,0.6883638,1
0,0.678215,1
1,0.7437476,1
1,0.8394092,1
1,0.8123713,1
1,0.7457257,1
0,0.7543947,1
0,0.6814047,1
1,0.77568483,1
0,0.76472473,1
1,0.74677074,1
1,0.71425617,1
1,0.73933184,1
0,0.8269611,1
1,0.8552135,1
1,0.549379,1
0,0.68657404,1
1,0.80605006,1
1,0.6939579,1
1,0.70705295,1
0,0.7050592,1
1,0.6364816,1
0,0.76941043,1
1,0.81550634,1
1,0.87812364,1
0,0.71887445,1
1,0.79411393,1
1,0.82365847,1
1,0.7104658,1
1,0.7467647,1
1,0.67947567,1
1,0.73598534,1
1,0.66843224,1
0,0.7592207,1
1,0.83009565,1
1,0.7469083,1
1,0.7199812,1
0,0.7690674,1
0,0.79402834,1
1,0.7642218,1
1,0.68907404,1
0,0.7226151,1
1,0.68297195,1
0,0.6641965,1
0,0.736822,1
0,0.76933545,1
0,0.7239393,1
0,0.7280802,1
1,0.7929596,1
1,0.79236144,1
1,0.7934983,1
0,0.7376915,1
1,0.8246424,1
1,0.3444037,0
1,0.6109511,1
1,0.64291066,1
1,0.69335943,1
1,0.5829135,1
1,0.94988465,1
0,0.9083832,1
1,0.8887782,1
1,0.8716036,1
1,0.82405883,1
0,0.7955782,1
1,0.7918586,1
1,0.7175608,1
0,0.79510623,1
0,0.554592,1
1,0.7048985,1
1,0.54930633,1
1,0.60507303,1
1,0.689094,1
1,0.7833437,1
1,0.89400786,1
1,0.85009116,1
0,0.86138594,1
1,0.9258015,1
1,0.83330506,1
1,0.75838697,1
1,0.77158725,1
1,0.80304205,1
1,0.8407911,1
1,0.90537316,1
0,0.82240504,1
0,0.82000273,1
0,0.7585281,1
1,0.6615724,1
1,0.6067978,1
1,0.78530234,1
1,0.74602515,1
1,0.8160096,1
1,0.8882279,1
1,0.81437397,1
1,0.8659952,1
0,0.869195,1
1,0.84678954,1
0,0.7746953,1
1,0.78064954,1
0,0.867181,1
1,0.78617954,1
1,0.8021889,1
1,0.8565572,1
1,0.9460399,1
1,0.8891609,1
1,0.81087446,1
0,0.7742965,1
1,0.81875294,1
1,0.86559916,1
1,0.9202123,1
1,0.9133821,1
1,0.8763173,1
1,0.87644017,1
1,0.8927151,1
1,0.79615426,1
1,0.79876,1
1,0.80452776,1
0,0.76159513,1
0,0.78044033,1
1,0.61584455,1
0,0.57974637,1
1,0.7648536,1
1,0.7496792,1
1,0.8393342,1
1,0.781101,1
1,0.7302252,1
1,0.7441014,1
1,0.7871687,1
1,0.6560243,1
1,0.60297346,1
0,0.69489807,1
0,0.64920837,1
1,0.55240077,1
1,0.90845615,1
1,0.70638555,1
1,0.6942951,1
1,0.8177926,1
1,0.23337676,0
0,0.0795679,0
1,0.8693665,1
0,0.8626877,1
0,0.8023491,1
0,0.90245914,1
1,0.9112703,1
1,0.7469789,1
0,0.86795473,1
1,0.8448275,1
1,0.7952274,1
1,0.8064072,1
0,0.84063447,1
1,0.82268745,1
1,0.815438,1
1,0.8710258,1
1,0.8949445,1
1,0.83212435,1
1,0.82499087,1
1,0.8179479,1
1,0.8233164,1
1,0.8222227,1
1,0.7648878,1
1,0.8365243,1
1,0.87121207,1
1,0.80613214,1
1,0.831073,1
0,0.8380238,1
0,0.2937915,0
0,0.057272844,0
0,0.84959424,1
1,0.7938636,1
1,0.27062863,0
0,0.31431958,0
0,0.30103126,0
1,0.71999013,1
1,0.63276994,1
1,0.70760113,1
1,0.84807885,1
0,0.88623434,1
1,0.85022324,1
1,0.77615905,1
0,0.74112844,1
0,0.52675307,1
0,0.7084748,1
0,0.3984762,0
1,0.47965634,0
1,0.7257007,1
0,0.8848201,1
1,0.8812272,1
1,0.8553004,1
1,0.95855,1
0,0.7956032,1
1,0.6969676,1
1,0.75893015,1
1,0.82473314,1
1,0.8517196,1
1,0.81037813,1
1,0.82582027,1
1,0.7570063,1
0,0.28978068,0
1,0.3364135,0
1,0.68444973,1
1,0.8309944,1
0,0.25638944,0
0,0.2619227,0
0,0.20975317,0
1,0.6889212,1
0,0.5430486,1
0,0.77174705,1
1,0.6912022,1
1,0.59772503,1
1,0.18746322,0
1,0.37548426,0
1,0.46220186,0
1,0.3052352,0
1,0.79316425,1
1,0.82251006,1
1,0.68574494,1
1,0.7403946,1
1,0.95038486,1
1,0.7711654,1
1,0.834078,1
1,0.89990157,1
1,0.8365988,1
1,0.8551649,1
1,0.8652378,1
0,0.8085432,1
0,0.7559216,1
1,0.84417605,1
1,0.8238733,1
1,0.7805957,1
1,0.82106173,1
1,0.78473276,1
0,0.7446173,1
1,0.78565353,1
1,0.7909081,1
1,0.6470602,1
0,0.65769863,1
1,0.6559418,1
0,0.6866211,1
1,0.67882377,1
1,0.6063454,1
0,0.5387084,1
1,0.643972,1
1,0.40769672,0
1,0.767834,1
0,0.7878659,1
1,0.10779347,0
0,0.19218507,0
1,0.6491641,1
1,0.93646365,1
0,0.31717083,0
0,0.7212586,1
0,0.48688874,0
0,0.29865617,0
1,0.7024383,1
1,0.86937183,1
0,0.61461633,1
0,0.3372998,0
1,0.500765,1
0,0.43396905,0
1,0.31859344,0
0,0.09603619,0
1,0.48071194,0
1,0.816765,1
1,0.8077405,1
1,0.68559307,1
1,0.6905733,1
0,0.44144574,0
0,0.65192854,1
0,0.39193556,0
1,0.80156237,1
1,0.6506616,1
1,0.68100244,1
0,0.81638867,1
1,0.78545874,1
1,0.8363818,1
0,0.72438616,1
0,0.6378893,1
1,0.73384184,1
1,0.7449715,1
1,0.6764584,1
1,0.7161448,1
0,0.6251618,1
1,0.74601746,1
1,0.82472444,1
1,0.6295296,1
0,0.76591295,1
0,0.83530676,1
1,0.81915253,1
1,0.8108333,1
1,0.78606933,1
1,0.79993165,1
1,0.7675732,1
1,0.74903804,1
1,0.74057037,1
1,0.7992715,1
1,0.77364963,1
0,0.6304196,1
1,0.73845977,1
1,0.70250833,1
1,0.7181496,1
1,0.57426184,1
1,0.7324422,1
1,0.514847,1
0,0.51852936,1
0,0.670482,1
1,0.45085567,0
1,0.89301366,1
0,0.89686704,1
1,0.88581175,1
1,0.75721717,1
1,0.8565342,1
0,0.82010514,1
0,0.77322733,1
0,0.8408961,1
1,0.71886545,1
1,0.719978,1
1,0.8242263,1
1,0.81520057,1
0,0.69331414,1
1,0.8621353,1
1,0.7998882,1
0,0.8046846,1
1,0.9013179,1
1,0.8056738,1
0,0.80431396,1
0,0.85279,1
1,0.8908605,1
1,0.86421734,1
1,0.8909822,1
1,0.9060965,1
1,0.79795265,1
1,0.85845506,1
1,0.7919177,1
1,0.8612135,1
1,0.9285131,1
1,0.8175632,1
1,0.79931027,1
1,0.90482867,1
1,0.77278703,1
1,0.7981008,1
1,0.86656076,1
1,0.8328832,1
1,0.477236,0
1,0.6756167,1
0,0.77354753,1
1,0.840818,1
1,0.7902755,1
1,0.85931075,1
1,0.8681413,1
1,0.9033707,1
0,0.4875577,0
1,0.696177,1
1,0.72329986,1
0,0.21859449,0
0,0.04493135,0
0,0.2009176,0
0,0.122902,0
0,0.23828462,0
0,0.3233427,0
0,0.18758948,0
0,0.21686688,0
0,0.13148855,0
0,0.21113615,0
0,0.2970217,0
0,0.11127626,0
1,0.355882,0
0,0.65651745,1
1,0.90900105,1
1,0.86205506,1
0,0.90591186,1
1,0.8402858,1
1,0.8360569,1
0,0.25324768,0
0,0.18141286,0
1,0.57840806,1
1,0.34972143,0
1,0.8048361,1
1,0.7672092,1
1,0.7256142,1
1,0.7713559,1
1,0.49556208,0
0,0.6480551,1
0,0.7905622,1
0,0.7882097,1
1,0.5181946,1
0,0.7759866,1
0,0.7807801,1
0,0.4806896,0
1,0.5026212,1
0,0.4503412,0
0,0.30924702,0
0,0.7902403,1
1,0.8130978,1
1,0.8138652,1
1,0.8143616,1
1,0.6629667,1
0,0.2759889,0
1,0.27464548,0
0,0.31199107,0
1,0.36113575,0
0,0.40842903,0
0,0.44034317,0
0,0.7860082,1
1,0.2825129,0
0,0.19933645,0
0,0.29679993,0
1,0.23177868,0
1,0.30754453,0
0,0.7003008,1
1,0.8469999,1
0,0.37074485,0
0,0.8077601,1
0,0.20626977,0
1,0.34146345,0
1,0.7054438,1
1,0.62199694,1
1,0.6356548,1
0,0.32183307,0
0,0.17228326,0
0,0.70613533,1
0,0.40615025,0
1,0.48247132,0
0,0.6720368,1
0,0.5397808,1
0,0.63156575,1
0,0.52482086,1
1,0.29224437,0
1,0.7288741,1
0,0.71622133,1
1,0.744596,1
1,0.83432233,1
0,0.7839646,1
0,0.72611344,1
1,0.7596427,1
1,0.8240921,1
1,0.7861505,1
1,0.87634414,1
1,0.76449853,1
1,0.74386865,1
0,0.8338139,1
1,0.8674998,1
1,0.81999743,1
1,0.803081,1
1,0.77916,1
0,0.8031754,1
1,0.767207,1
0,0.8323276,1
1,0.8236462,1
0,0.8067854,1
0,0.8085047,1
1,0.8590634,1
1,0.767135,1
1,0.7834287,1
0,0.7701121,1
0,0.782744,1
1,0.77626324,1
1,0.7746929,1
1,0.7954166,1
0,0.77627856,1
0,0.7798617,1
0,0.71273017,1
0,0.7232684,1
1,0.7798925,1
1,0.75430155,1
1,0.71201956,1
1,0.7418708,1
1,0.7566483,1
1,0.7320122,1
1,0.7486648,1
0,0.5289125,1
1,0.70714164,1
1,0.73103356,1
1,0.7041886,1
1,0.698276,1
1,0.6950062,1
1,0.7271597,1
1,0.6542624,1
0,0.6037535,1
0,0.7258422,1
1,0.67729837,1
1,0.61519897,1
0,0.49888822,0
1,0.56212866,1
1,0.6171025,1
1,0.5128628,1
1,0.59742165,1
1,0.66576153,1
1,0.6880819,1
0,0.77292114,1
1,0.734993,1
1,0.6005991,1
0,0.5348871,1
1,0.6980079,1
0,0.82724464,1
0,0.37347546,0
1,0.74322706,1
1,0.5520487,1
1,0.8282207,1
1,0.78963846,1
1,0.86031055,1
1,0.8185974,1
1,0.8575429,1
1,0.80274695,1
1,0.8780021,1
0,0.85221463,1
1,0.8592322,1
0,0.8598511,1
1,0.87848413,1
1,0.76267254,1
1,0.7838039,1
1,0.5705423,1
0,0.66413766,1
0,0.6661564,1
1,0.5093953,1
1,0.84744245,1
1,0.8590599,1
1,0.73345834,1
1,0.6931639,1
0,0.7523441,1
1,0.66212815,1
0,0.8407364,1
1,0.64580053,1
1,0.7358335,1
1,0.67061055,1
1,0.8569474,1
1,0.788252,1
1,0.63944894,1
0,0.7305374,1
1,0.62691146,1
0,0.53069043,1
1,0.61639774,1
1,0.688693,1
1,0.78210646,1
1,0.69755894,1
1,0.6910742,1
1,0.7677664,1
0,0.51328605,1
0,0.72504693,1
1,0.5044206,1
0,0.46515036,0
1,0.95197105,1
1,0.7141885,1
0,0.8279474,1
1,0.9529841,1
1,0.9153824,1
1,0.8930115,1
1,0.922867,1
1,0.94806004,1
1,0.91199595,1
1,0.846623,1
0,0.8305467,1
1,0.84203714,1
1,0.84865445,1
1,0.96808463,1
1,0.8204148,1
1,0.8931697,1
1,0.86819756,1
1,0.9042889,1
1,0.88089234,1
1,0.8237238,1
1,0.93017465,1
0,0.82261693,1
1,0.8716991,1
0,0.78536767,1
1,0.80308145,1
1,0.8306977,1
0,0.7595705,1
0,0.7655276,1
0,0.7559388,1
0,0.8200042,1
0,0.76640993,1
0,0.73270696,1
1,0.71038955,1
1,0.7293616,1
0,0.718444,1
0,0.7699138,1
1,0.46161255,0
1,0.30927518,0
0,0.49040574,0
0,0.64834213,1
1,0.38596478,0
1,0.38064745,0
1,0.86084956,1
1,0.52963495,1
1,0.7009974,1
1,0.7729085,1
0,0.60241324,1
1,0.6687271,1
1,0.7422562,1
1,0.7687844,1
1,0.75857866,1
1,0.73422736,1
0,0.765374,1
1,0.84544855,1
1,0.7975497,1
0,0.84738916,1
1,0.78573835,1
1,0.81172687,1
1,0.79039294,1
1,0.81692505,1
1,0.80015236,1
1,0.80187064,1
0,0.75364614,1
0,0.7424472,1
0,0.74769723,1
1,0.8248595,1
1,0.821147,1
1,0.8354504,1
1,0.8293448,1
1,0.7013902,1
1,0.7087333,1
0,0.7382024,1
0,0.8300205,1
0,0.7704477,1
1,0.72187966,1
1,0.66476905,1
1,0.6356751,1
0,0.80285317,1
0,0.7797443,1
0,0.72814023,1
0,0.75843984,1
0,0.82483333,1
0,0.77460635,1
0,0.75519204,1
0,0.7709259,1
1,0.7115115,1
0,0.70043653,1
1,0.19591416,0
0,0.81901324,1
1,0.7458393,1
1,0.8873309,1
1,0.8694562,1
1,0.75177073,1
1,0.79552555,1
1,0.7401727,1
1,0.63273495,1
1,0.671287,1
1,0.67837423,1
0,0.66532755,1
1,0.6897174,1
1,0.57665837,1
0,0.7206576,1
0,0.6764776,1
0,0.6358469,1
0,0.707267,1
0,0.73803574,1
1,0.81450474,1
1,0.6507037,1
1,0.57046014,1
1,0.83922166,1
1,0.84773606,1
1,0.7899175,1
1,0.77180743,1
1,0.8271539,1
1,0.6798448,1
1,0.7042062,1
1,0.6514874,1
1,0.6719942,1
1,0.54545045,1
0,0.5865736,1
1,0.73252684,1
1,0.7305799,1
1,0.7115103,1
1,0.6666776,1
0,0.65501976,1
0,0.6858413,1
1,0.79453254,1
1,0.7864284,1
1,0.84216005,1
1,0.7567942,1
1,0.7306492,1
1,0.82533586,1
1,0.8378173,1
1,0.9090883,1
1,0.8947789,1
1,0.8274503,1
1,0.8798701,1
0,0.78227025,1
1,0.7800772,1
1,0.8216031,1
1,0.8663605,1
1,0.8381051,1
1,0.859681,1
1,0.82107306,1
0,0.9073038,1
1,0.72183937,1
1,0.69353175,1
1,0.7661984,1
0,0.75991875,1
1,0.712189,1
1,0.73809946,1
1,0.6134184,1
1,0.7415766,1
1,0.5986441,1
1,0.7615886,1
1,0.6074797,1
1,0.37844756,0
1,0.7813579,1
1,0.7893716,1
1,0.7401103,1
1,0.7778219,1
0,0.8581597,1
1,0.8038935,1
1,0.9160271,1
0,0.9033957,1
0,0.89199376,1
0,0.8719738,1
1,0.8221927,1
1,0.900871,1
1,0.9021876,1
1,0.9264748,1
1,0.8753369,1
1,0.91713357,1
1,0.9453137,1
0,0.8845268,1
1,0.9495875,1
1,0.9358462,1
1,0.9405464,1
1,0.9556865,1
1,0.9223014,1
1,0.91121006,1
1,0.9147415,1
1,0.92146873,1
1,0.84023476,1
0,0.16227676,0
0,0.057842888,0
1,0.36933362,0
1,0.39406535,0
0,0.46140465,0
1,0.432164,0
1,0.43082407,0
0,0.42643207,0
1,0.33431402,0
1,0.4350138,0
1,0.83243227,1
1,0.8974301,1
0,0.29933763,0
0,0.5904286,1
0,0.59875476,1
1,0.79412645,1
0,0.45022285,0
0,0.59731525,1
0,0.268844,0
1,0.50734335,1
1,0.3587192,0
1,0.7772882,1
1,0.31482223,0
1,0.37232998,0
1,0.11614941,0
1,0.71394324,1
1,0.8288371,1
1,0.77647275,1
1,0.82365185,1
0,0.89298195,1
0,0.8791228,1
1,0.82175595,1
1,0.77755636,1
1,0.8447056,1
1,0.62947756,1
0,0.6620665,1
1,0.5696642,1
1,0.6701241,1
0,0.6861311,1
1,0.7497394,1
1,0.709561,1
1,0.56108016,1
1,0.5072903,1
1,0.4881832,0
1,0.5882493,1
0,0.5201748,1
0,0.2806085,0
0,0.14733125,0
0,0.025546946,0
1,0.40517715,0
1,0.2696589,0
1,0.49148494,0
1,0.72441435,1
1,0.6873118,1
1,0.85221535,1
0,0.60231465,1
0,0.26134616,0
0,0.1994619,0
0,0.23238619,0
0,0.2122482,0
0,0.24087736,0
1,0.60411304,1
0,0.77820075,1
0,0.7160785,1
0,0.85360885,1
1,0.8482661,1
0,0.655513,1
1,0.8777329,1
1,0.87383336,1
1,0.8938423,1
1,0.89752215,1
0,0.89153475,1
1,0.9235855,1
1,0.8718319,1
1,0.84351116,1
1,0.7655057,1
0,0.7963385,1
1,0.93412775,1
1,0.9083405,1
1,0.8727407,1
1,0.48128513,0
0,0.58060646,1
0,0.4804987,0
1,0.6520912,1
0,0.5306696,1
1,0.47371352,0
0,0.35683,0
1,0.38657212,0
0,0.42127246,0
1,0.7414726,1
1,0.7849553,1
1,0.45064825,0
0,0.29689664,0
0,0.3935576,0
0,0.40477005,0
0,0.30656806,0
0,0.40548342,0
1,0.49446684,0
1,0.74852663,1
0,0.8908798,1
1,0.8908853,1
1,0.7560708,1
1,0.40545315,0
1,0.66664714,1
0,0.2773267,0
0,0.2830169,0
0,0.29357004,0
1,0.2906486,0
1,0.26348704,0
1,0.72387385,1
0,0.58308196,1
1,0.848307,1
0,0.3816742,0
1,0.4639534,0
1,0.78951997,1
1,0.8915823,1
1,0.8049154,1
1,0.85633314,1
0,0.8632837,1
1,0.7701631,1
1,0.8653765,1
0,0.5976625,1
0,0.2827349,0
0,0.13962041,0
0,0.110010825,0
0,0.24854669,0
0,0.3223176,0
0,0.49989215,0
0,0.2959718,0
0,0.539279,1
0,0.3107116,0
0,0.30793232,0
0,0.23655486,0
0,0.31002986,0
0,0.3004039,0
0,0.3501065,0
0,0.28372636,0
0,0.05439759,0
0,0.18808968,0
1,0.70793045,1
1,0.6667017,1
1,0.73097134,1
1,0.597533,1
1,0.7352404,1
1,0.6697115,1
0,0.688701,1
1,0.73500526,1
1,0.76840186,1
1,0.6651511,1
1,0.765191,1
0,0.66388184,1
1,0.6896305,1
0,0.5043778,1
1,0.7747871,1
1,0.797376,1
1,0.7158626,1
1,0.64471924,1
1,0.8149522,1
1,0.7432538,1
1,0.7706432,1
1,0.80262744,1
1,0.810497,1
0,0.74826264,1
1,0.7109187,1
0,0.6711202,1
1,0.38607064,0
1,0.73909885,1
0,0.73649377,1
1,0.75288326,1
1,0.73948383,1
1,0.72446454,1
0,0.74295586,1
1,0.7717044,1
1,0.77427775,1
1,0.724679,1
1,0.8257445,1
0,0.6386798,1
1,0.68967295,1
1,0.75264055,1
1,0.5573446,1
1,0.7565362,1
1,0.6748491,1
1,0.74146575,1
1,0.7340661,1
0,0.639198,1
1,0.71917224,1
0,0.75214106,1
1,0.7530162,1
0,0.8601623,1
1,0.74335223,1
1,0.7440476,1
1,0.570619,1
0,0.58959764,1
0,0.5912346,1
0,0.59952414,1
1,0.7720374,1
1,0.88239175,1
1,0.9530292,1
1,0.93976283,1
1,0.86462206,1
1,0.80837166,1
1,0.7522577,1
1,0.88235927,1
1,0.9212183,1
1,0.8630167,1
1,0.8732956,1
1,0.88680416,1
1,0.89165914,1
1,0.89257586,1
1,0.74787706,1
0,0.7835771,1
1,0.7548756,1
1,0.8052283,1
1,0.8016152,1
0,0.11214671,0
0,0.1567618,0
0,0.14007866,0
1,0.63733506,1
1,0.30126995,0
1,0.45603654,0
0,0.30088818,0
1,0.33622772,0
0,0.29012817,0
1,0.71139735,1
0,0.7958308,1
1,0.87231404,1
0,0.82346714,1
1,0.8176183,1
0,0.8136346,1
0,0.7849396,1
1,0.7182464,1
1,0.8030939,1
1,0.7877523,1
1,0.80568075,1
1,0.8500545,1
1,0.9381068,1
1,0.90070134,1
1,0.82627887,1
1,0.89656985,1
1,0.88857156,1
1,0.88703835,1
1,0.83464044,1
1,0.8399463,1
1,0.7101941,1
1,0.8304702,1
1,0.78410244,1
1,0.6021677,1
1,0.8277958,1
0,0.7265419,1
1,0.71112216,1
1,0.7596042,1
1,0.73004246,1
0,0.45685595,0
0,0.33065665,0
1,0.17607178,0
1,0.5951608,1
1,0.8606596,1
1,0.84627056,1
0,0.90899414,1
1,0.8819556,1
1,0.86609787,1
1,0.8905152,1
1,0.9062992,1
1,0.90814155,1
1,0.8846163,1
1,0.92397875,1
1,0.9158082,1
1,0.8448386,1
1,0.76158094,1
1,0.8443856,1
1,0.82665354,1
1,0.87966263,1
1,0.9213487,1
1,0.49427426,0
0,0.5388319,1
1,0.4573208,0
0,0.59805995,1
1,0.7436137,1
1,0.7700334,1
1,0.77070343,1
1,0.64917606,1
1,0.71971434,1
1,0.71668077,1
0,0.70745486,1
1,0.792872,1
1,0.74668086,1
1,0.5659902,1
0,0.35886157,0
1,0.5748954,1
0,0.28832665,0
0,0.11144303,0
0,0.16215608,0
1,0.80474997,1
1,0.78707916,1
1,0.90476185,1
1,0.84748805,1
1,0.92093784,1
1,0.7530397,1
1,0.6516028,1
1,0.80928624,1
0,0.82302755,1
1,0.8123058,1
0,0.8292856,1
1,0.88907033,1
1,0.928216,1
1,0.91805726,1
1,0.8568575,1
1,0.8594035,1
1,0.8414066,1
0,0.7646987,1
1,0.9345846,1
0,0.7550668,1
0,0.9244014,1
0,0.8547416,1
1,0.9433881,1
1,0.90618694,1
1,0.875543,1
1,0.78319645,1
1,0.8614274,1
1,0.86757576,1
0,0.8201849,1
1,0.75536805,1
1,0.9565833,1
1,0.8942806,1
0,0.39012805,0
1,0.8055483,1
1,0.75396055,1
0,0.75197065,1
1,0.8566154,1
1,0.7511648,1
1,0.8790641,1
1,0.7884068,1
1,0.89062256,1
1,0.8142854,1
1,0.8212192,1
1,0.31207606,0
0,0.44652686,0
0,0.30625844,0
1,0.31187564,0
0,0.122494906,0
0,0.3254097,0
0,0.40565792,0
0,0.30144426,0
0,0.20120437,0
1,0.8094378,1
1,0.54484683,1
1,0.11695667,0
1,0.4016884,0
0,0.59166306,1
1,0.26059386,0
1,0.8370939,1
1,0.8069684,1
1,0.7741429,1
1,0.9081611,1
1,0.8736454,1
1,0.9255509,1
1,0.8740198,1
1,0.809444,1
1,0.7705974,1
0,0.30170214,0
1,0.8255489,1
1,0.79343665,1
1,0.7695601,1
1,0.7279384,1
1,0.8816091,1
0,0.82236904,1
0,0.7659896,1
1,0.8012408,1
1,0.535719,1
1,0.6320888,1
1,0.38720688,0
0,0.3073868,0
1,0.31297386,0
0,0.31375098,0
0,0.25043327,0
1,0.23689641,0
0,0.30425203,0
0,0.21430524,0
0,0.2433259,0
1,0.7312026,1
1,0.860285,1
1,0.7975988,1
0,0.27148837,0
0,0.3966383,0
1,0.8239852,1
1,0.91894424,1
1,0.84132826,1
0,0.3916932,0
0,0.72501963,1
0,0.81101495,1
1,0.38619727,0
0,0.2896389,0
0,0.27622378,0
0,0.20442457,0
0,0.36716315,0
1,0.4766294,0
1,0.6634484,1
0,0.3169334,0
0,0.15784805,0
1,0.75808275,1
0,0.1858782,0
0,0.2747721,0
1,0.7082681,1
1,0.40535823,0
0,0.3242367,0
0,0.2615112,0
0,0.3580823,0
0,0.2397243,0
0,0.89023644,1
0,0.8251029,1
1,0.3124671,0
1,0.8820277,1
0,0.41344252,0
1,0.79929435,1
1,0.27433017,0
1,0.52671343,1
1,0.86335397,1
1,0.4962995,0
1,0.5007943,1
0,0.28780445,0
1,0.57662886,1
1,0.7560077,1
1,0.74843276,1
1,0.8314254,1
1,0.71903217,1
1,0.8120371,1
1,0.8139874,1
1,0.8544073,1
0,0.9334034,1
0,0.8027301,1
1,0.77674454,1
0,0.64312625,1
0,0.58953017,1
0,0.6663198,1
0,0.71304184,1
1,0.8090774,1
1,0.7833756,1
0,0.8058024,1
1,0.74388504,1
0,0.9185682,1
0,0.21362111,0
0,0.88706243,1
0,0.32070538,0
1,0.8615099,1
0,0.74414307,1
0,0.7389393,1
1,0.9266101,1
1,0.88021487,1
1,0.7992911,1
1,0.9471613,1
1,0.96715087,1
1,0.9290525,1
0,0.92947507,1
0,0.92377716,1
1,0.95566887,1
0,0.9146141,1
1,0.94267994,1
1,0.8787545,1
1,0.9143262,1
0,0.8877806,1
1,0.95461744,1
1,0.7186192,1
1,0.94228846,1
1,0.95575565,1
1,0.8392146,1
1,0.95116806,1
1,0.89388096,1
1,0.92503554,1
1,0.90073305,1
1,0.90416425,1
1,0.8871146,1
1,0.8807106,1
1,0.96980494,1
1,0.9559554,1
0,0.9294134,1
1,0.93530005,1
1,0.9249096,1
1,0.8968108,1
1,0.92730963,1
1,0.87602174,1
1,0.9736301,1
1,0.96728086,1
1,0.98686695,1
1,0.9315002,1
1,0.9197819,1
1,0.92788166,1
1,0.92418617,1
1,0.91785336,1
0,0.8612784,1
0,0.8863002,1
0,0.8774158,1
1,0.93818337,1
1,0.91187066,1
0,0.95029324,1
0,0.9142925,1
1,0.84449536,1
1,0.91831577,1
0,0.8990285,1
0,0.91920036,1
1,0.90742236,1
1,0.84126085,1
1,0.88606024,1
1,0.8992513,1
1,0.89041615,1
1,0.83405006,1
1,0.7725406,1
1,0.9041198,1
1,0.86889684,1
1,0.856238,1
1,0.8436236,1
1,0.90417963,1
1,0.9492823,1
0,0.9007045,1
1,0.8855672,1
1,0.8341907,1
1,0.94630224,1
1,0.8865638,1
0,0.8998964,1
1,0.7720924,1
1,0.91470003,1
1,0.667108,1
1,0.9326601,1
1,0.8735289,1
1,0.8115196,1
1,0.93643016,1
1,0.91199636,1
1,0.8658164,1
1,0.8835748,1
1,0.9218401,1
1,0.7719521,1
1,0.8411306,1
1,0.9067745,1
1,0.9011741,1
1,0.83962244,1
1,0.85171866,1
1,0.84221464,1
1,0.77620685,1
1,0.82147133,1
1,0.8389599,1
1,0.8079187,1
1,0.84657085,1
0,0.8053736,1
1,0.8377451,1
1,0.8454498,1
1,0.90123314,1
0,0.96564794,1
1,0.816823,1
1,0.8501898,1
1,0.93536526,1
1,0.8962495,1
1,0.9672382,1
1,0.83746207,1
1,0.79089594,1
0,0.9036856,1
0,0.93097436,1
0,0.82842785,1
1,0.9031573,1
1,0.88341904,1
1,0.94583374,1
1,0.80405724,1
1,0.97645676,1
1,0.88891375,1
1,0.9165823,1
1,0.8859059,1
1,0.91739666,1
1,0.8930678,1
1,0.9532601,1
1,0.94132435,1
1,0.85310596,1
1,0.89445597,1
1,0.817036,1
1,0.86298317,1
0,0.9016527,1
1,0.9116998,1
1,0.8998956,1
0,0.88257164,1
1,0.92258114,1
0,0.8973373,1
0,0.8869205,1
0,0.8213911,1
1,0.83375585,1
1,0.78738534,1
1,0.81479406,1
1,0.851368,1
0,0.8440999,1
1,0.7819332,1
0,0.8924108,1
0,0.86405724,1
0,0.8657244,1
1,0.82295763,1
1,0.8034334,1
0,0.8794495,1
0,0.4609941,0
1,0.5235467,1
1,0.22141854,0
0,0.18915838,0
1,0.7536808,1
1,0.6942534,1
0,0.60326415,1
0,0.4925846,0
1,0.27235702,0
0,0.56523085,1
1,0.78564066,1
1,0.6720311,1
0,0.25547996,0
0,0.26007938,0
0,0.2313835,0
0,0.08580998,0
1,0.7753454,1
1,0.6953021,1
1,0.75999767,1
1,0.80733126,1
1,0.8843706,1
1,0.80418396,1
1,0.8418007,1
0,0.87845415,1
1,0.8681587,1
1,0.87587106,1
0,0.76284295,1
1,0.801083,1
1,0.85989726,1
1,0.80353236,1
1,0.8396227,1
1,0.8538262,1
1,0.8613543,1
0,0.90430266,1
1,0.8495857,1
1,0.62162626,1
1,0.720304,1
1,0.7387206,1
1,0.7997761,1
1,0.61280566,1
1,0.71704894,1
1,0.8573472,1
1,0.8157084,1
1,0.85452694,1
1,0.7365561,1
1,0.8387383,1
1,0.8727813,1
1,0.91194427,1
1,0.77477455,1
1,0.79663116,1
1,0.79104006,1
1,0.8383368,1
1,0.8473198,1
1,0.78861815,1
1,0.7303034,1
1,0.7373833,1
0,0.7502757,1
0,0.7118792,1
0,0.5626936,1
1,0.6631286,1
1,0.7320931,1
1,0.83310896,1
1,0.83254206,1
1,0.7380944,1
0,0.74332786,1
1,0.7072824,1
1,0.45582482,0
1,0.73629934,1
1,0.68434274,1
1,0.6236073,1
0,0.7450641,1
1,0.65768015,1
1,0.75282544,1
0,0.6362868,1
1,0.7769833,1
0,0.7096207,1
1,0.7528412,1
1,0.76102084,1
0,0.73616505,1
1,0.6700615,1
1,0.70395833,1
1,0.6563356,1
1,0.7652695,1
1,0.79701436,1
1,0.7216865,1
1,0.8345115,1
1,0.8497457,1
0,0.30396387,0
0,0.70623875,1
0,0.5471443,1
0,0.49980673,0
0,0.47301015,0
0,0.34443742,0
0,0.50875235,1
1,0.90500206,1
1,0.86780167,1
1,0.8419265,1
1,0.60952437,1
1,0.45990327,0
1,0.20235164,0
1,0.28328437,0
1,0.6208779,1
1,0.28081143,0
1,0.5101757,1
0,0.22600695,0
0,0.12060874,0
1,0.2751654,0
1,0.6038864,1
1,0.83111405,1
1,0.50085574,1
1,0.73066705,1
1,0.6528586,1
1,0.7595057,1
1,0.74334955,1
1,0.6766127,1
1,0.74325305,1
1,0.69466895,1
1,0.80568254,1
1,0.6397137,1
1,0.80988514,1
0,0.7589469,1
1,0.7902273,1
1,0.76841795,1
1,0.8298489,1
1,0.6011296,1
1,0.75393766,1
0,0.7889464,1
1,0.82336587,1
0,0.7664966,1
0,0.70603085,1
1,0.8397249,1
1,0.82773006,1
1,0.8386764,1
1,0.79474777,1
1,0.8003263,1
0,0.8357949,1
1,0.76457065,1
1,0.78072625,1
1,0.7217314,1
1,0.8159701,1
1,0.77092946,1
1,0.8361609,1
1,0.8136642,1
1,0.8291107,1
0,0.22497715,0
0,0.08448772,0
0,0.4471941,0
0,0.30218267,0
0,0.2613672,0
0,0.2953827,0
0,0.3388251,0
0,0.31075686,0
0,0.15498237,0
0,0.07151066,0
0,0.37072736,0
0,0.14281236,0
1,0.5602208,1
0,0.353142,0
0,0.09854029,0
0,0.14897652,0
0,0.117811635,0
1,0.75321054,1
1,0.89690375,1
1,0.88334036,1
1,0.9423775,1
1,0.8357515,1
1,0.9337325,1
1,0.84970075,1
1,0.7892369,1
1,0.7094226,1
1,0.8178661,1
1,0.88165325,1
1,0.7998896,1
1,0.84688395,1
1,0.92652476,1
1,0.91555184,1
1,0.9559493,1
1,0.8931449,1
1,0.8136216,1
1,0.8917913,1
1,0.86419857,1
1,0.8992872,1
1,0.9501395,1
0,0.8494594,1
0,0.87224257,1
1,0.66759396,1
1,0.71967554,1
1,0.5272502,1
1,0.65093,1
1,0.5957621,1
1,0.5042337,1
0,0.26866382,0
0,0.5285808,1
0,0.37610108,0
0,0.42248583,0
0,0.73417556,1
1,0.5829046,1
0,0.40573615,0
1,0.49911228,0
0,0.7525598,1
0,0.59645075,1
1,0.86934716,1
0,0.88193244,1
1,0.86918616,1
1,0.72370875,1
1,0.8226316,1
1,0.6759518,1
1,0.572179,1
1,0.6223943,1
0,0.5687822,1
0,0.7247286,1
1,0.36428672,0
0,0.7689265,1
1,0.6390426,1
0,0.81895816,1
1,0.675737,1
1,0.7487798,1
1,0.81699157,1
1,0.7431545,1
1,0.79995626,1
1,0.8051629,1
1,0.79616004,1
1,0.87563705,1
1,0.7544004,1
0,0.63600206,1
0,0.31208658,0
0,0.22090471,0
0,0.24917695,0
0,0.24036518,0
0,0.29037467,0
0,0.28407222,0
0,0.2163829,0
0,0.26375765,0
0,0.07721249,0
1,0.7298521,1
0,0.34679845,0
1,0.30971006,0
0,0.28150314,0
1,0.3004841,0
0,0.25008973,0
0,0.39347276,0
0,0.39268738,0
1,0.68722016,1
0,0.29347774,0
1,0.53645355,1
1,0.7340358,1
1,0.8693829,1
1,0.8904944,1
1,0.87916315,1
1,0.86102,1
0,0.88624805,1
1,0.5212555,1
1,0.2762092,0
0,0.33108637,0
0,0.12194993,0
0,0.2382635,0
0,0.6370386,1
0,0.46657315,0
0,0.4202472,0
0,0.6264281,1
1,0.7303914,1
1,0.8365135,1
1,0.68354595,1
0,0.7008532,1
0,0.7817542,1
0,0.45308635,0
0,0.7676698,1
0,0.662874,1
1,0.71957207,1
1,0.6439668,1
1,0.37795362,0
0,0.44721603,0
1,0.34876305,0
0,0.6109853,1
1,0.32417572,0
0,0.10712296,0
0,0.28904977,0
0,0.5826708,1
1,0.32416397,0
1,0.77541935,1
0,0.048734646,0
1,0.050905984,0
1,0.58074087,1
1,0.20051812,0
0,0.28692734,0
0,0.21296851,0
0,0.23297244,0
1,0.14238329,0
1,0.62022734,1
1,0.74389106,1
0,0.37311628,0
0,0.7962154,1
0,0.31391045,0
0,0.4032707,0
1,0.81614363,1
1,0.80358154,1
0,0.6706634,1
0,0.7024451,1
0,0.4092902,0
1,0.58190733,1
1,0.807613,1
1,0.74630857,1
1,0.79713464,1
0,0.60519725,1
1,0.64179504,1
1,0.36967418,0
1,0.7567557,1
1,0.7723108,1
1,0.68875813,1
1,0.71604806,1
1,0.6889668,1
1,0.6836651,1
1,0.6719288,1
1,0.67159164,1
1,0.7099958,1
0,0.66437805,1
1,0.7333272,1
1,0.7133806,1
1,0.68843985,1
0,0.6290849,1
0,0.6692137,1
1,0.65676373,1
1,0.66477686,1
1,0.6746041,1
1,0.49700904,0
1,0.47392944,0
0,0.29483533,0
1,0.35147184,0
0,0.60960877,1
1,0.6469769,1
1,0.852387,1
1,0.8316484,1
0,0.6420554,1
1,0.4942636,0
1,0.47774065,0
1,0.39757913,0
1,0.5812043,1
0,0.51795197,1
1,0.20326874,0
1,0.67128605,1
1,0.742932,1
1,0.8617584,1
1,0.8184713,1
0,0.830809,1
1,0.7915386,1
1,0.6929047,1
1,0.7197354,1
1,0.751688,1
1,0.6827843,1
1,0.7714927,1
1,0.8527394,1
1,0.8327918,1
1,0.6937607,1
1,0.79110867,1
1,0.8015525,1
1,0.4676238,0
1,0.7353492,1
1,0.63053465,1
1,0.77004075,1
1,0.7566523,1
1,0.7934323,1
1,0.8651109,1
0,0.77333516,1
0,0.8428452,1
1,0.6108338,1
1,0.78172207,1
1,0.7826422,1
1,0.760921,1
1,0.73276275,1
1,0.78984576,1
0,0.8316174,1
1,0.64136285,1
1,0.5661094,1
1,0.70367646,1
1,0.4394931,0
1,0.7910147,1
1,0.7306436,1
1,0.6150695,1
1,0.75644505,1
0,0.6860311,1
1,0.83748496,1
0,0.41386965,0
1,0.73849666,1
1,0.30568054,0
0,0.564457,1
1,0.64897764,1
0,0.25066456,0
0,0.14830719,0
0,0.044913094,0
0,0.4938753,0
1,0.24354094,0
0,0.04819102,0
1,0.32016265,0
1,0.77900714,1
0,0.76031715,1
1,0.8272054,1
1,0.6341509,1
0,0.5717569,1
1,0.3072468,0
0,0.31258106,0
1,0.17283581,0
1,0.27897057,0
1,0.49445826,0
1,0.36542428,0
0,0.43511653,0
1,0.93778604,1
1,0.6414552,1
0,0.71622205,1
1,0.7857548,1
0,0.80421364,1
1,0.7750109,1
0,0.672379,1
0,0.65790164,1
1,0.6539846,1
0,0.60431373,1
1,0.7252848,1
1,0.9049719,1
1,0.5902332,1
0,0.47775513,0
0,0.35100642,0
1,0.5054097,1
1,0.18355803,0
1,0.40507525,0
0,0.44268143,0
0,0.38766262,0
0,0.40296856,0
0,0.39026663,0
1,0.41040826,0
1,0.6586644,1
1,0.7462576,1
1,0.5914476,1
1,0.5720415,1
1,0.7529188,1
1,0.5950325,1
0,0.6033707,1
0,0.65156126,1
1,0.6997877,1
1,0.7350465,1
1,0.8291071,1
1,0.9108793,1
1,0.8274837,1
1,0.90102786,1
1,0.9013332,1
1,0.9352552,1
0,0.9619049,1
1,0.90346897,1
0,0.9054994,1
0,0.8517635,1
1,0.8396847,1
1,0.7663732,1
1,0.6981217,1
1,0.79362905,1
1,0.826222,1
1,0.7650044,1
1,0.8515269,1
1,0.8443403,1
0,0.8837391,1
1,0.8268601,1
1,0.8534746,1
1,0.84103334,1
1,0.84633344,1
1,0.85229456,1
1,0.7960675,1
1,0.839273,1
1,0.85377383,1
1,0.8271725,1
1,0.8594174,1
1,0.7192893,1
1,0.68325365,1
1,0.56197083,1
1,0.75018495,1
0,0.68868786,1
0,0.6822848,1
0,0.66610134,1
0,0.6411513,1
0,0.80050737,1
1,0.78997725,1
1,0.88325393,1
0,0.6653122,1
1,0.7487817,1
1,0.68642026,1
0,0.7569398,1
0,0.7221464,1
0,0.7094802,1
0,0.756113,1
1,0.85236144,1
0,0.84862167,1
0,0.82306117,1
1,0.8965184,1
1,0.83473253,1
0,0.78753626,1
1,0.85141206,1
1,0.84838015,1
1,0.804118,1
1,0.8053122,1
1,0.80167234,1
0,0.7657165,1
1,0.8450197,1
0,0.9216582,1
0,0.85274893,1
0,0.80424005,1
0,0.80952895,1
1,0.78063196,1
1,0.8153304,1
1,0.81447226,1
0,0.89232934,1
0,0.8558893,1
1,0.8184937,1
1,0.8524637,1
1,0.843094,1
0,0.80317515,1
1,0.7771025,1
1,0.84328884,1
1,0.82696795,1
1,0.79511386,1
1,0.8629948,1
1,0.8060345,1
0,0.77675813,1
1,0.7941181,1
0,0.7977246,1
0,0.78516465,1
1,0.8040926,1
1,0.7369032,1
1,0.83907336,1
1,0.8254044,1
1,0.83261174,1
1,0.7709351,1
1,0.8107436,1
1,0.8031367,1
1,0.8037997,1
1,0.7806548,1
1,0.7005331,1
1,0.79314375,1
1,0.8445958,1
1,0.81875145,1
1,0.77179796,1
1,0.7929583,1
1,0.79543906,1
1,0.75685835,1
1,0.76502854,1
1,0.8352197,1
0,0.763224,1
1,0.7642455,1
1,0.708443,1
1,0.80807275,1
1,0.8307207,1
1,0.77628106,1
1,0.8201734,1
1,0.88681316,1
1,0.8761898,1
0,0.8047836,1
1,0.916941,1
1,0.889549,1
1,0.9194394,1
1,0.91361725,1
1,0.87035674,1
1,0.8489188,1
1,0.85241646,1
1,0.7693954,1
1,0.8772196,1
1,0.846297,1
0,0.8558018,1
1,0.90785086,1
1,0.8818907,1
1,0.90850466,1
1,0.8918585,1
1,0.87445873,1
1,0.90637386,1
1,0.9252852,1
1,0.8567947,1
1,0.84133404,1
1,0.9381797,1
1,0.8318552,1
1,0.8093079,1
0,0.77019143,1
1,0.55594295,1
0,0.5860207,1
1,0.7060011,1
0,0.7567557,1
1,0.7366586,1
0,0.21449308,0
0,0.061470162,0
0,0.03608196,0
0,0.05015194,0
0,0.038860567,0
1,0.22162431,0
1,0.17953445,0
0,0.0901441,0
0,0.29469407,0
0,0.26252195,0
0,0.3031425,0
0,0.74424505,1
1,0.86582315,1
1,0.8224884,1
0,0.8190734,1
0,0.4663037,0
1,0.7485166,1
1,0.7570216,1
1,0.7583769,1
1,0.72658396,1
0,0.7535641,1
0,0.79040986,1
1,0.7610013,1
0,0.7562639,1
1,0.76938313,1
0,0.5077286,1
0,0.4512574,0
1,0.63429725,1
1,0.7964448,1
1,0.59753597,1
1,0.6184166,1
1,0.6797511,1
1,0.70870495,1
1,0.7630688,1
1,0.6326822,1
1,0.77215624,1
0,0.69998604,1
1,0.8360145,1
1,0.85101527,1
1,0.7963371,1
0,0.79896253,1
1,0.73572147,1
0,0.2677552,0
1,0.68356436,1
1,0.7630697,1
0,0.6620102,1
1,0.88904905,1
1,0.90327096,1
1,0.9130084,1
0,0.6354858,1
0,0.3132452,0
0,0.25544018,0
0,0.21954656,0
1,0.28165224,0
1,0.65993106,1
1,0.8536609,1
1,0.8424449,1
1,0.6541924,1
1,0.4742203,0
0,0.515903,1
0,0.72876537,1
0,0.33473137,0
1,0.46504313,0
1,0.6505128,1
1,0.7253851,1
1,0.7660368,1
1,0.47071424,0
0,0.3084828,0
1,0.9283909,1
1,0.81778836,1
1,0.8843854,1
1,0.7266746,1
0,0.78326,1
0,0.7161405,1
0,0.582156,1
0,0.5735321,1
0,0.6014,1
0,0.5212475,1
0,0.7225453,1
1,0.54003906,1
1,0.7480084,1
1,0.7253882,1
1,0.91212964,1
1,0.9260023,1
1,0.92838293,1
1,0.75764173,1
1,0.86463666,1
1,0.887608,1
1,0.8931363,1
0,0.9455044,1
1,0.82298785,1
1,0.96769285,1
1,0.9255997,1
1,0.8366546,1
1,0.9290715,1
1,0.8892725,1
1,0.9233652,1
1,0.91543394,1
1,0.44215742,0
1,0.5429371,1
1,0.5615747,1
0,0.83146954,1
0,0.7304181,1
0,0.72777355,1
1,0.71897084,1
1,0.78876597,1
0,0.49800906,0
1,0.32706532,0
1,0.6961256,1
1,0.7465681,1
0,0.8187275,1
0,0.8371475,1
0,0.8886838,1
1,0.238596,0
0,0.098698,0
0,0.16632125,0
0,0.1025378,0
0,0.27263302,0
0,0.35869497,0
0,0.32214135,0
1,0.387226,0
0,0.29764768,0
0,0.3717611,0
1,0.31553975,0
0,0.3345376,0
0,0.65511096,1
0,0.72064185,1
0,0.8728914,1
1,0.9062494,1
1,0.73314464,1
1,0.49128956,0
0,0.7619092,1
0,0.33552638,0
0,0.62360054,1
1,0.14441876,0
1,0.13719007,0
0,0.34558764,0
0,0.26986325,0
0,0.20625748,0
0,0.1294612,0
0,0.23419198,0
1,0.30119103,0
0,0.45023987,0
1,0.53351307,1
1,0.4853125,0
0,0.47017196,0
0,0.6066891,1
1,0.37945497,0
0,0.33371764,0
1,0.6405482,1
0,0.41136396,0
0,0.58118457,1
0,0.64268535,1
1,0.8128657,1
0,0.7689386,1
0,0.55481935,1
1,0.72763646,1
1,0.79214007,1
1,0.75771564,1
1,0.7909964,1
1,0.69834626,1
1,0.7974296,1
1,0.8362129,1
1,0.7687495,1
0,0.83188266,1
1,0.86465687,1
0,0.7882295,1
0,0.8182595,1
0,0.8221538,1
0,0.72022784,1
0,0.56085354,1
1,0.7758727,1
1,0.49943653,0
1,0.71180236,1
0,0.27513802,0
1,0.4831267,0
0,0.46167013,0
1,0.26058123,0
1,0.283484,0
0,0.5330965,1
0,0.23606868,0
0,0.16058813,0
0,0.26641804,0
0,0.36584604,0
0,0.29268834,0
0,0.649367,1
1,0.71849483,1
1,0.72180057,1
0,0.3835692,0
0,0.41778183,0
0,0.26888603,0
0,0.3221568,0
0,0.3923832,0
1,0.69949675,1
1,0.7756712,1
1,0.78692657,1
1,0.71392727,1
1,0.7712544,1
1,0.82328343,1
1,0.74983186,1
1,0.7420008,1
0,0.51763916,1
1,0.80043304,1
1,0.828984,1
1,0.73172826,1
1,0.7626001,1
0,0.72714084,1
0,0.73657733,1
0,0.713727,1
0,0.7152296,1
1,0.70466655,1
0,0.7358922,1
1,0.68888867,1
0,0.6670912,1
0,0.6945824,1
1,0.7219016,1
1,0.5827121,1
1,0.6491326,1
1,0.64747095,1
1,0.7533673,1
1,0.4485598,0
1,0.7535001,1
1,0.8315162,1
1,0.7589871,1
1,0.821566,1
1,0.79724956,1
1,0.70035607,1
1,0.86488575,1
1,0.8728864,1
1,0.8464963,1
0,0.8065142,1
0,0.73978454,1
0,0.7898135,1
1,0.86613846,1
1,0.7384022,1
1,0.7197173,1
1,0.53391534,1
0,0.82677877,1
1,0.695741,1
1,0.7717214,1
1,0.6307277,1
1,0.38969517,0
0,0.26499227,0
1,0.5269689,1
0,0.8090309,1
0,0.41411424,0
1,0.22628692,0
0,0.123067506,0
0,0.07253781,0
1,0.2651686,0
0,0.28315857,0
0,0.32600343,0
0,0.31614405,0
0,0.20400089,0
0,0.32718024,0
0,0.32565033,0
1,0.32713592,0
0,0.30362633,0
0,0.33455515,0
0,0.27653083,0
0,0.3003175,0
0,0.3310291,0
1,0.3647151,0
0,0.34088326,0
1,0.28058213,0
1,0.51227754,1
0,0.33236498,0
0,0.38603568,0
0,0.3231328,0
1,0.38506866,0
1,0.83996516,1
1,0.7540726,1
1,0.75936496,1
1,0.42408335,0
1,0.75856847,1
0,0.7480174,1
1,0.7749154,1
1,0.78941774,1
1,0.7951964,1
1,0.7664437,1
1,0.5389882,1
0,0.6292534,1
1,0.8458764,1
1,0.8234335,1
1,0.69279385,1
0,0.62444466,1
1,0.62562925,1
1,0.7404573,1
0,0.7006262,1
1,0.5915037,1
0,0.43889353,0
1,0.49027035,0
0,0.2341963,0
1,0.7898914,1
1,0.7730446,1
1,0.72034353,1
0,0.36546394,0
1,0.53269774,1
0,0.51457465,1
1,0.77868336,1
1,0.85289735,1
1,0.8435859,1
1,0.8796829,1
1,0.83822465,1
1,0.770124,1
1,0.795438,1
1,0.8005195,1
1,0.8165418,1
0,0.788762,1
1,0.81842154,1
1,0.81145173,1
1,0.84508604,1
1,0.8429476,1
1,0.76745176,1
1,0.6229835,1
1,0.45458895,0
1,0.443188,0
1,0.53831846,1
1,0.36754838,0
0,0.7295947,1
1,0.82064015,1
1,0.43263513,0
0,0.6505745,1
1,0.663108,1
0,0.5747359,1
0,0.717345,1
1,0.7546778,1
1,0.66317207,1
1,0.5561627,1
0,0.80133,1
1,0.80223507,1
1,0.83825123,1
1,0.76301235,1
0,0.3377251,0
1,0.6484694,1
1,0.43737608,0
0,0.3326464,0
0,0.33836704,0
0,0.34999746,0
1,0.6796084,1
0,0.26514685,0
1,0.33985415,0
0,0.31942156,0
0,0.50953,1
1,0.7488513,1
0,0.80624956,1
1,0.74410003,1
1,0.8422316,1
1,0.7333403,1
1,0.6367176,1
0,0.5317057,1
0,0.32506713,0
1,0.28702253,0
1,0.3050317,0
1,0.3245752,0
0,0.75613874,1
1,0.61454356,1
0,0.6843311,1
1,0.8424872,1
0,0.7185933,1
0,0.68036515,1
1,0.7861397,1
1,0.8013397,1
1,0.6410385,1
0,0.6726671,1
1,0.65842927,1
1,0.72454524,1
1,0.8563973,1
1,0.8499366,1
1,0.8057719,1
1,0.8736587,1
1,0.9373684,1
1,0.9048046,1
1,0.8784569,1
1,0.78761315,1
1,0.8093558,1
1,0.7843876,1
1,0.8480161,1
1,0.79552877,1
1,0.81482685,1
1,0.7955095,1
1,0.38159332,0
0,0.8506415,1
0,0.69267577,1
0,0.78108555,1
1,0.7985315,1
1,0.80119586,1
1,0.75843525,1
1,0.7939873,1
1,0.7502278,1
1,0.8389012,1
1,0.78561205,1
1,0.77322584,1
1,0.8190456,1
1,0.78481114,1
1,0.7956418,1
1,0.7245099,1
1,0.682492,1
1,0.7189652,1
1,0.5558309,1
1,0.57754123,1
1,0.5213262,1
1,0.41103575,0
1,0.6880905,1
1,0.3134536,0
0,0.22092344,0
0,0.2450772,0
0,0.3072715,0
1,0.6830141,1
1,0.7039284,1
1,0.28883448,0
0,0.256006,0
0,0.26587224,0
0,0.31525984,0
0,0.30832103,0
1,0.34266803,0
0,0.18725468,0
0,0.35101786,0
0,0.26222077,0
0,0.43344763,0
1,0.717844,1
1,0.7559802,1
0,0.7803709,1
1,0.65926707,1
1,0.7723579,1
0,0.67169684,1
1,0.7609943,1
1,0.7513936,1
0,0.8839191,1
1,0.76861674,1
0,0.79257697,1
1,0.7526636,1
1,0.81084585,1
0,0.7639841,1
0,0.6753084,1
1,0.6252813,1
1,0.68869936,1
1,0.64775616,1
1,0.6025534,1
1,0.69899565,1
0,0.7561886,1
1,0.7078959,1
1,0.62469435,1
0,0.726769,1
1,0.813333,1
1,0.6072025,1
1,0.77109104,1
1,0.6741853,1
1,0.7753371,1
1,0.78528196,1
1,0.74931455,1
1,0.7248669,1
1,0.79614115,1
1,0.82428026,1
1,0.75506085,1
0,0.8284859,1
0,0.81891835,1
1,0.78493416,1
1,0.7611078,1
1,0.8121078,1
1,0.89124215,1
0,0.685354,1
1,0.891755,1
1,0.8634709,1
1,0.80016994,1
1,0.84848017,1
0,0.8011638,1
1,0.7196657,1
1,0.64099216,1
1,0.7559995,1
1,0.8616798,1
1,0.8069292,1
1,0.7678667,1
1,0.75384873,1
1,0.76299965,1
1,0.7948488,1
1,0.8288258,1
1,0.80396324,1
1,0.80578727,1
1,0.7711385,1
0,0.7533527,1
1,0.77503127,1
1,0.762154,1
1,0.8279027,1
1,0.832837,1
0,0.7885827,1
1,0.8370196,1
1,0.6905738,1
1,0.86479896,1
1,0.8546099,1
1,0.86152345,1
1,0.88067,1
1,0.8239958,1
1,0.83966,1
0,0.8478768,1
0,0.8293232,1
0,0.8102202,1
0,0.85276705,1
1,0.85797536,1
0,0.8142574,1
1,0.79702586,1
1,0.8357542,1
1,0.80432904,1
1,0.85214955,1
1,0.87776333,1
1,0.88434553,1
1,0.8974257,1
1,0.83195674,1
1,0.82874006,1
1,0.79199445,1
1,0.83881927,1
0,0.73721004,1
0,0.8613092,1
1,0.87454414,1
1,0.75659776,1
0,0.817022,1
1,0.8335404,1
0,0.72077334,1
1,0.8582448,1
1,0.8746553,1
1,0.9206343,1
1,0.8759147,1
1,0.874288,1
1,0.8833777,1
1,0.7631201,1
1,0.7693641,1
1,0.74368966,1
0,0.62637806,1
0,0.5798472,1
1,0.77208877,1
1,0.6565544,1
0,0.626552,1
0,0.7325381,1
0,0.73753643,1
0,0.76772237,1
0,0.76688355,1
1,0.6980656,1
1,0.7695541,1
1,0.7149801,1
1,0.742087,1
1,0.725542,1
1,0.41367346,0
1,0.6516585,1
0,0.61686295,1
0,0.742821,1
0,0.50422466,1
1,0.7118898,1
0,0.620334,1
1,0.67881167,1
0,0.6720536,1
0,0.38472363,0
1,0.7074158,1
0,0.35757405,0
1,0.6395234,1
1,0.721726,1
1,0.7789983,1
1,0.8198016,1
1,0.7974405,1
1,0.6267173,1
0,0.73483944,1
1,0.7872108,1
0,0.8272371,1
1,0.70549953,1
1,0.82505345,1
1,0.7882482,1
0,0.8365721,1
1,0.7707954,1
1,0.8071196,1
0,0.7576227,1
1,0.80494374,1
0,0.80170286,1
1,0.7230474,1
1,0.7384309,1
0,0.84570605,1
1,0.86969405,1
1,0.8033626,1
1,0.84752274,1
0,0.83558273,1
1,0.80460584,1
0,0.53077334,1
0,0.7273268,1
1,0.83607864,1
1,0.8083381,1
1,0.9028086,1
1,0.6820027,1
1,0.3603589,0
1,0.8652949,1
0,0.8953399,1
1,0.8324148,1
1,0.8463765,1
1,0.9537475,1
1,0.840617,1
1,0.81450135,1
1,0.9248911,1
1,0.8843437,1
1,0.91134214,1
1,0.9013459,1
0,0.883487,1
1,0.333583,0
1,0.8058108,1
1,0.775941,1
0,0.828687,1
0,0.8460717,1
1,0.8228122,1
0,0.8956405,1
1,0.8366591,1
1,0.8278484,1
0,0.8943434,1
0,0.85784185,1
0,0.9025846,1
0,0.84517664,1
1,0.9114117,1
1,0.85351235,1
1,0.83251595,1
1,0.90617627,1
1,0.8937575,1
1,0.80469465,1
1,0.86361647,1
1,0.9415347,1
1,0.8934767,1
1,0.8969014,1
1,0.9024174,1
1,0.81279296,1
1,0.8772933,1
0,0.90300834,1
1,0.8945839,1
1,0.80710095,1
1,0.8855529,1
1,0.89465153,1
1,0.7752993,1
1,0.6838922,1
1,0.8433112,1
0,0.88099,1
1,0.796231,1
1,0.8154422,1
1,0.8400424,1
1,0.83876264,1
1,0.90793073,1
1,0.8701885,1
0,0.8615514,1
1,0.8377769,1
0,0.7528059,1
1,0.7908257,1
1,0.7234199,1
1,0.74270016,1
1,0.7841755,1
1,0.81391084,1
0,0.27190337,0
0,0.36045748,0
0,0.25886214,0
0,0.7811816,1
0,0.73834175,1
1,0.8335731,1
1,0.79272825,1
1,0.7689039,1
1,0.80458015,1
1,0.73805165,1
1,0.68490416,1
0,0.3744438,0
0,0.61603,1
1,0.22884165,0
0,0.3794195,0
0,0.37131935,0
0,0.3779897,0
0,0.2347326,0
0,0.29412153,0
0,0.37415525,0
0,0.32511732,0
0,0.29842198,0
0,0.32834706,0
0,0.2508493,0
0,0.0421836,0
0,0.629889,1
0,0.5437852,1
1,0.76463974,1
0,0.5225885,1
1,0.5933553,1
0,0.19813564,0
1,0.7554828,1
0,0.20196746,0
0,0.13664289,0
0,0.1901004,0
0,0.35770392,0
0,0.06241317,0
0,0.44071954,0
0,0.08698253,0
1,0.76058936,1
1,0.8338069,1
1,0.7981125,1
1,0.8538185,1
1,0.8773134,1
0,0.3126549,0
0,0.40315634,0
1,0.52252966,1
1,0.7706957,1
1,0.6260858,1
1,0.7299658,1
1,0.7671643,1
1,0.8244243,1
1,0.75112826,1
1,0.30844873,0
0,0.35043952,0
0,0.66196287,1
1,0.59468925,1
1,0.7223052,1
0,0.6279836,1
1,0.7400708,1
1,0.68232894,1
0,0.76418155,1
1,0.25353238,0
1,0.51629865,1
0,0.32033285,0
1,0.5200834,1
0,0.6922874,1
0,0.7829597,1
0,0.47567675,0
1,0.557142,1
1,0.44413754,0
0,0.5316514,1
1,0.6763191,1
1,0.7161342,1
0,0.5824138,1
1,0.79017586,1
0,0.6902867,1
1,0.81569976,1
1,0.8124608,1
0,0.7059176,1
1,0.7780624,1
1,0.81336254,1
1,0.37158,0
0,0.74630743,1
1,0.9315703,1
0,0.12983742,0
1,0.8899249,1
1,0.8040814,1
1,0.81415725,1
1,0.9163512,1
1,0.9345519,1
1,0.93352115,1
1,0.88640726,1
1,0.87820876,1
1,0.8907648,1
1,0.8715102,1
1,0.8344811,1
0,0.8600526,1
0,0.8570767,1
1,0.89454937,1
1,0.9146453,1
1,0.8939539,1
1,0.9047642,1
0,0.8658175,1
1,0.8638504,1
1,0.80747193,1
1,0.8326364,1
1,0.850483,1
1,0.8693172,1
1,0.8712451,1
1,0.961168,1
1,0.9095372,1
1,0.8884969,1
1,0.88620967,1
1,0.9406992,1
1,0.87673444,1
1,0.89320606,1
0,0.839371,1
1,0.7904286,1
1,0.81795335,1
1,0.8478979,1
1,0.9243855,1
1,0.91226584,1
0,0.89392143,1
1,0.81601715,1
0,0.8742633,1
1,0.8419286,1
1,0.83136576,1
0,0.84446645,1
1,0.8400273,1
1,0.91565627,1
0,0.88932085,1
1,0.8817662,1
1,0.9516272,1
0,0.9041164,1
1,0.838189,1
1,0.884155,1
0,0.87149704,1
1,0.88379973,1
1,0.7974878,1
1,0.30718067,0
0,0.1643483,0
1,0.6153609,1
1,0.34918064,0
1,0.55241,1
0,0.13007694,0
1,0.34221342,0
1,0.38086548,0
0,0.26709586,0
0,0.18239394,0
0,0.26497608,0
0,0.15860239,0
1,0.47344434,0
0,0.38929588,0
1,0.6782841,1
0,0.6814735,1
1,0.75125414,1
1,0.80738974,1
1,0.7895247,1
1,0.75660974,1
1,0.67685485,1
1,0.4775083,0
1,0.24737462,0
1,0.20586684,0
1,0.8557216,1
1,0.7334421,1
1,0.7264389,1
0,0.6476415,1
1,0.82995635,1
1,0.8736471,1
1,0.6774574,1
1,0.6768777,1
1,0.47928187,0
0,0.1519853,0
0,0.075548105,0
0,0.19700658,0
0,0.5278519,1
0,0.09724367,0
1,0.68036467,1
1,0.8103771,1
0,0.74727035,1
0,0.68992454,1
1,0.5037272,1
0,0.68383354,1
0,0.7579063,1
0,0.80757815,1
0,0.7700634,1
1,0.82600397,1
1,0.897733,1
1,0.91882676,1
1,0.9068389,1
1,0.871784,1
0,0.77329683,1
1,0.85245013,1
1,0.8580738,1
1,0.8610067,1
1,0.8013468,1
1,0.91044724,1
1,0.9272068,1
1,0.8392564,1
1,0.86172944,1
1,0.91098744,1
1,0.8082454,1
1,0.8857603,1
1,0.8512555,1
0,0.18222457,0
0,0.07504091,0
1,0.81017876,1
1,0.79075134,1
1,0.8257045,1
0,0.10705842,0
0,0.545038,1
0,0.42850834,0
1,0.85300404,1
1,0.959237,1
1,0.7723172,1
0,0.6025649,1
1,0.8253643,1
1,0.69123656,1
1,0.63593686,1
1,0.7101036,1
1,0.33083177,0
1,0.8810651,1
1,0.9105759,1
1,0.8258088,1
1,0.87744534,1
1,0.8597082,1
1,0.78319126,1
1,0.89109445,1
1,0.89516443,1
0,0.8601181,1
1,0.9414702,1
0,0.9164683,1
1,0.91675407,1
0,0.6663795,1
1,0.79236454,1
1,0.75848645,1
0,0.7167545,1
1,0.7142923,1
0,0.71124864,1
0,0.6562487,1
0,0.8300263,1
1,0.7320738,1
1,0.6414535,1
0,0.78132725,1
0,0.848189,1
1,0.5412283,1
1,0.69551575,1
1,0.83049923,1
0,0.7814384,1
1,0.8752356,1
1,0.8077552,1
1,0.8890202,1
1,0.844962,1
1,0.9076578,1
1,0.91649437,1
1,0.8195338,1
1,0.886719,1
1,0.8004816,1
1,0.84284425,1
1,0.78903335,1
1,0.80985826,1
1,0.7084598,1
0,0.7681207,1
1,0.8091276,1
1,0.882205,1
1,0.75494975,1
1,0.8995722,1
0,0.74120706,1
1,0.7581867,1
1,0.89330685,1
1,0.89815205,1
1,0.8373061,1
1,0.8171122,1
0,0.79114825,1
1,0.86967784,1
1,0.79180443,1
1,0.7747534,1
1,0.9122545,1
1,0.84943473,1
1,0.94212484,1
1,0.8903054,1
1,0.8942504,1
1,0.9432239,1
1,0.94863963,1
0,0.86293674,1
1,0.9162169,1
1,0.91504055,1
1,0.8935246,1
1,0.9352839,1
0,0.9376086,1
1,0.86254,1
1,0.8181474,1
1,0.8879277,1
1,0.83338314,1
1,0.87853205,1
0,0.857584,1
1,0.87504786,1
1,0.9159559,1
1,0.8732125,1
0,0.86637735,1
1,0.8613948,1
1,0.93767923,1
1,0.8524984,1
1,0.7872763,1
1,0.9557941,1
1,0.96019924,1
1,0.88334024,1
1,0.9078368,1
0,0.95036244,1
1,0.8797335,1
1,0.867809,1
0,0.87858987,1
1,0.886684,1
0,0.850205,1
1,0.89337415,1
1,0.9132863,1
0,0.8742038,1
1,0.8497229,1
1,0.9399105,1
1,0.91637814,1
1,0.846733,1
1,0.8678817,1
1,0.8678968,1
1,0.84221965,1
1,0.84107333,1
1,0.86183465,1
1,0.82378453,1
1,0.83013123,1
1,0.88917154,1
1,0.9022729,1
1,0.82939756,1
1,0.842776,1
1,0.8365284,1
1,0.83632904,1
1,0.82911766,1
1,0.77873385,1
1,0.82203496,1
1,0.77852404,1
1,0.79291666,1
1,0.67086667,1
1,0.8621048,1
1,0.85968864,1
1,0.87908363,1
1,0.8602177,1
1,0.8692525,1
1,0.84952986,1
1,0.8988791,1
0,0.2330842,0
0,0.23169102,0
1,0.22609964,0
0,0.07354817,0
0,0.07087188,0
1,0.76484215,1
0,0.66372746,1
0,0.1724097,0
1,0.7991442,1
1,0.8033006,1
0,0.7157502,1
1,0.8191036,1
1,0.74853957,1
1,0.6997246,1
1,0.7456653,1
1,0.8076543,1
0,0.77877164,1
1,0.70246696,1
1,0.70178163,1
0,0.748457,1
1,0.6970586,1
0,0.7253623,1
1,0.73060364,1
1,0.7282071,1
1,0.75825053,1
0,0.7421411,1
1,0.7869705,1
1,0.8016076,1
1,0.8059496,1
1,0.7341821,1
0,0.7915036,1
1,0.77537674,1
1,0.7169921,1
0,0.7004864,1
0,0.78295004,1
1,0.75261503,1
0,0.8390769,1
1,0.7576119,1
1,0.77365625,1
0,0.79404926,1
0,0.7035988,1
0,0.79615724,1
1,0.83752966,1
1,0.8082825,1
1,0.8140118,1
1,0.8238969,1
1,0.80491483,1
0,0.82827187,1
1,0.79844046,1
1,0.8541121,1
1,0.70094335,1
0,0.3993283,0
1,0.3105075,0
1,0.60365975,1
1,0.6974314,1
0,0.5581221,1
1,0.6735124,1
1,0.7542549,1
1,0.75160676,1
1,0.76848745,1
1,0.78251195,1
1,0.71570075,1
1,0.7877806,1
1,0.81679964,1
1,0.78708196,1
1,0.54872495,1
1,0.76062584,1
1,0.8396561,1
1,0.86756647,1
1,0.8777176,1
0,0.85757786,1
1,0.8295416,1
1,0.80753756,1
1,0.9016621,1
0,0.9196235,1
1,0.892824,1
0,0.87553227,1
1,0.8878996,1
1,0.9129039,1
1,0.92300546,1
1,0.8969789,1
1,0.89057755,1
1,0.76237464,1
1,0.7804734,1
1,0.8708754,1
0,0.78793526,1
0,0.7353131,1
0,0.8132267,1
1,0.77328885,1
0,0.8659278,1
1,0.76890516,1
0,0.84832186,1
1,0.7951254,1
0,0.78822696,1
1,0.8118514,1
0,0.8232227,1
0,0.85419923,1
1,0.808793,1
1,0.78245026,1
1,0.8268795,1
0,0.79226154,1
0,0.7935792,1
1,0.7923889,1
0,0.7344966,1
1,0.7963482,1
1,0.7803172,1
0,0.733391,1
0,0.7243902,1
1,0.82975614,1
0,0.78091,1
1,0.86289626,1
0,0.8071749,1
1,0.8763272,1
1,0.82412505,1
1,0.84439385,1
0,0.7731235,1
0,0.7969605,1
1,0.82406974,1
0,0.77087677,1
1,0.76955426,1
1,0.78132105,1
0,0.7694542,1
0,0.81722814,1
1,0.8528279,1
1,0.74103355,1
1,0.75575876,1
1,0.7898405,1
1,0.7907196,1
1,0.79343385,1
1,0.75584036,1
1,0.7549978,1
0,0.74867576,1
1,0.7366165,1
1,0.7886228,1
1,0.83394057,1
1,0.7251103,1
1,0.774882,1
1,0.66256166,1
1,0.67023253,1
1,0.7108099,1
1,0.7648253,1
1,0.7977886,1
0,0.7692665,1
0,0.77780396,1
0,0.77896154,1
0,0.77869177,1
0,0.80631906,1
1,0.7934211,1
1,0.74612224,1
1,0.81291604,1
1,0.8256444,1
1,0.74710375,1
1,0.7445081,1
1,0.7600441,1
1,0.75184286,1
1,0.8049642,1
0,0.7580645,1
0,0.64062065,1
0,0.77370304,1
0,0.7948209,1
1,0.7177847,1
1,0.7340618,1
0,0.7226763,1
0,0.74988323,1
0,0.67812663,1
1,0.78985995,1
1,0.8473724,1
1,0.8064838,1
1,0.83438027,1
0,0.8336825,1
1,0.75472903,1
1,0.8280942,1
0,0.78617555,1
0,0.8017429,1
0,0.7667923,1
1,0.856803,1
1,0.78315175,1
0,0.82157737,1
1,0.84183776,1
1,0.82791805,1
1,0.8180574,1
0,0.83837515,1
1,0.81565595,1
1,0.7869986,1
1,0.7971802,1
0,0.80057156,1
0,0.82554555,1
1,0.8469063,1
1,0.8103866,1
1,0.80574304,1
1,0.40569392,0
1,0.8692376,1
1,0.5513894,1
1,0.267609,0
0,0.47823352,0
0,0.70820993,1
1,0.74064034,1
1,0.5544087,1
0,0.36964202,0
0,0.41150224,0
0,0.39560506,0
0,0.35365757,0
1,0.34221908,0
1,0.34998417,0
1,0.28427973,0
0,0.52596503,1
0,0.3685087,0
0,0.20108363,0
0,0.39076847,0
0,0.43526706,0
0,0.4232245,0
0,0.30902106,0
0,0.31001073,0
0,0.20130369,0
0,0.3378426,0
0,0.42338076,0
1,0.30285904,0
0,0.48670906,0
0,0.34616163,0
0,0.4119937,0
0,0.3406184,0
0,0.24423572,0
1,0.75956583,1
1,0.80054915,1
1,0.8213242,1
0,0.8427388,1
0,0.7925441,1
1,0.7967879,1
1,0.84233284,1
1,0.67070717,1
0,0.51576877,1
0,0.40422586,0
1,0.7719071,1
0,0.7081826,1
1,0.7172098,1
0,0.76722205,1
1,0.8735924,1
1,0.9066175,1
0,0.8201611,1
1,0.7838332,1
1,0.9207226,1
1,0.820188,1
1,0.79295796,1
1,0.86735374,1
1,0.7563952,1
1,0.9077534,1
1,0.8563881,1
1,0.7957908,1
1,0.8092594,1
1,0.7114987,1
1,0.76161355,1
1,0.74748844,1
1,0.81502175,1
0,0.073302425,0
1,0.8604657,1
1,0.8689807,1
1,0.95791554,1
1,0.8525875,1
0,0.6044692,1
1,0.385594,0
1,0.8902169,1
1,0.53904206,1
0,0.77697545,1
0,0.5348316,1
1,0.7989837,1
0,0.06365833,0
1,0.3227925,0
1,0.4692834,0
0,0.19342178,0
0,0.05437314,0
0,0.14450966,0
0,0.06832084,0
0,0.14086357,0
0,0.44897237,0
0,0.07061145,0
0,0.1114113,0
1,0.5444924,1
0,0.23938107,0
0,0.113104895,0
0,0.061637115,0
0,0.1745464,0
1,0.42505214,0
0,0.1030978,0
1,0.2723851,0
0,0.31676033,0
0,0.22750762,0
0,0.17332686,0
0,0.19338448,0
0,0.23867632,0
1,0.22290654,0
0,0.21981652,0
0,0.31125143,0
0,0.28303546,0
1,0.40679187,0
0,0.46368167,0
1,0.26884967,0
0,0.32089403,0
0,0.31063822,0
0,0.40008867,0
0,0.65391,1
0,0.4268004,0
0,0.5601268,1
0,0.2615993,0
1,0.7887457,1
1,0.3220453,0
0,0.25101835,0
0,0.22704141,0
1,0.71518314,1
0,0.32451907,0
0,0.38012838,0
1,0.7115593,1
1,0.8751534,1
1,0.8215478,1
1,0.89481217,1
0,0.847519,1
1,0.85735935,1
1,0.8489604,1
1,0.8701406,1
1,0.77425575,1
1,0.8098879,1
0,0.73547435,1
1,0.8838945,1
1,0.8321497,1
0,0.8198823,1
1,0.84270537,1
1,0.8328603,1
1,0.88857836,1
0,0.12645118,0
1,0.75109994,1
1,0.654155,1
0,0.1501032,0
0,0.3685888,0
0,0.7276545,1
0,0.6515157,1
0,0.38558942,0
0,0.24237046,0
1,0.7696135,1
1,0.8633452,1
1,0.8388668,1
1,0.39420402,0
1,0.6443307,1
0,0.72645295,1
1,0.600486,1
1,0.569033,1
1,0.7407823,1
1,0.5434823,1
0,0.6211716,1
0,0.75343716,1
1,0.7490851,1
1,0.7686336,1
1,0.26508555,0
1,0.8043246,1
1,0.7862646,1
1,0.7623625,1
1,0.83412546,1
0,0.61679673,1
1,0.78370035,1
0,0.6687204,1
1,0.8462628,1
0,0.642019,1
0,0.8618912,1
0,0.8014032,1
1,0.8263752,1
1,0.7754571,1
1,0.857915,1
1,0.68524307,1
1,0.8310962,1
1,0.774665,1
1,0.75562966,1
0,0.72930527,1
1,0.7281195,1
1,0.64032376,1
1,0.7344393,1
1,0.72383857,1
1,0.7960714,1
1,0.6480579,1
0,0.7053523,1
1,0.67320883,1
1,0.7106015,1
0,0.22064647,0
0,0.4701067,0
1,0.71969044,1
1,0.45203546,0
0,0.2847512,0
0,0.182084,0
0,0.108843684,0
1,0.9635362,1
1,0.9501632,1
1,0.7983182,1
1,0.87498456,1
1,0.9418083,1
0,0.8336097,1
1,0.91692895,1
1,0.93741643,1
1,0.8736366,1
1,0.8305439,1
1,0.8328413,1
1,0.88863635,1
0,0.4072619,0
1,0.8656543,1
1,0.9349149,1
1,0.823643,1
0,0.31758612,0
0,0.39388102,0
0,0.37312078,0
1,0.93388814,1
1,0.6847485,1
1,0.8086429,1
0,0.33972758,0
0,0.7701441,1
0,0.31776124,0
1,0.54148334,1
0,0.33618635,0
1,0.8130368,1
1,0.6711418,1
0,0.58839,1
0,0.278689,0
1,0.31443894,0
0,0.1540518,0
1,0.24211782,0
0,0.38194847,0
1,0.62680584,1
1,0.46449795,0
1,0.716087,1
1,0.79186416,1
1,0.34524468,0
0,0.6627689,1
0,0.2654003,0
1,0.36579418,0
0,0.86929286,1
1,0.38555673,0
1,0.2954584,0
1,0.31782803,0
0,0.47156227,0
1,0.58945984,1
0,0.60106385,1
0,0.11487593,0
0,0.09174393,0
0,0.08542099,0
0,0.17113955,0
0,0.19539778,0
0,0.34937045,0
0,0.094166145,0
1,0.8170681,1
0,0.5352768,1
0,0.10624746,0
0,0.11442724,0
1,0.20903833,0
0,0.2271324,0
0,0.46999463,0
0,0.21807607,0
0,0.51400125,1
0,0.73128164,1
0,0.2404272,0
1,0.6523652,1
1,0.8407555,1
1,0.7563271,1
1,0.66599375,1
1,0.6567612,1
0,0.23676172,0
0,0.07144892,0
0,0.07663319,0
0,0.16270289,0
0,0.10228717,0
1,0.8517825,1
1,0.72804266,1
0,0.69432914,1
0,0.58109576,1
0,0.7278217,1
0,0.63921213,1
1,0.61559534,1
0,0.6155715,1
1,0.61474186,1
1,0.7272108,1
0,0.42152497,0
1,0.18094233,0
1,0.7724656,1
1,0.79335046,1
1,0.682741,1
1,0.7449045,1
0,0.74654275,1
0,0.64340526,1
1,0.74053496,1
0,0.6759819,1
0,0.77017504,1
1,0.7048273,1
0,0.77173626,1
0,0.72982055,1
0,0.71460336,1
0,0.803794,1
1,0.8753631,1
0,0.7163035,1
1,0.6919669,1
0,0.76182973,1
1,0.8303166,1
1,0.65528154,1
1,0.7008334,1
0,0.77940446,1
1,0.7466624,1
0,0.6737118,1
1,0.68671185,1
1,0.7188555,1
1,0.74991083,1
1,0.7087673,1
1,0.74016654,1
1,0.7912611,1
1,0.7620368,1
1,0.7335834,1
1,0.68484217,1
0,0.6065369,1
0,0.47975525,0
0,0.31430405,0
1,0.8741586,1
1,0.80357283,1
0,0.8059274,1
1,0.9031395,1
1,0.7564156,1
1,0.8444814,1
1,0.81284505,1
1,0.8399358,1
1,0.58359534,1
0,0.8696284,1
0,0.73260444,1
1,0.755842,1
0,0.8723916,1
0,0.84717155,1
1,0.38779756,0
1,0.89878476,1
1,0.73934776,1
1,0.82834166,1
1,0.83090127,1
1,0.85098255,1
1,0.7236688,1
1,0.7325871,1
1,0.7730688,1
1,0.77057576,1
1,0.66598517,1
0,0.2194612,0
0,0.20741649,0
1,0.7802392,1
1,0.8300843,1
0,0.20090087,0
1,0.5535107,1
1,0.29404312,0
1,0.8726262,1
0,0.26964644,0
0,0.24955845,0
1,0.86562514,1
1,0.8773464,1
1,0.8251017,1
1,0.9007933,1
1,0.9065504,1
1,0.905157,1
1,0.88635284,1
1,0.93032837,1
1,0.930459,1
1,0.91990006,1
1,0.44331798,0
1,0.20751353,0
0,0.55121106,1
1,0.63117373,1
1,0.23038128,0
1,0.7967339,1
1,0.15176976,0
0,0.73489517,1
0,0.7229616,1
1,0.64986354,1
1,0.77312165,1
1,0.93111986,1
1,0.9462463,1
1,0.89873004,1
0,0.859923,1
1,0.9434888,1
1,0.8739119,1
1,0.92227566,1
1,0.91009027,1
1,0.87174946,1
0,0.26598006,0
1,0.6902862,1
1,0.8475773,1
1,0.929807,1
1,0.9016846,1
1,0.9558407,1
1,0.8234488,1
1,0.9222975,1
1,0.88727194,1
1,0.9101149,1
1,0.9201053,1
1,0.9331248,1
1,0.88477045,1
1,0.7334212,1
0,0.8067073,1
1,0.755393,1
1,0.839552,1
1,0.7765954,1
0,0.86502755,1
1,0.8317966,1
1,0.92650336,1
1,0.79128146,1
1,0.83501714,1
1,0.8538324,1
1,0.84554523,1
1,0.85403645,1
1,0.89093506,1
1,0.8971657,1
1,0.8197586,1
1,0.8853743,1
1,0.91824126,1
1,0.8588845,1
1,0.822966,1
1,0.9236481,1
0,0.81312364,1
1,0.9292659,1
0,0.8111691,1
0,0.77131474,1
0,0.9031294,1
1,0.8720507,1
0,0.90708816,1
0,0.8978794,1
1,0.9371385,1
1,0.9174435,1
1,0.82066697,1
1,0.88917077,1
1,0.8261891,1
1,0.82086676,1
1,0.8490778,1
1,0.95562685,1
1,0.80052274,1
1,0.8564571,1
0,0.94952166,1
1,0.9552327,1
0,0.6902559,1
1,0.8064119,1
0,0.82727987,1
1,0.89597166,1
1,0.8635711,1
0,0.88895744,1
1,0.9424711,1
1,0.8854455,1
1,0.911727,1
1,0.33382618,0
0,0.07479259,0
0,0.46623054,0
0,0.38769513,0
1,0.3106077,0
0,0.32743862,0
0,0.38402772,0
0,0.29078013,0
0,0.2100269,0
0,0.27443662,0
0,0.2897901,0
1,0.32161614,0
1,0.31202963,0
1,0.30820498,0
0,0.39327443,0
0,0.2504664,0
1,0.78061837,1
0,0.7171922,1
0,0.8396494,1
0,0.7422206,1
0,0.7000321,1
1,0.79125935,1
1,0.7871162,1
1,0.8352239,1
1,0.8986278,1
1,0.84998566,1
1,0.7968038,1
1,0.8223131,1
0,0.7188679,1
1,0.77925426,1
1,0.79092497,1
1,0.74652153,1
1,0.8464996,1
0,0.79455966,1
0,0.044872,0
0,0.07580937,0
0,0.04615172,0
0,0.19433708,0
1,0.9491682,1
1,0.9085825,1
1,0.8943533,1
1,0.87708825,1
0,0.7455765,1
1,0.7078928,1
1,0.9437476,1
1,0.8587069,1
1,0.83174515,1
1,0.8697018,1
1,0.8554914,1
1,0.8271473,1
1,0.89479744,1
1,0.8023115,1
1,0.7870697,1
1,0.89340323,1
1,0.96028036,1
0,0.90535367,1
1,0.92957133,1
1,0.93898094,1
1,0.85120195,1
1,0.7912458,1
1,0.80226594,1
1,0.7858351,1
0,0.80624723,1
1,0.8289945,1
1,0.8351987,1
1,0.95994884,1
1,0.9863667,1
0,0.4234713,0
0,0.7575268,1
1,0.81711346,1
0,0.611327,1
1,0.8110307,1
1,0.7688253,1
1,0.17313492,0
0,0.6628696,1
0,0.25296625,0
1,0.744013,1
1,0.63816416,1
0,0.74244523,1
1,0.6402402,1
1,0.8222478,1
1,0.8707096,1
1,0.85345984,1
1,0.8447585,1
1,0.85847527,1
1,0.8466694,1
0,0.8388031,1
0,0.82660174,1
1,0.8671811,1
1,0.85974866,1
1,0.6009899,1
0,0.40953088,0
0,0.71644735,1
1,0.7305275,1
1,0.7950089,1
0,0.88432837,1
1,0.8906395,1
1,0.9112846,1
1,0.82524896,1
1,0.898416,1
1,0.8114874,1
1,0.8289792,1
0,0.8641695,1
1,0.8977873,1
0,0.8629679,1
1,0.9074723,1
1,0.89600736,1
1,0.8206772,1
1,0.81199247,1
0,0.8622437,1
1,0.86291826,1
1,0.9136716,1
1,0.8483696,1
1,0.89357233,1
1,0.8871297,1
1,0.87854135,1
1,0.6615846,1
1,0.8448896,1
1,0.7989007,1
1,0.8851476,1
1,0.8386378,1
0,0.88544214,1
0,0.7527609,1
0,0.80335677,1
1,0.87949735,1
1,0.8468659,1
1,0.78166205,1
0,0.81620055,1
1,0.898822,1
1,0.86452293,1
1,0.7279519,1
0,0.78950304,1
1,0.8211666,1
1,0.9169942,1
1,0.8300896,1
1,0.8015225,1
1,0.8216695,1
1,0.8228015,1
0,0.88961965,1
1,0.8908399,1
1,0.8687366,1
1,0.81735885,1
1,0.8330856,1
0,0.81693995,1
0,0.808471,1
1,0.86767554,1
1,0.88268274,1
1,0.84581417,1
0,0.8531069,1
1,0.822009,1
1,0.890524,1
1,0.831117,1
1,0.83398294,1
1,0.8156705,1
1,0.652819,1
1,0.5789129,1
0,0.30076832,0
0,0.49759254,0
1,0.8751909,1
1,0.24307236,0
0,0.5830317,1
0,0.5839269,1
1,0.57326525,1
1,0.7880084,1
1,0.804471,1
1,0.68257266,1
1,0.18355064,0
1,0.31655973,0
1,0.3227733,0
0,0.35821614,0
0,0.10189033,0
0,0.13745967,0
0,0.075829886,0
0,0.6015376,1
0,0.23998082,0
1,0.3364809,0
1,0.29919654,0
1,0.4902036,0
1,0.37845364,0
1,0.37679324,0
0,0.19151856,0
1,0.22246672,0
1,0.311757,0
0,0.30586416,0
1,0.28879854,0
0,0.28437445,0
0,0.33279097,0
0,0.30631694,0
0,0.3391835,0
0,0.38127184,0
1,0.22474141,0
0,0.23029867,0
0,0.12994419,0
0,0.22017246,0
0,0.2309196,0
0,0.6310755,1
1,0.66372806,1
1,0.7978042,1
0,0.09922503,0
0,0.12421564,0
1,0.19637258,0
0,0.1434253,0
0,0.4323998,0
0,0.18915334,0
0,0.28026265,0
1,0.17014225,0
0,0.074532434,0
0,0.23546812,0
0,0.109056786,0
0,0.18380089,0
0,0.2758806,0
1,0.71271145,1
1,0.7626708,1
1,0.75519055,1
1,0.3510702,0
0,0.4371573,0
0,0.5259626,1
0,0.51100415,1
1,0.6211122,1
0,0.7405058,1
1,0.7628557,1
1,0.43858585,0
1,0.774102,1
1,0.75953144,1
1,0.8913207,1
1,0.8821605,1
1,0.91567284,1
1,0.83177197,1
1,0.53661114,1
1,0.77545464,1
1,0.7805835,1
0,0.14274125,0
0,0.08223952,0
0,0.09613791,0
0,0.07961838,0
0,0.10832099,0
0,0.22138965,0
0,0.6473733,1
1,0.7187842,1
1,0.8191456,1
1,0.29412794,0
0,0.27995312,0
0,0.24528113,0
0,0.066668116,0
1,0.33782065,0
0,0.2754212,0
1,0.98193055,1
1,0.8859937,1
1,0.81732774,1
1,0.86985207,1
1,0.8514537,1
1,0.8878417,1
1,0.81927526,1
1,0.85337085,1
0,0.27316874,0
0,0.19919473,0
0,0.071463816,0
0,0.06960825,0
0,0.29884437,0
1,0.6053942,1
0,0.428742,0
0,0.50290793,1
1,0.9424775,1
1,0.89099,1
1,0.8147762,1
0,0.5960767,1
1,0.8417717,1
1,0.6727892,1
0,0.82492447,1
1,0.9134085,1
1,0.90629905,1
1,0.8974301,1
1,0.90237004,1
1,0.90244704,1
1,0.8027184,1
1,0.81571895,1
1,0.83968824,1
1,0.928355,1
1,0.9136364,1
1,0.9329514,1
1,0.8666884,1
1,0.8197714,1
1,0.84874785,1
1,0.80618256,1
0,0.7929085,1
0,0.8581551,1
1,0.8200694,1
1,0.8220347,1
1,0.7556297,1
1,0.76747245,1
1,0.6879307,1
0,0.7587228,1
1,0.78638065,1
1,0.88173926,1
1,0.7952338,1
1,0.80647093,1
1,0.8190051,1
1,0.8585817,1
1,0.88033754,1
1,0.7709272,1
1,0.86182475,1
1,0.8611555,1
1,0.82742816,1
1,0.8176492,1
1,0.2364043,0
1,0.54368955,1
0,0.3612737,0
1,0.3984265,0
1,0.369823,0
1,0.3462075,0
1,0.6312005,1
1,0.33477274,0
0,0.68975496,1
1,0.5073844,1
0,0.31102082,0
1,0.50839925,1
1,0.9375035,1
0,0.9329695,1
0,0.6870861,1
0,0.73342276,1
1,0.9338722,1
1,0.8790725,1
1,0.91268307,1
1,0.86555886,1
1,0.8115993,1
1,0.8153314,1
1,0.73925793,1
1,0.718095,1
0,0.8411142,1
0,0.8282169,1
1,0.82727253,1
1,0.7856101,1
1,0.80308473,1
1,0.74741554,1
1,0.8311157,1
1,0.8113777,1
1,0.80857134,1
1,0.8000071,1
1,0.87520105,1
1,0.83818346,1
0,0.88326234,1
1,0.7742593,1
1,0.8887936,1
1,0.87157845,1
1,0.9030735,1
1,0.9478139,1
1,0.8330436,1
1,0.75017935,1
1,0.77461195,1
0,0.8127099,1
1,0.85720104,1
0,0.83422303,1
1,0.76285344,1
1,0.8651003,1
1,0.7911784,1
0,0.83688736,1
0,0.8185261,1
0,0.8148318,1
1,0.8665861,1
1,0.7517456,1
1,0.6929085,1
0,0.7380646,1
0,0.7308031,1
1,0.78661937,1
1,0.7356908,1
1,0.79320556,1
1,0.71503925,1
0,0.5451886,1
1,0.7762765,1
1,0.7018296,1
1,0.6925491,1
1,0.74502885,1
1,0.82771283,1
0,0.8069316,1
1,0.84722376,1
1,0.85940427,1
1,0.7316394,1
1,0.77450615,1
1,0.8057969,1
1,0.7427054,1
1,0.669522,1
1,0.6895846,1
1,0.50717586,1
0,0.69059885,1
0,0.7293849,1
1,0.68243915,1
0,0.6170669,1
1,0.77328295,1
0,0.76480204,1
0,0.46788847,0
1,0.6954622,1
0,0.77654994,1
0,0.7777349,1
1,0.79005826,1
0,0.6467613,1
0,0.74933404,1
0,0.69819343,1
0,0.6477463,1
0,0.661929,1
0,0.7120691,1
1,0.71146345,1
1,0.6007679,1
1,0.6634872,1
1,0.8049137,1
0,0.7664137,1
1,0.8380455,1
1,0.8080719,1
1,0.83704925,1
1,0.8625894,1
1,0.519317,1
0,0.76617324,1
1,0.72516245,1
0,0.73790336,1
0,0.6456722,1
1,0.85602987,1
1,0.8405521,1
0,0.7623885,1
0,0.053862218,0
0,0.71740055,1
0,0.04187756,0
0,0.1265149,0
0,0.09086026,0
0,0.09170373,0
0,0.054099746,0
0,0.2371146,0
0,0.08669355,0
0,0.04561756,0
0,0.046783347,0
1,0.8934163,1
1,0.7939751,1
1,0.9178856,1
1,0.91008073,1
1,0.8817626,1
1,0.9077023,1
1,0.862994,1
1,0.9066745,1
1,0.8979372,1
1,0.8922783,1
1,0.9015623,1
1,0.6952908,1
0,0.79760957,1
1,0.8385946,1
1,0.8692042,1
1,0.938943,1
0,0.95158404,1
0,0.89630175,1
1,0.8358265,1
1,0.9028405,1
1,0.8674112,1
1,0.13063042,0
1,0.79137254,1
0,0.49831188,0
0,0.54006135,1
1,0.66008765,1
0,0.6338847,1
1,0.8085973,1
1,0.6958268,1
1,0.73433405,1
0,0.29698852,0
0,0.24988888,0
1,0.6846032,1
1,0.8112943,1
1,0.69359463,1
1,0.78662074,1
0,0.22748093,0
0,0.5558691,1
0,0.29561132,0
0,0.46441132,0
1,0.63750255,1
1,0.7330834,1
1,0.3206358,0
1,0.791111,1
1,0.74554735,1
1,0.3958897,0
1,0.76496446,1
1,0.5225042,1
0,0.7635928,1
0,0.67013425,1
0,0.62342113,1
1,0.74831206,1
0,0.14211012,0
0,0.25249243,0
1,0.54424214,1
0,0.29095042,0
0,0.42245042,0
0,0.30521342,0
1,0.8509446,1
1,0.8145558,1
0,0.8521197,1
1,0.8562128,1
1,0.90116316,1
1,0.9519418,1
1,0.90673244,1
1,0.837893,1
1,0.8647781,1
1,0.868542,1
0,0.3074813,0
1,0.3412238,0
0,0.33765182,0
1,0.38413805,0
1,0.61343,1
1,0.8195965,1
1,0.7643351,1
1,0.6878216,1
1,0.4319754,0
1,0.90302885,1
1,0.52984273,1
1,0.805417,1
1,0.8981369,1
1,0.83730215,1
1,0.8771533,1
1,0.8342944,1
1,0.78135103,1
1,0.95522875,1
1,0.9137379,1
1,0.94621897,1
1,0.948364,1
1,0.9222135,1
1,0.9480843,1
1,0.8917581,1
1,0.87386596,1
1,0.92250276,1
1,0.9137973,1
1,0.9281127,1
1,0.9350558,1
1,0.85096276,1
0,0.78021854,1
1,0.85050714,1
1,0.7058762,1
1,0.87199694,1
1,0.88804036,1
1,0.9163313,1
1,0.87432283,1
1,0.8849876,1
0,0.88063496,1
1,0.73923326,1
1,0.28927085,0
1,0.32678214,0
0,0.41850117,0
1,0.6834262,1
0,0.11061117,0
0,0.053597208,0
1,0.3892624,0
1,0.7728403,1
1,0.75336653,1
1,0.28603283,0
1,0.16757648,0
0,0.17255239,0
0,0.2091608,0
0,0.25366092,0
1,0.21886194,0
1,0.09853572,0
1,0.5443683,1
0,0.48842776,0
0,0.7068445,1
0,0.86086273,1
1,0.8606965,1
1,0.83729607,1
0,0.8280568,1
1,0.7527613,1
0,0.8354393,1
1,0.8143938,1
0,0.29258823,0
0,0.35034516,0
1,0.31107396,0
0,0.30262998,0
0,0.30987442,0
1,0.6669136,1
1,0.7627638,1
1,0.7209512,1
1,0.5900885,1
1,0.7616523,1
1,0.8310423,1
1,0.70638627,1
1,0.7628492,1
0,0.5381306,1
0,0.68540466,1
1,0.42728066,0
1,0.85098195,1
1,0.8077017,1
1,0.80917907,1
0,0.7624064,1
1,0.76307386,1
1,0.8099064,1
0,0.75954616,1
1,0.7158634,1
1,0.78755903,1
1,0.82842916,1
1,0.8353702,1
1,0.785973,1
1,0.7960733,1
1,0.6824098,1
0,0.69334763,1
1,0.6380654,1
1,0.38837722,0
1,0.683781,1
0,0.7069665,1
0,0.72178847,1
1,0.7079789,1
1,0.6863431,1
1,0.65632737,1
1,0.76003045,1
0,0.7194823,1
1,0.5466965,1
0,0.72334784,1
0,0.63915145,1
1,0.52648884,1
0,0.68783116,1
1,0.7469983,1
1,0.7866438,1
0,0.53530073,1
1,0.65575844,1
1,0.8422469,1
1,0.7795871,1
1,0.6413809,1
1,0.83399725,1
1,0.79102206,1
0,0.7678783,1
1,0.7658205,1
0,0.81623787,1
1,0.8143246,1
0,0.80581266,1
0,0.8289014,1
0,0.81600356,1
1,0.8045126,1
0,0.7325874,1
1,0.75930136,1
1,0.7432469,1
1,0.76375496,1
1,0.70063156,1
1,0.71546143,1
1,0.7293148,1
1,0.73016584,1
1,0.70005536,1
1,0.77850616,1
1,0.7058334,1
1,0.7561344,1
1,0.76871395,1
1,0.735651,1
1,0.7289309,1
1,0.380037,0
1,0.12785491,0
1,0.121537745,0
1,0.4023381,0
1,0.4017618,0
1,0.4174282,0
0,0.28541,0
0,0.05700491,0
0,0.26177514,0
1,0.84706926,1
1,0.8526488,1
1,0.7530372,1
1,0.6691323,1
1,0.7206527,1
1,0.810216,1
1,0.74578536,1
1,0.78383636,1
1,0.73318505,1
1,0.7843184,1
1,0.6661689,1
1,0.80089056,1
0,0.8943751,1
0,0.8070907,1
1,0.76753175,1
0,0.7902988,1
0,0.7617061,1
1,0.747236,1
1,0.76834756,1
1,0.87362075,1
1,0.8848319,1
1,0.8147743,1
0,0.84412307,1
1,0.77333677,1
1,0.79514486,1
1,0.8254745,1
1,0.79941624,1
1,0.8138198,1
1,0.8215983,1
1,0.06300415,0
0,0.046766978,0
1,0.12106966,0
0,0.13472001,0
0,0.5374553,1
0,0.34822974,0
1,0.63217926,1
1,0.7764417,1
0,0.88349634,1
1,0.8236665,1
1,0.89004326,1
1,0.8098862,1
1,0.91118187,1
1,0.80629665,1
1,0.88761914,1
1,0.6586881,1
1,0.7760549,1
1,0.76566535,1
1,0.7556666,1
1,0.78838706,1
1,0.8267735,1
1,0.83152086,1
1,0.81048036,1
1,0.33327463,0
1,0.25139484,0
0,0.23828965,0
1,0.85510224,1
1,0.22792616,0
1,0.6967326,1
0,0.64757156,1
0,0.52126557,1
1,0.88586956,1
0,0.30135635,0
0,0.15832879,0
0,0.15543203,0
1,0.6346068,1
1,0.44618228,0
0,0.25681046,0
0,0.35175577,0
1,0.5558576,1
1,0.23313962,0
0,0.19700952,0
0,0.29256317,0
1,0.5045895,1
0,0.7401803,1
0,0.43228304,0
0,0.75089085,1
1,0.47768918,0
0,0.7195935,1
0,0.6752121,1
0,0.44184148,0
0,0.53566545,1
0,0.6750352,1
1,0.7678371,1
1,0.8964241,1
1,0.8463456,1
1,0.8755855,1
0,0.69392234,1
0,0.64856833,1
1,0.76878315,1
1,0.73768556,1
0,0.5067981,1
1,0.76520646,1
1,0.7652283,1
1,0.8110542,1
0,0.516737,1
0,0.7995175,1
1,0.7974681,1
1,0.6381077,1
1,0.65445656,1
0,0.69212365,1
0,0.5163069,1
1,0.653868,1
0,0.62647474,1
1,0.7309618,1
0,0.547089,1
1,0.7033507,1
1,0.7272773,1
0,0.6940313,1
0,0.6906751,1
1,0.8016565,1
1,0.6846509,1
0,0.6509173,1
1,0.71907866,1
0,0.7041901,1
1,0.7769096,1
1,0.7638567,1
1,0.8113726,1
1,0.7898704,1
1,0.79308325,1
1,0.76215464,1
0,0.7896617,1
1,0.711157,1
0,0.25837082,0
0,0.31092495,0
1,0.29810166,0
1,0.86602366,1
1,0.65596116,1
0,0.29705423,0
0,0.31229347,0
0,0.18784048,0
0,0.09455422,0
0,0.07446862,0
0,0.04333859,0
0,0.15595476,0
0,0.24889329,0
0,0.06518257,0
0,0.15145698,0
0,0.18075341,0
0,0.17105013,0
0,0.0495088,0
0,0.23976412,0
0,0.05503144,0
0,0.19225605,0
0,0.047796153,0
0,0.16142072,0
0,0.18497224,0
0,0.12472502,0
0,0.16515017,0
1,0.21196625,0
1,0.26666906,0
0,0.24402153,0
0,0.39061403,0
0,0.5935977,1
0,0.2928016,0
0,0.7499688,1
0,0.3653656,0
1,0.46255714,0
1,0.37126788,0
0,0.45418662,0
0,0.48208353,0
0,0.3196887,0
1,0.49241,0
1,0.71364707,1
1,0.42193237,0
0,0.2613225,0
1,0.5044408,1
1,0.3063836,0
0,0.31324533,0
1,0.68763995,1
1,0.20989813,0
1,0.7827238,1
1,0.10668985,0
1,0.67161167,1
1,0.6979148,1
1,0.28894702,0
0,0.48506975,0
0,0.67942816,1
1,0.25923035,0
0,0.25632462,0
0,0.3276778,0
1,0.80483496,1
1,0.42809448,0
0,0.29222998,0
1,0.24462123,0
1,0.4831956,0
1,0.58209723,1
1,0.53178304,1
1,0.61521065,1
1,0.47560114,0
0,0.5163469,1
1,0.37160906,0
1,0.15894021,0
1,0.144083,0
0,0.4767849,0
1,0.24496777,0
0,0.37210345,0
0,0.5048882,1
0,0.3445103,0
0,0.63220555,1
0,0.35463688,0
0,0.07565864,0
1,0.81475544,1
1,0.8947798,1
0,0.79533815,1
0,0.85588235,1
0,0.8790436,1
0,0.7770582,1
0,0.849082,1
1,0.84001607,1
1,0.7974458,1
1,0.8409117,1
0,0.79138273,1
1,0.8512969,1
1,0.8907902,1
1,0.8680456,1
1,0.85313755,1
0,0.85583884,1
0,0.8688192,1
1,0.8870841,1
1,0.8312872,1
1,0.7597716,1
1,0.7730189,1
1,0.75378144,1
1,0.8005163,1
1,0.7774895,1
1,0.32288355,0
0,0.16648358,0
0,0.16713472,0
0,0.15838942,0
1,0.20505014,0
0,0.049196936,0
0,0.026666947,0
0,0.26667818,0
1,0.41679502,0
1,0.61833316,1
0,0.3775292,0
0,0.50242865,1
1,0.6964458,1
1,0.80154014,1
1,0.71293217,1
1,0.6710321,1
1,0.7107967,1
1,0.86499023,1
1,0.81733793,1
0,0.8003836,1
1,0.8500127,1
1,0.78843814,1
1,0.77826357,1
1,0.81999654,1
1,0.7730229,1
1,0.7876942,1
1,0.80795115,1
1,0.8381795,1
0,0.76661736,1
0,0.8366581,1
1,0.8478008,1
0,0.78192073,1
1,0.8006049,1
1,0.9613006,1
1,0.8846725,1
1,0.9111295,1
1,0.89303136,1
1,0.9122647,1
1,0.78008133,1
1,0.92085755,1
1,0.92943376,1
1,0.96398675,1
1,0.89642143,1
1,0.9084691,1
1,0.95626676,1
1,0.89682025,1
1,0.838409,1
1,0.6918659,1
0,0.7257591,1
0,0.7783383,1
0,0.7822657,1
1,0.76542133,1
1,0.8402337,1
1,0.8449429,1
0,0.06514054,0
0,0.15373878,0
0,0.2156259,0
0,0.21536562,0
0,0.17140914,0
0,0.28138027,0
1,0.35117614,0
1,0.51042604,1
0,0.37077448,0
0,0.2913666,0
0,0.10861946,0
0,0.21935897,0
1,0.25135732,0
1,0.5761269,1
1,0.4678389,0
1,0.26937038,0
1,0.5870541,1
1,0.6790935,1
1,0.74012876,1
1,0.8038942,1
1,0.8483239,1
1,0.6746031,1
1,0.87719566,1
1,0.6862914,1
1,0.81182194,1
1,0.8290371,1
0,0.7940755,1
0,0.748264,1
1,0.790887,1
1,0.7658845,1
0,0.7380848,1
1,0.66468626,1
0,0.6617828,1
1,0.6812747,1
1,0.7848539,1
1,0.7353569,1
0,0.38691443,0
1,0.30345288,0
1,0.5166649,1
0,0.14399694,0
0,0.11372437,0
0,0.0765944,0
0,0.10171504,0
0,0.2820981,0
0,0.2873233,0
1,0.71754616,1
0,0.12605645,0
0,0.2784316,0
0,0.29351264,0
0,0.2850505,0
0,0.3617193,0
1,0.1709114,0
0,0.27724138,0
0,0.48224753,0
1,0.24949308,0
1,0.39322096,0
1,0.47610158,0
0,0.8815681,1
0,0.873963,1
1,0.75767654,1
0,0.706862,1
0,0.22284025,0
0,0.71438396,1
1,0.6409228,1
1,0.7478312,1
1,0.64173025,1
0,0.71224976,1
1,0.89355475,1
1,0.75140846,1
1,0.82633966,1
0,0.21704821,0
0,0.22718096,0
0,0.1901903,0
1,0.27770367,0
0,0.28343216,0
1,0.8536614,1
1,0.82318383,1
0,0.84436995,1
1,0.5669609,1
1,0.8851062,1
1,0.88888854,1
1,0.87294304,1
1,0.8330525,1
1,0.76163924,1
1,0.32375327,0
1,0.7177564,1
0,0.71773785,1
1,0.7792878,1
1,0.7437655,1
1,0.7947381,1
1,0.928759,1
1,0.91567916,1
1,0.95938665,1
0,0.76015455,1
1,0.90032256,1
1,0.83325034,1
1,0.7963126,1
1,0.36167535,0
0,0.36546835,0
0,0.5766636,1
0,0.4138342,0
0,0.4708351,0
0,0.6030927,1
0,0.5446834,1
0,0.5251112,1
0,0.5147126,1
0,0.46056488,0
1,0.46208948,0
0,0.30887076,0
0,0.3337072,0
0,0.3396524,0
1,0.8819573,1
1,0.809747,1
1,0.7669496,1
1,0.81654453,1
1,0.78824985,1
1,0.6819746,1
1,0.7954712,1
1,0.81573814,1
1,0.83181393,1
0,0.79444563,1
1,0.8039903,1
0,0.8207607,1
1,0.8525871,1
1,0.8919355,1
0,0.91712075,1
1,0.7087805,1
0,0.81859654,1
1,0.85820985,1
1,0.76678544,1
1,0.821478,1
1,0.8905191,1
1,0.9111536,1
1,0.89065963,1
1,0.64291704,1
1,0.5055331,1
1,0.6456753,1
1,0.72473276,1
0,0.48503587,0
0,0.3363416,0
0,0.13118428,0
1,0.2512936,0
0,0.17783298,0
0,0.06473153,0
0,0.22629395,0
0,0.31112516,0
0,0.16828611,0
0,0.06629928,0
0,0.060225774,0
0,0.2946875,0
0,0.49420244,0
1,0.6186141,1
1,0.7853422,1
1,0.31577453,0
1,0.39860928,0
1,0.3030335,0
0,0.17745976,0
1,0.4268627,0
1,0.5243522,1
0,0.18896218,0
0,0.10795502,0
0,0.09069754,0
0,0.115349285,0
0,0.11063021,0
0,0.062742405,0
0,0.112703726,0
1,0.5363471,1
0,0.3651895,0
0,0.053331207,0
0,0.3653615,0
1,0.14334261,0
1,0.18770014,0
0,0.33523318,0
0,0.34432104,0
0,0.30039474,0
1,0.36805546,0
1,0.32425177,0
0,0.4347287,0
1,0.3023007,0
0,0.33637157,0
0,0.43746844,0
1,0.31857422,0
0,0.3653689,0
0,0.16382214,0
0,0.086191356,0
0,0.14961718,0
0,0.14228095,0
0,0.11318909,0
0,0.6457942,1
0,0.6073057,1
0,0.3799251,0
1,0.6878608,1
1,0.77288973,1
1,0.8157367,1
1,0.8754845,1
1,0.7246517,1
1,0.7025091,1
1,0.64817166,1
0,0.63734543,1
1,0.90127957,1
1,0.84085083,1
1,0.898209,1
1,0.79944986,1
1,0.85263485,1
1,0.80510235,1
1,0.6631073,1
0,0.68305653,1
0,0.67907953,1
0,0.6374649,1
0,0.19539592,0
0,0.2590046,0
1,0.7925417,1
0,0.80334556,1
0,0.8117209,1
1,0.8235393,1
1,0.7530293,1
1,0.67557883,1
1,0.41850826,0
1,0.8002607,1
1,0.84241074,1
1,0.8484415,1
1,0.62183434,1
0,0.72262037,1
1,0.71352583,1
0,0.6453632,1
0,0.27930483,0
1,0.77903634,1
1,0.682004,1
1,0.7775658,1
0,0.78696394,1
1,0.7051101,1
1,0.7306388,1
1,0.77657133,1
1,0.7453713,1
1,0.8449832,1
1,0.73578703,1
1,0.59914017,1
0,0.7560902,1
0,0.71148366,1
0,0.71182764,1
0,0.68104434,1
0,0.70225716,1
1,0.7326848,1
1,0.8014576,1
1,0.7239436,1
1,0.8719392,1
0,0.8233039,1
0,0.72345746,1
0,0.77805054,1
1,0.8270139,1
1,0.80566674,1
1,0.81876385,1
1,0.8081585,1
1,0.8820734,1
0,0.80570865,1
0,0.80140686,1
1,0.7961799,1
1,0.74465454,1
1,0.7798675,1
0,0.8128815,1
0,0.73003024,1
1,0.6232551,1
1,0.7237809,1
1,0.71708035,1
1,0.67375076,1
1,0.5743187,1
1,0.78909975,1
0,0.81974363,1
1,0.56750715,1
1,0.6766482,1
1,0.7629901,1
1,0.8478073,1
0,0.8534154,1
0,0.84357935,1
0,0.82096714,1
0,0.8101297,1
0,0.8332705,1
0,0.8131836,1
1,0.91356593,1
0,0.7689363,1
1,0.7679119,1
1,0.8325093,1
1,0.76127285,1
1,0.8265394,1
1,0.9079412,1
1,0.8971377,1
1,0.84206855,1
0,0.8672686,1
1,0.8110988,1
0,0.72718525,1
1,0.75034654,1
0,0.73030096,1
1,0.6913588,1
1,0.6752323,1
0,0.81727934,1
1,0.65390384,1
1,0.751519,1
1,0.78303295,1
1,0.84624463,1
1,0.7749258,1
1,0.7323683,1
0,0.70518863,1
1,0.7778986,1
1,0.8134141,1
0,0.76157695,1
0,0.74944013,1
0,0.77113056,1
1,0.7546631,1
1,0.7526814,1
1,0.78083324,1
0,0.73727274,1
1,0.82563704,1
1,0.70777375,1
1,0.7285076,1
1,0.79498565,1
1,0.79206914,1
1,0.7674856,1
1,0.805018,1
1,0.68664175,1
1,0.7413048,1
1,0.8462571,1
1,0.8063318,1
1,0.817106,1
1,0.7478428,1
1,0.8206625,1
0,0.7894109,1
1,0.7757027,1
1,0.82094413,1
1,0.7862868,1
1,0.76507384,1
1,0.79024476,1
0,0.7848693,1
1,0.6963834,1
1,0.8519423,1
1,0.77151054,1
1,0.79913986,1
1,0.7274019,1
0,0.7677179,1
1,0.81089884,1
1,0.84023595,1
1,0.7377206,1
1,0.8423142,1
1,0.74890757,1
1,0.7777557,1
1,0.7873105,1
1,0.79078686,1
1,0.69586635,1
1,0.8316195,1
1,0.7838809,1
0,0.1455161,0
0,0.33115843,0
0,0.24861805,0
0,0.16607612,0
0,0.51783186,1
0,0.26632428,0
0,0.24245597,0
0,0.34932575,0
0,0.42140642,0
1,0.7672593,1
1,0.5539785,1
1,0.3395458,0
0,0.30435374,0
0,0.5782216,1
0,0.6377737,1
0,0.7884215,1
1,0.32219034,0
0,0.38084418,0
0,0.0607573,0
0,0.07249065,0
0,0.09660793,0
1,0.42677182,0
0,0.09395472,0
1,0.3370437,0
0,0.23685499,0
1,0.46312055,0
0,0.58250237,1
0,0.36046362,0
1,0.42060137,0
0,0.32940757,0
0,0.6128844,1
0,0.19994664,0
0,0.2535461,0
1,0.46938255,0
1,0.32426715,0
0,0.17516772,0
1,0.22120328,0
1,0.47002682,0
1,0.75740564,1
0,0.86614454,1
0,0.8535651,1
0,0.7426109,1
1,0.91269976,1
1,0.84046245,1
1,0.19696994,0
0,0.3216233,0
0,0.22333528,0
1,0.6389745,1
0,0.7723985,1
1,0.73377436,1
1,0.71190816,1
1,0.62880796,1
0,0.67578274,1
0,0.7533826,1
0,0.655752,1
0,0.7342857,1
0,0.6758579,1
1,0.7707231,1
1,0.73268485,1
1,0.7754647,1
1,0.70077634,1
1,0.7944142,1
1,0.82149255,1
1,0.6992569,1
1,0.8142664,1
1,0.7074221,1
1,0.79964465,1
1,0.69510597,1
1,0.75724,1
0,0.7069785,1
1,0.5700457,1
1,0.7065113,1
1,0.7836107,1
1,0.7876853,1
1,0.8040007,1
1,0.7087888,1
1,0.61520797,1
1,0.7449065,1
1,0.80767095,1
1,0.7820089,1
1,0.7700759,1
0,0.83862555,1
1,0.7205489,1
0,0.70467067,1
1,0.7966191,1
0,0.7735547,1
1,0.88339585,1
1,0.8832435,1
1,0.85545075,1
1,0.8673454,1
1,0.75744903,1
1,0.75389266,1
1,0.87480813,1
1,0.82040375,1
0,0.82755655,1
0,0.78202975,1
1,0.38433874,0
0,0.09594534,0
0,0.073099606,0
0,0.45599714,0
0,0.084201135,0
0,0.37841094,0
1,0.41650033,0
1,0.7404406,1
1,0.44763422,0
1,0.8125698,1
1,0.8849666,1
1,0.8462719,1
1,0.8330775,1
0,0.76432246,1
1,0.67269045,1
1,0.77356714,1
0,0.6598608,1
0,0.7694456,1
1,0.71529186,1
1,0.73901814,1
0,0.74421936,1
0,0.8259979,1
1,0.81062317,1
1,0.8912452,1
0,0.89711523,1
0,0.8350917,1
1,0.8022696,1
1,0.7341045,1
1,0.81813586,1
1,0.8286651,1
0,0.79515,1
1,0.84872735,1
1,0.87694037,1
1,0.8322408,1
1,0.87038755,1
1,0.9091776,1
1,0.80550784,1
1,0.8083789,1
0,0.8529681,1
1,0.8532259,1
1,0.7958125,1
1,0.8072651,1
1,0.8408738,1
0,0.7370971,1
1,0.7793582,1
1,0.787148,1
1,0.8120953,1
1,0.7287722,1
1,0.7529317,1
1,0.80540967,1
0,0.77397966,1
1,0.77974755,1
1,0.76531595,1
0,0.77720845,1
1,0.7078193,1
1,0.7635204,1
0,0.7472414,1
1,0.8016956,1
1,0.77400976,1
0,0.63561064,1
1,0.6914269,1
0,0.73699576,1
1,0.81873786,1
1,0.7473205,1
1,0.85739267,1
1,0.87854373,1
1,0.8323893,1
0,0.2265603,0
1,0.88202184,1
0,0.8890708,1
0,0.62676126,1
1,0.23801772,0
1,0.8170206,1
1,0.75219953,1
1,0.83173794,1
0,0.8100706,1
1,0.8012174,1
0,0.6212416,1
0,0.70868075,1
1,0.81065524,1
1,0.62904274,1
1,0.844405,1
1,0.42231175,0
0,0.25401136,0
0,0.5609906,1
0,0.6715832,1
0,0.64441746,1
1,0.6100229,1
1,0.5267237,1
0,0.18161319,0
0,0.20510198,0
0,0.2305708,0
0,0.20291825,0
0,0.31138965,0
0,0.1979553,0
0,0.35310593,0
1,0.47266543,0
0,0.35852283,0
0,0.2453795,0
0,0.12759855,0
0,0.18227644,0
0,0.2487862,0
1,0.7012875,1
1,0.8358664,1
1,0.7747217,1
0,0.9342256,1
0,0.91000265,1
0,0.8644346,1
1,0.79773384,1
1,0.77823627,1
1,0.8001778,1
0,0.67575175,1
1,0.8869029,1
1,0.720246,1
1,0.8193197,1
1,0.8593391,1
1,0.8021326,1
1,0.7727624,1
1,0.8347927,1
1,0.82303303,1
1,0.8866563,1
1,0.8282124,1
1,0.72137195,1
1,0.4551041,0
0,0.57904583,1
0,0.27032387,0
1,0.70671296,1
1,0.63845354,1
1,0.64863634,1
1,0.8646133,1
1,0.7685531,1
1,0.7655202,1
1,0.76251143,1
1,0.8257995,1
1,0.8424937,1
1,0.8271654,1
1,0.69422674,1
1,0.85308105,1
1,0.7435923,1
0,0.7735367,1
1,0.89160985,1
1,0.8603796,1
1,0.80367166,1
1,0.7698971,1
1,0.80153865,1
1,0.81089824,1
1,0.32456663,0
1,0.8342131,1
1,0.9113167,1
1,0.8957673,1
1,0.6172356,1
0,0.468433,0
0,0.6486567,1
1,0.2768021,0
1,0.645325,1
0,0.3271396,0
0,0.34341478,0
0,0.43916342,0
1,0.3766512,0
1,0.8135745,1
0,0.29714328,0
0,0.4094538,0
0,0.5794888,1
0,0.69222826,1
1,0.6730108,1
1,0.5832329,1
1,0.7147807,1
1,0.7711422,1
0,0.7495697,1
1,0.73669654,1
1,0.7811427,1
0,0.5690802,1
1,0.73123646,1
1,0.53241944,1
0,0.6603624,1
0,0.5788518,1
1,0.713099,1
0,0.6358933,1
1,0.33989224,0
1,0.7817932,1
1,0.72672695,1
0,0.6877059,1
0,0.82191193,1
0,0.82785684,1
1,0.7795882,1
0,0.7182663,1
1,0.85478187,1
1,0.7362409,1
1,0.809227,1
1,0.79560065,1
1,0.860377,1
1,0.8189215,1
1,0.7427036,1
1,0.71558,1
1,0.7002338,1
1,0.6692694,1
1,0.65229654,1
0,0.8095068,1
1,0.8390739,1
1,0.73370665,1
1,0.7798995,1
1,0.5811424,1
1,0.7825492,1
1,0.7907718,1
0,0.8309737,1
1,0.81472915,1
1,0.9158938,1
1,0.8404746,1
1,0.8892711,1
1,0.9038429,1
1,0.8663739,1
1,0.6233399,1
1,0.6813582,1
1,0.8403196,1
0,0.16485578,0
1,0.34160727,0
0,0.20871262,0
0,0.10407161,0
1,0.5202756,1
1,0.7620418,1
0,0.622827,1
1,0.7536815,1
1,0.76064134,1
1,0.9133296,1
1,0.8811877,1
1,0.8839211,1
1,0.8347979,1
1,0.87862235,1
1,0.8772598,1
1,0.8786033,1
1,0.91102827,1
1,0.3920505,0
0,0.571352,1
1,0.7935557,1
1,0.8801457,1
0,0.8397913,1
1,0.89772624,1
1,0.8600291,1
0,0.84164876,1
1,0.8553994,1
1,0.67227954,1
1,0.70431626,1
0,0.7949405,1
1,0.7914219,1
0,0.86966866,1
1,0.9009514,1
0,0.81802994,1
0,0.7764219,1
0,0.8153631,1
0,0.26693758,0
0,0.14067432,0
0,0.2789612,0
1,0.2601507,0
1,0.6721981,1
1,0.21472657,0
1,0.84286773,1
1,0.8541006,1
1,0.76623714,1
1,0.41187245,0
1,0.39941826,0
1,0.6729312,1
1,0.65194464,1
1,0.68991774,1
0,0.33893746,0
0,0.48479918,0
1,0.31492212,0
1,0.21693619,0
1,0.4690672,0
1,0.19377322,0
1,0.31598413,0
0,0.31697285,0
1,0.76731235,1
0,0.6979054,1
1,0.7998484,1
1,0.7324263,1
1,0.8020441,1
1,0.7292362,1
1,0.57282877,1
1,0.6958041,1
1,0.8325823,1
1,0.84149486,1
1,0.719106,1
1,0.85708797,1
1,0.70521367,1
1,0.71208346,1
0,0.6519048,1
0,0.5896566,1
1,0.77144563,1
1,0.7885515,1
1,0.77413636,1
1,0.7465186,1
1,0.2608198,0
0,0.3770152,0
0,0.44804305,0
1,0.71906704,1
0,0.6636969,1
0,0.79524255,1
1,0.91750413,1
1,0.94235855,1
1,0.9256318,1
1,0.9183225,1
1,0.8107782,1
1,0.79537517,1
1,0.7547967,1
1,0.79278713,1
1,0.80708414,1
1,0.77379715,1
1,0.78156096,1
1,0.8382878,1
1,0.83758634,1
1,0.896219,1
1,0.8518204,1
1,0.8629493,1
1,0.77669746,1
0,0.7571407,1
1,0.87304795,1
1,0.9004144,1
1,0.802419,1
1,0.8043353,1
1,0.88805336,1
1,0.8362849,1
1,0.88199484,1
1,0.8507841,1
1,0.85527587,1
0,0.1536053,0
0,0.26481858,0
0,0.24504924,0
0,0.10364813,0
1,0.116297625,0
0,0.29958212,0
0,0.2577997,0
0,0.21122733,0
0,0.1635371,0
0,0.2636783,0
0,0.27239016,0
0,0.18745582,0
0,0.23365521,0
0,0.24600519,0
0,0.20999825,0
0,0.15840398,0
1,0.6320772,1
1,0.3067051,0
1,0.29970008,0
0,0.22344156,0
1,0.89521664,1
1,0.9006271,1
1,0.71525246,1
0,0.29195464,0
1,0.44973397,0
0,0.39628205,0
0,0.3452878,0
1,0.6279303,1
0,0.32291532,0
1,0.7261416,1
1,0.7877258,1
1,0.7550398,1
1,0.79312456,1
1,0.7840226,1
1,0.7355098,1
1,0.7258324,1
1,0.69905305,1
0,0.7277384,1
1,0.5165688,1
1,0.36827233,0
1,0.5677053,1
0,0.4870008,0
1,0.23500445,0
0,0.106834486,0
0,0.28939703,0
1,0.41577935,0
1,0.25786042,0
1,0.5508676,1
1,0.38420114,0
1,0.73201126,1
1,0.83449703,1
1,0.88249314,1
1,0.851124,1
1,0.82273334,1
1,0.79081106,1
1,0.8095243,1
0,0.8154496,1
1,0.95570654,1
1,0.9064096,1
1,0.86172724,1
1,0.86030185,1
1,0.8694931,1
1,0.81740165,1
0,0.1249425,0
0,0.783328,1
0,0.80042183,1
1,0.8386203,1
0,0.80430603,1
0,0.69132006,1
0,0.8703762,1
0,0.8954717,1
1,0.7216661,1
1,0.7584464,1
1,0.7405221,1
0,0.77334476,1
0,0.87837917,1
0,0.80905515,1
0,0.83398753,1
1,0.8553008,1
1,0.79043466,1
1,0.8447356,1
1,0.91777384,1
1,0.9384801,1
1,0.8400469,1
1,0.84609765,1
1,0.87092423,1
1,0.897299,1
1,0.8104331,1
1,0.8117558,1
1,0.7672021,1
1,0.8579384,1
1,0.8332977,1
1,0.87080544,1
0,0.8274479,1
1,0.7507132,1
0,0.7434147,1
0,0.7652141,1
1,0.65391,1
0,0.69896024,1
0,0.78919363,1
1,0.82461935,1
0,0.78807753,1
1,0.7698401,1
0,0.7721282,1
0,0.82968587,1
1,0.7123027,1
0,0.7668814,1
0,0.72833025,1
1,0.7013687,1
1,0.69290227,1
1,0.83800966,1
0,0.4863101,0
1,0.35082385,0
1,0.54841566,1
0,0.36180282,0
1,0.49983442,0
0,0.32266346,0
0,0.3802641,0
1,0.30681458,0
0,0.24789944,0
0,0.22035037,0
1,0.30279908,0
0,0.29992393,0
1,0.38702846,0
1,0.64859706,1
1,0.20203866,0
1,0.3841381,0
0,0.7657448,1
1,0.8798068,1
1,0.9354156,1
1,0.96089596,1
1,0.90709424,1
1,0.8376187,1
1,0.6741857,1
0,0.757269,1
1,0.3206663,0
1,0.75709146,1
1,0.7869816,1
0,0.87039053,1
1,0.8100293,1
1,0.88373893,1
0,0.87944156,1
0,0.8664,1
0,0.90270984,1
0,0.84114414,1
1,0.80116,1
1,0.86822987,1
0,0.79436994,1
1,0.8442497,1
1,0.86222786,1
1,0.8208676,1
1,0.8381895,1
1,0.81283045,1
1,0.8687406,1
0,0.8126059,1
1,0.80628246,1
1,0.86421275,1
1,0.86882114,1
0,0.67818636,1
1,0.59500384,1
0,0.68467826,1
1,0.31763127,0
0,0.27578944,0
0,0.28024212,0
0,0.5730607,1
1,0.5848829,1
0,0.50011474,1
0,0.50269115,1
0,0.7323062,1
1,0.81722206,1
0,0.50050884,1
1,0.8331789,1
1,0.7936275,1
1,0.7968661,1
0,0.76275927,1
1,0.79718465,1
1,0.7724445,1
1,0.8106324,1
1,0.8316052,1
1,0.85717803,1
1,0.8800854,1
0,0.76057285,1
0,0.8750631,1
1,0.8177499,1
1,0.82199633,1
1,0.77001697,1
1,0.8260515,1
1,0.8439342,1
1,0.86248416,1
1,0.820211,1
1,0.8640539,1
0,0.18421382,0
1,0.7431847,1
0,0.24914001,0
0,0.38562578,0
0,0.14076762,0
0,0.17522426,0
0,0.075625464,0
0,0.3116132,0
1,0.10969097,0
0,0.112961724,0
1,0.76474553,1
1,0.80841845,1
1,0.7864861,1
1,0.65850216,1
0,0.72814673,1
1,0.77806693,1
1,0.64511746,1
1,0.69496983,1
0,0.6727213,1
1,0.6655229,1
1,0.7852064,1
1,0.7753633,1
0,0.2805944,0
0,0.3143369,0
0,0.25392377,0
0,0.30717164,0
0,0.24158363,0
0,0.06084821,0
0,0.122621275,0
0,0.13078545,0
0,0.113940194,0
0,0.096148394,0
0,0.30516472,0
0,0.33179998,0
0,0.4804788,0
0,0.3861048,0
0,0.37897414,0
1,0.69556445,1
1,0.878389,1
0,0.35084817,0
0,0.65925467,1
0,0.74010974,1
1,0.46857283,0
1,0.79403263,1
1,0.79338986,1
0,0.80039495,1
1,0.76019263,1
1,0.8252645,1
0,0.7741041,1
0,0.8652342,1
0,0.76025856,1
1,0.83756274,1
1,0.7565511,1
1,0.7263809,1
1,0.7351047,1
1,0.6991889,1
0,0.73695457,1
0,0.7289237,1
1,0.8373275,1
1,0.8191077,1
1,0.75591815,1
1,0.72996557,1
1,0.8516708,1
1,0.894873,1
1,0.90607476,1
0,0.58701366,1
1,0.8640309,1
0,0.8624256,1
1,0.77173245,1
1,0.7827766,1
1,0.76312375,1
0,0.7007296,1
1,0.7911663,1
0,0.67631763,1
1,0.5652808,1
0,0.71967584,1
0,0.77059627,1
1,0.65985334,1
1,0.34281996,0
1,0.5318852,1
1,0.7660165,1
1,0.7692168,1
1,0.8291836,1
1,0.7926457,1
0,0.7769844,1
1,0.66524947,1
1,0.88042974,1
1,0.75733507,1
1,0.7753709,1
1,0.8237233,1
0,0.813404,1
1,0.84311914,1
1,0.8598938,1
1,0.7303221,1
1,0.9012512,1
0,0.8976618,1
1,0.73079556,1
0,0.5566733,1
1,0.8417601,1
1,0.7018541,1
0,0.3977224,0
0,0.72316396,1
1,0.66553146,1
1,0.73187876,1
1,0.78786856,1
1,0.8994169,1
1,0.8970935,1
1,0.78082466,1
1,0.6816297,1
1,0.6328055,1
0,0.71401125,1
1,0.28853786,0
1,0.8337642,1
1,0.90959823,1
1,0.56360775,1
1,0.7118399,1
1,0.78853613,1
0,0.65754056,1
1,0.72002465,1
1,0.5651982,1
0,0.72354376,1
0,0.7050274,1
0,0.57257605,1
0,0.63750637,1
0,0.59229386,1
1,0.5977322,1
0,0.26292506,0
0,0.326617,0
1,0.91570234,1
1,0.6042789,1
1,0.8248893,1
1,0.18720245,0
1,0.76497924,1
1,0.79414165,1
1,0.7633955,1
1,0.60818696,1
0,0.76848435,1
1,0.35112166,0
1,0.7613617,1
1,0.8551478,1
1,0.5440248,1
1,0.9016045,1
1,0.86668396,1
1,0.90564495,1
1,0.8422725,1
1,0.6960288,1
1,0.8446234,1
0,0.8172275,1
0,0.65681183,1
0,0.31716025,0
1,0.83353454,1
1,0.75252485,1
1,0.7697141,1
1,0.8316989,1
1,0.85684144,1
1,0.8365027,1
1,0.82938,1
1,0.71147585,1
1,0.73100483,1
1,0.85722923,1
1,0.78259146,1
1,0.58832127,1
1,0.82132125,1
0,0.84538156,1
1,0.8274456,1
1,0.77314603,1
1,0.8354341,1
0,0.78687185,1
1,0.8356873,1
1,0.782575,1
1,0.7831285,1
0,0.7060185,1
0,0.6316935,1
1,0.61249334,1
0,0.3978086,0
1,0.613762,1
1,0.8755031,1
1,0.6154118,1
0,0.4923253,0
1,0.60235125,1
1,0.7279079,1
1,0.7015194,1
0,0.7497007,1
0,0.7898847,1
1,0.58435255,1
0,0.55395824,1
0,0.6609609,1
0,0.20540626,0
0,0.2258648,0
0,0.17145066,0
0,0.0931435,0
1,0.19664554,0
1,0.33432648,0
0,0.13945042,0
0,0.29888636,0
0,0.20565367,0
0,0.19066262,0
0,0.21228577,0
0,0.8384441,1
1,0.8543197,1
0,0.330878,0
1,0.5477164,1
0,0.25941637,0
1,0.65698946,1
1,0.7024665,1
1,0.6535188,1
1,0.6685579,1
1,0.88141525,1
1,0.90821105,1
1,0.56502354,1
0,0.28502232,0
1,0.8824371,1
0,0.7840657,1
1,0.82905555,1
1,0.9302746,1
1,0.8425629,1
1,0.9079474,1
0,0.6797537,1
1,0.6679521,1
1,0.6340422,1
1,0.6843542,1
1,0.70247495,1
1,0.62854636,1
1,0.69457126,1
1,0.71172863,1
1,0.6369411,1
0,0.35932174,0
1,0.6373662,1
1,0.86087066,1
1,0.7926302,1
1,0.8480776,1
1,0.79148394,1
1,0.84367365,1
1,0.92553943,1
1,0.8689888,1
1,0.8860451,1
1,0.8245726,1
1,0.7961299,1
1,0.80106926,1
0,0.7656147,1
1,0.8635827,1
1,0.7384781,1
1,0.7938538,1
1,0.7700858,1
1,0.73496586,1
0,0.68231505,1
0,0.70344675,1
1,0.77307695,1
1,0.7816597,1
1,0.7358537,1
1,0.7613101,1
1,0.75328857,1
1,0.73500365,1
1,0.75637054,1
1,0.7707168,1
0,0.8283686,1
0,0.7404896,1
1,0.65574116,1
1,0.76439595,1
1,0.7157832,1
1,0.7636473,1
1,0.69580424,1
0,0.7995704,1
0,0.38740405,0
1,0.6881366,1
1,0.36675504,0
1,0.52973723,1
1,0.57049316,1
0,0.4647454,0
1,0.37359488,0
1,0.50320804,1
1,0.46995065,0
0,0.29190326,0
0,0.26950887,0
1,0.6174702,1
1,0.2522042,0
1,0.3479212,0
1,0.3248451,0
0,0.04215001,0
0,0.28225234,0
0,0.23701566,0
0,0.25970387,0
0,0.32311383,0
0,0.10332534,0
0,0.13294673,0
0,0.2495783,0
0,0.057436164,0
0,0.101191536,0
0,0.10202218,0
1,0.7075427,1
1,0.6552087,1
1,0.3088386,0
0,0.65177506,1
0,0.634655,1
1,0.63053465,1
1,0.8242419,1
1,0.8175801,1
1,0.70675814,1
0,0.79304034,1
1,0.82615274,1
1,0.7439942,1
1,0.830881,1
0,0.7693111,1
0,0.70616835,1
1,0.83330435,1
1,0.91674685,1
1,0.8202029,1
1,0.8891184,1
0,0.19573794,0
1,0.72936493,1
0,0.06013779,0
0,0.37920466,0
1,0.51672816,1
1,0.4346839,0
1,0.48478863,0
1,0.30868322,0
0,0.506525,1
0,0.48666242,0
1,0.6532757,1
0,0.5473926,1
1,0.77798516,1
1,0.7339073,1
1,0.7587456,1
1,0.86009365,1
1,0.7575436,1
0,0.7825918,1
0,0.733805,1
1,0.5012139,1
1,0.6450991,1
0,0.11472807,0
0,0.54094535,1
0,0.35337952,0
0,0.2258819,0
0,0.7247201,1
0,0.40035284,0
0,0.4898288,0
1,0.31118056,0
0,0.23135258,0
0,0.28091744,0
0,0.3171108,0
0,0.4613466,0
1,0.3114493,0
0,0.11175059,0
0,0.32281867,0
0,0.14110585,0
0,0.22465637,0
0,0.45467162,0
0,0.33740613,0
0,0.35866016,0
0,0.1834692,0
0,0.17710836,0
0,0.19453517,0
1,0.3307989,0
0,0.1575615,0
1,0.12228036,0
0,0.26528126,0
0,0.3648843,0
0,0.13599876,0
0,0.29362833,0
0,0.49943024,0
1,0.3534532,0
1,0.33943635,0
0,0.4146168,0
0,0.40590465,0
1,0.5769726,1
1,0.77978694,1
0,0.8625161,1
0,0.6937421,1
0,0.5661025,1
1,0.7521665,1
0,0.7912168,1
0,0.6078196,1
1,0.74202573,1
1,0.72370285,1
1,0.76804703,1
1,0.8702148,1
0,0.8559562,1
1,0.8455744,1
1,0.8866294,1
1,0.87268776,1
1,0.79945135,1
0,0.88594794,1
0,0.86445355,1
0,0.7419996,1
1,0.80471295,1
1,0.8693288,1
0,0.81089544,1
0,0.77605283,1
1,0.8755442,1
0,0.84351414,1
1,0.8209222,1
1,0.80561835,1
0,0.8604521,1
1,0.84047866,1
1,0.83365846,1
1,0.8922806,1
1,0.8528777,1
1,0.9097681,1
1,0.8912301,1
1,0.8923136,1
0,0.9590796,1
1,0.77738905,1
1,0.62272674,1
1,0.71611494,1
0,0.7542376,1
1,0.70816,1
1,0.7951585,1
1,0.7902407,1
1,0.7766334,1
0,0.75137526,1
1,0.72666174,1
0,0.8101722,1
1,0.74987453,1
1,0.7397778,1
1,0.7086846,1
1,0.6231512,1
1,0.65329176,1
1,0.710768,1
1,0.72679067,1
1,0.67975324,1
1,0.7065668,1
1,0.7559476,1
1,0.71581966,1
1,0.6110757,1
1,0.76822734,1
1,0.7714308,1
1,0.772652,1
1,0.778752,1
1,0.7774825,1
1,0.70135355,1
1,0.7299358,1
1,0.76510775,1
1,0.74357855,1
1,0.8096867,1
1,0.71398824,1
1,0.77782154,1
1,0.7557631,1
1,0.7650184,1
1,0.7385908,1
1,0.7572395,1
1,0.77049595,1
1,0.74647737,1
1,0.8000128,1
1,0.8024538,1
1,0.75498503,1
1,0.7068187,1
1,0.6752333,1
1,0.6493629,1
1,0.6648718,1
0,0.77538645,1
1,0.73472583,1
0,0.67195356,1
1,0.72521627,1
0,0.7667947,1
1,0.81651556,1
1,0.82112586,1
1,0.8213255,1
1,0.79406565,1
1,0.5854106,1
1,0.72912824,1
1,0.70402676,1
1,0.6748521,1
1,0.6990211,1
1,0.7393832,1
1,0.7832581,1
0,0.77488047,1
0,0.7198011,1
0,0.7845563,1
1,0.69615024,1
1,0.71939296,1
0,0.7329481,1
0,0.73704845,1
0,0.78296334,1
0,0.7143727,1
1,0.72370416,1
1,0.7731541,1
1,0.7220079,1
1,0.75839084,1
1,0.708428,1
1,0.79708576,1
1,0.7490232,1
1,0.75837636,1
1,0.7952589,1
1,0.79024583,1
1,0.7696644,1
1,0.80985916,1
0,0.6806868,1
1,0.74948514,1
0,0.6690659,1
0,0.69043213,1
1,0.76646173,1
1,0.8176139,1
1,0.76935476,1
1,0.75200546,1
1,0.79844797,1
0,0.78478116,1
0,0.6999084,1
0,0.8028944,1
0,0.76777726,1
1,0.71298325,1
1,0.30668476,0
0,0.50746477,1
1,0.57608825,1
0,0.7660097,1
0,0.7069016,1
1,0.7755249,1
1,0.8224672,1
1,0.7779752,1
1,0.84437346,1
1,0.8523194,1
0,0.85590947,1
1,0.69525933,1
1,0.8644165,1
1,0.82397544,1
1,0.81655735,1
1,0.82022345,1
1,0.823014,1
1,0.81160885,1
1,0.7991114,1
0,0.6794117,1
1,0.7258851,1
1,0.72635305,1
1,0.82829374,1
1,0.74101496,1
1,0.7479268,1
0,0.6914922,1
0,0.75438315,1
1,0.7797524,1
1,0.73309946,1
0,0.72489184,1
0,0.87149644,1
1,0.8304721,1
1,0.8596037,1
1,0.76135916,1
1,0.7839946,1
1,0.77328753,1
1,0.7922397,1
1,0.82147455,1
0,0.8345729,1
1,0.76788867,1
1,0.79440826,1
0,0.7006617,1
1,0.8578058,1
1,0.7691409,1
1,0.77521217,1
0,0.77549297,1
1,0.7558191,1
1,0.76596457,1
0,0.8272402,1
0,0.7495544,1
0,0.8192417,1
0,0.7775717,1
1,0.78075904,1
0,0.736052,1
1,0.74053633,1
1,0.72187185,1
0,0.7774881,1
1,0.5823183,1
1,0.92020077,1
1,0.62876594,1
1,0.6389105,1
0,0.6875948,1
0,0.8045424,1
0,0.7683828,1
1,0.7650637,1
0,0.7392286,1
0,0.7787701,1
0,0.500399,1
1,0.64559615,1
1,0.6898366,1
0,0.66339666,1
1,0.7571061,1
0,0.5841067,1
1,0.61103904,1
1,0.6756988,1
1,0.46393564,0
0,0.708981,1
1,0.6753972,1
1,0.7496913,1
0,0.7880723,1
0,0.47979987,0
1,0.7386029,1
1,0.6753104,1
1,0.58296025,1
1,0.48073354,0
1,0.6274103,1
0,0.21435903,0
0,0.20800687,0
0,0.40851107,0
0,0.37370285,0
0,0.29817024,0
1,0.5248265,1
0,0.257618,0
0,0.35317582,0
0,0.64684457,1
0,0.43727845,0
0,0.77003974,1
0,0.56219876,1
1,0.6951201,1
1,0.60911846,1
1,0.67397314,1
1,0.6869614,1
1,0.6478606,1
1,0.6649725,1
1,0.78804785,1
1,0.7635609,1
1,0.30889907,0
0,0.41808566,0
0,0.2275317,0
0,0.302263,0
0,0.31390357,0
0,0.20157248,0
1,0.2862443,0
1,0.31742102,0
1,0.73809654,1
1,0.5355358,1
1,0.4584939,0
1,0.7298792,1
1,0.65525275,1
1,0.41590023,0
1,0.5468758,1
0,0.41344652,0
1,0.688909,1
0,0.34379324,0
1,0.48460004,0
0,0.2473385,0
0,0.20466077,0
1,0.6462044,1
1,0.16960347,0
1,0.22280404,0
0,0.36461893,0
0,0.5594585,1
0,0.15955138,0
0,0.41636315,0
0,0.090227656,0
0,0.3469487,0
1,0.25485218,0
0,0.094966136,0
0,0.6009793,1
1,0.856031,1
1,0.8325725,1
1,0.84958124,1
1,0.77615005,1
0,0.6581986,1
1,0.7956634,1
1,0.8322443,1
1,0.8156538,1
1,0.7363523,1
0,0.8210513,1
1,0.8276925,1
1,0.8714281,1
0,0.8274603,1
1,0.8143307,1
1,0.68866736,1
1,0.7971434,1
1,0.8440704,1
1,0.8357477,1
1,0.83064646,1
1,0.8338305,1
0,0.75671595,1
0,0.44614872,0
1,0.62154365,1
1,0.7642768,1
1,0.86140674,1
0,0.81308526,1
1,0.8665953,1
1,0.7750022,1
1,0.880895,1
1,0.77722156,1
1,0.82930446,1
1,0.80676275,1
1,0.7449712,1
1,0.776306,1
1,0.8386101,1
0,0.8307475,1
1,0.8054964,1
1,0.8564517,1
1,0.72743887,1
1,0.79032356,1
1,0.91249573,1
1,0.81091785,1
0,0.8190552,1
1,0.770037,1
1,0.8931111,1
1,0.82336473,1
1,0.9195455,1
1,0.89150697,1
1,0.84904796,1
1,0.84516567,1
0,0.84555674,1
1,0.8864429,1
1,0.799514,1
0,0.9187249,1
1,0.8679022,1
0,0.8879628,1
1,0.83942467,1
1,0.83480304,1
1,0.83111286,1
1,0.7054518,1
1,0.6785298,1
1,0.8388373,1
1,0.8482907,1
1,0.8466668,1
0,0.4123295,0
1,0.72810334,1
1,0.7417738,1
1,0.6132258,1
1,0.8061411,1
1,0.82348984,1
1,0.7740594,1
0,0.7257263,1
1,0.57312614,1
1,0.7750663,1
1,0.8016242,1
0,0.79603165,1
0,0.7606142,1
1,0.7822975,1
1,0.77150416,1
1,0.7769055,1
1,0.777926,1
0,0.78508264,1
1,0.75478524,1
1,0.68605685,1
1,0.48175827,0
0,0.36531112,0
1,0.87285686,1
1,0.6532198,1
1,0.81813496,1
0,0.909315,1
1,0.8786483,1
1,0.87602484,1
1,0.88726604,1
0,0.65816057,1
1,0.7984182,1
1,0.8699814,1
0,0.35661653,0
0,0.2863159,0
0,0.5732557,1
0,0.37617442,0
1,0.72439194,1
1,0.5832151,1
0,0.55814344,1
1,0.8019789,1
1,0.8360983,1
1,0.8339279,1
1,0.8483234,1
1,0.87640816,1
1,0.8446914,1
1,0.86129576,1
1,0.8645659,1
1,0.8416008,1
1,0.8038876,1
1,0.8391819,1
1,0.87675446,1
1,0.90658486,1
1,0.8800227,1
1,0.7971617,1
0,0.84953254,1
1,0.68348694,1
0,0.640782,1
0,0.27528915,0
0,0.29272977,0
0,0.370365,0
0,0.7144055,1
1,0.7525749,1
0,0.7188961,1
0,0.71744776,1
1,0.43259746,0
1,0.6722908,1
1,0.57443154,1
1,0.5637748,1
1,0.48759165,0
0,0.84187794,1
1,0.81258106,1
1,0.4754744,0
1,0.79152805,1
0,0.3016748,0
1,0.638585,1
1,0.20139137,0
1,0.621424,1
1,0.6576105,1
1,0.56873167,1
1,0.6099419,1
1,0.67100924,1
1,0.3567701,0
1,0.71482563,1
0,0.56323683,1
1,0.8327964,1
1,0.85274756,1
1,0.91110504,1
1,0.81106925,1
0,0.63858753,1
1,0.8487852,1
1,0.82914585,1
1,0.84110796,1
1,0.83735114,1
1,0.67120564,1
1,0.86545974,1
1,0.71115273,1
0,0.2752718,0
0,0.18946235,0
1,0.52710116,1
1,0.8854699,1
1,0.81449986,1
0,0.66421556,1
1,0.75033075,1
0,0.16780126,0
1,0.44457278,0
0,0.22969142,0
0,0.32554775,0
0,0.7696941,1
1,0.78844154,1
1,0.8745943,1
1,0.7954942,1
1,0.77193254,1
1,0.8236102,1
1,0.8474956,1
0,0.6964136,1
1,0.8415695,1
1,0.4154355,0
1,0.82297885,1
0,0.730636,1
1,0.7617004,1
0,0.7354585,1
1,0.792104,1
1,0.784501,1
1,0.8244123,1
1,0.7904265,1
0,0.78791076,1
0,0.74612796,1
1,0.8370266,1
0,0.8468507,1
1,0.849183,1
1,0.8399987,1
0,0.8366614,1
1,0.8509545,1
1,0.88994807,1
1,0.8455825,1
0,0.82363915,1
1,0.92932296,1
1,0.9120566,1
1,0.8933749,1
1,0.8576769,1
1,0.88028824,1
1,0.89184934,1
0,0.887746,1
1,0.79567784,1
1,0.8289314,1
1,0.85430735,1
1,0.87104523,1
1,0.8138301,1
1,0.881787,1
1,0.7612588,1
1,0.8731389,1
1,0.92643833,1
1,0.84026,1
1,0.84675485,1
1,0.8517226,1
1,0.82097167,1
1,0.8554386,1
1,0.9188756,1
1,0.80545855,1
1,0.86124605,1
1,0.8402325,1
1,0.7929564,1
1,0.8481409,1
1,0.7573565,1
1,0.7646883,1
1,0.6544451,1
1,0.8529349,1
1,0.91087663,1
1,0.8413796,1
1,0.8061315,1
1,0.806011,1
1,0.85894525,1
0,0.76577425,1
0,0.8996525,1
0,0.87798613,1
0,0.85128236,1
1,0.81289375,1
1,0.79885995,1
1,0.90904635,1
0,0.82812154,1
1,0.89731437,1
1,0.86142355,1
1,0.866305,1
1,0.8460014,1
1,0.7154862,1
1,0.80462915,1
0,0.30628848,0
0,0.3242279,0
1,0.7802418,1
1,0.9097047,1
1,0.93722105,1
1,0.9008775,1
1,0.8937427,1
1,0.8592531,1
1,0.9213828,1
1,0.9352099,1
1,0.9398649,1
0,0.82777655,1
1,0.83793473,1
1,0.9062489,1
1,0.93772036,1
0,0.8924748,1
1,0.84733087,1
1,0.6744895,1
1,0.7615376,1
1,0.871317,1
1,0.8894627,1
1,0.93923694,1
1,0.9064116,1
1,0.863154,1
1,0.8581942,1
1,0.46923673,0
0,0.18892317,0
0,0.13761733,0
0,0.12240842,0
0,0.26942194,0
0,0.26528695,0
0,0.26068524,0
0,0.23825105,0
1,0.79092515,1
1,0.8652053,1
1,0.92997694,1
0,0.8412416,1
1,0.9141979,1
1,0.9375566,1
1,0.88889456,1
1,0.94551253,1
1,0.9096535,1
1,0.89899385,1
1,0.931596,1
1,0.92817193,1
1,0.9079716,1
1,0.9212315,1
1,0.87736595,1
1,0.86918545,1
1,0.8015334,1
1,0.8066518,1
1,0.8155445,1
0,0.82274157,1
1,0.8268299,1
1,0.8526079,1
1,0.79619735,1
1,0.82920945,1
0,0.7628236,1
0,0.8358619,1
1,0.8692792,1
1,0.87814784,1
1,0.77048886,1
0,0.77375376,1
1,0.7969585,1
1,0.8585053,1
0,0.7756516,1
1,0.7621361,1
1,0.66766393,1
1,0.7487814,1
1,0.882888,1
1,0.8044696,1
1,0.8153768,1
1,0.76537114,1
0,0.2909093,0
1,0.86947215,1
1,0.6810225,1
1,0.34505832,0
0,0.03874186,0
0,0.053725813,0
1,0.056734856,0
0,0.05605422,0
0,0.22479405,0
0,0.72616553,1
1,0.5223371,1
1,0.7288482,1
1,0.73271817,1
1,0.72154754,1
1,0.7674158,1
1,0.73714566,1
0,0.82002753,1
1,0.7771576,1
0,0.69569355,1
1,0.26933643,0
1,0.35198438,0
1,0.7651475,1
0,0.529366,1
1,0.8909821,1
1,0.7456014,1
1,0.71484834,1
1,0.8533193,1
1,0.85549384,1
1,0.77156734,1
1,0.8165869,1
1,0.9215056,1
1,0.86717415,1
1,0.82668334,1
0,0.8898599,1
0,0.80438894,1
1,0.8888241,1
1,0.8955562,1
1,0.89021176,1
1,0.8838256,1
1,0.82490474,1
0,0.7927392,1
1,0.8297474,1
1,0.8801012,1
1,0.8897098,1
1,0.82289165,1
1,0.7739638,1
0,0.252228,0
0,0.42920196,0
0,0.14301138,0
0,0.6784264,1
1,0.8580377,1
0,0.76593584,1
1,0.89589757,1
1,0.82681483,1
1,0.66060036,1
0,0.7590466,1
1,0.06612929,0
0,0.19826712,0
0,0.25983003,0
0,0.09543252,0
0,0.07611217,0
0,0.16293505,0
0,0.2848508,0
1,0.83835727,1
0,0.8867319,1
1,0.80851674,1
1,0.8278182,1
1,0.7774389,1
1,0.84310603,1
1,0.84497553,1
1,0.7671151,1
0,0.7347105,1
1,0.37013736,0
1,0.9179385,1
1,0.93020475,1
1,0.6930571,1
1,0.86570865,1
0,0.7841839,1
1,0.7911928,1
1,0.8549354,1
1,0.939374,1
1,0.9267949,1
1,0.9319014,1
1,0.94159937,1
0,0.90864086,1
1,0.8652563,1
1,0.817552,1
1,0.9177225,1
1,0.77541006,1
1,0.8385313,1
1,0.76231426,1
1,0.70820755,1
1,0.73870134,1
1,0.8136245,1
0,0.8067344,1
1,0.67303133,1
1,0.80401427,1
1,0.79892343,1
1,0.82564944,1
1,0.82679194,1
1,0.8788813,1
0,0.8648345,1
1,0.8326903,1
1,0.8324488,1
1,0.81649244,1
1,0.8155943,1
1,0.8680483,1
1,0.8645298,1
0,0.801015,1
1,0.78706276,1
1,0.7917159,1
0,0.7990993,1
1,0.7633139,1
1,0.78849447,1
1,0.8147216,1
0,0.7635938,1
1,0.8144312,1
1,0.8754971,1
1,0.83806014,1
1,0.7858205,1
1,0.78211683,1
1,0.78843695,1
1,0.8442068,1
1,0.8441702,1
0,0.8071217,1
0,0.86177486,1
0,0.82203233,1
1,0.8254629,1
1,0.8070904,1
1,0.8370724,1
1,0.8077854,1
1,0.83132976,1
1,0.8037273,1
1,0.8105333,1
1,0.8080234,1
1,0.7810777,1
1,0.77568555,1
0,0.80375636,1
1,0.7585144,1
1,0.76262665,1
0,0.81821,1
0,0.7521887,1
1,0.7653542,1
1,0.80142826,1
1,0.79195833,1
0,0.78446454,1
0,0.76196474,1
1,0.7499904,1
0,0.7026368,1
0,0.7789775,1
1,0.7996026,1
1,0.8219231,1
1,0.7875392,1
0,0.7643857,1
1,0.8408862,1
0,0.7624296,1
1,0.7941485,1
1,0.791432,1
0,0.7880395,1
0,0.82825285,1
0,0.87289554,1
1,0.79510075,1
1,0.8449918,1
1,0.82905865,1
0,0.4171543,0
1,0.9081765,1
1,0.88105255,1
1,0.6386743,1
0,0.113632455,0
0,0.38562185,0
0,0.28563502,0
0,0.1621337,0
0,0.28590333,0
0,0.92620295,1
0,0.9619658,1
1,0.96862185,1
0,0.3758355,0
0,0.49852237,0
0,0.6249426,1
0,0.2509007,0
0,0.17139553,0
0,0.1986364,0
1,0.6954095,1
0,0.4700595,0
0,0.24556062,0
0,0.36880913,0
0,0.48865408,0
1,0.2552681,0
0,0.3236186,0
1,0.80040604,1
1,0.64757174,1
0,0.6582542,1
1,0.71963423,1
1,0.82948637,1
1,0.8714968,1
1,0.916177,1
1,0.8458285,1
1,0.8241102,1
0,0.66095346,1
1,0.8405831,1
0,0.24282806,0
1,0.67029583,1
1,0.89320797,1
1,0.6733674,1
0,0.3983613,0
1,0.41368803,0
1,0.67287445,1
1,0.66313577,1
0,0.45307288,0
1,0.42974982,0
0,0.30557656,0
0,0.7378146,1
1,0.31844482,0
0,0.34993634,0
0,0.3273538,0
0,0.631822,1
1,0.80243146,1
1,0.6857867,1
1,0.82657295,1
1,0.54454315,1
1,0.45852336,0
1,0.4474752,0
0,0.48246574,0
0,0.56101143,1
0,0.5965245,1
1,0.66084063,1
1,0.80870724,1
1,0.6778617,1
1,0.69871074,1
1,0.80362266,1
1,0.7874614,1
0,0.14492221,0
1,0.620101,1
1,0.6957216,1
0,0.8581672,1
1,0.8750236,1
1,0.84577316,1
1,0.9241607,1
1,0.8446498,1
0,0.7161197,1
1,0.67042875,1
1,0.7074354,1
1,0.68883854,1
1,0.7531176,1
1,0.7154849,1
1,0.7530572,1
1,0.55606616,1
0,0.48252764,0
1,0.7171118,1
1,0.47540486,0
1,0.65205204,1
1,0.6263672,1
1,0.38370758,0
0,0.7108428,1
0,0.5456565,1
0,0.57243437,1
1,0.73819,1
1,0.7086396,1
0,0.5906434,1
1,0.8893228,1
1,0.83184683,1
1,0.8216076,1
1,0.8442279,1
1,0.7785997,1
1,0.86730164,1
1,0.90505344,1
0,0.8788211,1
1,0.8076267,1
0,0.7870397,1
1,0.6255149,1
1,0.80905175,1
1,0.6259841,1
1,0.5473538,1
0,0.37075016,0
0,0.6069926,1
0,0.72195965,1
1,0.7048103,1
1,0.8665713,1
0,0.95173913,1
1,0.8695537,1
1,0.909859,1
1,0.94976354,1
0,0.90749985,1
0,0.91717887,1
0,0.83479685,1
1,0.89207125,1
1,0.803253,1
1,0.8980281,1
1,0.9187673,1
0,0.8828757,1
1,0.8013077,1
1,0.8806251,1
1,0.8055797,1
1,0.915622,1
1,0.90747714,1
0,0.8424457,1
1,0.9274865,1
0,0.9011945,1
1,0.78269756,1
1,0.8629442,1
1,0.8784555,1
1,0.89315605,1
1,0.85106474,1
1,0.79296356,1
1,0.8220083,1
1,0.893322,1
1,0.7333357,1
0,0.88172036,1
0,0.82410073,1
0,0.870121,1
0,0.84171706,1
0,0.81855506,1
1,0.84920937,1
1,0.75635076,1
0,0.8201155,1
0,0.8339834,1
0,0.7875684,1
0,0.7631302,1
0,0.8303401,1
0,0.89022404,1
1,0.8985245,1
1,0.8833795,1
0,0.57768536,1
0,0.7985672,1
1,0.85851496,1
0,0.8757584,1
1,0.6230724,1
1,0.76218927,1
1,0.781404,1
0,0.8553361,1
0,0.8125844,1
0,0.8377854,1
1,0.8088031,1
1,0.8825639,1
1,0.9158783,1
1,0.8808684,1
1,0.8146646,1
1,0.87153655,1
1,0.8090855,1
1,0.8494909,1
0,0.83069384,1
1,0.91179293,1
1,0.8543226,1
1,0.8324105,1
1,0.8497123,1
0,0.8331312,1
0,0.79808474,1
1,0.82234174,1
0,0.7920593,1
1,0.79582995,1
1,0.759341,1
1,0.8098219,1
1,0.85495263,1
1,0.6928995,1
0,0.81890196,1
1,0.8015643,1
1,0.40633878,0
1,0.30973345,0
0,0.121464744,0
1,0.7102347,1
1,0.8010679,1
1,0.88639975,1
1,0.86820364,1
1,0.87256604,1
1,0.17952769,0
1,0.7993399,1
1,0.8329002,1
1,0.8440725,1
1,0.7599185,1
0,0.60603005,1
1,0.6954961,1
0,0.5804867,1
0,0.692474,1
0,0.14629619,0
0,0.105347954,0
0,0.17476031,0
1,0.19873683,0
0,0.22419679,0
0,0.20717867,0
1,0.32613817,0
0,0.21944664,0
1,0.7857531,1
0,0.32121405,0
1,0.48040614,0
1,0.05210313,0
0,0.17927857,0
0,0.25914696,0
1,0.34429142,0
1,0.30137053,0
1,0.7290531,1
0,0.7766053,1
1,0.33407205,0
1,0.30324933,0
1,0.726796,1
1,0.6205125,1
1,0.7786946,1
0,0.25696495,0
1,0.7022476,1
0,0.6610439,1
0,0.68082595,1
1,0.63685834,1
1,0.7991747,1
1,0.51655203,1
0,0.42778173,0
0,0.49686608,0
1,0.64329195,1
1,0.67934775,1
1,0.4629518,0
1,0.39012587,0
1,0.33700088,0
1,0.2776449,0
0,0.45614406,0
0,0.36347747,0
1,0.84843796,1
1,0.7387141,1
1,0.76411533,1
1,0.80054593,1
1,0.7679078,1
1,0.7807229,1
1,0.8720342,1
1,0.7397982,1
1,0.8925465,1
1,0.87952924,1
1,0.8856566,1
1,0.8696749,1
1,0.86967033,1
1,0.7768904,1
1,0.8710814,1
1,0.8534093,1
1,0.82487965,1
1,0.84436744,1
0,0.9096923,1
1,0.81956565,1
1,0.858606,1
0,0.8551616,1
1,0.7899474,1
0,0.7267655,1
0,0.8930294,1
0,0.8714174,1
0,0.24562055,0
0,0.45224494,0
0,0.32263386,0
0,0.26837915,0
0,0.25920427,0
1,0.6662245,1
1,0.6213254,1
1,0.7915284,1
1,0.6623765,1
1,0.75027925,1
1,0.81427664,1
1,0.7848062,1
0,0.8525502,1
1,0.8339975,1
1,0.8696553,1
0,0.31408048,0
0,0.24964063,0
1,0.9376369,1
1,0.9243802,1
0,0.24384405,0
0,0.26280174,0
0,0.31276995,0
0,0.32046923,0
0,0.32687354,0
0,0.38619378,0
0,0.34380752,0
0,0.2803075,0
0,0.23494561,0
0,0.52752787,1
0,0.3006177,0
0,0.41608232,0
0,0.27271488,0
0,0.30404726,0
0,0.7687767,1
1,0.6008363,1
0,0.5864584,1
0,0.85748714,1
0,0.80290747,1
0,0.8027389,1
0,0.78051084,1
1,0.8263896,1
0,0.8434793,1
1,0.8421927,1
0,0.7459938,1
0,0.8538931,1
0,0.8025414,1
1,0.8622697,1
1,0.85240823,1
1,0.84150743,1
0,0.89025646,1
1,0.82701033,1
1,0.7898844,1
1,0.89122605,1
1,0.82085246,1
1,0.8580625,1
1,0.8064544,1
1,0.7992827,1
1,0.7511291,1
1,0.87029237,1
0,0.7140238,1
0,0.74088,1
0,0.8595572,1
1,0.7911802,1
1,0.76679325,1
1,0.8059849,1
1,0.80814356,1
1,0.85322267,1
1,0.8588793,1
1,0.8170725,1
0,0.7897838,1
1,0.8905729,1
1,0.8408976,1
0,0.79449743,1
1,0.76451015,1
1,0.7364524,1
1,0.7769326,1
0,0.7843146,1
1,0.7683052,1
1,0.76696056,1
1,0.82929254,1
1,0.7695736,1
1,0.82502097,1
1,0.7693107,1
1,0.7167982,1
1,0.7531787,1
1,0.8395292,1
0,0.6652348,1
1,0.7796064,1
1,0.7217022,1
1,0.79439354,1
0,0.4873522,0
1,0.7128261,1
1,0.7219221,1
1,0.73713744,1
1,0.66032666,1
1,0.6892032,1
0,0.65889066,1
1,0.7677912,1
1,0.40954122,0
1,0.37791207,0
0,0.24164318,0
0,0.13569297,0
0,0.14162195,0
0,0.5613644,1
0,0.14869206,0
0,0.105536275,0
0,0.15993336,0
0,0.14203775,0
1,0.73407876,1
0,0.24246752,0
0,0.5565531,1
0,0.45901287,0
1,0.5801003,1
1,0.5377624,1
1,0.543591,1
1,0.5279904,1
1,0.6213262,1
1,0.8291093,1
1,0.74467677,1
0,0.7446066,1
1,0.5985392,1
1,0.771714,1
0,0.6002385,1
1,0.7195768,1
0,0.7605175,1
1,0.8115055,1
0,0.768375,1
0,0.60782415,1
0,0.76249534,1
0,0.32729664,0
1,0.7508026,1
0,0.69678426,1
1,0.61104107,1
0,0.81750697,1
1,0.3556892,0
0,0.68709815,1
0,0.7245556,1
1,0.7692431,1
1,0.71733034,1
1,0.7523411,1
1,0.7051313,1
1,0.809757,1
1,0.8147953,1
1,0.79572845,1
0,0.79023707,1
0,0.80282074,1
0,0.8069766,1
1,0.8436981,1
1,0.34640545,0
1,0.7753489,1
1,0.7599463,1
1,0.8148836,1
1,0.30737326,0
0,0.274488,0
0,0.37675264,0
0,0.16627371,0
0,0.40172836,0
1,0.78763324,1
0,0.5560595,1
1,0.84994537,1
1,0.7562891,1
1,0.79794997,1
1,0.7783115,1
1,0.6985153,1
0,0.543475,1
1,0.8243921,1
1,0.70012975,1
0,0.71992326,1
1,0.7444115,1
1,0.7800013,1
1,0.5699259,1
1,0.80941045,1
0,0.8211456,1
1,0.8756366,1
0,0.75908023,1
1,0.8717892,1
1,0.88530403,1
1,0.7477395,1
1,0.8426232,1
1,0.76636654,1
0,0.90090775,1
1,0.87003285,1
0,0.8397838,1
1,0.86646044,1
0,0.83389527,1
0,0.7664368,1
1,0.8485775,1
0,0.864877,1
0,0.59134215,1
0,0.93284065,1
1,0.9080307,1
1,0.88870263,1
1,0.74287564,1
0,0.7843955,1
1,0.921648,1
1,0.8717377,1
1,0.8957321,1
1,0.8264605,1
0,0.80116385,1
0,0.41168875,0
0,0.8395887,1
1,0.8146412,1
1,0.7553644,1
1,0.85009027,1
0,0.8118409,1
1,0.7104044,1
1,0.80553734,1
1,0.91405797,1
1,0.6911268,1
1,0.8712416,1
1,0.9303716,1
1,0.89537835,1
1,0.9089992,1
1,0.834222,1
1,0.418027,0
1,0.37895897,0
1,0.818834,1
1,0.8417446,1
1,0.8676205,1
1,0.82725614,1
1,0.7841254,1
1,0.81078064,1
1,0.7461803,1
0,0.57050633,1
1,0.5094684,1
0,0.27238092,0
0,0.24707164,0
1,0.7107599,1
1,0.8243247,1
1,0.8367662,1
1,0.80292064,1
1,0.86471945,1
1,0.81620777,1
1,0.73500603,1
1,0.77570856,1
1,0.7931513,1
1,0.8088403,1
1,0.7933849,1
1,0.84713346,1
1,0.80401164,1
0,0.6850563,1
1,0.5218565,1
1,0.8681466,1
1,0.7320486,1
1,0.6187148,1
1,0.73200977,1
1,0.6212398,1
0,0.22047442,0
0,0.13183603,0
1,0.74110806,1
1,0.7712613,1
1,0.15791294,0
0,0.06469419,0
1,0.22746666,0
0,0.3256776,0
1,0.7684196,1
0,0.2539506,0
0,0.053137768,0
1,0.7424006,1
1,0.8303581,1
1,0.73771346,1
1,0.82636267,1
0,0.863871,1
1,0.78962505,1
1,0.06454436,0
1,0.46576735,0
1,0.53057885,1
0,0.76379967,1
1,0.6260276,1
1,0.7603405,1
1,0.56295544,1
1,0.77818835,1
1,0.66607624,1
1,0.8313454,1
1,0.45452824,0
1,0.87717915,1
1,0.957252,1
0,0.8421985,1
0,0.7159112,1
0,0.7330016,1
1,0.6631754,1
0,0.7280121,1
1,0.6630777,1
1,0.35962623,0
0,0.41578794,0
0,0.6188843,1
1,0.66791564,1
1,0.7703472,1
0,0.7658589,1
0,0.6439636,1
0,0.7412241,1
0,0.7982351,1
0,0.76171684,1
1,0.8039113,1
0,0.57782036,1
0,0.2816696,0
1,0.5532385,1
1,0.40104827,0
0,0.17261,0
0,0.5671829,1
0,0.33664042,0
0,0.3769726,0
1,0.5485404,1
0,0.5283881,1
1,0.7037711,1
0,0.75677055,1
1,0.68958974,1
1,0.6831244,1
0,0.7802376,1
0,0.76011777,1
1,0.7428569,1
1,0.77856666,1
1,0.8114941,1
1,0.6794511,1
1,0.67477256,1
0,0.6449374,1
0,0.58523136,1
0,0.7462579,1
1,0.7190171,1
0,0.38187754,0
0,0.51090235,1
0,0.38346106,0
0,0.44640857,0
0,0.41470468,0
0,0.5072813,1
0,0.38215846,0
1,0.4888293,0
0,0.40870503,0
0,0.5188091,1
1,0.51282173,1
1,0.4052679,0
1,0.40587574,0
0,0.40262917,0
1,0.26661238,0
0,0.4205586,0
0,0.5009568,1
1,0.62341803,1
0,0.57263154,1
1,0.6418031,1
1,0.71668166,1
1,0.70199096,1
1,0.65174663,1
1,0.7666286,1
0,0.78355426,1
1,0.6596636,1
1,0.67419976,1
1,0.7807732,1
1,0.7895224,1
1,0.77552783,1
1,0.64230376,1
1,0.72155887,1
1,0.56254965,1
1,0.6918333,1
1,0.5993329,1
0,0.6044679,1
1,0.717992,1
1,0.78228503,1
1,0.8329183,1
1,0.8521664,1
1,0.80669665,1
0,0.74359894,1
1,0.8251845,1
0,0.7352571,1
0,0.69305766,1
1,0.5487265,1
0,0.40555882,0
1,0.578587,1
0,0.7068121,1
1,0.6231176,1
0,0.7461978,1
1,0.7427937,1
0,0.36951318,0
1,0.8305814,1
1,0.8701632,1
0,0.59689367,1
1,0.578476,1
1,0.7635959,1
1,0.8495133,1
1,0.7854022,1
1,0.74534106,1
1,0.63569254,1
1,0.7472361,1
1,0.77978295,1
1,0.6842563,1
0,0.52570474,1
1,0.53568727,1
1,0.6667129,1
0,0.488294,0
0,0.35663784,0
0,0.57673836,1
1,0.7621476,1
1,0.6985946,1
0,0.727552,1
0,0.884233,1
0,0.8345802,1
1,0.7969923,1
0,0.9275565,1
1,0.68886024,1
0,0.6958293,1
0,0.80081046,1
1,0.80452836,1
1,0.7845653,1
1,0.7816797,1
1,0.8446233,1
1,0.7677567,1
1,0.83263856,1
1,0.8336466,1
1,0.802197,1
0,0.7679076,1
1,0.80232733,1
1,0.87235975,1
1,0.8476995,1
1,0.91569304,1
1,0.8285414,1
1,0.87542355,1
1,0.8374012,1
1,0.85238576,1
1,0.83314633,1
1,0.8061891,1
1,0.81844246,1
1,0.84162205,1
1,0.78902155,1
1,0.7771742,1
1,0.7898519,1
1,0.7952329,1
1,0.82100904,1
1,0.849017,1
1,0.83459634,1
1,0.7859584,1
1,0.7939106,1
1,0.78179055,1
1,0.8180223,1
1,0.8009048,1
1,0.769286,1
1,0.7696602,1
0,0.7897513,1
1,0.74829495,1
1,0.7404548,1
1,0.8880322,1
1,0.8176161,1
0,0.089572124,0
0,0.29622385,0
0,0.051727235,0
0,0.04951304,0
0,0.27167833,0
0,0.2259465,0
0,0.14338867,0
0,0.6515641,1
1,0.7353866,1
1,0.6171963,1
1,0.4214621,0
0,0.18846124,0
0,0.15350524,0
0,0.31815052,0
1,0.37346166,0
1,0.27165908,0
0,0.19093291,0
1,0.36230895,0
0,0.028125243,0
0,0.037093244,0
1,0.053058013,0
0,0.40046027,0
0,0.08783886,0
0,0.44904703,0
1,0.41309395,0
0,0.6461505,1
1,0.6728498,1
0,0.6841125,1
0,0.7690713,1
0,0.70053184,1
0,0.75623035,1
1,0.85096836,1
1,0.639492,1
1,0.68073034,1
0,0.2710932,0
0,0.43889183,0
1,0.60775536,1
0,0.6843774,1
0,0.59769195,1
0,0.67016435,1
1,0.73963934,1
1,0.69748574,1
1,0.5753662,1
1,0.7206311,1
1,0.8765904,1
1,0.8182569,1
1,0.8840052,1
1,0.9008081,1
1,0.9332994,1
1,0.87810105,1
1,0.90738636,1
1,0.8723879,1
1,0.84608877,1
1,0.7606379,1
1,0.7839333,1
1,0.7159481,1
1,0.72760504,1
1,0.74683356,1
1,0.6968006,1
1,0.7048726,1
1,0.5703717,1
1,0.7156767,1
1,0.7336582,1
1,0.6836911,1
0,0.70347595,1
1,0.67799836,1
1,0.6782611,1
0,0.73889583,1
1,0.5901845,1
1,0.61540437,1
1,0.68910044,1
1,0.6012026,1
1,0.75754595,1
1,0.6757592,1
1,0.6601132,1
1,0.73556817,1
1,0.5972934,1
1,0.66808444,1
1,0.7993009,1
0,0.77360106,1
1,0.73222464,1
1,0.7819423,1
0,0.7904013,1
0,0.8169224,1
1,0.79288656,1
1,0.80629283,1
1,0.8159737,1
1,0.7875235,1
1,0.8038516,1
1,0.4690749,0
1,0.7356445,1
1,0.9238599,1
1,0.93219185,1
1,0.8671943,1
0,0.8478298,1
1,0.83769596,1
1,0.830287,1
1,0.8010555,1
1,0.8338131,1
1,0.8578739,1
1,0.8644045,1
1,0.90123415,1
1,0.86685723,1
1,0.77534556,1
1,0.83086663,1
1,0.799959,1
1,0.76722646,1
1,0.7895611,1
1,0.8072953,1
0,0.62161255,1
1,0.733262,1
1,0.7391085,1
1,0.84341544,1
1,0.77713764,1
1,0.8262884,1
1,0.8435918,1
0,0.7179345,1
0,0.78430456,1
1,0.7913989,1
1,0.89242446,1
1,0.8931328,1
0,0.7370567,1
0,0.66201365,1
0,0.6642,1
0,0.74353516,1
0,0.83725286,1
1,0.86651075,1
1,0.8489636,1
1,0.87237954,1
1,0.8726547,1
1,0.84950614,1
0,0.8603386,1
1,0.89399767,1
1,0.84728605,1
1,0.7984593,1
0,0.8444683,1
1,0.9412147,1
1,0.9203433,1
1,0.868747,1
1,0.8593565,1
0,0.88100445,1
0,0.76823074,1
1,0.39550346,0
0,0.31333917,0
0,0.040490624,0
0,0.366155,0
0,0.06560622,0
1,0.7455585,1
0,0.57081133,1
0,0.4518107,0
0,0.70101875,1
0,0.8723642,1
0,0.6998025,1
1,0.8408119,1
1,0.85370415,1
1,0.7459345,1
1,0.8576111,1
1,0.7301461,1
1,0.76786435,1
1,0.7913875,1
1,0.828157,1
1,0.7888456,1
1,0.84399974,1
1,0.8871371,1
1,0.7905701,1
1,0.8430452,1
1,0.9072412,1
0,0.8236087,1
1,0.79814017,1
0,0.89662516,1
1,0.82525295,1
1,0.8756982,1
1,0.85133195,1
1,0.84388995,1
1,0.8160997,1
1,0.77823305,1
0,0.74180675,1
1,0.85062194,1
1,0.82020104,1
1,0.74339837,1
1,0.8268339,1
1,0.7889038,1
1,0.7140473,1
1,0.70751655,1
0,0.47469035,0
0,0.7309628,1
0,0.44310704,0
1,0.57697767,1
0,0.8027025,1
1,0.7481768,1
1,0.81537884,1
0,0.7880383,1
0,0.84619117,1
0,0.75755733,1
0,0.74447715,1
1,0.82553,1
1,0.77600664,1
0,0.8305332,1
1,0.7528849,1
1,0.8355843,1
1,0.7327543,1
1,0.81376827,1
1,0.8537774,1
1,0.6975965,1
1,0.86188376,1
1,0.8473932,1
1,0.82781625,1
1,0.86109054,1
0,0.83678305,1
1,0.8045334,1
1,0.80485797,1
1,0.8868854,1
1,0.33672944,0
1,0.25727305,0
1,0.32222536,0
0,0.33821273,0
1,0.69684917,1
1,0.596737,1
0,0.77121747,1
0,0.3447629,0
1,0.67115575,1
0,0.78828627,1
1,0.6585131,1
1,0.6754834,1
1,0.77929276,1
1,0.82537663,1
1,0.7826555,1
0,0.7629316,1
1,0.8599716,1
1,0.8228676,1
1,0.89325386,1
1,0.84062225,1
1,0.76524115,1
1,0.80260265,1
1,0.8064841,1
1,0.7893101,1
0,0.5108506,1
0,0.76042867,1
1,0.84644043,1
1,0.90785486,1
1,0.85600007,1
0,0.85651064,1
0,0.65730983,1
0,0.7321153,1
0,0.7632067,1
0,0.792824,1
0,0.75436515,1
1,0.673499,1
1,0.70250744,1
0,0.67680675,1
0,0.51856536,1
0,0.65979266,1
1,0.3689148,0
1,0.3492574,0
1,0.67569286,1
1,0.7826225,1
0,0.6223214,1
0,0.69079536,1
0,0.7918701,1
1,0.6968529,1
0,0.62391204,1
0,0.506923,1
1,0.6868888,1
1,0.5535609,1
0,0.57895666,1
0,0.482771,0
0,0.3904755,0
1,0.35238737,0
0,0.2670937,0
0,0.49017134,0
1,0.6327419,1
0,0.71572953,1
1,0.77025396,1
1,0.6933242,1
1,0.76635283,1
0,0.9496679,1
1,0.2393277,0
1,0.71728486,1
1,0.91273385,1
1,0.8733549,1
1,0.7434205,1
1,0.6318723,1
1,0.6556574,1
0,0.49984556,0
0,0.50544655,1
0,0.7626301,1
0,0.7245613,1
1,0.7655632,1
1,0.7945388,1
1,0.8066968,1
0,0.87214375,1
1,0.894445,1
1,0.89259595,1
1,0.902509,1
0,0.87053823,1
0,0.91995835,1
1,0.8972948,1
1,0.89113384,1
0,0.8619395,1
0,0.81361955,1
0,0.88599175,1
1,0.78485364,1
0,0.7019149,1
0,0.24323763,0
0,0.17932141,0
0,0.20086691,0
0,0.32303372,0
0,0.19311039,0
0,0.30378684,0
0,0.7383229,1
1,0.83191776,1
1,0.881518,1
1,0.89080375,1
1,0.8470172,1
1,0.8726053,1
1,0.8521331,1
1,0.9010229,1
1,0.79465896,1
1,0.80830234,1
1,0.78606004,1
1,0.7812401,1
0,0.74353427,1
0,0.42285347,0
1,0.71991676,1
0,0.78903925,1
0,0.7166776,1
1,0.7389567,1
1,0.8171124,1
1,0.77393365,1
1,0.833931,1
1,0.8536879,1
1,0.7405374,1
1,0.57913095,1
0,0.79017407,1
0,0.83199483,1
1,0.83248395,1
1,0.786608,1
1,0.77794224,1
0,0.8188129,1
1,0.8306863,1
1,0.90254736,1
1,0.77946913,1
1,0.87647825,1
1,0.92525256,1
1,0.8224231,1
1,0.87117416,1
1,0.86391807,1
1,0.8784701,1
1,0.8911577,1
1,0.90498066,1
1,0.88405216,1
1,0.890368,1
1,0.87958515,1
1,0.8824927,1
1,0.8843067,1
1,0.8415092,1
1,0.8905017,1
1,0.8831678,1
1,0.8716423,1
0,0.8977882,1
1,0.8430305,1
1,0.7694203,1
1,0.87159973,1
1,0.70404774,1
1,0.82952964,1
1,0.80219984,1
1,0.7830118,1
1,0.8261334,1
1,0.8830527,1
1,0.8772193,1
1,0.8498197,1
1,0.6724023,1
1,0.74327654,1
1,0.78500545,1
1,0.7435342,1
0,0.85115343,1
1,0.8247771,1
1,0.85070455,1
1,0.804865,1
1,0.8359259,1
1,0.8876762,1
1,0.85210973,1
0,0.817806,1
1,0.84705096,1
1,0.89043546,1
0,0.8552277,1
1,0.87750936,1
1,0.875009,1
1,0.7934521,1
1,0.80209446,1
1,0.82127964,1
0,0.7678765,1
0,0.7876617,1
1,0.8529547,1
1,0.55278116,1
1,0.61088854,1
0,0.74362284,1
1,0.66325843,1
1,0.7939219,1
0,0.79464483,1
0,0.6410762,1
1,0.729974,1
0,0.6067302,1
1,0.67797166,1
1,0.63292205,1
1,0.7475725,1
0,0.73923224,1
0,0.5872973,1
1,0.74560577,1
0,0.6374538,1
1,0.7398656,1
1,0.69674593,1
0,0.83624166,1
1,0.6143888,1
1,0.48993006,0
1,0.20300163,0
0,0.43317294,0
0,0.44849104,0
1,0.6311633,1
1,0.85153455,1
1,0.70186687,1
1,0.8219613,1
1,0.8297304,1
1,0.37850773,0
1,0.5914254,1
1,0.8280174,1
1,0.3822485,0
1,0.3332282,0
0,0.6495238,1
1,0.84463286,1
0,0.7523249,1
0,0.8504307,1
0,0.88900965,1
1,0.8853391,1
1,0.90816694,1
1,0.8615449,1
1,0.93423486,1
1,0.9342256,1
1,0.8514253,1
1,0.8957208,1
1,0.8655595,1
1,0.87067896,1
1,0.8016522,1
1,0.86598206,1
1,0.850548,1
1,0.73739415,1
1,0.81903154,1
0,0.75128216,1
0,0.8213925,1
0,0.79806703,1
1,0.8312106,1
1,0.698431,1
1,0.8058321,1
1,0.8027928,1
1,0.8511492,1
0,0.7690838,1
1,0.7541566,1
1,0.7828643,1
1,0.8134415,1
1,0.7663453,1
1,0.80003023,1
1,0.4885632,0
1,0.79186773,1
1,0.7214994,1
0,0.7615404,1
1,0.69030786,1
1,0.81527704,1
1,0.7188191,1
1,0.74146736,1
1,0.82046866,1
1,0.8975307,1
1,0.88853234,1
0,0.7910575,1
1,0.83026797,1
1,0.7669552,1
1,0.8227184,1
1,0.80420744,1
1,0.7687429,1
0,0.8859133,1
1,0.8476615,1
1,0.82340133,1
1,0.8010809,1
1,0.8857677,1
1,0.8942606,1
0,0.7655017,1
1,0.80222833,1
1,0.79384875,1
1,0.74030304,1
1,0.78467196,1
0,0.84717405,1
1,0.74401456,1
1,0.73849773,1
1,0.7007386,1
1,0.7273015,1
0,0.7118916,1
1,0.8208499,1
0,0.81219214,1
0,0.707116,1
1,0.8049735,1
1,0.7428422,1
0,0.5873593,1
1,0.8544852,1
1,0.7895504,1
0,0.7306593,1
0,0.77510023,1
0,0.6382063,1
1,0.7461545,1
1,0.80342203,1
1,0.72684264,1
1,0.7485781,1
0,0.7885952,1
1,0.7893653,1
0,0.4820858,0
1,0.6474056,1
0,0.8114015,1
0,0.7307033,1
1,0.69748586,1
1,0.7813132,1
1,0.82945365,1
1,0.8217226,1
1,0.7553523,1
1,0.71332365,1
1,0.8127597,1
1,0.7733024,1
1,0.6891723,1
1,0.7940093,1
0,0.7797359,1
1,0.7078712,1
1,0.76012737,1
1,0.7980029,1
1,0.6874692,1
1,0.7898683,1
1,0.79828304,1
1,0.76371914,1
1,0.81183684,1
1,0.70108473,1
1,0.8105303,1
1,0.7295779,1
1,0.7750713,1
1,0.7106373,1
1,0.82893765,1
1,0.7680346,1
1,0.76160234,1
1,0.6783486,1
1,0.5918716,1
0,0.6116327,1
1,0.6467599,1
0,0.62774825,1
1,0.755542,1
0,0.73052883,1
0,0.6630029,1
0,0.70441705,1
0,0.72220385,1
0,0.6707915,1
0,0.768445,1
0,0.7770387,1
0,0.71891814,1
0,0.6808915,1
0,0.676799,1
1,0.34413007,0
1,0.6445711,1
1,0.6606526,1
1,0.70519096,1
0,0.3090635,0
0,0.7252204,1
0,0.83256644,1
0,0.6998457,1
0,0.7679943,1
1,0.51672083,1
0,0.16895738,0
0,0.7255406,1
0,0.8327896,1
1,0.74216306,1
1,0.61169463,1
1,0.36351362,0
0,0.15644032,0
0,0.08794023,0
0,0.08026769,0
0,0.14715713,0
1,0.46940535,0
0,0.43066004,0
0,0.34820804,0
1,0.887069,1
1,0.83428425,1
1,0.7982827,1
0,0.71470857,1
1,0.48330975,0
1,0.9103471,1
0,0.8851656,1
1,0.92126036,1
1,0.92988294,1
1,0.3878708,0
1,0.5845632,1
0,0.34548074,0
1,0.769828,1
1,0.34383553,0
0,0.4266339,0
1,0.67021424,1
0,0.36031485,0
1,0.50320864,1
0,0.6593435,1
0,0.8019569,1
0,0.26876986,0
0,0.31075662,0
1,0.68549955,1
1,0.7418375,1
1,0.80257535,1
1,0.3327115,0
1,0.50651747,1
1,0.8895913,1
1,0.95294446,1
1,0.89168406,1
1,0.93077534,1
1,0.898143,1
0,0.86064106,1
1,0.82942986,1
1,0.9004634,1
1,0.87036407,1
1,0.86985296,1
1,0.82792205,1
1,0.85629314,1
0,0.9042691,1
0,0.85678333,1
0,0.7574465,1
0,0.7503373,1
0,0.6814145,1
0,0.7614105,1
0,0.70447683,1
1,0.7598089,1
0,0.7591896,1
0,0.7736562,1
0,0.7200292,1
0,0.68431216,1
1,0.7451247,1
1,0.817012,1
1,0.8625409,1
1,0.90784407,1
1,0.8704295,1
1,0.80170715,1
0,0.853212,1
1,0.88628674,1
1,0.88459146,1
1,0.863962,1
0,0.888062,1
1,0.74522984,1
1,0.9049583,1
1,0.743635,1
1,0.9221749,1
1,0.8876376,1
1,0.91127884,1
1,0.9002761,1
1,0.86803895,1
1,0.15353753,0
0,0.41658354,0
0,0.12833723,0
0,0.16913287,0
0,0.22153603,0
0,0.117886856,0
1,0.28479305,0
0,0.06882464,0
0,0.20021242,0
0,0.23179005,0
0,0.17442332,0
0,0.21464343,0
0,0.17924228,0
0,0.12677632,0
0,0.19008014,0
0,0.08077461,0
0,0.14663896,0
0,0.19953723,0
0,0.091643125,0
0,0.44865325,0
0,0.11253761,0
0,0.10662224,0
0,0.19107191,0
0,0.094492346,0
0,0.60280734,1
0,0.80139464,1
1,0.8715359,1
1,0.805206,1
1,0.79362404,1
1,0.8268205,1
0,0.788275,1
0,0.82048345,1
1,0.8463459,1
1,0.72092015,1
1,0.7603133,1
1,0.7055038,1
0,0.80307484,1
1,0.5173879,1
0,0.5460359,1
1,0.38368094,0
0,0.50262696,1
0,0.749955,1
1,0.9097357,1
1,0.822758,1
1,0.69369465,1
0,0.37482068,0
1,0.43320644,0
0,0.69126415,1
1,0.905419,1
1,0.47888613,0
0,0.73489046,1
0,0.7076777,1
1,0.8505033,1
1,0.694798,1
1,0.8231179,1
1,0.8573768,1
1,0.8069897,1
1,0.9202945,1
1,0.6152095,1
1,0.33651024,0
0,0.5269517,1
0,0.47727618,0
1,0.8235987,1
1,0.8274339,1
1,0.9500651,1
1,0.8633068,1
0,0.8025605,1
1,0.4233717,0
0,0.6165713,1
1,0.23292641,0
0,0.2793525,0
1,0.67650574,1
1,0.7674625,1
1,0.91842175,1
1,0.27081314,0
0,0.13766523,0
1,0.2899948,0
1,0.2837842,0
1,0.0890423,0
1,0.13035978,0
0,0.121525675,0
1,0.20356625,0
1,0.76182306,1
1,0.45822507,0
0,0.7290533,1
1,0.69965106,1
1,0.73074096,1
1,0.8613907,1
1,0.7911663,1
1,0.57141274,1
1,0.69953203,1
1,0.74277025,1
1,0.8225643,1
1,0.6943449,1
1,0.82350254,1
1,0.71961313,1
1,0.79971105,1
1,0.75354743,1
1,0.62568754,1
1,0.7949796,1
0,0.8091849,1
0,0.7996481,1
1,0.6796597,1
1,0.7665654,1
1,0.87884074,1
1,0.87911946,1
1,0.37523258,0
1,0.8531411,1
1,0.81003726,1
1,0.74345183,1
1,0.66066194,1
1,0.1969736,0
0,0.029173449,0
0,0.25831294,0
0,0.33601102,0
0,0.31284356,0
0,0.26982182,0
1,0.4744603,0
0,0.34173748,0
1,0.4421008,0
1,0.7270175,1
1,0.63039595,1
1,0.5874932,1
1,0.74931026,1
1,0.84186476,1
0,0.79583526,1
1,0.7653372,1
1,0.7999826,1
1,0.83078325,1
1,0.8293402,1
1,0.8585973,1
1,0.8016309,1
1,0.87366647,1
1,0.94381154,1
1,0.87709236,1
1,0.8993542,1
0,0.9059056,1
0,0.86926293,1
0,0.7905209,1
1,0.76535845,1
1,0.7986842,1
0,0.76550484,1
0,0.75112206,1
1,0.784241,1
0,0.7782519,1
1,0.7617528,1
1,0.7765675,1
1,0.791262,1
1,0.7182397,1
1,0.7091282,1
0,0.78564423,1
1,0.7497157,1
1,0.6689077,1
1,0.77258193,1
1,0.7144074,1
0,0.7020497,1
1,0.67981994,1
0,0.69833124,1
0,0.77450603,1
1,0.71236944,1
1,0.79228926,1
0,0.76094276,1
1,0.6978432,1
0,0.7208919,1
1,0.74814016,1
0,0.786048,1
1,0.7764926,1
1,0.76688075,1
1,0.8732793,1
1,0.6282898,1
1,0.77702916,1
1,0.8520663,1
1,0.72883064,1
1,0.78995067,1
1,0.81022894,1
1,0.87288934,1
1,0.8454763,1
1,0.79343027,1
1,0.91104966,1
1,0.85877204,1
1,0.87242544,1
1,0.86040974,1
1,0.91154367,1
1,0.83530456,1
1,0.80713403,1
0,0.7728739,1
1,0.7947695,1
1,0.7953169,1
1,0.7518944,1
1,0.85799015,1
1,0.82234836,1
1,0.7355789,1
1,0.7599613,1
1,0.80120075,1
0,0.80951625,1
1,0.8658674,1
1,0.8307423,1
0,0.28179723,0
1,0.75830746,1
1,0.7698147,1
1,0.70093805,1
1,0.77424294,1
1,0.7189914,1
1,0.79941565,1
1,0.7990063,1
1,0.83616465,1
1,0.8179263,1
1,0.8030519,1
1,0.68047625,1
1,0.7569862,1
0,0.55065197,1
1,0.6941912,1
1,0.78720564,1
0,0.7744537,1
0,0.70321256,1
0,0.7206458,1
1,0.7625415,1
1,0.9102048,1
1,0.86223674,1
1,0.7186549,1
1,0.8072593,1
1,0.6779135,1
1,0.71702486,1
1,0.7182842,1
1,0.70276093,1
1,0.7846115,1
0,0.77403414,1
0,0.8108597,1
1,0.76390994,1
1,0.7743184,1
0,0.73363566,1
1,0.6809698,1
1,0.6638392,1
0,0.7602492,1
0,0.7357309,1
1,0.64253587,1
0,0.7228181,1
1,0.73730123,1
1,0.75273347,1
0,0.69431376,1
0,0.7346402,1
1,0.7032111,1
0,0.7414437,1
1,0.77921295,1
1,0.7380141,1
0,0.7293496,1
1,0.7354647,1
0,0.6067586,1
1,0.25351608,0
0,0.30492842,0
0,0.4436782,0
1,0.78916854,1
1,0.8983627,1
0,0.8279008,1
0,0.86473453,1
0,0.6448551,1
0,0.41595885,0
0,0.2707327,0
1,0.79018027,1
1,0.7731422,1
1,0.80178684,1
1,0.81889105,1
0,0.86444396,1
1,0.87038773,1
1,0.84477454,1
1,0.85128176,1
1,0.86802363,1
1,0.8407407,1
1,0.7451016,1
1,0.879009,1
1,0.83823615,1
1,0.8911731,1
1,0.7638705,1
1,0.82808435,1
1,0.7764351,1
1,0.82779616,1
1,0.71417594,1
1,0.7529943,1
1,0.84913945,1
1,0.741566,1
0,0.88028693,1
1,0.87288374,1
1,0.8335437,1
1,0.7592744,1
1,0.7638854,1
1,0.8264322,1
1,0.7472335,1
1,0.86232626,1
0,0.45789635,0
0,0.7191906,1
1,0.4134377,0
1,0.47753093,0
0,0.6924618,1
0,0.6991418,1
1,0.65155464,1
1,0.69081813,1
0,0.6871681,1
1,0.5071657,1
1,0.65039045,1
1,0.60813516,1
1,0.663208,1
0,0.653834,1
1,0.6763634,1
1,0.6408565,1
1,0.6633276,1
1,0.7144278,1
1,0.6091616,1
0,0.6387768,1
1,0.68503195,1
1,0.70684916,1
1,0.68639517,1
1,0.72500485,1
1,0.694642,1
1,0.662404,1
1,0.711914,1
1,0.7716996,1
1,0.69216096,1
1,0.82727104,1
1,0.7638212,1
1,0.84029436,1
1,0.7030139,1
1,0.75161445,1
1,0.775187,1
1,0.77456653,1
1,0.76488084,1
0,0.6797029,1
1,0.7827014,1
1,0.7111902,1
1,0.6575981,1
1,0.7675227,1
1,0.74227756,1
1,0.76010597,1
1,0.73622644,1
1,0.75563365,1
1,0.7251835,1
1,0.7147396,1
1,0.71598476,1
0,0.71004295,1
0,0.7768929,1
1,0.7410536,1
1,0.730029,1
0,0.74288136,1
0,0.75180453,1
0,0.6846776,1
0,0.76961607,1
0,0.7413711,1
1,0.79008937,1
0,0.7605479,1
1,0.7495402,1
0,0.7525254,1
1,0.7766869,1
1,0.74722517,1
1,0.76871055,1
1,0.83811754,1
1,0.81292,1
1,0.8509812,1
1,0.71392566,1
1,0.8273378,1
1,0.810261,1
1,0.84110266,1
1,0.85609055,1
0,0.55026394,1
0,0.68664765,1
0,0.6387656,1
1,0.49669522,0
1,0.7400741,1
1,0.6699474,1
0,0.6959949,1
1,0.68036383,1
0,0.6670798,1
1,0.7591688,1
1,0.64000946,1
1,0.5001252,1
1,0.6130425,1
1,0.91626626,1
1,0.8794117,1
1,0.6472229,1
1,0.60776526,1
1,0.55172306,1
1,0.7875129,1
1,0.8146547,1
1,0.78633106,1
1,0.81646204,1
0,0.8192618,1
1,0.78316915,1
1,0.8035502,1
1,0.7508771,1
1,0.67011166,1
0,0.60418767,1
1,0.78835416,1
1,0.71143955,1
1,0.65729004,1
1,0.72759694,1
1,0.7894499,1
1,0.8218843,1
1,0.86620086,1
1,0.827601,1
0,0.881629,1
1,0.67672294,1
0,0.7916868,1
1,0.7258357,1
1,0.7287138,1
1,0.71618116,1
1,0.29042873,0
0,0.0354961,0
0,0.19678843,0
1,0.19616617,0
0,0.07913964,0
0,0.5419261,1
1,0.060627297,0
1,0.66506,1
1,0.65054613,1
0,0.29866767,0
0,0.2099445,0
0,0.33874586,0
0,0.10240513,0
1,0.2714477,0
0,0.3259038,0
0,0.34138995,0
0,0.26890135,0
1,0.38786995,0
0,0.30808085,0
0,0.5502613,1
0,0.5107912,1
1,0.58034235,1
0,0.351053,0
0,0.76225716,1
0,0.6598407,1
0,0.81306344,1
1,0.6288131,1
1,0.7834318,1
1,0.795137,1
1,0.9039315,1
1,0.84757966,1
1,0.82221717,1
1,0.8557874,1
1,0.8607873,1
1,0.8463849,1
1,0.84250355,1
1,0.85344344,1
1,0.90591884,1
1,0.89353096,1
1,0.8714545,1
1,0.8374655,1
1,0.90509045,1
1,0.9109461,1
1,0.8543459,1
1,0.90412164,1
1,0.89286757,1
0,0.92633367,1
1,0.8946754,1
1,0.90337944,1
1,0.8324316,1
1,0.8891229,1
1,0.6569885,1
0,0.6474093,1
0,0.761662,1
0,0.7762065,1
1,0.80047184,1
1,0.80219287,1
1,0.8270806,1
1,0.81990623,1
1,0.8034374,1
1,0.8092525,1
0,0.77371895,1
1,0.7408457,1
0,0.7753415,1
0,0.7489608,1
1,0.74993354,1
0,0.81228584,1
1,0.793827,1
1,0.79887223,1
1,0.8139031,1
1,0.77728206,1
1,0.83707565,1
1,0.8135081,1
1,0.776986,1
0,0.7670547,1
0,0.8600972,1
1,0.744114,1
1,0.80912066,1
1,0.7794909,1
1,0.72434527,1
1,0.7967678,1
0,0.8169954,1
0,0.7667516,1
1,0.7733757,1
0,0.8246377,1
0,0.85148096,1
0,0.8026639,1
1,0.8473843,1
0,0.7778524,1
1,0.7951714,1
0,0.8393204,1
0,0.72336745,1
0,0.8076307,1
1,0.80184126,1
1,0.7178311,1
1,0.8736929,1
1,0.84087723,1
0,0.8467992,1
1,0.862163,1
1,0.7493242,1
1,0.7294072,1
1,0.7240278,1
1,0.84280616,1
1,0.7813915,1
1,0.78586364,1
1,0.84524006,1
1,0.82022786,1
1,0.78797376,1
1,0.8354901,1
0,0.79575735,1
0,0.7799793,1
1,0.74531853,1
1,0.78559095,1
1,0.8253545,1
1,0.83157974,1
1,0.79384583,1
1,0.81626916,1
1,0.7924719,1
1,0.8114281,1
1,0.8061116,1
0,0.85753787,1
0,0.8368461,1
1,0.62799937,1
0,0.56641644,1
1,0.67192656,1
1,0.6442313,1
1,0.60798717,1
1,0.5694354,1
0,0.5953531,1
0,0.9424362,1
1,0.5383005,1
0,0.925087,1
1,0.9405333,1
1,0.9376324,1
1,0.9811473,1
1,0.8636247,1
1,0.89959615,1
1,0.9592179,1
1,0.93227494,1
1,0.9082673,1
1,0.9282321,1
1,0.9537462,1
1,0.9516373,1
1,0.9298975,1
1,0.929855,1
1,0.93152404,1
1,0.94424963,1
1,0.8880657,1
1,0.9850352,1
1,0.8902605,1
1,0.9451568,1
1,0.9494561,1
1,0.8881413,1
1,0.9452776,1
1,0.83378565,1
1,0.95993817,1
1,0.96022487,1
1,0.9545354,1
1,0.92827237,1
1,0.9098626,1
1,0.87721235,1
1,0.84621763,1
1,0.87244886,1
1,0.8399683,1
1,0.8237471,1
1,0.829498,1
1,0.78291994,1
1,0.8916031,1
1,0.87533003,1
0,0.7568466,1
1,0.7455072,1
1,0.7565021,1
1,0.8191077,1
0,0.7942379,1
0,0.83016235,1
1,0.8076707,1
1,0.74699694,1
0,0.7846956,1
0,0.81366444,1
0,0.76650894,1
1,0.7620372,1
1,0.83312637,1
0,0.7670495,1
1,0.7962448,1
0,0.84385353,1
0,0.8250813,1
1,0.8152524,1
1,0.7858228,1
1,0.8057203,1
1,0.87852854,1
1,0.83194715,1
0,0.20707786,0
0,0.15989053,0
0,0.046059184,0
1,0.26074746,0
0,0.31491983,0
0,0.21419568,0
0,0.20670557,0
1,0.16572243,0
0,0.24251749,0
1,0.2713562,0
0,0.18886064,0
0,0.26512414,0
0,0.23672827,0
1,0.7590694,1
1,0.78591484,1
1,0.79737455,1
1,0.7812647,1
1,0.3053006,0
0,0.5779297,1
0,0.2643105,0
0,0.120068915,0
0,0.1371636,0
1,0.7753436,1
1,0.87352204,1
0,0.7703384,1
1,0.89539886,1
1,0.9191644,1
1,0.7316094,1
1,0.59871614,1
0,0.35621956,0
1,0.8352885,1
1,0.9428169,1
1,0.89344823,1
1,0.70694673,1
0,0.19637652,0
1,0.1960418,0
0,0.12974721,0
1,0.7543343,1
1,0.7824574,1
1,0.5944878,1
1,0.41606402,0
1,0.3184652,0
0,0.6461055,1
0,0.7015398,1
1,0.44266477,0
0,0.5922425,1
1,0.73172873,1
1,0.82970524,1
1,0.7680866,1
0,0.82153165,1
0,0.71647805,1
1,0.72281873,1
1,0.6783828,1
1,0.68916255,1
1,0.84185106,1
1,0.6862933,1
0,0.6757237,1
1,0.8274963,1
1,0.7228209,1
1,0.79127526,1
0,0.743683,1
1,0.58049965,1
0,0.28992367,0
1,0.7855239,1
1,0.9050316,1
1,0.9063417,1
0,0.7999508,1
1,0.8747959,1
1,0.815231,1
1,0.8159503,1
1,0.8346998,1
1,0.8664863,1
1,0.72827905,1
0,0.44668022,0
1,0.40045935,0
0,0.56978464,1
0,0.53537196,1
0,0.31539083,0
1,0.7105246,1
0,0.6644985,1
1,0.37479237,0
0,0.67098993,1
1,0.7017794,1
1,0.61160386,1
1,0.5125668,1
1,0.72196436,1
1,0.681627,1
1,0.601345,1
0,0.72572994,1
1,0.67735857,1
1,0.7029259,1
0,0.61899686,1
1,0.64143044,1
0,0.8241658,1
1,0.8119619,1
1,0.7446907,1
1,0.8160954,1
0,0.71559614,1
0,0.76559484,1
0,0.8114512,1
1,0.6811943,1
0,0.63486814,1
0,0.63192356,1
1,0.6956342,1
1,0.7777414,1
0,0.7493683,1
0,0.7329222,1
1,0.79010814,1
0,0.6534936,1
1,0.7190852,1
0,0.17328617,0
0,0.6157336,1
1,0.68414223,1
0,0.393593,0
1,0.5892551,1
1,0.81739485,1
1,0.80070114,1
0,0.8472246,1
0,0.8194242,1
1,0.7193551,1
1,0.7724721,1
0,0.5696478,1
0,0.7171496,1
1,0.7220409,1
1,0.7192081,1
1,0.78406566,1
1,0.7832673,1
1,0.7403254,1
0,0.67261326,1
1,0.77839696,1
0,0.59983927,1
1,0.6092244,1
0,0.63778657,1
0,0.63126445,1
0,0.6090141,1
0,0.54132056,1
1,0.34754956,0
1,0.7625853,1
1,0.5364653,1
0,0.5236054,1
0,0.64248085,1
0,0.5000133,1
0,0.46405524,0
1,0.48755467,0
0,0.35487083,0
0,0.34232873,0
0,0.31227475,0
1,0.34532434,0
1,0.31075874,0
1,0.24619968,0
0,0.26008597,0
0,0.3184218,0
0,0.27493063,0
1,0.25888708,0
0,0.36095622,0
1,0.27199703,0
0,0.32892165,0
0,0.26645342,0
1,0.79956526,1
1,0.76812035,1
1,0.78487974,1
0,0.3311868,0
1,0.8456571,1
0,0.8787104,1
0,0.21062781,0
1,0.8311443,1
0,0.4417486,0
0,0.42248583,0
1,0.84291714,1
0,0.6739058,1
1,0.80545115,1
0,0.31929824,0
0,0.2651378,0
0,0.14171797,0
0,0.41789013,0
0,0.16091622,0
0,0.22593199,0
0,0.4210659,0
0,0.38495314,0
0,0.10408495,0
1,0.3020308,0
0,0.2727824,0
0,0.37190667,0
0,0.1840395,0
1,0.3726739,0
0,0.6743965,1
0,0.5475753,1
0,0.39419872,0
1,0.49654615,0
0,0.5601245,1
1,0.57685554,1
0,0.36528003,0
0,0.3732164,0
1,0.5688514,1
1,0.4577743,0
0,0.24693711,0
0,0.30276188,0
1,0.2970313,0
0,0.65892315,1
0,0.1821108,0
0,0.12774527,0
0,0.2844459,0
1,0.41011143,0
0,0.09117078,0
1,0.59414554,1
0,0.7905382,1
1,0.73640907,1
1,0.69682527,1
0,0.75199795,1
1,0.6344803,1
0,0.61256397,1
1,0.47362676,0
1,0.7797339,1
1,0.6200246,1
1,0.35181752,0
1,0.53160125,1
1,0.7980644,1
0,0.88915366,1
1,0.82518613,1
1,0.8068475,1
1,0.86897534,1
1,0.84292084,1
1,0.8628948,1
1,0.79833347,1
1,0.75422233,1
1,0.7705532,1
1,0.7017941,1
1,0.79049397,1
1,0.7732046,1
1,0.7278304,1
1,0.9210078,1
1,0.93007046,1
1,0.9113369,1
1,0.8696093,1
1,0.9071606,1
1,0.8835427,1
1,0.8668385,1
1,0.85247797,1
0,0.8335416,1
1,0.92652285,1
1,0.8435344,1
0,0.9306393,1
1,0.82077694,1
1,0.8043286,1
1,0.87079483,1
1,0.92002654,1
1,0.879728,1
0,0.80914325,1
1,0.8550132,1
0,0.87851626,1
1,0.8683907,1
1,0.8692151,1
1,0.84814817,1
1,0.88889396,1
1,0.9047254,1
1,0.8747935,1
1,0.845753,1
1,0.89087546,1
1,0.9076117,1
1,0.86090744,1
1,0.9128133,1
1,0.8243481,1
1,0.85037404,1
1,0.8404319,1
0,0.8911621,1
1,0.76813006,1
1,0.9291457,1
1,0.6652472,1
1,0.877831,1
0,0.6946015,1
0,0.7511806,1
1,0.6530779,1
1,0.65931284,1
1,0.85993207,1
1,0.6921722,1
0,0.34275976,0
0,0.36575028,0
1,0.5814847,1
1,0.30596256,0
1,0.30466905,0
0,0.6389523,1
0,0.37108058,0
0,0.07567504,0
0,0.80662143,1
0,0.7835617,1
0,0.81345487,1
0,0.76001173,1
1,0.87880385,1
1,0.81047964,1
1,0.8406652,1
1,0.94143957,1
1,0.86956,1
1,0.8820042,1
1,0.8993232,1
1,0.91218436,1
0,0.42404842,0
1,0.5122505,1
1,0.8022245,1
1,0.5157444,1
1,0.5924812,1
0,0.66710466,1
0,0.6526782,1
1,0.5635243,1
1,0.61180323,1
1,0.5140427,1
1,0.70611745,1
0,0.57118046,1
1,0.7260733,1
0,0.8506579,1
0,0.39463747,0
1,0.45989257,0
0,0.4979971,0
1,0.8328741,1
1,0.4761371,0
1,0.8707458,1
1,0.8782204,1
1,0.8571511,1
1,0.8203979,1
1,0.93365353,1
1,0.8139575,1
1,0.8236072,1
1,0.74557775,1
0,0.6202246,1
0,0.20422462,0
0,0.33134538,0
0,0.68501186,1
1,0.21010053,0
0,0.81303674,1
0,0.733089,1
1,0.8024966,1
1,0.69022274,1
1,0.53965,1
1,0.67172784,1
1,0.7049565,1
0,0.6035798,1
0,0.6740239,1
0,0.70985407,1
1,0.40480238,0
1,0.28028914,0
0,0.08034857,0
1,0.3859167,0
0,0.18330778,0
1,0.31646547,0
1,0.725387,1
0,0.46910107,0
1,0.43813363,0
0,0.27059639,0
1,0.7492977,1
1,0.81497186,1
1,0.865136,1
1,0.86090374,1
1,0.79013693,1
1,0.81466717,1
1,0.85080653,1
1,0.78283113,1
1,0.85087514,1
1,0.6664954,1
1,0.8266096,1
1,0.8710301,1
0,0.5073623,1
0,0.52526355,1
1,0.24735709,0
0,0.37803584,0
1,0.9195217,1
1,0.89030147,1
1,0.94387966,1
1,0.90183234,1
1,0.86446565,1
1,0.92583096,1
0,0.91768336,1
1,0.8967078,1
0,0.82578605,1
0,0.4564876,0
0,0.25358513,0
1,0.20185493,0
1,0.9447391,1
0,0.894213,1
1,0.94546235,1
1,0.874363,1
1,0.8905178,1
1,0.8138882,1
1,0.7168411,1
1,0.73802656,1
1,0.7487428,1
1,0.7869875,1
1,0.844225,1
1,0.71318835,1
1,0.93112254,1
1,0.46379346,0
0,0.575068,1
1,0.8089981,1
1,0.75946873,1
1,0.5539838,1
1,0.37525582,0
0,0.641369,1
1,0.7978306,1
1,0.6935255,1
1,0.7732797,1
1,0.8024294,1
1,0.56775993,1
0,0.71371293,1
0,0.5021788,1
1,0.6038738,1
1,0.8356588,1
1,0.89546543,1
0,0.73574,1
0,0.35022584,0
1,0.81181777,1
1,0.8473882,1
1,0.8172317,1
1,0.7611126,1
1,0.7187891,1
1,0.5716271,1
1,0.71095973,1
0,0.21258712,0
1,0.2685899,0
0,0.24149853,0
0,0.18675432,0
0,0.6819108,1
1,0.23021518,0
0,0.28657603,0
0,0.37178436,0
0,0.2974205,0
1,0.37268323,0
1,0.67660666,1
1,0.27740854,0
0,0.32463908,0
0,0.43397722,0
1,0.2582685,0
1,0.34549338,0
1,0.66142744,1
0,0.28370056,0
0,0.24934025,0
0,0.31471023,0
0,0.13930371,0
1,0.29009223,0
1,0.706023,1
1,0.6662008,1
1,0.7268313,1
1,0.7593289,1
0,0.2773391,0
0,0.7056512,1
1,0.75236994,1
1,0.77846414,1
1,0.87680715,1
1,0.8950706,1
1,0.8254269,1
1,0.82837075,1
1,0.89513135,1
1,0.90993,1
1,0.9062009,1
1,0.8560372,1
1,0.9096825,1
1,0.83552045,1
0,0.6790631,1
1,0.49532944,0
1,0.8722442,1
1,0.7872766,1
1,0.8393003,1
1,0.7465037,1
1,0.6964698,1
1,0.7245157,1
1,0.6676325,1
1,0.5735664,1
1,0.6340805,1
1,0.8032173,1
1,0.79066545,1
1,0.6417362,1
0,0.35956892,0
0,0.47194952,0
0,0.36431527,0
0,0.3718066,0
0,0.430381,0
0,0.27207994,0
0,0.2878428,0
1,0.75470644,1
1,0.35946292,0
1,0.6397051,1
1,0.68029577,1
1,0.7666612,1
1,0.9186861,1
1,0.9336516,1
1,0.88787794,1
1,0.8190421,1
1,0.8130288,1
1,0.8306025,1
1,0.3798366,0
0,0.56146425,1
1,0.67525816,1
0,0.36285284,0
1,0.90520674,1
0,0.47917894,0
0,0.352066,0
0,0.36960614,0
0,0.26126826,0
0,0.22118151,0
1,0.55171627,1
1,0.8183754,1
1,0.8873972,1
1,0.5913595,1
0,0.3266649,0
0,0.6427042,1
0,0.5470121,1
0,0.45565003,0
0,0.4115468,0
0,0.39195827,0
0,0.78751796,1
0,0.7933998,1
1,0.691577,1
1,0.53280264,1
1,0.67070746,1
1,0.743732,1
0,0.80778617,1
1,0.30984536,0
1,0.28002608,0
0,0.30553085,0
0,0.29290226,0
0,0.304777,0
1,0.7672423,1
0,0.50314856,1
1,0.7436305,1
0,0.57419,1
0,0.56656826,1
1,0.5477199,1
1,0.75780654,1
1,0.8939493,1
1,0.8882117,1
1,0.87383753,1
1,0.60750914,1
0,0.7650672,1
0,0.6405306,1
1,0.7771887,1
1,0.6490245,1
1,0.69679517,1
1,0.8640112,1
1,0.6565946,1
1,0.8706891,1
1,0.5924358,1
0,0.6007322,1
1,0.77357304,1
0,0.2755421,0
0,0.3879305,0
0,0.2973591,0
1,0.4228025,0
1,0.55554205,1
0,0.31276602,0
0,0.43643245,0
0,0.1702675,0
0,0.52164865,1
0,0.49552107,0
0,0.6445999,1
0,0.3415636,0
1,0.8019869,1
1,0.82490855,1
1,0.46200213,0
1,0.16741987,0
1,0.6098978,1
1,0.8595343,1
1,0.94220674,1
1,0.8840498,1
1,0.9021556,1
1,0.88086593,1
1,0.82120615,1
1,0.8588348,1
1,0.94396645,1
0,0.8946962,1
1,0.9290027,1
0,0.86873996,1
1,0.8857064,1
1,0.89023113,1
1,0.8283804,1
1,0.49533808,0
0,0.1244954,0
0,0.19872054,0
0,0.39335063,0
0,0.22539327,0
0,0.3047572,0
0,0.36239362,0
0,0.35701388,0
0,0.36468783,0
0,0.19029248,0
1,0.58330065,1
0,0.1925678,0
1,0.87496525,1
1,0.8878963,1
1,0.78570247,1
1,0.5106432,1
0,0.401553,0
0,0.4855208,0
0,0.54189295,1
1,0.8872041,1
1,0.39104706,0
1,0.931772,1
0,0.73276985,1
1,0.7686195,1
1,0.875535,1
1,0.8601725,1
0,0.31391066,0
1,0.5828915,1
0,0.5378876,1
1,0.50134814,1
1,0.8670455,1
0,0.71846825,1
0,0.6554723,1
0,0.7362247,1
1,0.8956197,1
1,0.50181836,1
0,0.76870894,1
0,0.26753324,0
0,0.6389764,1
1,0.3909126,0
0,0.6118129,1
0,0.6016014,1
1,0.8368778,1
1,0.77492356,1
1,0.7689171,1
1,0.7577378,1
0,0.4048062,0
1,0.8073233,1
1,0.8682686,1
1,0.7216179,1
1,0.6909085,1
0,0.3238915,0
0,0.76571256,1
1,0.8068451,1
0,0.7627846,1
0,0.6616413,1
0,0.47795972,0
1,0.26350832,0
0,0.5999531,1
1,0.723372,1
1,0.5258935,1
1,0.43139386,0
1,0.34936127,0
1,0.20189582,0
1,0.16988261,0
0,0.64889085,1
1,0.075685024,0
1,0.28186578,0
0,0.36812568,0
0,0.6980796,1
1,0.9424826,1
1,0.941371,1
1,0.8148104,1
1,0.8774858,1
1,0.8009127,1
1,0.79865456,1
0,0.76141995,1
1,0.95754826,1
1,0.8216963,1
0,0.6136721,1
0,0.5752468,1
0,0.7957053,1
1,0.8070617,1
1,0.8020194,1
0,0.36700562,0
0,0.40681756,0
0,0.17936602,0
0,0.20704706,0
0,0.50302607,1
0,0.16325025,0
1,0.66001976,1
1,0.452653,0
0,0.4531883,0
1,0.7439144,1
1,0.7786666,1
1,0.92809767,1
1,0.80843323,1
1,0.79055864,1
1,0.7653449,1
1,0.7630014,1
1,0.72196275,1
1,0.74894166,1
1,0.7969379,1
1,0.8325857,1
1,0.8409666,1
0,0.7544634,1
0,0.8395113,1
0,0.81518704,1
0,0.8524574,1
1,0.8853781,1
1,0.8492708,1
0,0.8528355,1
1,0.82960016,1
1,0.81636107,1
1,0.8055932,1
1,0.54062533,1
0,0.85590476,1
1,0.7785953,1
1,0.70033884,1
1,0.7733561,1
1,0.7871585,1
1,0.84107417,1
1,0.7890633,1
0,0.88251853,1
1,0.8007769,1
1,0.8123203,1
1,0.9268111,1
1,0.8104381,1
1,0.90117306,1
1,0.8395116,1
1,0.9053111,1
1,0.8624498,1
1,0.832325,1
1,0.85362023,1
1,0.8653406,1
1,0.7773212,1
0,0.7571162,1
1,0.8133764,1
0,0.71777594,1
1,0.7649321,1
1,0.85962355,1
1,0.87315285,1
1,0.7015733,1
1,0.7332308,1
1,0.64334536,1
1,0.7155763,1
0,0.78322774,1
1,0.8841663,1
0,0.3905778,0
0,0.57843906,1
1,0.7856336,1
1,0.7093152,1
1,0.8338297,1
1,0.91264075,1
1,0.7615521,1
1,0.84121716,1
0,0.34860235,0
0,0.4166953,0
0,0.6674377,1
0,0.23628977,0
1,0.80677986,1
0,0.72396773,1
0,0.79318,1
0,0.8139059,1
1,0.6182786,1
1,0.43825045,0
1,0.19386637,0
0,0.34392372,0
0,0.5778935,1
1,0.44323987,0
1,0.53619957,1
0,0.38781452,0
1,0.9135338,1
0,0.9221313,1
1,0.61419684,1
1,0.77192426,1
1,0.9745326,1
0,0.94014496,1
1,0.9612562,1
1,0.9855864,1
1,0.9739361,1
1,0.9577143,1
0,0.95928997,1
1,0.9623268,1
1,0.9236245,1
1,0.8763214,1
0,0.940564,1
1,0.9874248,1
1,0.9750835,1
1,0.9716033,1
1,0.9556727,1
0,0.92791975,1
0,0.95823956,1
1,0.9496165,1
1,0.895914,1
1,0.9462458,1
1,0.92395806,1
1,0.93779635,1
1,0.94210327,1
1,0.9562539,1
1,0.98096806,1
1,0.9445052,1
1,0.90313923,1
1,0.8783695,1
1,0.8311868,1
1,0.82952476,1
1,0.9490824,1
1,0.8177624,1
0,0.7959244,1
1,0.8474453,1
1,0.8623827,1
0,0.65950465,1
1,0.2727524,0
0,0.62672573,1
0,0.7291405,1
1,0.8882062,1
1,0.81450796,1
1,0.8039713,1
0,0.8470485,1
1,0.8417375,1
1,0.8424203,1
1,0.7261478,1
1,0.8490546,1
0,0.81371224,1
0,0.84669834,1
1,0.8447847,1
1,0.35515827,0
1,0.35393298,0
0,0.31445488,0
0,0.42800635,0
1,0.776831,1
1,0.7664577,1
1,0.8205493,1
1,0.77466434,1
1,0.90068257,1
1,0.7942714,1
1,0.89205116,1
1,0.86938894,1
1,0.8614734,1
1,0.81452024,1
1,0.80477804,1
1,0.78093326,1
1,0.81536394,1
1,0.8254481,1
1,0.7580568,1
0,0.8386818,1
1,0.8224901,1
1,0.75349087,1
1,0.81874424,1
1,0.7588819,1
1,0.8510145,1
1,0.7341107,1
1,0.8418066,1
1,0.79670686,1
1,0.7827486,1
1,0.66885626,1
1,0.5981999,1
1,0.6687219,1
0,0.6460622,1
0,0.07272317,0
1,0.63287294,1
0,0.64439213,1
0,0.6903181,1
1,0.5102357,1
1,0.7980873,1
1,0.77376944,1
1,0.68625605,1
1,0.80010194,1
1,0.7786894,1
1,0.7062803,1
1,0.6948411,1
0,0.73501724,1
1,0.69370794,1
1,0.5129454,1
1,0.8232706,1
0,0.7960749,1
1,0.7816663,1
0,0.7836323,1
0,0.8138708,1
1,0.81672406,1
1,0.75478023,1
0,0.723339,1
1,0.7666171,1
1,0.7694406,1
1,0.8542513,1
1,0.8556138,1
1,0.8303296,1
1,0.8424802,1
1,0.6793919,1
1,0.8569631,1
1,0.88127553,1
1,0.8732808,1
0,0.8891827,1
1,0.8407962,1
1,0.807085,1
1,0.8674636,1
1,0.89769024,1
1,0.79665416,1
1,0.8745673,1
1,0.7966928,1
1,0.9054695,1
0,0.8187405,1
1,0.8837597,1
1,0.8349,1
1,0.8905713,1
1,0.83604217,1
1,0.85410863,1
0,0.53427935,1
1,0.6760548,1
0,0.6324833,1
0,0.8007219,1
1,0.5584816,1
1,0.77523166,1
0,0.7455442,1
1,0.7888656,1
1,0.7718748,1
0,0.8168435,1
1,0.8151815,1
1,0.83504117,1
1,0.6517217,1
1,0.8077493,1
1,0.82513714,1
1,0.797754,1
1,0.750975,1
1,0.8168582,1
1,0.7844004,1
1,0.83492446,1
0,0.833886,1
1,0.86653066,1
1,0.8544538,1
0,0.8396159,1
0,0.82090145,1
1,0.83761287,1
1,0.83955413,1
0,0.77128214,1
1,0.8553612,1
1,0.78149825,1
1,0.8121258,1
1,0.76893,1
1,0.81590617,1
1,0.8036366,1
1,0.817336,1
1,0.76586515,1
1,0.79943466,1
1,0.81878096,1
1,0.8355861,1
1,0.7441807,1
1,0.8450862,1
1,0.8498268,1
1,0.81453234,1
1,0.8285251,1
1,0.76802224,1
0,0.7371627,1
0,0.57160676,1
0,0.8089539,1
0,0.7682084,1
1,0.79624385,1
0,0.8678354,1
1,0.81856114,1
0,0.8887002,1
1,0.9247967,1
1,0.9094323,1
1,0.72628075,1
1,0.86773837,1
1,0.8635836,1
1,0.8319111,1
1,0.7922597,1
1,0.5284294,1
0,0.121276304,0
1,0.8839456,1
1,0.76771873,1
1,0.7201602,1
1,0.74576396,1
0,0.64604455,1
1,0.8016017,1
1,0.81775546,1
1,0.86787254,1
1,0.8094011,1
1,0.89001465,1
1,0.74929446,1
1,0.7712837,1
1,0.8172875,1
1,0.76047873,1
1,0.7943302,1
1,0.29767016,0
0,0.3981267,0
0,0.19014618,0
0,0.27476466,0
0,0.37297562,0
0,0.53857875,1
0,0.42601982,0
1,0.71386,1
1,0.69757265,1
1,0.8469296,1
1,0.83954495,1
1,0.3490117,0
1,0.4011784,0
0,0.40962073,0
1,0.9508112,1
1,0.84326845,1
1,0.87569827,1
1,0.90229064,1
1,0.90055704,1
0,0.8418116,1
1,0.79065466,1
1,0.751282,1
1,0.7929855,1
1,0.76247936,1
1,0.7307494,1
1,0.8641753,1
1,0.776113,1
0,0.81239736,1
1,0.7909195,1
1,0.7394459,1
0,0.7410261,1
1,0.76385796,1
1,0.7980589,1
1,0.7669447,1
1,0.8466152,1
1,0.80893797,1
1,0.73862666,1
1,0.67749155,1
0,0.6305323,1
0,0.6522165,1
0,0.6909257,1
0,0.71504945,1
1,0.83091277,1
0,0.7175487,1
0,0.7309132,1
1,0.84601957,1
0,0.84993184,1
0,0.5860591,1
0,0.5050093,1
1,0.68409103,1
0,0.527434,1
1,0.47585464,0
0,0.72257143,1
1,0.75017005,1
1,0.8588282,1
1,0.80306536,1
1,0.79877913,1
1,0.46319112,0
1,0.5344491,1
1,0.8467495,1
0,0.8550671,1
1,0.8668673,1
0,0.8470334,1
1,0.687299,1
0,0.86879414,1
1,0.882741,1
1,0.81987494,1
0,0.69591457,1
1,0.7663655,1
0,0.81671184,1
1,0.8092738,1
1,0.7729459,1
1,0.84983706,1
1,0.94974476,1
1,0.90351313,1
1,0.8188832,1
1,0.79313564,1
1,0.8604876,1
1,0.71618384,1
1,0.79645526,1
0,0.8176413,1
1,0.71716726,1
1,0.61385787,1
1,0.7350716,1
1,0.55706275,1
0,0.61976105,1
1,0.7233994,1
1,0.7020599,1
0,0.6535814,1
1,0.72161,1
0,0.6134149,1
0,0.569935,1
1,0.47657952,0
1,0.59669703,1
0,0.43734792,0
1,0.62821555,1
1,0.49334955,0
0,0.63451904,1
1,0.35845596,0
0,0.46540952,0
1,0.5143612,1
1,0.59482425,1
1,0.71534514,1
1,0.6483022,1
0,0.6768759,1
1,0.78147537,1
1,0.8045445,1
1,0.77479315,1
1,0.7787928,1
1,0.7753844,1
1,0.79836696,1
0,0.76722634,1
1,0.7979083,1
1,0.77273124,1
1,0.779792,1
1,0.74987304,1
1,0.76591367,1
1,0.8024825,1
1,0.74596065,1
1,0.8014861,1
1,0.7807178,1
1,0.26120564,0
1,0.42736974,0
1,0.83741146,1
1,0.8132913,1
1,0.7798448,1
1,0.7863078,1
1,0.29079247,0
1,0.6253901,1
1,0.6530138,1
0,0.7874334,1
1,0.5894768,1
1,0.653034,1
1,0.6748896,1
1,0.4913672,0
1,0.8631851,1
1,0.80367243,1
0,0.85345924,1
1,0.8550613,1
1,0.77388066,1
1,0.46349952,0
0,0.7426255,1
0,0.8786275,1
1,0.79015976,1
1,0.7077197,1
0,0.73329777,1
0,0.72386235,1
1,0.81654567,1
1,0.7787441,1
1,0.7970901,1
1,0.7343869,1
1,0.7947614,1
0,0.65867805,1
0,0.7067095,1
1,0.6493655,1
1,0.74747616,1
0,0.7178784,1
1,0.69442225,1
1,0.76776576,1
1,0.63660717,1
1,0.5004408,1
1,0.63248116,1
1,0.610639,1
1,0.65283704,1
1,0.713987,1
0,0.6782137,1
1,0.75234634,1
0,0.77657104,1
0,0.6556366,1
1,0.69819194,1
1,0.6739339,1
0,0.8100507,1
1,0.7122872,1
1,0.71420175,1
1,0.71711135,1
1,0.7750031,1
1,0.82592434,1
1,0.8085526,1
1,0.82043755,1
1,0.89682645,1
1,0.7872099,1
1,0.75062674,1
1,0.64394504,1
1,0.70272106,1
1,0.6965769,1
1,0.7065031,1
1,0.7737439,1
1,0.7174764,1
1,0.64220786,1
1,0.8078818,1
1,0.70812917,1
0,0.81938994,1
1,0.75994265,1
0,0.64370614,1
0,0.80658007,1
1,0.919582,1
0,0.9459149,1
1,0.8419702,1
0,0.91124403,1
1,0.7811311,1
1,0.74933964,1
1,0.8205321,1
1,0.8684266,1
0,0.7499149,1
1,0.7227064,1
1,0.7720651,1
1,0.7333341,1
1,0.8246362,1
1,0.81245536,1
1,0.7619631,1
1,0.79733115,1
1,0.8253479,1
1,0.84004694,1
1,0.9317939,1
1,0.7490111,1
0,0.75781375,1
0,0.7570948,1
0,0.73651206,1
1,0.79994196,1
1,0.6764315,1
1,0.81110823,1
1,0.9059109,1
1,0.86826235,1
1,0.8546018,1
1,0.8196507,1
0,0.8181069,1
1,0.4612842,0
0,0.31237397,0
0,0.3747902,0
0,0.6717907,1
0,0.7753081,1
0,0.44417503,0
1,0.57911,1
0,0.6283884,1
1,0.620116,1
0,0.28498167,0
0,0.5297556,1
1,0.39380097,0
1,0.51714414,1
1,0.8202406,1
1,0.72008026,1
1,0.6872256,1
1,0.7895588,1
1,0.7587969,1
0,0.86913884,1
1,0.7985255,1
1,0.7455773,1
1,0.76095456,1
0,0.73576945,1
1,0.7546823,1
1,0.7525601,1
0,0.77992743,1
0,0.7714987,1
1,0.76515114,1
1,0.74450177,1
1,0.7408002,1
1,0.7381371,1
0,0.70043504,1
0,0.7247145,1
1,0.6489975,1
1,0.69291717,1
1,0.49312276,0
1,0.40272543,0
1,0.41141772,0
1,0.71145827,1
0,0.72415483,1
0,0.7002312,1
1,0.8238145,1
1,0.8411472,1
1,0.8513289,1
1,0.90460914,1
0,0.8904216,1
1,0.84160453,1
0,0.86268735,1
0,0.8652402,1
1,0.8615964,1
0,0.45086148,0
1,0.804982,1
1,0.28537938,0
0,0.28366888,0
0,0.26171368,0
0,0.29933655,0
1,0.2003654,0
0,0.2673568,0
1,0.28564098,0
0,0.2573845,0
0,0.1657514,0
0,0.15903674,0
0,0.2480036,0
1,0.6560146,1
1,0.4204392,0
1,0.77781504,1
0,0.7613326,1
1,0.34213293,0
1,0.7858848,1
1,0.6530217,1
0,0.24587993,0
0,0.4129326,0
0,0.3027632,0
0,0.27241108,0
0,0.26451793,0
0,0.18796603,0
0,0.16613784,0
1,0.46493983,0
1,0.2757263,0
1,0.7580054,1
1,0.7612283,1
1,0.7683703,1
0,0.742969,1
1,0.80961984,1
1,0.8333653,1
1,0.85074383,1
1,0.7634708,1
1,0.7805284,1
1,0.8380658,1
0,0.80955046,1
1,0.8022106,1
1,0.6793736,1
1,0.7013796,1
1,0.7049665,1
0,0.6981814,1
0,0.75140643,1
1,0.5427683,1
1,0.74444324,1
1,0.6645519,1
1,0.5866388,1
1,0.6604198,1
1,0.69942063,1
1,0.66327953,1
1,0.69477737,1
0,0.72335005,1
0,0.755654,1
1,0.623174,1
1,0.7887166,1
1,0.73279226,1
1,0.7300667,1
1,0.7986337,1
0,0.6791028,1
1,0.68561304,1
1,0.7163367,1
1,0.73798543,1
1,0.7523021,1
1,0.7004941,1
1,0.7823625,1
1,0.8093487,1
0,0.7283227,1
1,0.75556475,1
1,0.71252626,1
1,0.85791755,1
1,0.8228253,1
1,0.80966365,1
1,0.6865893,1
1,0.7838207,1
1,0.7524039,1
1,0.68718076,1
1,0.49105522,0
1,0.79946136,1
1,0.75256234,1
0,0.9342414,1
0,0.86877894,1
1,0.77701175,1
1,0.8022118,1
0,0.35485646,0
1,0.27053517,0
1,0.87343067,1
0,0.9423108,1
0,0.94098,1
1,0.9129263,1
1,0.89655197,1
1,0.8851379,1
1,0.8305309,1
0,0.8528786,1
1,0.90660673,1
1,0.8661933,1
1,0.87945366,1
0,0.92113763,1
0,0.92839247,1
0,0.91954076,1
1,0.90401906,1
1,0.7882714,1
1,0.89549965,1
1,0.869084,1
1,0.8214771,1
1,0.79162943,1
1,0.70115155,1
1,0.656148,1
1,0.78866374,1
0,0.742475,1
0,0.6876459,1
1,0.63722605,1
0,0.84332,1
0,0.64518654,1
1,0.79689497,1
1,0.8734205,1
0,0.9045394,1
1,0.8248347,1
1,0.8655176,1
0,0.8404895,1
1,0.9390467,1
1,0.89928794,1
1,0.8249254,1
1,0.8789132,1
0,0.81708604,1
1,0.73702943,1
0,0.83044094,1
1,0.80842006,1
0,0.78583986,1
1,0.69688165,1
1,0.77669924,1
0,0.51592404,1
1,0.5068208,1
0,0.53828305,1
0,0.6369366,1
1,0.8365826,1
0,0.5266471,1
1,0.67211646,1
0,0.7161761,1
0,0.51583856,1
0,0.6523712,1
1,0.7999748,1
1,0.69211143,1
0,0.7882573,1
1,0.70354956,1
0,0.4654719,0
0,0.8073299,1
1,0.72445536,1
1,0.8634998,1
1,0.64088166,1
1,0.8175477,1
1,0.91458285,1
1,0.8783888,1
1,0.8289997,1
0,0.83490646,1
1,0.82803214,1
1,0.7622872,1
1,0.7904036,1
1,0.49104407,0
0,0.7335465,1
0,0.66497135,1
1,0.41444647,0
0,0.175911,0
1,0.24143055,0
0,0.22675753,0
0,0.3183415,0
1,0.60907906,1
0,0.78194237,1
1,0.77395034,1
1,0.661467,1
0,0.31669334,0
0,0.2948962,0
0,0.16244537,0
0,0.25453892,0
1,0.22174057,0
1,0.32055917,0
0,0.24520923,0
1,0.8023339,1
1,0.3096155,0
1,0.91976357,1
1,0.79207873,1
1,0.7770725,1
1,0.8930773,1
0,0.7576291,1
1,0.20128517,0
0,0.20084381,0
0,0.33653238,0
1,0.14241189,0
0,0.42447624,0
1,0.5707821,1
1,0.8587512,1
1,0.8525518,1
1,0.89545614,1
1,0.8354657,1
1,0.7108119,1
1,0.87393713,1
1,0.87627685,1
1,0.8495285,1
1,0.75448865,1
0,0.7789267,1
0,0.7734838,1
1,0.7926682,1
0,0.7818469,1
1,0.8164586,1
1,0.9072204,1
1,0.83498406,1
1,0.76783687,1
0,0.81875336,1
1,0.7787451,1
1,0.7729808,1
1,0.8054183,1
1,0.8139189,1
1,0.8353702,1
1,0.72762716,1
1,0.87082195,1
1,0.7184965,1
1,0.91192645,1
1,0.736276,1
1,0.7322022,1
1,0.7323702,1
0,0.8212086,1
0,0.8052374,1
1,0.7974207,1
1,0.6743618,1
1,0.9177438,1
0,0.7792942,1
0,0.8084654,1
1,0.8224943,1
1,0.8005455,1
1,0.82084876,1
1,0.79970956,1
1,0.83726496,1
1,0.7146294,1
1,0.30008805,0
1,0.28391963,0
1,0.28336695,0
0,0.41728738,0
0,0.6829807,1
1,0.78403395,1
1,0.81813943,1
1,0.88829106,1
1,0.7925436,1
1,0.4047033,0
1,0.94316906,1
0,0.8063541,1
0,0.66663235,1
1,0.898973,1
1,0.70405996,1
1,0.8106805,1
1,0.7010879,1
1,0.77880627,1
1,0.8568431,1
1,0.79851806,1
1,0.8616707,1
1,0.8934515,1
1,0.88436246,1
1,0.93268996,1
1,0.8385891,1
0,0.27124503,0
1,0.7105292,1
1,0.7318242,1
1,0.82524824,1
1,0.77151,1
1,0.7694286,1
0,0.8048752,1
1,0.97952867,1
1,0.85881597,1
1,0.9214229,1
0,0.89635766,1
0,0.80859345,1
1,0.9126889,1
1,0.92587906,1
1,0.89807427,1
1,0.8394679,1
1,0.7801875,1
1,0.9126133,1
0,0.70669144,1
1,0.8110505,1
1,0.8254017,1
1,0.8355735,1
1,0.8210576,1
1,0.64093167,1
1,0.3892588,0
0,0.78589827,1
1,0.59334314,1
1,0.6937403,1
1,0.75081027,1
1,0.5464072,1
0,0.24894536,0
0,0.5664308,1
1,0.5712481,1
1,0.72654295,1
1,0.9501072,1
1,0.9125569,1
0,0.88862544,1
0,0.9224603,1
1,0.93651766,1
1,0.90494066,1
0,0.24319695,0
0,0.647339,1
1,0.67177224,1
1,0.7623673,1
1,0.5063208,1
1,0.68513316,1
0,0.72458404,1
0,0.7061145,1
1,0.7454454,1
1,0.49549982,0
0,0.6202689,1
1,0.45288002,0
0,0.54509604,1
0,0.51052934,1
0,0.34041244,0
1,0.5634928,1
0,0.31947562,0
0,0.27412397,0
1,0.37070033,0
0,0.36435527,0
1,0.70602673,1
0,0.36109245,0
1,0.44113857,0
1,0.43102878,0
1,0.46154958,0
1,0.5556007,1
1,0.5543313,1
1,0.6243698,1
0,0.57091695,1
1,0.54354,1
0,0.58415407,1
1,0.6372264,1
0,0.16609685,0
0,0.05580622,0
0,0.18024239,0
0,0.04124904,0
0,0.123145595,0
0,0.311844,0
0,0.25779992,0
0,0.33400723,0
0,0.15243128,0
0,0.10750747,0
0,0.2959635,0
0,0.1574142,0
0,0.22880872,0
0,0.10507121,0
0,0.21874289,0
0,0.23460726,0
1,0.4866997,0
1,0.48002902,0
0,0.456339,0
0,0.29109874,0
0,0.25302732,0
1,0.3797106,0
1,0.31487834,0
0,0.3332467,0
1,0.4519242,0
1,0.5112716,1
0,0.6354869,1
0,0.55826396,1
0,0.5808391,1
0,0.41944048,0
0,0.59316576,1
0,0.60934633,1
0,0.6572818,1
1,0.4439722,0
1,0.55449235,1
1,0.5876288,1
1,0.66491026,1
0,0.6961869,1
1,0.85668963,1
1,0.86766475,1
1,0.7742821,1
1,0.69260836,1
0,0.7401147,1
1,0.616235,1
0,0.73048764,1
1,0.69961226,1
0,0.7055186,1
1,0.67416024,1
1,0.851639,1
1,0.6800186,1
0,0.67998123,1
0,0.41867235,0
1,0.6514662,1
1,0.7155127,1
1,0.67046946,1
1,0.8285806,1
1,0.79025996,1
1,0.66327345,1
1,0.77116656,1
1,0.6458754,1
0,0.7171165,1
0,0.7873377,1
1,0.74521315,1
1,0.8104063,1
0,0.76868457,1
1,0.82143253,1
1,0.7981792,1
1,0.8243108,1
0,0.68289167,1
1,0.87268895,1
1,0.79617155,1
1,0.7910621,1
1,0.8842371,1
1,0.6893662,1
0,0.6351781,1
1,0.71327925,1
1,0.79500335,1
0,0.66638225,1
1,0.7511118,1
1,0.7807487,1
0,0.788482,1
1,0.86194074,1
0,0.78425795,1
1,0.82671845,1
1,0.83820254,1
0,0.78430194,1
0,0.8664494,1
1,0.8777888,1
1,0.8704299,1
1,0.45211875,0
1,0.7725417,1
1,0.6880297,1
0,0.7092523,1
1,0.80615276,1
1,0.765958,1
1,0.8474247,1
0,0.79888076,1
1,0.85083157,1
0,0.8567242,1
0,0.7789826,1
1,0.77026486,1
1,0.8244109,1
1,0.8278974,1
1,0.7950061,1
1,0.8264568,1
1,0.80822116,1
1,0.85504425,1
1,0.9075065,1
1,0.91962856,1
1,0.9182547,1
1,0.5851218,1
0,0.6093461,1
0,0.75867754,1
1,0.8129374,1
1,0.82235384,1
1,0.7942497,1
0,0.8220713,1
1,0.9391069,1
1,0.8986732,1
1,0.95745283,1
1,0.92470974,1
1,0.841902,1
1,0.6941794,1
1,0.71760595,1
1,0.7674549,1
1,0.2527361,0
1,0.58465135,1
1,0.6410954,1
1,0.69190603,1
1,0.8082909,1
1,0.6881539,1
1,0.6243299,1
1,0.66895336,1
1,0.69336814,1
1,0.6511159,1
1,0.5935075,1
0,0.63248307,1
1,0.784115,1
0,0.6968334,1
0,0.72113705,1
1,0.65321934,1
1,0.6778665,1
1,0.63389856,1
0,0.7171376,1
1,0.6438869,1
0,0.69457877,1
1,0.6939684,1
1,0.8453359,1
1,0.68274885,1
1,0.7498742,1
1,0.74964845,1
1,0.71495277,1
0,0.22958022,0
1,0.85607535,1
1,0.7755153,1
0,0.7932817,1
0,0.7541833,1
0,0.8126148,1
0,0.83832806,1
0,0.80743736,1
1,0.7992371,1
1,0.78943676,1
1,0.7620215,1
1,0.77333385,1
1,0.7105077,1
1,0.6380456,1
1,0.76767623,1
1,0.789577,1
1,0.7998214,1
1,0.8040577,1
1,0.7083223,1
1,0.7869984,1
1,0.8618557,1
1,0.67935705,1
1,0.74109197,1
1,0.7277347,1
0,0.76248527,1
0,0.6482673,1
0,0.7528316,1
0,0.76422757,1
1,0.7903584,1
0,0.6537254,1
1,0.8098378,1
1,0.8121306,1
1,0.7859356,1
1,0.7822248,1
0,0.83441204,1
1,0.78512686,1
1,0.7449598,1
1,0.7942582,1
1,0.8511431,1
1,0.8973172,1
0,0.8017445,1
1,0.74853086,1
1,0.7947873,1
1,0.55201787,1
1,0.79224706,1
0,0.7175506,1
1,0.7747823,1
1,0.78360856,1
1,0.78261834,1
1,0.79857576,1
1,0.73723954,1
1,0.74876,1
1,0.7834081,1
1,0.8003303,1
0,0.8343967,1
0,0.7172936,1
1,0.72062695,1
1,0.7748069,1
1,0.8674629,1
1,0.786665,1
0,0.748134,1
1,0.80975664,1
1,0.8113401,1
1,0.79532677,1
0,0.75898933,1
1,0.880515,1
1,0.84014136,1
1,0.79992324,1
0,0.8171512,1
1,0.7978616,1
1,0.6399437,1
1,0.5430403,1
0,0.9033561,1
1,0.9514134,1
1,0.8998336,1
1,0.8767663,1
1,0.9255137,1
1,0.8633396,1
1,0.8208114,1
1,0.87951,1
1,0.8965694,1
1,0.818942,1
1,0.82117856,1
1,0.8279912,1
1,0.79127526,1
1,0.8697747,1
1,0.8750638,1
1,0.86946774,1
1,0.8515261,1
0,0.8551123,1
1,0.8370647,1
1,0.92712885,1
1,0.90303856,1
1,0.8944275,1
0,0.911556,1
1,0.30391902,0
1,0.7582466,1
0,0.47969508,0
0,0.09916749,0
1,0.2522691,0
1,0.25734264,0
0,0.38397118,0
1,0.5243512,1
1,0.35035697,0
1,0.27532238,0
1,0.3994284,0
0,0.43515208,0
1,0.33475858,0
1,0.26054692,0
0,0.056478307,0
1,0.3493058,0
1,0.91879827,1
1,0.92096883,1
1,0.90630573,1
1,0.8835519,1
0,0.84036237,1
1,0.90394914,1
0,0.8164889,1
0,0.8555693,1
0,0.7637792,1
0,0.8218306,1
0,0.75030375,1
1,0.7563822,1
0,0.8360991,1
1,0.7715649,1
1,0.80970895,1
1,0.8791336,1
1,0.93234736,1
1,0.8168049,1
1,0.821919,1
1,0.82029986,1
1,0.83759594,1
1,0.8508171,1
0,0.788063,1
0,0.8218998,1
0,0.7622647,1
0,0.81312907,1
0,0.78427494,1
0,0.77214444,1
0,0.71840036,1
1,0.7811932,1
0,0.7943383,1
0,0.82205606,1
1,0.78985566,1
1,0.69881845,1
1,0.798557,1
1,0.74371403,1
1,0.75390774,1
0,0.7343591,1
1,0.8352531,1
0,0.8567956,1
1,0.8343433,1
0,0.61391735,1
0,0.36531973,0
1,0.5835432,1
1,0.89093924,1
1,0.83251876,1
1,0.7218582,1
0,0.3350158,0
0,0.20396042,0
0,0.13393033,0
0,0.16192454,0
0,0.24593772,0
0,0.104660094,0
0,0.14946508,0
0,0.2979218,0
0,0.1765857,0
1,0.3043846,0
0,0.26034844,0
0,0.2612431,0
1,0.28824303,0
0,0.2549428,0
1,0.38858908,0
0,0.38464758,0
0,0.18301676,0
0,0.36741906,0
0,0.43203163,0
1,0.689992,1
1,0.90690714,1
1,0.86965406,1
1,0.82667935,1
1,0.94359034,1
1,0.92263263,1
1,0.38650435,0
1,0.84786487,1
1,0.33956525,0
1,0.4406799,0
1,0.52784634,1
1,0.59434974,1
1,0.31895885,0
1,0.29841012,0
0,0.47971618,0
1,0.33104125,0
0,0.31595942,0
0,0.17411178,0
0,0.26906988,0
0,0.25916344,0
0,0.30303827,0
1,0.31181076,0
0,0.3931931,0
0,0.12841171,0
1,0.7531035,1
1,0.777989,1
1,0.8656317,1
1,0.72295415,1
1,0.8563125,1
0,0.5678448,1
1,0.79452896,1
1,0.78798175,1
1,0.7866078,1
1,0.71186835,1
1,0.78920215,1
0,0.7822434,1
1,0.6742166,1
1,0.78177017,1
0,0.7500534,1
1,0.78842145,1
1,0.7579812,1
1,0.7962545,1
1,0.7585819,1
1,0.79663146,1
1,0.87660944,1
1,0.78812593,1
0,0.8452335,1
1,0.83980405,1
1,0.8882866,1
1,0.81370866,1
1,0.7961967,1
1,0.83266956,1
1,0.8906595,1
1,0.8484774,1
1,0.8020637,1
0,0.8698494,1
1,0.8834448,1
1,0.81345487,1
1,0.7437002,1
0,0.8123884,1
1,0.88359344,1
1,0.8659094,1
1,0.8983012,1
1,0.8926033,1
0,0.845623,1
0,0.83386296,1
0,0.77805865,1
0,0.76891434,1
1,0.76620156,1
0,0.77048135,1
1,0.87371397,1
1,0.7485626,1
1,0.7027129,1
1,0.8559719,1
1,0.80864614,1
1,0.8089122,1
1,0.6626147,1
1,0.78339136,1
1,0.72067845,1
1,0.7100094,1
1,0.75517994,1
0,0.8427502,1
1,0.64922404,1
1,0.68608546,1
1,0.63238275,1
1,0.8163227,1
1,0.7908367,1
1,0.7773074,1
1,0.7485781,1
1,0.80958056,1
1,0.8078752,1
1,0.40804103,0
1,0.46640575,0
1,0.682071,1
1,0.48081306,0
0,0.6954535,1
0,0.7253812,1
1,0.72503763,1
1,0.7427505,1
0,0.7869133,1
0,0.6968259,1
0,0.7003921,1
0,0.8704643,1
1,0.82585955,1
1,0.8270834,1
1,0.8785524,1
0,0.85492164,1
1,0.8901127,1
1,0.77784216,1
1,0.831287,1
1,0.8184683,1
1,0.7463026,1
1,0.78627163,1
1,0.87119067,1
1,0.8753017,1
1,0.7459031,1
1,0.77844167,1
1,0.8579215,1
1,0.75223875,1
1,0.80471766,1
0,0.8244544,1
0,0.7637903,1
1,0.79528785,1
0,0.831685,1
1,0.79557437,1
1,0.82105684,1
0,0.7712841,1
1,0.7983135,1
1,0.78672045,1
1,0.79106355,1
1,0.7561019,1
0,0.8146117,1
0,0.96604365,1
1,0.9519972,1
1,0.79913217,1
1,0.888482,1
1,0.9387566,1
1,0.8867108,1
1,0.8723794,1
0,0.8511232,1
0,0.9204734,1
1,0.92154026,1
1,0.9084508,1
1,0.9119634,1
1,0.8782448,1
1,0.8557181,1
0,0.86504394,1
1,0.90010196,1
1,0.8635029,1
1,0.740205,1
1,0.83515745,1
0,0.8942726,1
1,0.86530435,1
1,0.81151116,1
1,0.8568015,1
1,0.8034557,1
1,0.9272269,1
1,0.8511219,1
0,0.8444612,1
0,0.85924774,1
0,0.8512489,1
1,0.8328235,1
1,0.83431244,1
1,0.839637,1
1,0.8032593,1
1,0.8372543,1
1,0.8385779,1
1,0.87070847,1
1,0.8729672,1
1,0.82911044,1
0,0.80026674,1
1,0.86520636,1
1,0.8578203,1
1,0.80070794,1
1,0.83514225,1
1,0.9145182,1
1,0.649259,1
1,0.86558646,1
0,0.5456112,1
1,0.62825483,1
1,0.621336,1
1,0.68424696,1
1,0.79619545,1
1,0.67661685,1
0,0.6462495,1
0,0.75226945,1
0,0.5929617,1
1,0.5399915,1
1,0.49487066,0
0,0.75318617,1
0,0.4939787,0
1,0.7881436,1
1,0.80035424,1
1,0.69609404,1
1,0.81992257,1
1,0.7718885,1
0,0.8199485,1
1,0.7324733,1
1,0.75633204,1
1,0.6685419,1
0,0.73410505,1
0,0.2971998,0
1,0.48275924,0
1,0.72074646,1
1,0.76562774,1
1,0.7581615,1
1,0.80481094,1
1,0.8596803,1
1,0.8159519,1
1,0.81538546,1
1,0.86111873,1
1,0.7889891,1
0,0.20489126,0
1,0.38725272,0
0,0.23001486,0
0,0.14094329,0
1,0.18899937,0
1,0.3389705,0
0,0.58546007,1
0,0.7771355,1
0,0.8048032,1
1,0.7185614,1
1,0.23692377,0
0,0.19106816,0
0,0.4394511,0
1,0.5889761,1
1,0.22158723,0
1,0.2722413,0
0,0.8749087,1
1,0.96782625,1
1,0.89142764,1
1,0.9009062,1
1,0.8316585,1
1,0.9329615,1
1,0.88730526,1
1,0.8763513,1
0,0.8094789,1
0,0.877728,1
0,0.77100956,1
1,0.7877476,1
1,0.7123781,1
0,0.82073814,1
1,0.7516513,1
1,0.75847983,1
0,0.76254225,1
1,0.79391557,1
1,0.8025264,1
1,0.80281043,1
1,0.9280793,1
0,0.7593004,1
1,0.8788407,1
1,0.84809136,1
0,0.33436394,0
1,0.3014121,0
1,0.2946641,0
1,0.5144935,1
1,0.68363774,1
1,0.7457592,1
1,0.6990117,1
1,0.46000707,0
0,0.23193976,0
1,0.613731,1
1,0.65224695,1
0,0.6615225,1
1,0.8674925,1
0,0.6685973,1
0,0.3689927,0
1,0.5085888,1
0,0.47868544,0
0,0.6413405,1
0,0.278909,0
0,0.7681262,1
0,0.424141,0
0,0.5323064,1
0,0.26195475,0
1,0.37030685,0
1,0.484056,0
0,0.358399,0
1,0.48065442,0
0,0.4174836,0
0,0.29137176,0
0,0.42948815,0
0,0.22823854,0
0,0.33108053,0
1,0.64308155,1
1,0.71311927,1
1,0.7298349,1
1,0.8277903,1
1,0.7884867,1
1,0.5400793,1
0,0.6847554,1
1,0.8783156,1
0,0.71084356,1
1,0.85906166,1
1,0.8870256,1
1,0.94895965,1
0,0.8106444,1
0,0.8421663,1
1,0.86615527,1
1,0.8178627,1
1,0.8350977,1
1,0.7909647,1
1,0.8551659,1
1,0.8242909,1
0,0.22009169,0
0,0.19758032,0
0,0.3094364,0
1,0.50731343,1
1,0.7910214,1
1,0.78984225,1
1,0.7589604,1
1,0.741067,1
1,0.72698766,1
1,0.6731852,1
1,0.696913,1
1,0.8075119,1
1,0.8147144,1
1,0.7118426,1
0,0.7047915,1
0,0.7653018,1
0,0.79137045,1
0,0.77018785,1
0,0.6571645,1
1,0.84287304,1
1,0.80796283,1
1,0.79184836,1
0,0.7393435,1
1,0.7950662,1
1,0.6661638,1
1,0.271375,0
1,0.7774486,1
1,0.5061754,1
1,0.4288272,0
1,0.8782387,1
0,0.9294713,1
1,0.8555125,1
1,0.8512746,1
1,0.9270147,1
1,0.8910756,1
1,0.86104226,1
1,0.91166914,1
1,0.93853813,1
1,0.92008924,1
1,0.94978344,1
1,0.9516417,1
1,0.9618911,1
1,0.94721615,1
0,0.9207214,1
1,0.9569573,1
0,0.6317289,1
0,0.6760814,1
1,0.721007,1
0,0.7345757,1
1,0.6459345,1
0,0.64037806,1
1,0.63221776,1
1,0.65452695,1
0,0.64012325,1
0,0.59938645,1
1,0.62500185,1
0,0.567025,1
0,0.62794197,1
0,0.580757,1
0,0.5124945,1
1,0.5083067,1
0,0.605052,1
0,0.6047545,1
0,0.6708504,1
1,0.6310539,1
0,0.47187698,0
1,0.7329531,1
0,0.6602205,1
1,0.63698626,1
0,0.6851184,1
0,0.48067442,0
1,0.7886406,1
1,0.68109417,1
1,0.57258934,1
1,0.6490952,1
1,0.6618366,1
1,0.7416123,1
0,0.5928154,1
0,0.6175012,1
1,0.38851196,0
1,0.64219344,1
1,0.716288,1
1,0.90242386,1
1,0.91206604,1
1,0.77619076,1
1,0.65772516,1
1,0.70365703,1
1,0.76169187,1
0,0.8911146,1
1,0.8760322,1
1,0.8290854,1
1,0.7927692,1
0,0.8689041,1
1,0.91244364,1
1,0.80412686,1
0,0.8878411,1
1,0.28178173,0
0,0.20522968,0
0,0.25117645,0
1,0.31383184,0
0,0.28906846,0
1,0.65680206,1
0,0.36892155,0
0,0.7628069,1
1,0.30133778,0
0,0.6521205,1
0,0.67062753,1
1,0.7455594,1
0,0.33933604,0
1,0.941671,1
0,0.33720872,0
0,0.61881495,1
0,0.37018505,0
0,0.6314971,1
1,0.36910972,0
0,0.36911643,0
0,0.34696725,0
0,0.5055918,1
0,0.6382051,1
1,0.30310348,0
1,0.7748807,1
1,0.82886803,1
1,0.71691144,1
1,0.91955054,1
1,0.9123593,1
1,0.8867232,1
1,0.9352096,1
1,0.87645894,1
1,0.92409927,1
1,0.928243,1
1,0.8996675,1
1,0.94991887,1
1,0.9309398,1
0,0.9426183,1
1,0.93550885,1
1,0.8513123,1
1,0.93441385,1
1,0.82793045,1
1,0.9317696,1
1,0.89326704,1
1,0.89256215,1
1,0.88506484,1
1,0.884994,1
0,0.85248584,1
1,0.81630546,1
1,0.8198425,1
1,0.8640492,1
0,0.86159927,1
1,0.8578014,1
1,0.5628531,1
1,0.34441638,0
1,0.44720086,0
1,0.32096907,0
1,0.5421749,1
1,0.7546015,1
1,0.848283,1
0,0.3948708,0
1,0.7685461,1
0,0.69870245,1
1,0.7042522,1
1,0.6569794,1
1,0.7704953,1
1,0.7843982,1
1,0.74148536,1
0,0.7681654,1
1,0.6842995,1
0,0.6714589,1
1,0.78472495,1
0,0.6397072,1
1,0.8433824,1
0,0.7981849,1
1,0.8272564,1
1,0.78974956,1
1,0.75577503,1
0,0.34825543,0
0,0.3407703,0
1,0.9146413,1
1,0.90710104,1
1,0.82580817,1
1,0.8966972,1
1,0.89193374,1
1,0.6634337,1
0,0.85679924,1
1,0.8171043,1
1,0.89785373,1
1,0.8735265,1
1,0.8248611,1
1,0.8149372,1
1,0.8317707,1
1,0.94490165,1
1,0.750561,1
0,0.2653134,0
0,0.3030864,0
0,0.34227905,0
1,0.8547356,1
1,0.90438974,1
1,0.8769053,1
1,0.5341736,1
1,0.6269241,1
1,0.856638,1
1,0.86195695,1
1,0.42367032,0
0,0.29035145,0
1,0.70541227,1
0,0.699658,1
1,0.8077749,1
0,0.83991563,1
1,0.83252716,1
1,0.83585465,1
1,0.81359696,1
0,0.78683585,1
1,0.77120626,1
0,0.31367955,0
1,0.7057699,1
1,0.7184448,1
0,0.3719032,0
0,0.7060935,1
1,0.31216538,0
1,0.7962453,1
1,0.7875538,1
0,0.65997136,1
1,0.75943184,1
1,0.7991808,1
1,0.7153397,1
0,0.69214386,1
0,0.7486384,1
0,0.7981294,1
1,0.73357373,1
0,0.71043605,1
1,0.8855992,1
0,0.7956468,1
1,0.8383675,1
1,0.83182144,1
1,0.8546797,1
1,0.8183369,1
0,0.8075049,1
1,0.77629983,1
1,0.33453867,0
0,0.33648172,0
1,0.7904773,1
1,0.8280041,1
1,0.331409,0
1,0.8830958,1
0,0.42122427,0
0,0.43283263,0
1,0.8397376,1
1,0.7897023,1
1,0.8255754,1
1,0.8865352,1
1,0.8611035,1
1,0.85314333,1
1,0.7775169,1
1,0.84737045,1
1,0.82348436,1
1,0.8074672,1
1,0.8072561,1
1,0.8325094,1
1,0.8148141,1
0,0.7614086,1
1,0.7715813,1
1,0.7525857,1
0,0.7624837,1
1,0.8164765,1
0,0.85253453,1
1,0.80316263,1
1,0.81804013,1
0,0.77090526,1
1,0.81282645,1
1,0.85215586,1
1,0.7177689,1
1,0.7998717,1
1,0.78229177,1
1,0.77478033,1
1,0.78859764,1
1,0.8057757,1
1,0.8192125,1
1,0.785291,1
1,0.8020409,1
1,0.8518747,1
1,0.7737489,1
1,0.8451721,1
1,0.8903248,1
1,0.8038191,1
1,0.81870884,1
1,0.8746706,1
1,0.8612042,1
1,0.83753806,1
1,0.81978387,1
0,0.5613211,1
0,0.51657856,1
1,0.7730677,1
1,0.7678288,1
1,0.79943615,1
1,0.79300594,1
0,0.7613031,1
0,0.71871156,1
1,0.736589,1
0,0.7490808,1
1,0.76070386,1
1,0.73772454,1
0,0.74205595,1
1,0.76193315,1
0,0.78392863,1
1,0.3918849,0
0,0.6707448,1
0,0.6377642,1
0,0.7826016,1
1,0.68731683,1
0,0.68042606,1
1,0.7742333,1
1,0.5161591,1
1,0.36818224,0
0,0.3190194,0
0,0.21270484,0
0,0.1630707,0
0,0.09008158,0
1,0.4156347,0
0,0.74389154,1
1,0.5440664,1
1,0.7903086,1
0,0.8279448,1
0,0.82724506,1
1,0.8927191,1
0,0.865889,1
1,0.80795264,1
0,0.81478703,1
1,0.7814417,1
1,0.5052008,1
0,0.69094837,1
0,0.714783,1
1,0.6307312,1
0,0.61419284,1
0,0.751719,1
0,0.6269272,1
0,0.6206818,1
0,0.50852966,1
1,0.50347054,1
0,0.602326,1
1,0.6494175,1
0,0.6076883,1
0,0.568859,1
0,0.56843626,1
0,0.66541106,1
0,0.69572735,1
0,0.5709497,1
0,0.6006004,1
1,0.5030271,1
1,0.7353287,1
1,0.48633766,0
0,0.659439,1
1,0.7282623,1
1,0.5859649,1
0,0.58539367,1
0,0.6620615,1
0,0.7519139,1
0,0.708406,1
0,0.71526355,1
1,0.73864603,1
0,0.79154223,1
0,0.6342161,1
1,0.28818884,0
1,0.44718516,0
1,0.3361862,0
0,0.3762309,0
1,0.33570412,0
0,0.14499614,0
0,0.2764194,0
1,0.7848208,1
1,0.8818598,1
0,0.37186262,0
1,0.3032195,0
1,0.71213025,1
1,0.91944116,1
1,0.38219574,0
1,0.20359561,0
1,0.270287,0
1,0.35117897,0
0,0.3428109,0
1,0.69679517,1
1,0.7180584,1
0,0.82935137,1
0,0.75206155,1
1,0.77889913,1
1,0.6562365,1
1,0.55187416,1
1,0.5050021,1
1,0.8526608,1
0,0.42914417,0
1,0.5259998,1
1,0.84967935,1
1,0.8945836,1
0,0.5484421,1
1,0.8130757,1
0,0.42325997,0
0,0.29058895,0
0,0.95233786,1
1,0.92596114,1
1,0.59401524,1
1,0.82821,1
0,0.8665406,1
1,0.9216121,1
0,0.38344848,0
0,0.14813404,0
0,0.51867616,1
0,0.50018734,1
0,0.79601485,1
1,0.63070697,1
1,0.76163447,1
0,0.52405995,1
1,0.24383175,0
1,0.645044,1
1,0.8669145,1
1,0.5205459,1
1,0.19793473,0
0,0.7178698,1
0,0.37679803,0
0,0.21108289,0
1,0.75205195,1
1,0.7952832,1
0,0.7746306,1
1,0.84051484,1
1,0.8249252,1
1,0.9006997,1
1,0.87362635,1
1,0.93535846,1
0,0.83678806,1
1,0.8534637,1
1,0.82784486,1
1,0.8414926,1
1,0.93355274,1
0,0.76474863,1
1,0.80381274,1
1,0.7564622,1
1,0.8615584,1
1,0.8892466,1
1,0.8658482,1
1,0.89651924,1
0,0.19899954,0
1,0.43628496,0
1,0.7080092,1
1,0.91705865,1
1,0.8368332,1
1,0.92968655,1
1,0.86216867,1
1,0.8706626,1
1,0.8356584,1
1,0.8768477,1
1,0.8832728,1
1,0.86927545,1
1,0.918712,1
1,0.96345586,1
0,0.88954294,1
1,0.8941048,1
0,0.38323665,0
0,0.17145145,0
1,0.3808073,0
1,0.31230485,0
1,0.29711214,0
0,0.39014402,0
1,0.29206106,0
0,0.19415331,0
0,0.104465924,0
1,0.83299553,1
1,0.7601223,1
0,0.70989925,1
1,0.9428948,1
0,0.9359654,1
1,0.910765,1
1,0.8648079,1
1,0.78469145,1
1,0.9183935,1
1,0.8783663,1
1,0.72999823,1
1,0.76563096,1
1,0.81782836,1
1,0.84725654,1
1,0.89997554,1
0,0.82475036,1
1,0.8715272,1
1,0.7198423,1
1,0.8500383,1
1,0.9002805,1
1,0.93245745,1
1,0.8190282,1
1,0.77048975,1
0,0.78570753,1
1,0.72126627,1
1,0.8532375,1
1,0.85760003,1
1,0.79981846,1
0,0.9041282,1
1,0.9423421,1
1,0.87671363,1
1,0.86360997,1
0,0.82233167,1
1,0.8266885,1
1,0.82431245,1
1,0.86779493,1
1,0.90269923,1
1,0.8966537,1
1,0.9562155,1
1,0.88362193,1
1,0.876694,1
1,0.9162244,1
1,0.89781386,1
1,0.9065355,1
1,0.9444012,1
1,0.87565386,1
1,0.89913976,1
1,0.94412744,1
1,0.8758561,1
1,0.8539927,1
1,0.82597023,1
1,0.7757973,1
1,0.8201016,1
1,0.8606591,1
1,0.86137825,1
1,0.8883257,1
1,0.9316306,1
1,0.8178321,1
1,0.7910015,1
1,0.84139204,1
1,0.6257677,1
1,0.79307485,1
0,0.72645277,1
0,0.7744875,1
0,0.7727413,1
1,0.83901906,1
1,0.9062087,1
1,0.70862204,1
1,0.8749143,1
1,0.7042495,1
1,0.7415673,1
1,0.7068395,1
1,0.8241423,1
1,0.71840495,1
1,0.8240419,1
0,0.73520744,1
0,0.52291197,1
0,0.65822214,1
1,0.7069249,1
0,0.6898037,1
1,0.7361945,1
1,0.6019936,1
1,0.7312081,1
1,0.33184782,0
1,0.2700094,0
1,0.33780316,0
0,0.2697457,0
0,0.5873193,1
1,0.78030115,1
1,0.82261336,1
1,0.4928147,0
1,0.8763276,1
1,0.7706456,1
1,0.75686765,1
0,0.8320887,1
1,0.83521044,1
1,0.8845377,1
1,0.8548694,1
1,0.8469743,1
1,0.8555533,1
1,0.9207313,1
1,0.9118324,1
1,0.91448885,1
0,0.8930738,1
0,0.8989929,1
0,0.87272835,1
0,0.8753244,1
1,0.89206785,1
1,0.799209,1
1,0.8416894,1
1,0.8096443,1
1,0.8290802,1
1,0.84313387,1
1,0.88779426,1
1,0.6436969,1
1,0.25485182,0
0,0.68161285,1
0,0.7585852,1
0,0.74388546,1
1,0.55351734,1
1,0.7094997,1
1,0.71502733,1
1,0.50559235,1
1,0.77229744,1
0,0.73493373,1
1,0.90323013,1
1,0.90558857,1
1,0.8318678,1
1,0.82977253,1
1,0.8381611,1
1,0.81340736,1
1,0.9012716,1
1,0.49906358,0
0,0.75835454,1
0,0.82899034,1
1,0.88817054,1
1,0.6953971,1
0,0.67457557,1
1,0.6316305,1
1,0.8333129,1
1,0.8823166,1
1,0.8266522,1
0,0.8884562,1
1,0.94613576,1
1,0.8698642,1
1,0.8037743,1
1,0.9052974,1
1,0.68781805,1
1,0.7557635,1
1,0.8241481,1
1,0.8358936,1
0,0.66040975,1
0,0.83618516,1
1,0.9206827,1
1,0.9334037,1
1,0.95128876,1
1,0.95069075,1
1,0.9460742,1
1,0.96511334,1
1,0.9116231,1
1,0.77850837,1
1,0.78394413,1
1,0.8324755,1
1,0.7195268,1
0,0.8071496,1
1,0.74384034,1
1,0.8670082,1
1,0.7609463,1
0,0.8300472,1
1,0.76323074,1
0,0.8876831,1
1,0.8369191,1
1,0.85061103,1
0,0.84772074,1
0,0.875424,1
1,0.7917374,1
1,0.7891961,1
1,0.8465312,1
1,0.86325145,1
1,0.8316433,1
0,0.87375647,1
1,0.8684321,1
1,0.8262383,1
1,0.8202238,1
1,0.8152203,1
0,0.78895605,1
1,0.8440291,1
1,0.85712546,1
1,0.8341757,1
1,0.86387444,1
1,0.86920476,1
1,0.79465896,1
1,0.80722564,1
0,0.85119236,1
1,0.8540241,1
1,0.8106435,1
1,0.878402,1
0,0.36873066,0
1,0.8361736,1
1,0.62730694,1
1,0.7013546,1
0,0.6119041,1
1,0.6920346,1
0,0.46383473,0
1,0.8315107,1
1,0.8384204,1
0,0.82350177,1
1,0.85887593,1
1,0.8574597,1
1,0.8180717,1
1,0.8216452,1
1,0.6491957,1
0,0.8041121,1
0,0.86163044,1
1,0.9008006,1
1,0.8670964,1
1,0.812653,1
0,0.8480379,1
0,0.58071846,1
0,0.14768982,0
0,0.5495991,1
1,0.4026542,0
0,0.0625609,0
1,0.59451956,1
0,0.4631589,0
1,0.72823924,1
1,0.7955349,1
1,0.80075765,1
1,0.7478663,1
1,0.73284495,1
1,0.82142764,1
1,0.80210274,1
1,0.6986836,1
1,0.87573904,1
0,0.84135556,1
0,0.87465847,1
1,0.8935787,1
1,0.90720516,1
0,0.9157396,1
1,0.8828281,1
1,0.9027015,1
0,0.91888505,1
1,0.8511035,1
1,0.8011131,1
1,0.876844,1
0,0.8672237,1
1,0.8960142,1
0,0.85612595,1
1,0.7682807,1
1,0.8656595,1
1,0.8176625,1
1,0.91672206,1
1,0.89875364,1
1,0.8852947,1
1,0.8914007,1
1,0.7445838,1
1,0.8503952,1
1,0.80941826,1
1,0.24079765,0
1,0.39746603,0
1,0.7492187,1
0,0.29356536,0
1,0.41398138,0
1,0.746888,1
1,0.16452874,0
0,0.645321,1
0,0.3076882,0
0,0.63279444,1
1,0.8804247,1
1,0.784695,1
1,0.86639714,1
1,0.92288566,1
1,0.9386853,1
1,0.87560004,1
0,0.81853575,1
1,0.96101457,1
0,0.7313459,1
1,0.70233595,1
1,0.83734363,1
1,0.8258955,1
1,0.8842732,1
1,0.8152025,1
1,0.9003141,1
0,0.8154356,1
0,0.9160428,1
0,0.8665953,1
0,0.841202,1
0,0.7859889,1
0,0.8197669,1
0,0.83421856,1
1,0.88706714,1
1,0.8688298,1
1,0.8898654,1
1,0.7791737,1
0,0.78185695,1
1,0.8838332,1
1,0.7805043,1
1,0.72446615,1
1,0.7629723,1
1,0.8055023,1
1,0.76570994,1
0,0.71078044,1
1,0.81805384,1
0,0.7707379,1
1,0.8396081,1
1,0.6969944,1
0,0.80520266,1
0,0.7892687,1
0,0.8513648,1
0,0.83247524,1
1,0.90764296,1
1,0.7955913,1
1,0.86386675,1
0,0.7090044,1
1,0.72964644,1
1,0.86633,1
1,0.70323104,1
1,0.8618162,1
1,0.8407722,1
1,0.757121,1
1,0.7654824,1
1,0.73023117,1
1,0.7965778,1
1,0.84248286,1
0,0.6292306,1
0,0.7747448,1
0,0.6188161,1
1,0.68294495,1
0,0.7828363,1
1,0.7898164,1
0,0.66304505,1
0,0.5902661,1
1,0.70838386,1
1,0.7878178,1
1,0.923154,1
1,0.88765633,1
1,0.9650714,1
1,0.84894353,1
1,0.8814475,1
1,0.8066314,1
1,0.7995606,1
1,0.82550347,1
1,0.6563157,1
0,0.9155803,1
1,0.83227074,1
0,0.53429884,1
1,0.8931602,1
1,0.872472,1
1,0.91112614,1
1,0.9296979,1
1,0.91219914,1
1,0.94419605,1
1,0.9241247,1
1,0.95859355,1
1,0.95229083,1
1,0.9511298,1
1,0.9211633,1
1,0.96707493,1
1,0.9254171,1
0,0.9210337,1
0,0.91123414,1
1,0.9274883,1
1,0.83950645,1
0,0.76704365,1
1,0.7707993,1
0,0.8586747,1
0,0.92361057,1
1,0.9327546,1
0,0.8428323,1
1,0.89190334,1
1,0.9086008,1
1,0.8338464,1
1,0.9687274,1
0,0.96763325,1
1,0.70427746,1
1,0.69803745,1
1,0.7580882,1
1,0.8707048,1
1,0.84695804,1
1,0.8364163,1
0,0.7959568,1
0,0.76947296,1
0,0.7749904,1
0,0.7717974,1
0,0.8070271,1
1,0.75519407,1
1,0.78017145,1
1,0.7842375,1
1,0.7680157,1
0,0.7644451,1
0,0.7769397,1
0,0.90026647,1
0,0.85804117,1
0,0.7524221,1
0,0.8053177,1
1,0.7922618,1
1,0.8494093,1
0,0.8414983,1
1,0.8642872,1
1,0.84087646,1
1,0.8403455,1
1,0.8442331,1
1,0.8612431,1
0,0.868491,1
1,0.8414482,1
1,0.85187507,1
1,0.8562904,1
0,0.8529633,1
1,0.75084186,1
1,0.80588984,1
1,0.78016084,1
1,0.89104927,1
1,0.873973,1
1,0.8122145,1
1,0.8707505,1
1,0.9071769,1
0,0.8849294,1
1,0.9229653,1
1,0.8417278,1
1,0.8656532,1
1,0.82849395,1
1,0.8859359,1
1,0.86758643,1
1,0.81270486,1
1,0.4515417,0
1,0.34744674,0
1,0.98746455,1
1,0.95399415,1
1,0.94357973,1
1,0.85099643,1
1,0.9666522,1
1,0.88935226,1
1,0.42710188,0
0,0.628643,1
1,0.82811755,1
1,0.897206,1
1,0.7909525,1
1,0.80998915,1
1,0.80520856,1
0,0.880507,1
0,0.46461022,0
1,0.86197126,1
0,0.7576642,1
0,0.8046099,1
1,0.7289011,1
0,0.8305024,1
0,0.775087,1
0,0.84410065,1
1,0.8866543,1
1,0.8540646,1
1,0.9239524,1
1,0.87669903,1
1,0.8860377,1
1,0.928803,1
1,0.7598167,1
1,0.7976484,1
1,0.8320783,1
0,0.9108249,1
1,0.8967795,1
1,0.9027427,1
1,0.91065836,1
0,0.92235637,1
1,0.86227274,1
1,0.92919904,1
1,0.8617991,1
1,0.8895839,1
1,0.8877305,1
1,0.8724238,1
1,0.9086038,1
1,0.81905925,1
1,0.8057136,1
1,0.83416843,1
1,0.74963486,1
1,0.84317744,1
1,0.8402869,1
1,0.86329675,1
1,0.8466735,1
1,0.80708855,1
0,0.7957133,1
0,0.74595565,1
1,0.8809936,1
1,0.81660503,1
1,0.77804816,1
1,0.855431,1
1,0.7905233,1
1,0.82878023,1
0,0.80963296,1
0,0.76931643,1
1,0.76234996,1
0,0.68921417,1
1,0.8359133,1
1,0.91871315,1
1,0.8796811,1
1,0.8117326,1
1,0.8463428,1
1,0.87729096,1
1,0.91505086,1
1,0.92461556,1
1,0.8944952,1
1,0.8538807,1
1,0.8819393,1
1,0.86669093,1
1,0.87837887,1
1,0.84904146,1
1,0.9321412,1
1,0.83928937,1
0,0.51459867,1
1,0.36726066,0
0,0.47852933,0
1,0.33227453,0
0,0.23871034,0
0,0.31587216,0
0,0.34652594,0
1,0.24842633,0
0,0.35977617,0
0,0.5681627,1
1,0.6713365,1
1,0.893308,1
1,0.84937066,1
0,0.90457296,1
0,0.5638417,1
0,0.63210016,1
0,0.7453182,1
1,0.8344602,1
1,0.9121559,1
1,0.8767499,1
1,0.8623119,1
1,0.9221915,1
1,0.7119337,1
1,0.73302567,1
1,0.91467553,1
0,0.53577507,1
1,0.45962405,0
1,0.5470169,1
1,0.5894602,1
1,0.32964537,0
1,0.5582832,1
0,0.3117793,0
1,0.4021042,0
1,0.6284635,1
1,0.41834113,0
1,0.41518506,0
0,0.3386851,0
1,0.65594757,1
1,0.37860695,0
1,0.42751104,0
1,0.69606215,1
1,0.7328999,1
1,0.4835859,0
1,0.31675604,0
1,0.62438196,1
1,0.4790837,0
1,0.40281734,0
0,0.3327428,0
1,0.34452948,0
0,0.30201054,0
1,0.3093789,0
0,0.30021656,0
0,0.6545843,1
1,0.31879732,0
1,0.5831242,1
1,0.49272618,0
1,0.81048334,1
0,0.7285243,1
1,0.4718307,0
0,0.3239031,0
1,0.14335768,0
0,0.44592676,0
1,0.5182824,1
1,0.324985,0
0,0.4544217,0
1,0.8288818,1
1,0.6961765,1
0,0.29366535,0
0,0.306333,0
1,0.5113828,1
1,0.74143296,1
0,0.8068192,1
0,0.76848,1
0,0.805059,1
1,0.85099703,1
1,0.70745486,1
1,0.7451017,1
1,0.71445644,1
1,0.80999,1
1,0.8042323,1
1,0.6580724,1
1,0.5744508,1
1,0.7020881,1
1,0.7336784,1
0,0.8114691,1
1,0.8640033,1
0,0.82087576,1
0,0.83571017,1
0,0.84349775,1
0,0.8646404,1
1,0.84640974,1
1,0.81781036,1
0,0.77511173,1
1,0.7411697,1
1,0.72654754,1
1,0.75955683,1
1,0.70744836,1
1,0.76204765,1
1,0.7383568,1
1,0.7077463,1
1,0.6929402,1
1,0.65604794,1
0,0.22710116,0
0,0.31454176,0
0,0.3368518,0
1,0.32482886,0
1,0.63537955,1
1,0.79851544,1
1,0.78696877,1
1,0.73091567,1
1,0.78369606,1
1,0.81251335,1
1,0.8665733,1
1,0.83796704,1
1,0.89362174,1
0,0.83234555,1
1,0.82275504,1
1,0.87122977,1
0,0.7887582,1
1,0.79756224,1
0,0.88367563,1
1,0.8730872,1
0,0.8490418,1
1,0.9134348,1
1,0.87668794,1
0,0.83804697,1
1,0.8247418,1
0,0.74211544,1
0,0.7728019,1
0,0.84188765,1
1,0.7881778,1
1,0.7679194,1
1,0.82342625,1
0,0.72861695,1
1,0.861694,1
0,0.7532087,1
0,0.83200127,1
0,0.8331772,1
1,0.87661904,1
1,0.780158,1
0,0.7393253,1
0,0.78025025,1
1,0.71192753,1
1,0.6721763,1
1,0.6932918,1
0,0.8346238,1
0,0.64951867,1
0,0.66759723,1
0,0.74623394,1
1,0.5880728,1
0,0.60842276,1
1,0.72953624,1
1,0.70221686,1
1,0.78655124,1
1,0.76812893,1
1,0.6537795,1
1,0.69799185,1
1,0.4048285,0
1,0.81575805,1
0,0.6249953,1
1,0.76850086,1
1,0.78800315,1
1,0.7883351,1
1,0.74209183,1
1,0.7843932,1
1,0.76535356,1
0,0.7744924,1
1,0.7780143,1
0,0.81446165,1
1,0.8408703,1
1,0.8350903,1
1,0.80280554,1
0,0.8510702,1
1,0.8733286,1
1,0.90855134,1
1,0.85421103,1
1,0.8585089,1
0,0.8257403,1
1,0.91168,1
1,0.85494703,1
1,0.837611,1
1,0.81214774,1
1,0.7836314,1
0,0.70322734,1
0,0.80141,1
1,0.79359686,1
0,0.84847367,1
0,0.8023112,1
1,0.7354454,1
0,0.78407246,1
0,0.85766137,1
1,0.79795885,1
1,0.77486205,1
0,0.8392786,1
0,0.8422973,1
0,0.8132847,1
1,0.81901205,1
0,0.79777306,1
0,0.77831995,1
0,0.78315675,1
0,0.803551,1
0,0.7907413,1
0,0.7747591,1
1,0.75867903,1
0,0.81279427,1
1,0.6465913,1
1,0.80976826,1
0,0.76710624,1
1,0.68250537,1
1,0.58437294,1
0,0.45159858,0
1,0.79249865,1
1,0.78556705,1
1,0.31325793,0
1,0.5666833,1
1,0.62680596,1
0,0.87593764,1
0,0.10901295,0
1,0.2540039,0
1,0.16802123,0
1,0.102524824,0
0,0.16671912,0
1,0.3174464,0
0,0.53024894,1
0,0.56384844,1
0,0.5766475,1
1,0.5837001,1
0,0.63987786,1
1,0.69307816,1
1,0.7540419,1
1,0.7194147,1
1,0.8528331,1
1,0.7119511,1
1,0.75332254,1
0,0.6716064,1
1,0.68950695,1
0,0.7096391,1
1,0.7347067,1
0,0.7027211,1
0,0.7697483,1
1,0.76178694,1
1,0.25646356,0
0,0.5770375,1
0,0.3599835,0
1,0.8174287,1
1,0.92348593,1
0,0.51581794,1
0,0.837084,1
0,0.8527823,1
1,0.87893885,1
1,0.9408783,1
1,0.9064616,1
1,0.9266188,1
1,0.69952977,1
1,0.842121,1
1,0.79162735,1
1,0.82048434,1
1,0.8378221,1
1,0.8322235,1
0,0.84016633,1
1,0.80877596,1
1,0.8493962,1
1,0.7969781,1
0,0.2493265,0
0,0.32594782,0
0,0.27218455,0
1,0.73444927,1
0,0.3060722,0
0,0.31705725,0
0,0.48366013,0
1,0.8053356,1
1,0.833205,1
1,0.5742561,1
1,0.38482007,0
1,0.37323907,0
1,0.60296166,1
1,0.29672462,0
1,0.30429554,0
0,0.6044861,1
0,0.22230269,0
1,0.6520248,1
1,0.3212768,0
0,0.3322706,0
1,0.855933,1
1,0.8261094,1
1,0.8176625,1
0,0.825332,1
0,0.7761844,1
0,0.81046706,1
1,0.83036906,1
1,0.93160415,1
1,0.903218,1
1,0.75416666,1
1,0.92698663,1
0,0.610598,1
0,0.40669382,0
0,0.74816394,1
0,0.6385511,1
1,0.7132128,1
1,0.75757635,1
1,0.6612776,1
1,0.7533274,1
1,0.8198744,1
1,0.8925559,1
1,0.86272323,1
1,0.88444585,1
0,0.8019817,1
0,0.6890511,1
1,0.7407473,1
1,0.8236454,1
1,0.7698427,1
1,0.7567859,1
1,0.7732631,1
1,0.8727414,1
1,0.79931176,1
1,0.30780038,0
1,0.27588648,0
0,0.38502753,0
1,0.2667541,0
0,0.29748166,0
0,0.2891587,0
1,0.81832683,1
1,0.7578057,1
1,0.8148725,1
1,0.8566177,1
1,0.7942257,1
1,0.8662551,1
1,0.84368926,1
1,0.7596411,1
1,0.5349532,1
1,0.76987946,1
1,0.83872634,1
1,0.8046116,1
1,0.90194434,1
1,0.83238137,1
0,0.8017128,1
0,0.85805786,1
0,0.7820989,1
0,0.71744055,1
1,0.6559684,1
0,0.81843936,1
0,0.80027264,1
1,0.79259896,1
1,0.75980175,1
0,0.7478134,1
0,0.69647396,1
0,0.7769287,1
0,0.74896926,1
1,0.64670795,1
1,0.81775415,1
1,0.78262013,1
1,0.7441252,1
1,0.8739516,1
1,0.8738907,1
1,0.709565,1
1,0.45179212,0
0,0.7193178,1
1,0.7843197,1
1,0.6319806,1
1,0.8045513,1
1,0.7155227,1
1,0.7875039,1
1,0.82030636,1
1,0.7883562,1
1,0.8387787,1
1,0.8821298,1
1,0.91285235,1
1,0.8402286,1
1,0.8597385,1
1,0.74504656,1
1,0.7445526,1
1,0.89505875,1
0,0.775498,1
1,0.7809098,1
1,0.8400486,1
1,0.8428883,1
1,0.852543,1
1,0.87598187,1
1,0.78435564,1
1,0.85392106,1
1,0.88843966,1
1,0.8614154,1
1,0.5185733,1
1,0.32735884,0
0,0.891075,1
0,0.90408033,1
1,0.9186098,1
1,0.8432588,1
1,0.91282403,1
1,0.9042319,1
1,0.7232687,1
1,0.4650451,0
0,0.2673404,0
0,0.1501723,0
1,0.78973407,1
1,0.7109372,1
0,0.67377186,1
1,0.8958723,1
0,0.74356014,1
0,0.8785962,1
0,0.8901755,1
1,0.7431096,1
1,0.8305457,1
0,0.85183656,1
0,0.81488603,1
1,0.88393253,1
0,0.8564531,1
0,0.8464605,1
1,0.7795417,1
1,0.7615877,1
1,0.8389817,1
1,0.7718416,1
0,0.7811989,1
1,0.80277723,1
1,0.84802634,1
1,0.7861864,1
1,0.77683353,1
0,0.43798846,0
1,0.67417574,1
1,0.7180711,1
1,0.6763067,1
1,0.7704239,1
0,0.79611576,1
1,0.76542926,1
1,0.83176273,1
1,0.8228937,1
1,0.648637,1
1,0.52435577,1
1,0.6383536,1
1,0.71965027,1
1,0.773138,1
1,0.83176696,1
1,0.80289197,1
1,0.2667666,0
0,0.28121245,0
0,0.05692043,0
1,0.7745766,1
1,0.7934033,1
1,0.5058302,1
0,0.6466224,1
1,0.7670607,1
1,0.73831123,1
1,0.81673354,1
1,0.88009495,1
1,0.7998471,1
1,0.7942913,1
1,0.7946857,1
1,0.7698207,1
1,0.78239506,1
1,0.76158,1
1,0.83313745,1
1,0.7479337,1
0,0.8161328,1
0,0.7615293,1
0,0.775629,1
0,0.7969427,1
0,0.72095615,1
1,0.3106345,0
1,0.59962076,1
1,0.6861217,1
1,0.85904545,1
0,0.8590962,1
1,0.8689694,1
0,0.84060365,1
0,0.8533117,1
1,0.80296457,1
1,0.8817366,1
1,0.9076343,1
1,0.839474,1
0,0.8029914,1
1,0.8081033,1
1,0.864889,1
1,0.84448636,1
1,0.85932654,1
1,0.8300128,1
0,0.84260416,1
1,0.8382246,1
1,0.8690819,1
0,0.3418359,0
1,0.5926877,1
1,0.5048297,1
0,0.32873136,0
1,0.5772448,1
0,0.63201267,1
1,0.33774322,0
1,0.4411869,0
0,0.20365582,0
1,0.4961078,0
1,0.20719701,0
1,0.37831008,0
1,0.56762373,1
1,0.6404764,1
1,0.62661535,1
1,0.79134095,1
1,0.8580695,1
1,0.85457265,1
1,0.79409766,1
1,0.7718774,1
1,0.68470836,1
1,0.6818965,1
0,0.87251765,1
1,0.78953475,1
1,0.875258,1
1,0.8035716,1
0,0.791737,1
1,0.5708156,1
1,0.7626996,1
0,0.7467575,1
0,0.54551667,1
0,0.71957254,1
1,0.5004585,1
1,0.7694776,1
1,0.7494415,1
1,0.088764645,0
0,0.21070543,0
1,0.41133955,0
1,0.5124177,1
1,0.32877937,0
1,0.4299247,0
1,0.73751116,1
1,0.6329965,1
1,0.40554476,0
0,0.569522,1
0,0.85914505,1
1,0.8846529,1
1,0.8909626,1
1,0.8252848,1
1,0.8341381,1
0,0.7184833,1
1,0.6609278,1
1,0.78725886,1
1,0.6264661,1
1,0.8093484,1
1,0.7248374,1
1,0.8252704,1
1,0.8007203,1
1,0.75027287,1
1,0.7616218,1
1,0.71022713,1
1,0.77580667,1
1,0.7632824,1
0,0.32036006,0
1,0.38566902,0
1,0.38037568,0
0,0.49324095,0
0,0.33632207,0
0,0.37613946,0
1,0.6372756,1
0,0.3823821,0
1,0.68203807,1
0,0.32868335,0
1,0.30068722,0
1,0.50174314,1
1,0.42178264,0
1,0.44147435,0
0,0.3000313,0
0,0.42502177,0
0,0.41206986,0
1,0.47967514,0
0,0.32719526,0
0,0.47072914,0
0,0.36911112,0
0,0.39277232,0
0,0.11590762,0
1,0.1933408,0
0,0.44339624,0
1,0.829073,1
0,0.6246416,1
0,0.53714716,1
1,0.4231837,0
0,0.31222478,0
1,0.7216681,1
1,0.7914193,1
1,0.23499139,0
0,0.2797271,0
1,0.37561828,0
1,0.42151377,0
1,0.34132582,0
1,0.8761461,1
1,0.31299686,0
1,0.32137904,0
1,0.74723774,1
1,0.7097233,1
0,0.76611155,1
1,0.7841527,1
1,0.6526363,1
1,0.8088413,1
1,0.7061513,1
1,0.697154,1
0,0.7765216,1
1,0.7434268,1
1,0.5129736,1
0,0.5403687,1
0,0.4478576,0
0,0.40424642,0
0,0.39961615,0
0,0.33179972,0
0,0.35217977,0
1,0.6845744,1
1,0.29278573,0
0,0.21048026,0
1,0.69227225,1
1,0.23785675,0
1,0.47190672,0
0,0.2941236,0
0,0.3056816,0
0,0.26409012,0
0,0.35448432,0
1,0.8586422,1
1,0.8834822,1
1,0.8895186,1
1,0.91470724,1
1,0.91851526,1
0,0.8997602,1
0,0.25999224,0
0,0.30558568,0
0,0.4970777,0
1,0.8709482,1
1,0.8904548,1
0,0.85511065,1
1,0.8556378,1
1,0.86726743,1
0,0.9112859,1
1,0.8489268,1
1,0.8607394,1
0,0.8320394,1
0,0.8227742,1
0,0.8901846,1
0,0.83843654,1
1,0.9115905,1
0,0.76915634,1
1,0.8715407,1
1,0.89235497,1
1,0.85239255,1
1,0.8749777,1
1,0.93157685,1
1,0.81361693,1
1,0.956678,1
1,0.9031439,1
0,0.8503679,1
0,0.921036,1
1,0.8336808,1
0,0.84516287,1
1,0.7632441,1
1,0.77270454,1
1,0.75572085,1
1,0.8162025,1
1,0.8226597,1
1,0.7969937,1
1,0.7771254,1
1,0.7915986,1
1,0.68118364,1
1,0.825494,1
1,0.8336509,1
1,0.853786,1
1,0.82406664,1
1,0.73776025,1
1,0.71762127,1
0,0.7480626,1
1,0.817828,1
1,0.8123927,1
1,0.65563184,1
1,0.8090918,1
0,0.7915178,1
1,0.82333726,1
1,0.8326766,1
1,0.8778079,1
1,0.9055278,1
1,0.78750765,1
1,0.7787604,1
1,0.84293014,1
1,0.73779535,1
1,0.73171645,1
1,0.7419682,1
1,0.6560002,1
1,0.83158237,1
1,0.90203404,1
1,0.8818873,1
1,0.86108655,1
1,0.8748385,1
1,0.91628087,1
1,0.8753294,1
1,0.8819179,1
0,0.885317,1
1,0.92087525,1
1,0.9186611,1
1,0.85657066,1
1,0.87258923,1
1,0.9265955,1
0,0.886446,1
0,0.8979212,1
0,0.90229553,1
0,0.8612365,1
0,0.86087376,1
1,0.8562634,1
1,0.8515563,1
1,0.8610069,1
1,0.88108873,1
1,0.853001,1
1,0.933204,1
1,0.9282937,1
1,0.559275,1
0,0.10486061,0
0,0.15323019,0
0,0.5350166,1
0,0.6715973,1
1,0.64913166,1
0,0.6514949,1
1,0.50608885,1
1,0.251865,0
1,0.52061105,1
1,0.89262563,1
1,0.77245474,1
0,0.8618337,1
1,0.6252202,1
1,0.3028297,0
1,0.7718087,1
0,0.7771081,1
1,0.8060439,1
1,0.5311351,1
1,0.7999426,1
1,0.8278904,1
0,0.85804033,1
1,0.8905642,1
1,0.91744775,1
1,0.8545837,1
1,0.8962939,1
1,0.8810658,1
1,0.8855239,1
1,0.88838995,1
1,0.889966,1
0,0.803221,1
1,0.81435204,1
1,0.81184906,1
1,0.8240788,1
1,0.807325,1
0,0.86803627,1
0,0.8983792,1
1,0.89096403,1
1,0.8774046,1
1,0.80149156,1
1,0.4728061,0
1,0.44727087,0
0,0.30705613,0
1,0.89557546,1
1,0.820021,1
1,0.8289512,1
0,0.93790644,1
1,0.86607283,1
0,0.8514528,1
1,0.903992,1
1,0.81960595,1
1,0.89652586,1
1,0.26101473,0
1,0.30032098,0
0,0.33591607,0
0,0.2152925,0
0,0.44634235,0
1,0.8636125,1
1,0.63917226,1
0,0.76701677,1
1,0.8032159,1
0,0.8669142,1
1,0.8676449,1
1,0.89957136,1
0,0.88218147,1
1,0.87608236,1
0,0.83632,1
1,0.8064331,1
1,0.8917757,1
1,0.9121597,1
1,0.95027804,1
1,0.9607366,1
0,0.8755228,1
1,0.8734653,1
1,0.9764671,1
1,0.91639906,1
1,0.9639974,1
1,0.955542,1
1,0.8653738,1
1,0.82954586,1
0,0.8564393,1
1,0.6832176,1
1,0.921357,1
1,0.96000814,1
1,0.74843407,1
1,0.79110855,1
1,0.747072,1
1,0.6769415,1
0,0.7318911,1
1,0.626532,1
1,0.7749828,1
1,0.5718743,1
1,0.82285815,1
0,0.34248057,0
1,0.31553665,0
1,0.6957288,1
1,0.62344027,1
0,0.6212031,1
0,0.45263147,0
1,0.3356791,0
1,0.66832584,1
1,0.7818086,1
0,0.533357,1
0,0.70355016,1
0,0.3306828,0
1,0.8131946,1
1,0.7117835,1
1,0.7908002,1
1,0.74190456,1
0,0.7971936,1
1,0.82774335,1
0,0.7978804,1
1,0.7830084,1
1,0.8153759,1
1,0.8873781,1
1,0.85724765,1
0,0.7735842,1
1,0.75826216,1
1,0.66499716,1
1,0.66687447,1
1,0.7135834,1
0,0.8098365,1
0,0.7493326,1
1,0.7276212,1
1,0.7973216,1
1,0.80115587,1
0,0.8195273,1
1,0.85854626,1
1,0.9086074,1
1,0.8712558,1
0,0.8692339,1
1,0.8927855,1
1,0.79730016,1
0,0.83471733,1
1,0.81528616,1
1,0.82696164,1
1,0.8677043,1
1,0.7408089,1
0,0.7717685,1
1,0.80523115,1
0,0.8054179,1
1,0.84448177,1
1,0.80632347,1
1,0.8064225,1
0,0.8409173,1
1,0.8831573,1
1,0.866833,1
1,0.85203964,1
1,0.78028244,1
1,0.6662794,1
1,0.89167297,1
1,0.3663072,0
0,0.51820844,1
0,0.334152,0
1,0.5424329,1
1,0.58885723,1
0,0.6221048,1
1,0.8708414,1
1,0.9251946,1
1,0.89124036,1
1,0.8767609,1
1,0.7866255,1
1,0.8856344,1
1,0.8661417,1
1,0.8824652,1
1,0.83710057,1
0,0.83157396,1
1,0.89333296,1
0,0.77338123,1
1,0.85981387,1
0,0.92761195,1
1,0.9280608,1
1,0.91330314,1
1,0.92406034,1
1,0.77406603,1
0,0.6585345,1
0,0.68015826,1
0,0.72880685,1
1,0.7127546,1
1,0.4193727,0
1,0.7407841,1
1,0.62370634,1
1,0.81836486,1
1,0.83841974,1
1,0.84090436,1
1,0.82464266,1
1,0.8072619,1
0,0.8490972,1
1,0.8035635,1
1,0.8200001,1
1,0.8079353,1
1,0.81743973,1
1,0.8459456,1
1,0.88250417,1
1,0.82755035,1
1,0.8130027,1
1,0.8218462,1
1,0.83223313,1
1,0.79021764,1
1,0.691957,1
1,0.7906174,1
0,0.81513184,1
1,0.8674182,1
0,0.8823345,1
1,0.91706127,1
1,0.9004083,1
1,0.89680976,1
1,0.9481161,1
1,0.9675496,1
1,0.9141402,1
1,0.9439709,1
1,0.9417687,1
1,0.87905693,1
1,0.80741394,1
1,0.9405953,1
1,0.9682977,1
1,0.9020477,1
1,0.8463253,1
1,0.9145053,1
1,0.88144416,1
0,0.8924613,1
1,0.89665824,1
1,0.9350782,1
1,0.89456654,1
1,0.86454934,1
1,0.87141865,1
1,0.8902539,1
0,0.91135794,1
0,0.9120003,1
0,0.9083613,1
0,0.86742324,1
1,0.91764003,1
1,0.92667705,1
1,0.9135498,1
0,0.9065969,1
0,0.89403147,1
1,0.9591682,1
0,0.91478294,1
1,0.91849285,1
1,0.94369537,1
1,0.9626024,1
1,0.9433703,1
1,0.9003764,1
1,0.9455465,1
1,0.9109999,1
1,0.9435222,1
1,0.891083,1
1,0.8462387,1
1,0.9203115,1
0,0.93693554,1
0,0.94187486,1
0,0.9275514,1
1,0.8526251,1
1,0.79435927,1
1,0.822805,1
1,0.77341,1
1,0.7928768,1
1,0.71667993,1
1,0.7702055,1
1,0.8488372,1
1,0.8285102,1
1,0.911484,1
1,0.7896541,1
1,0.89827245,1
1,0.9005085,1
1,0.85736305,1
1,0.8931296,1
1,0.9383041,1
0,0.94513714,1
1,0.9173112,1
0,0.9484063,1
1,0.9533358,1
1,0.58013713,1
1,0.75641924,1
0,0.2990255,0
0,0.5317071,1
0,0.5708335,1
1,0.7515056,1
1,0.82478136,1
0,0.78641707,1
0,0.7686163,1
1,0.8185823,1
1,0.83166736,1
1,0.804242,1
0,0.4440126,0
0,0.71504027,1
0,0.7377279,1
1,0.73684263,1
1,0.7537999,1
1,0.73739976,1
1,0.72623736,1
1,0.7792273,1
1,0.75826645,1
1,0.80516374,1
1,0.7859522,1
1,0.8350853,1
1,0.4371254,0
1,0.6944543,1
1,0.66880876,1
1,0.7528373,1
1,0.6676492,1
1,0.6938151,1
1,0.69294643,1
1,0.6721459,1
1,0.6759374,1
1,0.68609387,1
1,0.7033231,1
1,0.5573261,1
1,0.71110016,1
1,0.593456,1
1,0.83055407,1
0,0.670558,1
1,0.7700421,1
1,0.8171817,1
0,0.8227309,1
0,0.79986286,1
0,0.71043175,1
1,0.77746767,1
0,0.8216721,1
1,0.76869655,1
0,0.69407016,1
0,0.6557285,1
1,0.7652224,1
0,0.6972209,1
1,0.7462658,1
1,0.7510543,1
0,0.6202347,1
0,0.6618474,1
1,0.89246416,1
1,0.6479464,1
1,0.88146925,1
1,0.3361874,0
1,0.8308513,1
0,0.8388602,1
1,0.8004969,1
1,0.8393268,1
0,0.83988935,1
1,0.8882801,1
1,0.9403321,1
1,0.83952916,1
1,0.8031966,1
1,0.38961497,0
1,0.77300775,1
1,0.60984915,1
1,0.6703151,1
1,0.8452958,1
1,0.7582048,1
0,0.71326876,1
1,0.65654105,1
0,0.34994116,0
1,0.6234548,1
0,0.7792163,1
1,0.9366786,1
1,0.93813133,1
1,0.96367437,1
0,0.9483977,1
1,0.9227889,1
0,0.89622825,1
1,0.9432635,1
1,0.94131523,1
1,0.8806509,1
1,0.93632156,1
1,0.9006969,1
1,0.94381833,1
0,0.85681224,1
1,0.9533913,1
1,0.9734168,1
1,0.9679558,1
1,0.94609714,1
1,0.94307727,1
1,0.92438,1
1,0.93906957,1
1,0.79434955,1
1,0.8588845,1
1,0.8964885,1
1,0.87543964,1
1,0.8782296,1
1,0.87435704,1
0,0.8741555,1
1,0.89960855,1
1,0.8464172,1
0,0.70077866,1
1,0.5961192,1
1,0.64770216,1
1,0.76791406,1
1,0.7598912,1
0,0.8129906,1
0,0.8079806,1
1,0.8571583,1
1,0.9089722,1
1,0.8640011,1
1,0.84790534,1
1,0.92974424,1
1,0.9146516,1
1,0.90553486,1
1,0.9144945,1
1,0.9682689,1
1,0.9039392,1
1,0.95355743,1
1,0.83665335,1
1,0.9084352,1
1,0.82519865,1
1,0.9294073,1
1,0.9110258,1
1,0.9280094,1
1,0.8265057,1
1,0.84388536,1
1,0.8089296,1
0,0.7766006,1
0,0.88333404,1
1,0.81833357,1
0,0.8357227,1
1,0.89320916,1
1,0.8620642,1
1,0.89530075,1
1,0.8824787,1
1,0.9308347,1
1,0.9044761,1
0,0.45917404,0
0,0.71116894,1
1,0.8452202,1
1,0.38014218,0
1,0.40550214,0
1,0.7784795,1
1,0.738479,1
1,0.75925475,1
1,0.46919543,0
0,0.57549363,1
0,0.44531226,0
0,0.81299055,1
0,0.58373517,1
1,0.7640659,1
1,0.28231052,0
0,0.43211767,0
1,0.7549698,1
1,0.58327603,1
1,0.7072817,1
0,0.7228054,1
1,0.72123975,1
1,0.77981853,1
1,0.7634759,1
1,0.8951451,1
1,0.6106607,1
1,0.6685661,1
1,0.8578502,1
0,0.74921554,1
0,0.08463285,0
0,0.078429446,0
0,0.16351011,0
0,0.10615368,0
0,0.08752038,0
0,0.07201686,0
0,0.10767853,0
0,0.13481764,0
0,0.11511393,0
0,0.06346195,0
0,0.17165098,0
1,0.17691825,0
0,0.34062076,0
0,0.2978454,0
0,0.45211503,0
1,0.7798594,1
0,0.45657665,0
0,0.16012128,0
1,0.93023336,1
1,0.8950424,1
1,0.913807,1
1,0.8799633,1
1,0.91456056,1
1,0.92216355,1
1,0.7716241,1
1,0.85211694,1
0,0.8560595,1
1,0.8245524,1
1,0.8638435,1
1,0.84308356,1
1,0.8608819,1
1,0.8544558,1
1,0.8536732,1
1,0.9212685,1
1,0.81037563,1
1,0.83916163,1
1,0.82973486,1
1,0.7987002,1
1,0.81732213,1
1,0.7591482,1
0,0.818756,1
1,0.48493564,0
1,0.79698527,1
1,0.8223652,1
0,0.743426,1
1,0.8212414,1
0,0.8011529,1
1,0.8180469,1
1,0.8468506,1
1,0.7998954,1
0,0.15716481,0
1,0.20626314,0
1,0.8572294,1
1,0.9532188,1
1,0.8857196,1
1,0.9396658,1
0,0.91084665,1
1,0.89630103,1
0,0.92031825,1
1,0.8736273,1
1,0.9360758,1
1,0.8956156,1
1,0.86594266,1
1,0.8143091,1
1,0.94497603,1
1,0.50917935,1
0,0.26176757,0
1,0.49669063,0
0,0.21894957,0
0,0.5056672,1
0,0.4460341,0
0,0.73306054,1
0,0.2044556,0
0,0.25548428,0
0,0.20101206,0
0,0.24547654,0
0,0.19925177,0
1,0.25075543,0
0,0.760638,1
0,0.08633393,0
1,0.3815843,0
1,0.68621784,1
1,0.32335737,0
1,0.5176517,1
1,0.8795671,1
1,0.9104834,1
0,0.25509036,0
1,0.19042192,0
0,0.24443157,0
1,0.28368032,0
0,0.77439046,1
1,0.8602021,1
1,0.88647246,1
1,0.89799494,1
1,0.8432983,1
1,0.8012378,1
1,0.8338876,1
1,0.8276932,1
1,0.84515375,1
0,0.8259105,1
0,0.9059184,1
1,0.8249704,1
1,0.85753226,1
1,0.8392824,1
1,0.80947495,1
1,0.83798605,1
1,0.8828147,1
1,0.93396795,1
1,0.86774725,1
1,0.83705527,1
1,0.39192218,0
0,0.6353049,1
0,0.31938455,0
1,0.7857524,1
0,0.762217,1
0,0.2527364,0
1,0.4273948,0
0,0.2782319,0
0,0.37030852,0
1,0.42365482,0
1,0.5496181,1
1,0.5763288,1
1,0.3299728,0
1,0.34530345,0
0,0.05107436,0
0,0.051705822,0
0,0.1339596,0
0,0.3654867,0
0,0.17336507,0
1,0.39283213,0
1,0.6664353,1
1,0.70116377,1
1,0.8530372,1
0,0.8066137,1
0,0.82059515,1
1,0.7870652,1
1,0.8808562,1
1,0.17443788,0
0,0.29034343,0
1,0.426316,0
1,0.37173963,0
0,0.665537,1
0,0.40928277,0
1,0.19096793,0
0,0.36219472,0
0,0.2727106,0
0,0.5617885,1
1,0.6263322,1
1,0.48413745,0
1,0.803328,1
0,0.48449722,0
0,0.5891444,1
0,0.60273093,1
0,0.326664,0
0,0.18101597,0
0,0.32639143,0
0,0.62458575,1
0,0.34592485,0
0,0.41346896,0
0,0.2741404,0
1,0.2696519,0
1,0.33129933,0
1,0.7279479,1
1,0.7818952,1
0,0.91495156,1
1,0.82354784,1
0,0.9030729,1
1,0.8689253,1
1,0.9258383,1
1,0.87074524,1
1,0.9471537,1
1,0.8696655,1
1,0.92403257,1
1,0.8892594,1
1,0.93006325,1
1,0.9232179,1
0,0.9255171,1
1,0.8384534,1
1,0.5628387,1
1,0.899996,1
1,0.832289,1
1,0.6729428,1
1,0.645376,1
1,0.67607784,1
1,0.7215049,1
1,0.73947775,1
0,0.76839614,1
1,0.77188367,1
0,0.44309002,0
0,0.65702564,1
1,0.5029291,1
1,0.7993181,1
1,0.9268255,1
1,0.91175735,1
0,0.82536185,1
1,0.8200641,1
1,0.9063716,1
1,0.6305124,1
1,0.67046016,1
1,0.65581095,1
1,0.70577145,1
1,0.6738817,1
1,0.6601705,1
1,0.86853987,1
0,0.83978033,1
1,0.8474763,1
1,0.737176,1
1,0.92869496,1
1,0.852973,1
1,0.9064247,1
1,0.96068335,1
1,0.903602,1
1,0.8679654,1
1,0.84279186,1
1,0.8922356,1
1,0.89112437,1
1,0.8725672,1
1,0.8578086,1
1,0.90978444,1
1,0.854157,1
1,0.8610467,1
1,0.8336392,1
0,0.8089329,1
1,0.8530715,1
0,0.8613247,1
1,0.8627965,1
1,0.8795617,1
1,0.8749327,1
1,0.8592594,1
1,0.82591623,1
1,0.8451413,1
1,0.78914046,1
1,0.86659414,1
1,0.8116642,1
1,0.7757399,1
0,0.7511802,1
0,0.848572,1
1,0.85504997,1
1,0.8309816,1
1,0.8668383,1
1,0.88282,1
1,0.8818462,1
1,0.8372169,1
1,0.95320636,1
1,0.9091959,1
0,0.6933815,1
1,0.70975244,1
1,0.70073456,1
1,0.67888343,1
1,0.73184335,1
1,0.7504316,1
1,0.8007487,1
1,0.6873062,1
0,0.7310663,1
1,0.72557515,1
0,0.79083467,1
1,0.7852744,1
0,0.7315703,1
1,0.86243397,1
0,0.8525025,1
0,0.8664059,1
1,0.89012074,1
0,0.89679396,1
1,0.84348726,1
1,0.9062592,1
1,0.882674,1
1,0.9164721,1
1,0.8248056,1
1,0.89695436,1
1,0.831393,1
1,0.8904106,1
1,0.8010733,1
1,0.87725216,1
1,0.9262834,1
1,0.8888894,1
1,0.8688757,1
1,0.86219895,1
0,0.8695155,1
1,0.88058484,1
1,0.7959501,1
0,0.39477494,0
1,0.43159404,0
0,0.39365932,0
0,0.44071782,0
1,0.30107614,0
0,0.34082416,0
1,0.50651467,1
1,0.27068797,0
1,0.7140531,1
1,0.82027984,1
1,0.70620656,1
1,0.8997202,1
1,0.8757978,1
0,0.23723991,0
0,0.49460503,0
1,0.7102973,1
1,0.8995127,1
1,0.803072,1
1,0.9096444,1
1,0.7618034,1
1,0.95598775,1
1,0.88549244,1
1,0.81866705,1
1,0.73147047,1
1,0.9144287,1
1,0.8790695,1
1,0.83648175,1
1,0.8885045,1
1,0.7684481,1
1,0.82445884,1
1,0.8102889,1
1,0.76881945,1
1,0.8504077,1
1,0.8198043,1
1,0.85736305,1
1,0.91424227,1
1,0.8971199,1
1,0.88845253,1
1,0.89551157,1
0,0.8857503,1
1,0.78439915,1
1,0.87171036,1
0,0.85527307,1
0,0.86027926,1
1,0.8272008,1
1,0.8533326,1
1,0.8651312,1
0,0.924252,1
1,0.78480107,1
1,0.7717593,1
0,0.75423473,1
1,0.82737744,1
1,0.7721988,1
1,0.82529014,1
1,0.7723584,1
1,0.9369783,1
1,0.9305101,1
1,0.79988074,1
1,0.6974636,1
1,0.8343541,1
1,0.88559,1
1,0.947715,1
0,0.94688153,1
0,0.82992005,1
1,0.9237906,1
1,0.8582105,1
1,0.9163255,1
0,0.92281926,1
1,0.7999377,1
1,0.8623469,1
1,0.8387442,1
0,0.880118,1
1,0.92741543,1
0,0.9058418,1
1,0.9007029,1
1,0.90940654,1
0,0.89135444,1
0,0.8532082,1
0,0.82034105,1
1,0.922855,1
1,0.8060746,1
1,0.93185717,1
1,0.892721,1
1,0.84849393,1
1,0.83601445,1
0,0.72831225,1
0,0.74689686,1
1,0.7622404,1
1,0.7793054,1
1,0.75587755,1
0,0.7055123,1
1,0.7763923,1
1,0.7512719,1
0,0.81034565,1
1,0.8374666,1
1,0.7948041,1
1,0.80952275,1
1,0.8153547,1
1,0.825554,1
1,0.6075821,1
1,0.824547,1
0,0.73399985,1
1,0.745203,1
1,0.72778964,1
1,0.6774736,1
1,0.75371915,1
1,0.8214483,1
1,0.8171685,1
0,0.77711654,1
1,0.87163055,1
0,0.8682547,1
1,0.36404678,0
1,0.5962225,1
1,0.7440107,1
0,0.29177082,0
1,0.8489993,1
1,0.30568832,0
1,0.82423866,1
1,0.7831704,1
1,0.7941462,1
1,0.8664734,1
1,0.88623106,1
0,0.19993165,0
0,0.20176071,0
0,0.7348458,1
0,0.63730574,1
1,0.6698804,1
1,0.80667317,1
1,0.8652315,1
1,0.85614246,1
1,0.85798496,1
1,0.8749734,1
1,0.88083285,1
1,0.8494572,1
1,0.8608131,1
0,0.91323465,1
1,0.8720479,1
1,0.87801,1
1,0.7840688,1
1,0.6403937,1
0,0.74495345,1
1,0.59844166,1
1,0.5351925,1
1,0.6434189,1
0,0.6940789,1
1,0.81365263,1
1,0.8491627,1
1,0.8249831,1
1,0.85956895,1
1,0.9031396,1
1,0.78304535,1
1,0.8651655,1
1,0.8624273,1
1,0.74731237,1
1,0.7784683,1
0,0.6918427,1
1,0.6814023,1
0,0.4557489,0
0,0.8565914,1
1,0.8561445,1
1,0.8670457,1
1,0.875098,1
1,0.8303711,1
1,0.8526333,1
1,0.7512579,1
1,0.8586874,1
0,0.9089714,1
1,0.8671299,1
0,0.931944,1
0,0.83637667,1
1,0.94653225,1
1,0.94955456,1
1,0.9626939,1
1,0.88743836,1
1,0.9316748,1
0,0.88130635,1
1,0.8811294,1
0,0.82961196,1
1,0.85596967,1
1,0.9258579,1
1,0.88580275,1
1,0.8778035,1
1,0.90849674,1
0,0.8843037,1
0,0.9358677,1
1,0.90876913,1
1,0.9249037,1
1,0.87890786,1
1,0.88032746,1
1,0.87246937,1
1,0.8388316,1
1,0.8760223,1
1,0.9061198,1
1,0.88307464,1
1,0.9031923,1
1,0.8082316,1
1,0.8417851,1
1,0.8497869,1
1,0.9043319,1
1,0.82902056,1
1,0.822492,1
0,0.89621556,1
1,0.8823498,1
0,0.8712916,1
0,0.8571014,1
1,0.8962705,1
1,0.82292235,1
0,0.8817223,1
1,0.8503387,1
0,0.8208913,1
1,0.89765906,1
1,0.9358437,1
1,0.82040715,1
1,0.81439,1
1,0.890441,1
1,0.94442964,1
1,0.9278907,1
1,0.9132107,1
1,0.8900563,1
1,0.73005843,1
1,0.78642905,1
1,0.76939625,1
1,0.5901781,1
0,0.74335116,1
1,0.4268763,0
1,0.47592694,0
0,0.6901174,1
1,0.5469442,1
1,0.8008581,1
1,0.86175114,1
1,0.8075385,1
1,0.80018955,1
1,0.69200665,1
0,0.7733155,1
0,0.732157,1
0,0.5713403,1
0,0.48142713,0
0,0.6240204,1
0,0.7215125,1
1,0.78160053,1
1,0.70190626,1
0,0.2556448,0
0,0.5551618,1
1,0.77660376,1
0,0.3414418,0
1,0.6417094,1
0,0.8330289,1
1,0.76397437,1
1,0.84923464,1
1,0.76076406,1
1,0.6974313,1
1,0.84522694,1
1,0.86732733,1
1,0.87606335,1
1,0.68259215,1
1,0.67181355,1
1,0.7491184,1
1,0.74236053,1
1,0.7940837,1
1,0.84530157,1
1,0.7245025,1
1,0.33571678,0
0,0.23167688,0
1,0.926575,1
1,0.8954124,1
1,0.84798527,1
0,0.3375934,0
1,0.88964474,1
1,0.8823201,1
0,0.3181999,0
0,0.38080126,0
1,0.6945408,1
1,0.30370572,0
0,0.82340413,1
0,0.34908468,0
0,0.14234808,0
0,0.35179147,0
1,0.5746992,1
1,0.7373983,1
1,0.8305895,1
1,0.7788203,1
1,0.7514579,1
1,0.7968905,1
1,0.8008123,1
1,0.8909212,1
1,0.8377087,1
1,0.8596722,1
1,0.8809807,1
0,0.8871526,1
1,0.92428184,1
1,0.9472457,1
1,0.830125,1
1,0.8904846,1
1,0.9060557,1
1,0.8942463,1
1,0.6168723,1
1,0.76945746,1
0,0.76974,1
0,0.7538386,1
0,0.7583078,1
1,0.8593628,1
1,0.83150005,1
1,0.83485,1
1,0.8456944,1
1,0.7647767,1
1,0.8471566,1
0,0.6725354,1
1,0.8203316,1
1,0.7292011,1
0,0.7455812,1
0,0.67249215,1
1,0.6680068,1
1,0.74332577,1
1,0.7171895,1
1,0.8251724,1
1,0.8528447,1
1,0.8702122,1
1,0.84841186,1
0,0.7290278,1
0,0.1756858,0
1,0.57876915,1
0,0.34020877,0
1,0.38335973,0
1,0.7504958,1
1,0.8252626,1
1,0.8342954,1
1,0.7797892,1
0,0.7295972,1
1,0.783051,1
1,0.783452,1
1,0.46050525,0
1,0.8134681,1
0,0.40430805,0
0,0.4215235,0
0,0.8735834,1
0,0.86157274,1
1,0.8547555,1
0,0.81963575,1
1,0.90318227,1
1,0.86587906,1
1,0.89845484,1
1,0.8329088,1
1,0.8629323,1
1,0.8896483,1
1,0.5293012,1
1,0.8908505,1
1,0.8800376,1
1,0.87970525,1
1,0.8579246,1
1,0.91700494,1
1,0.8456594,1
1,0.91794395,1
0,0.79045635,1
0,0.28382307,0
1,0.44053203,0
1,0.48210135,0
0,0.2354253,0
1,0.6761003,1
1,0.6911906,1
1,0.7641197,1
0,0.791854,1
1,0.30335784,0
1,0.41423833,0
1,0.87917805,1
1,0.7677186,1
1,0.83028775,1
1,0.8794494,1
1,0.88576245,1
1,0.8766509,1
0,0.88178355,1
1,0.7950771,1
0,0.92926276,1
1,0.9152857,1
0,0.8249896,1
1,0.5756515,1
1,0.72453296,1
0,0.64601743,1
0,0.6204822,1
0,0.6525986,1
0,0.54162836,1
1,0.6611435,1
1,0.7581368,1
1,0.7212833,1
1,0.728021,1
1,0.6531198,1
0,0.7942033,1
1,0.8213719,1
0,0.75968796,1
0,0.7619669,1
1,0.3576317,0
0,0.3783819,0
0,0.3201758,0
1,0.32706043,0
1,0.7964704,1
1,0.8379809,1
0,0.8252893,1
1,0.7607804,1
1,0.86218977,1
1,0.73470247,1
0,0.6360973,1
1,0.15949176,0
0,0.21049792,0
0,0.274389,0
1,0.33089375,0
0,0.16222365,0
0,0.20693846,0
1,0.25371766,0
1,0.35891792,0
0,0.34269333,0
1,0.7540887,1
0,0.3266465,0
1,0.7805472,1
1,0.80550396,1
1,0.7828536,1
0,0.6617392,1
0,0.70272833,1
0,0.6705682,1
0,0.76880646,1
1,0.720758,1
1,0.7808239,1
1,0.69937414,1
1,0.7900743,1
1,0.6951936,1
0,0.83931595,1
1,0.64229846,1
1,0.78442043,1
1,0.5742236,1
1,0.7342176,1
1,0.66956127,1
1,0.62129045,1
0,0.5309315,1
1,0.64491963,1
0,0.7010619,1
1,0.66783726,1
1,0.7069154,1
1,0.68645054,1
1,0.70131546,1
1,0.7624645,1
1,0.6394474,1
1,0.7020806,1
1,0.77659786,1
1,0.7075089,1
1,0.7844454,1
0,0.7784131,1
1,0.65871567,1
0,0.77351755,1
1,0.6782857,1
1,0.49240515,0
0,0.6278135,1
0,0.49598464,0
1,0.4842134,0
1,0.45253262,0
1,0.4751963,0
1,0.5313435,1
1,0.6088455,1
0,0.62659556,1
0,0.61641103,1
1,0.63552237,1
1,0.65133184,1
1,0.692991,1
1,0.7598809,1
1,0.48011896,0
1,0.67707735,1
1,0.6431578,1
1,0.6586413,1
1,0.5761437,1
1,0.52695346,1
1,0.5850615,1
1,0.60612905,1
1,0.6926406,1
0,0.6242372,1
1,0.5337161,1
0,0.51243716,1
1,0.53494203,1
1,0.69744337,1
1,0.694012,1
0,0.5452414,1
0,0.6211874,1
0,0.67967063,1
1,0.60656303,1
0,0.522929,1
1,0.6763665,1
1,0.70285857,1
0,0.732162,1
0,0.67223614,1
1,0.7359246,1
1,0.6325685,1
0,0.6777915,1
0,0.41302252,0
0,0.6805885,1
0,0.5756026,1
0,0.56968284,1
0,0.6535847,1
0,0.54601413,1
0,0.6697858,1
1,0.72332364,1
1,0.5825401,1
0,0.7435709,1
1,0.6478691,1
0,0.49606454,0
0,0.669711,1
0,0.5305562,1
1,0.7388692,1
0,0.58939517,1
1,0.8389977,1
1,0.6799516,1
0,0.66919297,1
0,0.6852779,1
0,0.79259616,1
1,0.89352286,1
1,0.92054075,1
1,0.9016937,1
1,0.8705774,1
1,0.8627703,1
1,0.88729703,1
0,0.8361293,1
1,0.8285896,1
1,0.8367225,1
1,0.7046414,1
1,0.5995023,1
1,0.17368147,0
1,0.40910116,0
1,0.36785364,0
1,0.12608647,0
0,0.4049101,0
0,0.32796082,0
0,0.3911062,0
1,0.57972443,1
1,0.87715447,1
0,0.7144306,1
0,0.824959,1
1,0.7755456,1
1,0.803851,1
1,0.8206843,1
0,0.3449806,0
1,0.44438624,0
0,0.7024777,1
0,0.66686463,1
1,0.8441035,1
1,0.7033801,1
0,0.6113337,1
0,0.4037074,0
0,0.7166429,1
1,0.4823421,0
1,0.6251424,1
1,0.6840303,1
1,0.66099507,1
1,0.55227566,1
1,0.7708376,1
1,0.68743956,1
1,0.83678424,1
1,0.8238721,1
1,0.7807018,1
1,0.8184634,1
1,0.8457611,1
1,0.8705233,1
1,0.84320736,1
0,0.68644947,1
1,0.8522245,1
1,0.8282031,1
1,0.8148595,1
0,0.72933537,1
1,0.76693124,1
1,0.79052335,1
1,0.7643058,1
1,0.8592739,1
0,0.780748,1
0,0.84063774,1
0,0.82079375,1
1,0.888453,1
1,0.90924627,1
1,0.77972734,1
1,0.8944183,1
1,0.87927973,1
1,0.93802065,1
1,0.9017602,1
1,0.30893078,0
1,0.8327913,1
1,0.80036426,1
1,0.8249275,1
0,0.7347301,1
1,0.59535486,1
1,0.747448,1
0,0.8409963,1
1,0.6716486,1
0,0.90803057,1
0,0.89185387,1
1,0.8646995,1
0,0.8810338,1
1,0.80909914,1
1,0.8813866,1
1,0.82221675,1
1,0.7886666,1
1,0.85829604,1
0,0.8760036,1
1,0.84313846,1
1,0.86589694,1
1,0.8237067,1
1,0.8985862,1
1,0.8187018,1
1,0.85300934,1
1,0.85254234,1
1,0.8586031,1
1,0.74523765,1
1,0.8859404,1
1,0.79509383,1
1,0.85499966,1
1,0.8900614,1
1,0.6640491,1
0,0.4831591,0
0,0.6822203,1
0,0.662883,1
1,0.6656778,1
0,0.22073184,0
0,0.13442561,0
0,0.13827157,0
0,0.45304063,0
0,0.5277491,1
0,0.3193252,0
1,0.7834044,1
1,0.46771464,0
1,0.70134217,1
1,0.80118,1
1,0.77913857,1
1,0.78945154,1
1,0.7151306,1
1,0.6876917,1
0,0.72062635,1
1,0.78176063,1
1,0.7117017,1
1,0.77227193,1
1,0.7626068,1
1,0.8743772,1
1,0.7833676,1
1,0.8028758,1
1,0.9012875,1
1,0.6017476,1
1,0.18208113,0
0,0.21647334,0
0,0.2682378,0
0,0.76672965,1
1,0.6462722,1
1,0.7212798,1
1,0.72316444,1
0,0.6897646,1
1,0.67651016,1
0,0.5294415,1
0,0.82615346,1
0,0.7585973,1
0,0.8513035,1
1,0.8273538,1
0,0.7901348,1
1,0.8367724,1
1,0.83466023,1
1,0.70389414,1
0,0.6936965,1
1,0.7952218,1
0,0.67073286,1
0,0.6485245,1
1,0.8606104,1
1,0.7987646,1
1,0.7865505,1
1,0.81688035,1
1,0.79618615,1
1,0.8088263,1
1,0.81410563,1
0,0.8485459,1
1,0.77523994,1
1,0.6868205,1
1,0.70796186,1
1,0.71560293,1
0,0.68979573,1
1,0.74749935,1
1,0.83652157,1
1,0.9004065,1
1,0.91942656,1
1,0.6833722,1
1,0.7794415,1
1,0.82647324,1
0,0.8337238,1
0,0.4440082,0
1,0.8803252,1
1,0.78942984,1
1,0.8057465,1
1,0.94637614,1
0,0.87512016,1
1,0.88381827,1
1,0.92617553,1
1,0.95451534,1
1,0.94529176,1
1,0.9329355,1
0,0.84904116,1
0,0.9467422,1
1,0.8695008,1
0,0.96852297,1
0,0.9572115,1
1,0.9632452,1
1,0.938565,1
1,0.86977506,1
1,0.89773333,1
1,0.91659385,1
0,0.79025805,1
1,0.78245705,1
0,0.8066845,1
1,0.64000654,1
0,0.1862409,0
0,0.110159256,0
0,0.58220416,1
0,0.16953287,0
0,0.12364997,0
1,0.09485228,0
1,0.32969785,0
1,0.88167226,1
1,0.2609183,0
0,0.42504972,0
0,0.87766814,1
1,0.8981029,1
1,0.8424153,1
1,0.8223974,1
1,0.8603817,1
0,0.5676865,1
0,0.6084304,1
1,0.6400495,1
1,0.35778382,0
1,0.64914286,1
1,0.67717904,1
1,0.7304181,1
0,0.6585476,1
1,0.5712444,1
1,0.75889486,1
1,0.55917567,1
0,0.81596136,1
1,0.85904735,1
1,0.9046678,1
0,0.71478194,1
1,0.8006483,1
1,0.8125843,1
0,0.812788,1
1,0.8364251,1
1,0.8271173,1
1,0.82957864,1
1,0.8437714,1
1,0.6995297,1
0,0.7747236,1
1,0.7450254,1
1,0.75590867,1
1,0.74085736,1
1,0.7427165,1
1,0.8137343,1
0,0.8068295,1
1,0.8596042,1
0,0.78107095,1
1,0.9365989,1
1,0.8613554,1
1,0.49120703,0
1,0.61853206,1
1,0.5842706,1
1,0.9262244,1
1,0.8533132,1
0,0.7487542,1
0,0.41108495,0
1,0.69990367,1
1,0.44430256,0
0,0.6585376,1
0,0.3248429,0
0,0.18499671,0
0,0.296521,0
0,0.677227,1
1,0.6537588,1
1,0.3281232,0
1,0.8881305,1
1,0.7809205,1
1,0.5812903,1
1,0.7866812,1
1,0.7725057,1
1,0.8144076,1
1,0.83467937,1
0,0.8239408,1
1,0.704713,1
1,0.85597384,1
1,0.82379264,1
1,0.77981,1
0,0.715917,1
1,0.7813347,1
0,0.2661738,0
1,0.3618542,0
1,0.7739394,1
1,0.77136606,1
1,0.82239616,1
0,0.34930256,0
0,0.3846897,0
1,0.37476677,0
1,0.64079416,1
1,0.41957608,0
1,0.78377074,1
1,0.8831533,1
1,0.88974816,1
1,0.84302735,1
1,0.9053451,1
1,0.83343357,1
1,0.87992775,1
1,0.83152646,1
1,0.8776172,1
1,0.49647996,0
1,0.77142787,1
0,0.82218856,1
0,0.48325065,0
0,0.55360305,1
0,0.48326173,0
1,0.68467194,1
1,0.7801536,1
1,0.56670004,1
0,0.593457,1
1,0.7014433,1
0,0.642052,1
0,0.4357046,0
1,0.65058964,1
1,0.72540915,1
1,0.67937744,1
1,0.67097145,1
1,0.6876873,1
0,0.63926196,1
1,0.5719828,1
0,0.73049647,1
0,0.64207566,1
1,0.72905684,1
1,0.7816119,1
1,0.78720415,1
1,0.75754845,1
0,0.7529185,1
1,0.87729263,1
0,0.7827408,1
1,0.73169285,1
1,0.8268281,1
1,0.67899275,1
1,0.64563274,1
1,0.7763564,1
1,0.7636129,1
1,0.7898831,1
1,0.8560978,1
1,0.84026766,1
1,0.7649464,1
1,0.83468866,1
0,0.85520464,1
1,0.7916363,1
1,0.7986951,1
1,0.7828601,1
1,0.7134824,1
1,0.79690987,1
1,0.83757067,1
1,0.87018514,1
1,0.8320832,1
1,0.8371303,1
1,0.22031069,0
0,0.78233075,1
1,0.82223374,1
0,0.46533582,0
1,0.74508536,1
1,0.27885845,0
1,0.3439984,0
1,0.683641,1
1,0.7523795,1
0,0.6946625,1
1,0.40696928,0
1,0.64513826,1
1,0.864503,1
1,0.88570875,1
1,0.84413946,1
1,0.9037273,1
1,0.8634093,1
1,0.7922936,1
1,0.7605295,1
1,0.7229841,1
0,0.6694852,1
0,0.5666668,1
0,0.67405194,1
1,0.6459306,1
1,0.5004813,1
1,0.70325744,1
1,0.6693368,1
1,0.6904202,1
1,0.64947265,1
1,0.82323,1
1,0.82468414,1
1,0.8570125,1
0,0.80164605,1
1,0.6779919,1
0,0.7514569,1
1,0.7782013,1
1,0.7481173,1
1,0.7712344,1
1,0.74139285,1
1,0.8656336,1
1,0.82732534,1
1,0.78575355,1
1,0.7401569,1
1,0.6863643,1
1,0.83076346,1
1,0.83344996,1
1,0.8736832,1
0,0.934915,1
1,0.26325014,0
0,0.18847692,0
0,0.44696492,0
1,0.2685851,0
1,0.5398805,1
1,0.25586796,0
1,0.43228704,0
1,0.43454826,0
1,0.31134507,0
1,0.6961812,1
0,0.38321513,0
1,0.2770542,0
1,0.7718356,1
1,0.7708587,1
1,0.82589734,1
1,0.84891605,1
1,0.42205295,0
0,0.80537134,1
1,0.7874312,1
1,0.840723,1
1,0.83287936,1
0,0.83133256,1
0,0.86420596,1
0,0.85731983,1
0,0.29903662,0
0,0.29666713,0
1,0.8658375,1
1,0.35274148,0
1,0.31794873,0
1,0.4295979,0
1,0.80973744,1
1,0.72035754,1
1,0.67233837,1
1,0.8847422,1
1,0.8486484,1
1,0.7335982,1
0,0.76633453,1
0,0.8129817,1
1,0.8826792,1
1,0.79416245,1
1,0.8074034,1
0,0.8211556,1
1,0.8142371,1
1,0.8146342,1
1,0.6526471,1
1,0.6523905,1
0,0.6573331,1
0,0.71832323,1
0,0.7088626,1
1,0.7649246,1
1,0.70243263,1
0,0.62510425,1
1,0.67798346,1
1,0.7152888,1
1,0.76870745,1
1,0.74375796,1
0,0.65345955,1
0,0.7502912,1
1,0.7217924,1
1,0.7210849,1
0,0.5244265,1
0,0.74382323,1
1,0.6927627,1
0,0.83854854,1
1,0.7766534,1
1,0.5756822,1
0,0.61380535,1
0,0.59767735,1
0,0.42905408,0
0,0.6319837,1
0,0.6545586,1
1,0.5839576,1
0,0.60293466,1
0,0.5888228,1
1,0.7389214,1
1,0.6313063,1
0,0.5538422,1
0,0.21314353,0
0,0.25360635,0
1,0.71087086,1
1,0.7911254,1
1,0.5465499,1
0,0.6735152,1
1,0.5671823,1
1,0.5262547,1
1,0.6697119,1
0,0.5692182,1
1,0.41358382,0
0,0.34852436,0
0,0.57955384,1
1,0.84647167,1
1,0.8482576,1
1,0.79728913,1
0,0.8157913,1
1,0.79449487,1
1,0.82903403,1
1,0.83415735,1
1,0.78780866,1
1,0.87900585,1
1,0.2418428,0
0,0.45896778,0
0,0.31842777,0
0,0.30812648,0
1,0.3087063,0
1,0.85823905,1
1,0.8721321,1
1,0.24042171,0
1,0.7510418,1
1,0.84338146,1
0,0.6824342,1
1,0.8343747,1
1,0.86177504,1
0,0.8194147,1
1,0.7732565,1
0,0.19959562,0
0,0.77572596,1
0,0.18582204,0
0,0.28408584,0
0,0.33903158,0
0,0.2101763,0
0,0.2958945,0
0,0.3412257,0
0,0.32861027,0
0,0.19149296,0
0,0.29812446,0
0,0.25580007,0
0,0.31394935,0
0,0.285955,0
0,0.2606386,0
0,0.39753294,0
0,0.63872784,1
0,0.1313526,0
0,0.38549668,0
0,0.34414938,0
0,0.37048948,0
0,0.48241422,0
0,0.44329432,0
0,0.17009977,0
0,0.21241486,0
0,0.26269254,0
0,0.27763394,0
0,0.46012375,0
0,0.3920497,0
0,0.20979713,0
0,0.4712228,0
0,0.28782856,0
0,0.2806325,0
0,0.39400718,0
0,0.5911142,1
1,0.38160014,0
1,0.31460345,0
0,0.48078164,0
0,0.7245673,1
0,0.6954856,1
1,0.7294381,1
1,0.7542414,1
0,0.69355655,1
1,0.75662184,1
0,0.65098244,1
1,0.66725713,1
1,0.7636715,1
1,0.73179305,1
1,0.7487561,1
1,0.7906222,1
0,0.67258,1
0,0.65381545,1
1,0.6632164,1
1,0.56889284,1
0,0.50358737,1
0,0.342403,0
0,0.47099417,0
0,0.20994917,0
0,0.12274898,0
0,0.29982334,0
0,0.13867912,0
0,0.12568189,0
0,0.39864948,0
0,0.27881742,0
0,0.14045589,0
0,0.265125,0
0,0.7200786,1
0,0.25251687,0
0,0.34067604,0
0,0.15332407,0
0,0.23277219,0
0,0.18693535,0
0,0.33776528,0
0,0.3040479,0
1,0.30160108,0
0,0.2558069,0
0,0.57578164,1
0,0.4436877,0
1,0.1609746,0
1,0.2897755,0
0,0.41053918,0
0,0.63334346,1
1,0.6834997,1
1,0.8644653,1
1,0.70694864,1
1,0.79446757,1
1,0.73515004,1
1,0.7408645,1
1,0.62860346,1
1,0.60281515,1
1,0.74320626,1
0,0.54270506,1
0,0.1910949,0
0,0.18220973,0
1,0.7636437,1
1,0.69836336,1
1,0.94576323,1
0,0.8449805,1
0,0.6988728,1
1,0.96447587,1
1,0.9102484,1
1,0.84340364,1
0,0.9503604,1
0,0.40509832,0
0,0.54286337,1
0,0.4227726,0
0,0.2904743,0
0,0.1353058,0
0,0.2709896,0
0,0.104258776,0
0,0.15702713,0
0,0.15834293,0
0,0.18528813,0
0,0.20609228,0
0,0.20637245,0
0,0.3137868,0
0,0.2766906,0
0,0.3687594,0
0,0.40320572,0
0,0.338918,0
0,0.56589776,1
0,0.30513397,0
0,0.70501286,1
1,0.3204507,0
1,0.7480445,1
0,0.6598339,1
0,0.74652576,1
1,0.7316587,1
1,0.84558344,1
1,0.82547736,1
1,0.8107434,1
1,0.82153416,1
0,0.7474092,1
0,0.7825818,1
1,0.72464705,1
1,0.8223314,1
1,0.82590336,1
1,0.8256104,1
1,0.8036269,1
1,0.7159162,1
1,0.8103894,1
1,0.7929106,1
0,0.85663956,1
1,0.84087807,1
1,0.7306768,1
1,0.6962049,1
1,0.74439454,1
1,0.79743564,1
1,0.7658823,1
1,0.8845183,1
1,0.8956418,1
1,0.83379865,1
1,0.8480132,1
1,0.7759427,1
1,0.7719313,1
1,0.8835835,1
1,0.93455714,1
0,0.8293742,1
0,0.89373595,1
1,0.932127,1
0,0.79525244,1
0,0.9187164,1
0,0.84412223,1
1,0.7820783,1
0,0.7277629,1
0,0.3243971,0
0,0.32396096,0
0,0.25862977,0
0,0.39067847,0
0,0.16179831,0
0,0.26127034,0
0,0.25201803,0
0,0.16889638,0
0,0.29619077,0
0,0.39733207,0
0,0.36139902,0
0,0.5954285,1
0,0.20931749,0
0,0.3386107,0
0,0.75537384,1
0,0.2469812,0
0,0.7320261,1
0,0.16085553,0
0,0.23135619,0
0,0.5287626,1
0,0.22046132,0
0,0.12967113,0
0,0.3176572,0
0,0.4648507,0
0,0.614887,1
0,0.11800399,0
0,0.24900204,0
0,0.39443246,0
0,0.21297446,0
0,0.20706747,0
0,0.38832986,0
0,0.48974553,0
0,0.76379573,1
0,0.36687446,0
0,0.2520166,0
0,0.18174574,0
0,0.11792902,0
0,0.16588166,0
0,0.16198362,0
0,0.17882203,0
0,0.27286577,0
0,0.16501899,0
0,0.2934548,0
0,0.32570562,0
1,0.5512358,1
1,0.46025896,0
0,0.51365393,1
1,0.7300108,1
1,0.6721068,1
0,0.6864962,1
1,0.54653347,1
1,0.5691863,1
0,0.30025268,0
0,0.2765122,0
0,0.2577793,0
0,0.36001498,0
0,0.2978427,0
0,0.27681494,0
0,0.53911406,1
0,0.20805381,0
0,0.48120937,0
0,0.3909995,0
0,0.5199527,1
1,0.56678927,1
0,0.28653795,0
1,0.8384469,1
1,0.76624656,1
1,0.7445119,1
1,0.8085522,1
1,0.79352784,1
1,0.64483154,1
0,0.7335864,1
1,0.7581963,1
0,0.23399208,0
0,0.5933028,1
0,0.5427863,1
1,0.7690324,1
1,0.79728484,1
1,0.74786234,1
1,0.79099596,1
0,0.25461054,0
0,0.28021148,0
0,0.21186115,0
0,0.3588437,0
0,0.21892738,0
0,0.34194636,0
0,0.2617455,0
0,0.47759122,0
0,0.117275305,0
0,0.25468722,0
0,0.25344566,0
0,0.3989662,0
0,0.36535057,0
0,0.6567221,1
1,0.7307226,1
0,0.7007583,1
0,0.78158617,1
0,0.7369302,1
1,0.770748,1
1,0.8197221,1
1,0.75763655,1
1,0.8348472,1
0,0.6942217,1
1,0.80060244,1
0,0.66121686,1
1,0.60371846,1
1,0.8234016,1
0,0.61722034,1
0,0.48803267,0
0,0.6685764,1
0,0.16076712,0
0,0.65644366,1
1,0.32369727,0
0,0.41519028,0
0,0.2915828,0
0,0.18360229,0
0,0.1719258,0
1,0.6914851,1
1,0.5958212,1
1,0.557847,1
1,0.77856725,1
1,0.78091824,1
1,0.7011196,1
0,0.93560696,1
1,0.73407674,1
1,0.78281194,1
0,0.85457057,1
1,0.7979129,1
1,0.73700523,1
0,0.17678724,0
0,0.33112264,0
0,0.15364257,0
0,0.16411394,0
0,0.29609224,0
0,0.13713126,0
0,0.6103796,1
0,0.43217915,0
0,0.37782383,0
0,0.48228955,0
0,0.12517942,0
0,0.3814436,0
0,0.33042803,0
0,0.73616403,1
0,0.13517141,0
0,0.19469671,0
0,0.31058732,0
0,0.09732993,0
0,0.25478655,0
0,0.3730791,0
0,0.36813778,0
0,0.25330856,0
0,0.2884247,0
0,0.2614584,0
0,0.23498902,0
0,0.048091292,0
0,0.13092768,0
0,0.1909362,0
0,0.23059335,0
0,0.23342107,0
0,0.34142518,0
0,0.30830252,0
0,0.30084106,0
0,0.26592356,0
0,0.14253663,0
0,0.27763787,0
0,0.44162107,0
0,0.57414156,1
0,0.4359167,0
0,0.3620109,0
0,0.4856894,0
0,0.45055017,0
0,0.9180723,1
1,0.76184845,1
1,0.83565533,1
1,0.8123208,1
0,0.77575743,1
0,0.83221745,1
0,0.29597327,0
0,0.31058004,0
0,0.3353377,0
0,0.16685648,0
0,0.29858577,0
0,0.4226947,0
0,0.8716253,1
0,0.30004916,0
0,0.2323155,0
0,0.8941209,1
0,0.29333824,0
0,0.3712194,0
0,0.42463842,0
0,0.4323547,0
0,0.38410994,0
0,0.2874959,0
0,0.3623817,0
0,0.20289639,0
0,0.32803577,0
0,0.51857287,1
0,0.15516384,0
0,0.8806533,1
0,0.3002088,0
0,0.3398561,0
0,0.32862583,0
0,0.34629485,0
0,0.34679523,0
0,0.16524173,0
0,0.8232073,1
0,0.23957628,0
1,0.70539856,1
1,0.759343,1
1,0.7082689,1
1,0.7691587,1
0,0.7177016,1
1,0.74183166,1
0,0.6929431,1
0,0.64991665,1
0,0.8006175,1
0,0.68819535,1
0,0.7226253,1
0,0.6459271,1
1,0.7906698,1
1,0.7229234,1
0,0.74628735,1
1,0.7324802,1
0,0.736426,1
1,0.8359591,1
1,0.76565164,1
1,0.74759066,1
1,0.74122375,1
0,0.24458364,0
0,0.5918633,1
0,0.19527291,0
0,0.584675,1
0,0.15566856,0
0,0.18673618,0
0,0.45335817,0
0,0.8436361,1
0,0.6504386,1
1,0.70358413,1
1,0.647117,1
1,0.5371029,1
0,0.7564852,1
1,0.46005827,0
1,0.8426874,1
0,0.7716103,1
0,0.79575443,1
1,0.5104149,1
1,0.7806949,1
0,0.9016067,1
1,0.84393656,1
1,0.5505305,1
1,0.6416074,1
1,0.5787098,1
0,0.7358097,1
0,0.7490279,1
1,0.7918172,1
0,0.30564028,0
0,0.2679147,0
0,0.33925214,0
0,0.28407055,0
0,0.6290536,1
0,0.65104467,1
1,0.5843812,1
0,0.16527715,0
1,0.4100392,0
0,0.43888122,0
1,0.51630193,1
1,0.7719378,1
0,0.8750959,1
1,0.5489522,1
0,0.11282325,0
0,0.13461998,0
0,0.26682547,0
0,0.3135919,0
0,0.50385314,1
0,0.45744276,0
0,0.5087203,1
0,0.33262706,0
0,0.24573676,0
0,0.4070265,0
0,0.6768443,1
0,0.30974537,0
0,0.4163093,0
0,0.33372602,0
0,0.33756897,0
0,0.30389264,0
0,0.7161886,1
0,0.33269632,0
0,0.29142568,0
0,0.35632676,0
0,0.6145757,1
0,0.15377639,0
0,0.8100901,1
0,0.36586362,0
0,0.32935607,0
0,0.2871205,0
0,0.2529779,0
0,0.2577411,0
0,0.2428729,0
1,0.40968797,0
1,0.6171958,1
0,0.44383737,0
1,0.7967163,1
1,0.8630186,1
1,0.9515766,1
0,0.86250657,1
1,0.8804464,1
1,0.8894096,1
1,0.9209191,1
0,0.8668226,1
1,0.824444,1
1,0.5305453,1
0,0.30581534,0
1,0.87533224,1
1,0.5955861,1
1,0.9353202,1
0,0.16939242,0
0,0.36659616,0
0,0.8448024,1
0,0.6035217,1
0,0.68368745,1
0,0.5940125,1
0,0.2944503,0
1,0.7864799,1
1,0.8236572,1
1,0.8954184,1
1,0.8461939,1
1,0.9030241,1
0,0.8499748,1
0,0.8249957,1
1,0.89021146,1
1,0.92142975,1
1,0.8544901,1
1,0.7962102,1
1,0.9111918,1
1,0.88618934,1
1,0.85698265,1
1,0.89529216,1
1,0.6802381,1
1,0.67723626,1
0,0.6497723,1
1,0.82042223,1
1,0.84012544,1
0,0.8053772,1
1,0.8134889,1
1,0.8010466,1
0,0.7449439,1
0,0.82432455,1
0,0.8015627,1
1,0.843394,1
1,0.7715555,1
1,0.79267645,1
0,0.7372233,1
1,0.8370495,1
0,0.8501106,1
0,0.8463864,1
1,0.8774632,1
1,0.6980258,1
1,0.7938904,1
1,0.708934,1
1,0.8032869,1
1,0.9150599,1
1,0.9481472,1
1,0.9293104,1
0,0.58568424,1
0,0.724717,1
0,0.34862384,0
0,0.5073654,1
0,0.3928175,0
0,0.52210975,1
0,0.30146113,0
0,0.4742825,0
0,0.36352614,0
0,0.4172892,0
0,0.5463676,1
0,0.3522729,0
0,0.1682471,0
0,0.71384084,1
1,0.94168586,1
1,0.9444446,1
1,0.8153871,1
0,0.9218984,1
1,0.9219639,1
1,0.9585401,1
1,0.8292346,1
0,0.9563178,1
0,0.94731545,1
1,0.93510175,1
1,0.8497014,1
1,0.8408242,1
1,0.87584496,1
1,0.830225,1
1,0.8717526,1
1,0.85976124,1
1,0.8158757,1
1,0.77955866,1
1,0.8530097,1
1,0.88662076,1
0,0.8170073,1
1,0.83813584,1
1,0.8743423,1
1,0.8921825,1
0,0.8689303,1
1,0.7773324,1
1,0.85233825,1
1,0.8673527,1
1,0.85467964,1
0,0.119387895,0
0,0.47442713,0
1,0.2547948,0
1,0.7117547,1
0,0.77170026,1
1,0.3429794,0
1,0.7496052,1
1,0.700495,1
1,0.7186482,1
0,0.3224411,0
1,0.77501976,1
1,0.3770312,0
1,0.7884982,1
0,0.77664256,1
0,0.8186904,1
0,0.86870915,1
1,0.7936098,1
1,0.47074166,0
1,0.2833781,0
0,0.30883145,0
0,0.094159156,0
0,0.22519271,0
0,0.14180917,0
0,0.16805422,0
0,0.29402858,0
0,0.2900987,0
0,0.41417944,0
0,0.26458037,0
0,0.31073308,0
0,0.27604777,0
0,0.49941584,0
0,0.43262708,0
0,0.31304887,0
0,0.2712815,0
0,0.2518354,0
0,0.327628,0
1,0.73900366,1
1,0.478195,0
0,0.74708027,1
0,0.73696804,1
1,0.6894757,1
1,0.7632882,1
0,0.74784106,1
1,0.7166975,1
1,0.7012427,1
0,0.77882385,1
0,0.7539976,1
0,0.22908607,0
0,0.31541258,0
0,0.18976958,0
0,0.6110634,1
0,0.35916647,0
0,0.32919773,0
0,0.3930788,0
0,0.38714507,0
0,0.26632577,0
0,0.24397936,0
0,0.4714304,0
0,0.45952657,0
0,0.33969766,0
0,0.3872967,0
0,0.22523925,0
0,0.8745535,1
0,0.3496263,0
0,0.2858948,0
0,0.5023555,1
1,0.572741,1
0,0.59568757,1
0,0.47644684,0
1,0.8206442,1
0,0.81826514,1
0,0.87269855,1
1,0.8817346,1
1,0.91842324,1
1,0.91736543,1
1,0.93832546,1
0,0.8897981,1
1,0.9421067,1
1,0.8409892,1
1,0.95014167,1
1,0.88825524,1
1,0.8808777,1
1,0.87654275,1
1,0.7952728,1
0,0.24414195,0
0,0.2972353,0
0,0.31272268,0
0,0.38587892,0
0,0.43601847,0
0,0.20210093,0
0,0.2982741,0
0,0.30138415,0
0,0.10857526,0
0,0.3195495,0
0,0.26504055,0
0,0.37710002,0
0,0.51282066,1
0,0.30128372,0
0,0.20264405,0
0,0.4439595,0
0,0.7172098,1
0,0.33566546,0
0,0.17730126,0
0,0.4048232,0
0,0.40044108,0
0,0.34258154,0
0,0.30571103,0
0,0.32275102,0
0,0.35638577,0
0,0.11337397,0
0,0.16640353,0
1,0.570276,1
0,0.20277719,0
0,0.2531926,0
0,0.18822546,0
0,0.14872374,0
0,0.29499328,0
0,0.28771004,0
0,0.17405108,0
0,0.35328734,0
0,0.26853773,0
0,0.414171,0
0,0.38088644,0
1,0.9674173,1
1,0.74908495,1
0,0.31600097,0
0,0.09981876,0
1,0.84316856,1
0,0.10303146,0
1,0.87175745,1
1,0.8464446,1
0,0.8436504,1
1,0.88029283,1
1,0.8241869,1
0,0.9032391,1
1,0.95868284,1
1,0.9512341,1
1,0.9519458,1
1,0.9388824,1
1,0.9429229,1
1,0.94899124,1
1,0.93360656,1
1,0.9460973,1
1,0.88468564,1
1,0.9414618,1
1,0.90269023,1
1,0.95186347,1
1,0.9435483,1
1,0.9207537,1
1,0.96033776,1
0,0.96487355,1
1,0.9479734,1
0,0.22164282,0
0,0.10451121,0
0,0.28409982,0
0,0.15378466,0
0,0.5921316,1
0,0.33867794,0
0,0.34729818,0
0,0.48920792,0
1,0.27313983,0
1,0.40461782,0
1,0.83708394,1
1,0.7532323,1
0,0.5308172,1
0,0.77329695,1
0,0.81111234,1
1,0.8447223,1
1,0.87312174,1
1,0.5548581,1
0,0.18564,0
0,0.29348573,0
0,0.3627692,0
0,0.2552826,0
0,0.7950993,1
0,0.38195178,0
0,0.339225,0
0,0.24652672,0
0,0.20492503,0
0,0.23889032,0
0,0.71055967,1
0,0.32030278,0
0,0.114116415,0
0,0.11907634,0
0,0.45703048,0
0,0.49873862,0
0,0.3239158,0
0,0.22424233,0
0,0.21393287,0
0,0.21620427,0
0,0.3304418,0
0,0.33305568,0
0,0.37286872,0
0,0.29004952,0
0,0.34519884,0
0,0.3980559,0
0,0.23258068,0
0,0.3812043,0
0,0.30783233,0
0,0.4786781,0
0,0.39724815,0
1,0.6608911,1
1,0.87420774,1
1,0.8539466,1
1,0.80317825,1
1,0.8151562,1
0,0.846549,1
0,0.28453538,0
0,0.3171915,0
0,0.724896,1
0,0.7571779,1
0,0.25964466,0
0,0.26017916,0
0,0.2867473,0
0,0.35430044,0
0,0.3226528,0
0,0.49729028,0
0,0.49933758,0
0,0.26618809,0
0,0.40953264,0
1,0.40643382,0
1,0.3396989,0
1,0.5718139,1
0,0.104008764,0
0,0.28470567,0
0,0.35100642,0
0,0.29236767,0
0,0.4330857,0
0,0.2807996,0
0,0.37206152,0
1,0.574136,1
1,0.6186618,1
1,0.7752892,1
0,0.38402197,0
0,0.4876823,0
0,0.48919448,0
0,0.2954806,0
0,0.29047194,0
0,0.8320566,1
0,0.4826323,0
0,0.48178542,0
0,0.8094579,1
0,0.34620082,0
0,0.33645678,0
0,0.40904126,0
0,0.39878547,0
0,0.28195328,0
0,0.3916879,0
0,0.21325767,0
0,0.3553914,0
0,0.1490433,0
0,0.123348475,0
0,0.1715349,0
0,0.43560457,0
0,0.17199743,0
0,0.29059976,0
0,0.36931056,0
0,0.35506848,0
0,0.5463443,1
0,0.36331037,0
0,0.35256115,0
0,0.23188901,0
0,0.28200027,0
0,0.22848053,0
0,0.37995312,0
0,0.6735331,1
0,0.45144954,0
0,0.37688017,0
0,0.31735146,0
0,0.30712938,0
0,0.36549917,0
0,0.37974393,0
0,0.3188112,0
0,0.27643937,0
0,0.2571449,0
0,0.38290522,0
0,0.19986308,0
0,0.37743637,0
0,0.093306795,0
0,0.33923596,0
0,0.35797063,0
0,0.24219206,0
0,0.34937376,0
1,0.8237792,1
0,0.8629403,1
1,0.9308657,1
1,0.8519431,1
0,0.8207219,1
0,0.8623268,1
0,0.7830202,1
0,0.83624345,1
0,0.7951645,1
0,0.79258776,1
1,0.77265805,1
0,0.83611333,1
1,0.76687807,1
1,0.88996065,1
1,0.7927796,1
1,0.7860909,1
1,0.7824039,1
0,0.8078096,1
1,0.78046656,1
1,0.80583465,1
0,0.7735166,1
1,0.7963216,1
0,0.7803555,1
1,0.82607627,1
1,0.7516895,1
1,0.7295631,1
0,0.71912396,1
1,0.6829309,1
1,0.60021627,1
1,0.8599138,1
1,0.86844873,1
1,0.84043103,1
1,0.88899213,1
1,0.78331125,1
1,0.71659636,1
1,0.5645236,1
1,0.7241337,1
0,0.44901553,0
1,0.70699376,1
1,0.6784188,1
0,0.7802427,1
1,0.72559524,1
1,0.3122705,0
0,0.34185013,0
0,0.28735396,0
0,0.42129242,0
1,0.8429842,1
1,0.75312763,1
1,0.7613194,1
0,0.906255,1
1,0.54074615,1
0,0.34325576,0
0,0.5645151,1
0,0.33437914,0
0,0.42729607,0
0,0.5236617,1
0,0.43877503,0
0,0.44242015,0
0,0.21434805,0
0,0.119070455,0
1,0.26176888,0
1,0.2751687,0
1,0.21655735,0
0,0.3639265,0
0,0.280343,0
0,0.3685914,0
0,0.5074066,1
0,0.42433968,0
0,0.36498126,0
0,0.3537451,0
0,0.39996988,0
0,0.3731425,0
0,0.50648683,1
0,0.27683264,0
0,0.3498581,0
0,0.3339256,0
0,0.37087664,0
0,0.3499115,0
0,0.29891852,0
0,0.43976855,0
0,0.37070078,0
0,0.3360324,0
0,0.36245108,0
0,0.43625945,0
0,0.3136174,0
0,0.32773164,0
0,0.31453425,0
0,0.29379383,0
0,0.3443804,0
0,0.29123214,0
0,0.6477472,1
0,0.39767253,0
0,0.6375994,1
0,0.49485478,0
0,0.8277649,1
0,0.43448547,0
0,0.4720518,0
0,0.3274959,0
0,0.2757756,0
1,0.7743196,1
1,0.8805527,1
1,0.8047271,1
1,0.836073,1
0,0.77336186,1
0,0.89885,1
1,0.8874393,1
0,0.9270269,1
1,0.921055,1
1,0.9334024,1
1,0.9047884,1
1,0.8631888,1
1,0.926648,1
1,0.870498,1
0,0.86722636,1
1,0.87253886,1
0,0.82348937,1
0,0.72266036,1
1,0.82418334,1
1,0.8252958,1
1,0.7923654,1
1,0.8141388,1
1,0.8358362,1
1,0.894449,1
1,0.8415273,1
1,0.8733309,1
1,0.81305444,1
1,0.7619335,1
1,0.7921802,1
1,0.81949115,1
1,0.7811219,1
1,0.88995725,1
1,0.85316133,1
0,0.86848456,1
1,0.89414567,1
0,0.4277018,0
0,0.32756832,0
0,0.37734678,0
0,0.43474963,0
0,0.706256,1
0,0.69078636,1
0,0.37993905,0
1,0.29716146,0
1,0.7319396,1
1,0.8922947,1
1,0.8540183,1
0,0.70008576,1
0,0.8280275,1
1,0.8275362,1
1,0.7027132,1
0,0.76489735,1
0,0.7042038,1
0,0.32025167,0
0,0.3087763,0
0,0.07680473,0
0,0.43475345,0
1,0.4189763,0
1,0.5783156,1
0,0.7928693,1
0,0.7335755,1
0,0.71927524,1
0,0.721541,1
1,0.75792134,1
0,0.7489543,1
1,0.74258953,1
1,0.76013815,1
1,0.74439406,1
1,0.73864526,1
0,0.7347554,1
1,0.7559219,1
0,0.77117884,1
1,0.777115,1
1,0.7805015,1
0,0.49170595,0
0,0.2903796,0
0,0.6634585,1
0,0.7361781,1
0,0.39172652,0
0,0.328062,0
0,0.2866374,0
0,0.3268838,0
1,0.52153265,1
1,0.68269765,1
1,0.53292805,1
1,0.7722022,1
1,0.45460835,0
1,0.70860183,1
1,0.399307,0
0,0.23247176,0
0,0.34474775,0
0,0.39152202,0
0,0.31060094,0
0,0.47198212,0
0,0.62072134,1
1,0.8133482,1
1,0.8884815,1
1,0.87887734,1
1,0.86100316,1
1,0.8671898,1
0,0.8902663,1
0,0.8857431,1
0,0.8603127,1
1,0.92958075,1
1,0.77969176,1
0,0.9052635,1
1,0.85081357,1
0,0.7324199,1
1,0.7453983,1
1,0.71618867,1
1,0.71302706,1
1,0.7771335,1
1,0.6697619,1
1,0.6719751,1
0,0.7896274,1
1,0.72150534,1
0,0.85940784,1
1,0.73127663,1
1,0.80041397,1
1,0.8313683,1
1,0.823906,1
1,0.8581002,1
1,0.84193766,1
1,0.8389191,1
0,0.8516058,1
1,0.88320076,1
1,0.85529196,1
1,0.9016994,1
1,0.86981004,1
1,0.84978235,1
1,0.89402014,1
1,0.9238045,1
0,0.92634225,1
1,0.9385538,1
1,0.89971703,1
1,0.6817629,1
1,0.84118897,1
1,0.78454554,1
1,0.89345104,1
1,0.84277236,1
1,0.8557456,1
1,0.89548576,1
1,0.89580524,1
1,0.85747004,1
0,0.8292313,1
1,0.8021889,1
1,0.8040708,1
0,0.80929697,1
1,0.7626241,1
1,0.81756824,1
0,0.791819,1
0,0.78951114,1
1,0.8241142,1
1,0.8288989,1
0,0.8428086,1
0,0.8030288,1
0,0.75635755,1
1,0.86187273,1
1,0.8211589,1
1,0.82878214,1
1,0.84232444,1
1,0.84923214,1
0,0.82438993,1
1,0.84425145,1
0,0.86342293,1
0,0.26093456,0
0,0.37402412,0
0,0.38622352,0
0,0.21065506,0
0,0.35675043,0
0,0.3173808,0
0,0.3014775,0
0,0.30427665,0
0,0.32712626,0
0,0.34341395,0
0,0.35288477,0
0,0.29501763,0
0,0.6475897,1
0,0.24742112,0
0,0.31365746,0
0,0.32530808,0
0,0.15392321,0
0,0.4262676,0
0,0.53044885,1
0,0.3361816,0
0,0.40800193,0
0,0.3528653,0
0,0.4684183,0
0,0.38469237,0
0,0.09142422,0
0,0.10035172,0
0,0.5226438,1
0,0.5396635,1
0,0.40208226,0
0,0.09384783,0
0,0.06361961,0
0,0.09797187,0
0,0.09755379,0
0,0.18091814,0
0,0.11911221,0
0,0.20278513,0
0,0.1447383,0
0,0.4026052,0
0,0.3654584,0
0,0.47946277,0
0,0.50700665,1
1,0.5032115,1
1,0.6357152,1
1,0.6204407,1
1,0.6445649,1
1,0.58524555,1
1,0.48249707,0
1,0.71863145,1
1,0.5389487,1
1,0.5728007,1
1,0.5127618,1
0,0.7055888,1
1,0.64646035,1
0,0.27478665,0
0,0.26166967,0
0,0.3146685,0
0,0.32421875,0
0,0.15877682,0
0,0.10629257,0
0,0.34349832,0
0,0.36481982,0
0,0.33611056,0
0,0.32197523,0
0,0.44385636,0
0,0.4083068,0
0,0.3193222,0
0,0.32252494,0
0,0.34530547,0
0,0.5022509,1
0,0.2009068,0
0,0.3869687,0
0,0.31644592,0
0,0.36895195,0
0,0.19200103,0
0,0.15141341,0
0,0.29501474,0
0,0.32579112,0
0,0.28623378,0
0,0.28678212,0
0,0.31458616,0
0,0.57836485,1
0,0.3632177,0
0,0.18481833,0
0,0.41326413,0
0,0.4604287,0
0,0.3010716,0
0,0.15320235,0
0,0.3257004,0
0,0.4418129,0
0,0.34367517,0
0,0.8285557,1
0,0.72241515,1
1,0.8227871,1
0,0.3570518,0
0,0.33146924,0
1,0.7851974,1
1,0.8526644,1
1,0.92835057,1
0,0.8324533,1
1,0.84728783,1
1,0.75623626,1
1,0.91281766,1
1,0.8524513,1
1,0.8857122,1
1,0.81744105,1
1,0.8725829,1
1,0.894115,1
1,0.8543709,1
1,0.819881,1
1,0.7927485,1
1,0.8365091,1
1,0.7857341,1
1,0.7925041,1
1,0.8652213,1
0,0.8643365,1
1,0.8601409,1
1,0.83909833,1
1,0.8247896,1
1,0.8507998,1
1,0.86018187,1
0,0.64296275,1
0,0.73760253,1
0,0.29367864,0
0,0.7129112,1
0,0.36381546,0
0,0.7037263,1
0,0.3132361,0
0,0.6297539,1
0,0.647087,1
0,0.36175838,0
0,0.4921991,0
0,0.3551874,0
0,0.19679576,0
0,0.7897557,1
0,0.5229177,1
0,0.40756765,0
0,0.46303597,0
0,0.32795152,0
0,0.5889951,1
0,0.32269275,0
0,0.31431827,0
0,0.32361773,0
0,0.34473434,0
0,0.37844038,0
0,0.29514197,0
0,0.2569633,0
0,0.25992873,0
0,0.22431679,0
0,0.28421596,0
0,0.38463324,0
0,0.30764186,0
0,0.3081098,0
0,0.38490242,0
0,0.362047,0
0,0.46208996,0
0,0.14035463,0
0,0.3308598,0
0,0.6667355,1
0,0.2969789,0
0,0.2284786,0
0,0.45308688,0
0,0.79228383,1
0,0.7362777,1
0,0.39529914,0
1,0.85834384,1
0,0.81816214,1
1,0.82968175,1
1,0.7846763,1
0,0.83521503,1
1,0.8192603,1
0,0.8783687,1
1,0.8477501,1
0,0.9109908,1
1,0.8539301,1
1,0.82766414,1
1,0.82888883,1
1,0.84246975,1
1,0.86790985,1
1,0.8570288,1
1,0.8287159,1
1,0.8720286,1
1,0.83126354,1
1,0.83965486,1
1,0.8781035,1
1,0.9183046,1
1,0.8727777,1
0,0.8961741,1
0,0.33729437,0
0,0.3697631,0
0,0.29394355,0
0,0.35610715,0
0,0.5135436,1
0,0.36005998,0
0,0.4042158,0
0,0.3689396,0
0,0.41031557,0
0,0.4175757,0
0,0.08956227,0
0,0.15026994,0
0,0.10738119,0
0,0.115906276,0
0,0.068931386,0
0,0.088838026,0
0,0.3909877,0
0,0.44042295,0
0,0.31600684,0
0,0.27475524,0
0,0.24427441,0
0,0.5964352,1
0,0.2779389,0
0,0.3305192,0
0,0.4844096,0
0,0.31940484,0
0,0.3203469,0
0,0.28674012,0
0,0.27497873,0
1,0.8621758,1
1,0.81073934,1
1,0.82899934,1
0,0.8141965,1
1,0.78528583,1
0,0.867694,1
1,0.77460384,1
1,0.6627301,1
0,0.8059021,1
0,0.7059209,1
1,0.75359714,1
0,0.8179796,1
1,0.69198185,1
1,0.7920288,1
1,0.7160051,1
1,0.6749114,1
1,0.7545434,1
1,0.85340625,1
1,0.6399802,1
0,0.479675,0
0,0.25989884,0
0,0.34959766,0
0,0.4087159,0
0,0.3018696,0
0,0.3235146,0
0,0.2806711,0
0,0.7520142,1
0,0.3587236,0
0,0.34223282,0
0,0.25116572,0
0,0.31928077,0
0,0.32648873,0
1,0.800241,1
1,0.7305549,1
1,0.82892334,1
1,0.7450843,1
1,0.88086337,1
0,0.74654686,1
0,0.6748533,1
1,0.7524105,1
1,0.74051625,1
1,0.74723035,1
1,0.7686081,1
1,0.80632585,1
1,0.78916687,1
1,0.8889068,1
1,0.71511364,1
0,0.74075675,1
1,0.55608594,1
0,0.65862286,1
0,0.3565926,0
0,0.68887615,1
0,0.65952253,1
1,0.5063206,1
1,0.5157307,1
1,0.31981167,0
0,0.4071631,0
0,0.6896192,1
0,0.5135419,1
0,0.6977733,1
0,0.24482508,0
0,0.2217021,0
0,0.60352755,1
0,0.32874602,0
0,0.28370735,0
0,0.3447458,0
0,0.3542651,0
0,0.23019946,0
0,0.32080716,0
0,0.77651805,1
0,0.23203571,0
0,0.48481077,0
0,0.20090191,0
0,0.19132298,0
0,0.24554728,0
0,0.3091628,0
0,0.38225138,0
0,0.61799544,1
0,0.69049793,1
1,0.89809346,1
1,0.8808739,1
0,0.4493999,0
1,0.9057323,1
0,0.9536406,1
1,0.9014394,1
1,0.8329952,1
1,0.85354173,1
1,0.7534618,1
1,0.7992756,1
1,0.80348027,1
0,0.79670954,1
0,0.8060689,1
1,0.75268215,1
1,0.8282114,1
1,0.8301039,1
1,0.7788375,1
1,0.82072884,1
0,0.74837226,1
0,0.8272478,1
0,0.76974,1
0,0.7539246,1
1,0.7857888,1
1,0.68088996,1
0,0.7655179,1
0,0.78679085,1
1,0.7994721,1
0,0.7553824,1
1,0.5965977,1
0,0.44322985,0
0,0.35343564,0
0,0.35297748,0
0,0.498076,0
0,0.3055503,0
0,0.34580883,0
0,0.48033857,0
0,0.5199594,1
0,0.35643813,0
0,0.23758323,0
0,0.20304064,0
0,0.37879303,0
0,0.26726514,0
0,0.32390288,0
0,0.34099862,0
0,0.7542351,1
0,0.7041089,1
0,0.75545937,1
0,0.4507095,0
0,0.34455523,0
0,0.21187946,0
0,0.48235828,0
0,0.4288429,0
0,0.17945196,0
0,0.35720992,0
0,0.534426,1
0,0.41774678,0
0,0.81905234,1
0,0.8314034,1
0,0.31522363,0
0,0.61402476,1
0,0.5560085,1
1,0.6758713,1
1,0.74896026,1
0,0.7789667,1
1,0.8044136,1
1,0.85882604,1
1,0.79194564,1
1,0.8065764,1
1,0.87625325,1
1,0.8579523,1
1,0.85355014,1
1,0.8273984,1
1,0.6921819,1
1,0.8719184,1
1,0.8335542,1
1,0.8881376,1
0,0.80703956,1
1,0.8698545,1
1,0.84203273,1
1,0.84755784,1
1,0.84179074,1
1,0.6920059,1
0,0.80004776,1
0,0.8144247,1
1,0.91223687,1
1,0.9316988,1
1,0.8726121,1
1,0.8396987,1
0,0.66942275,1
0,0.3175221,0
0,0.4139215,0
0,0.30965585,0
0,0.2675191,0
0,0.30419433,0
0,0.36737576,0
0,0.4838878,0
0,0.28287,0
0,0.3610288,0
0,0.46089754,0
0,0.29740983,0
0,0.3328528,0
0,0.358611,0
0,0.7397345,1
0,0.663809,1
1,0.61285913,1
0,0.42157266,0
0,0.4264005,0
0,0.3547649,0
0,0.45691726,0
0,0.42979577,0
0,0.33100453,0
0,0.36044922,0
0,0.38485315,0
0,0.4108109,0
0,0.39298886,0
0,0.71695626,1
0,0.70391643,1
0,0.700781,1
1,0.73022366,1
0,0.663053,1
0,0.5248414,1
1,0.7873067,1
0,0.42768964,0
0,0.4370024,0
0,0.32200798,0
0,0.3238319,0
0,0.33063796,0
0,0.31886294,0
0,0.38971466,0
0,0.43231264,0
0,0.42754418,0
0,0.39501897,0
0,0.16273797,0
0,0.4393463,0
0,0.3056001,0
0,0.38821015,0
0,0.46847463,0
0,0.11069817,0
0,0.1107727,0
0,0.08538052,0
0,0.13803588,0
0,0.16593176,0
0,0.14469123,0
0,0.2038901,0
0,0.20452464,0
0,0.35380158,0
0,0.344623,0
0,0.32560936,0
0,0.4665502,0
0,0.18123746,0
0,0.23298825,0
0,0.75507635,1
0,0.5148752,1
0,0.29722345,0
0,0.36277586,0
0,0.29021698,0
0,0.3479982,0
0,0.09856846,0
0,0.33693898,0
0,0.2885581,0
0,0.10830888,0
0,0.25864953,0
0,0.37951902,0
0,0.4451915,0
1,0.60351557,1
0,0.30229586,0
1,0.49041826,0
1,0.3860248,0
0,0.33241758,0
0,0.38426077,0
0,0.31120118,0
0,0.39337516,0
0,0.33642137,0
0,0.32832155,0
0,0.41198695,0
0,0.28240785,0
0,0.37675107,0
1,0.7533341,1
1,0.362029,0
1,0.7585667,1
1,0.7770376,1
0,0.73087686,1
0,0.7440787,1
1,0.7586895,1
1,0.85229284,1
1,0.8146953,1
1,0.7784341,1
0,0.7976497,1
1,0.76798254,1
0,0.5198479,1
1,0.76570445,1
1,0.7750815,1
1,0.77794665,1
0,0.569704,1
1,0.7297725,1
1,0.86631227,1
1,0.8515177,1
1,0.775576,1
0,0.7406411,1
1,0.7612794,1
1,0.79828084,1
0,0.78023773,1
1,0.7938395,1
0,0.72102845,1
1,0.7542424,1
1,0.74421304,1
1,0.79016715,1
0,0.42496136,0
0,0.2326058,0
0,0.3777875,0
1,0.36653692,0
1,0.41461515,0
0,0.32215112,0
0,0.26290563,0
0,0.5658689,1
0,0.3643708,0
0,0.4535515,0
0,0.4131698,0
1,0.6378321,1
0,0.44560245,0
0,0.69246244,1
0,0.15582545,0
0,0.18908893,0
0,0.38788575,0
0,0.41791362,0
0,0.4317292,0
0,0.63012743,1
0,0.359203,0
0,0.35094327,0
0,0.36758614,0
0,0.41608492,0
0,0.6120725,1
0,0.25714564,0
0,0.27165246,0
0,0.33986524,0
0,0.43618116,0
0,0.42246425,0
0,0.43805927,0
0,0.37252006,0
0,0.3562647,0
0,0.33935595,0
0,0.3083612,0
0,0.20662032,0
0,0.36312732,0
0,0.41242275,0
0,0.47721818,0
0,0.3618004,0
0,0.22707303,0
0,0.29498315,0
0,0.086630575,0
0,0.09184141,0
0,0.37805602,0
0,0.74871624,1
0,0.28153858,0
0,0.37554687,0
0,0.32039356,0
0,0.32529625,0
0,0.36123013,0
0,0.45536092,0
0,0.61315495,1
0,0.7199105,1
0,0.46887442,0
0,0.4140199,0
0,0.4700149,0
0,0.38845968,0
0,0.18199676,0
0,0.33007663,0
0,0.27898958,0
0,0.4308054,0
0,0.16544822,0
0,0.25263137,0
0,0.30703354,0
0,0.2925624,0
0,0.3395625,0
0,0.26149634,0
0,0.5269288,1
0,0.27930972,0
0,0.6910665,1
0,0.5709064,1
0,0.3423323,0
0,0.43657023,0
0,0.55077034,1
0,0.41463014,0
0,0.44380224,0
0,0.36841312,0
0,0.41189846,0
0,0.38302413,0
0,0.67476124,1
0,0.74880856,1
0,0.5534317,1
0,0.30194685,0
0,0.36524683,0
0,0.47424918,0
0,0.36582893,0
0,0.22015195,0
0,0.34881288,0
0,0.24892348,0
0,0.27909836,0
0,0.12443055,0
0,0.37073824,0
0,0.8060643,1
0,0.82658863,1
0,0.76475406,1
0,0.38879806,0
0,0.30471644,0
0,0.37581673,0
0,0.40556362,0
0,0.33990204,0
0,0.42442408,0
0,0.4376259,0
0,0.3156634,0
0,0.33201316,0
0,0.2690902,0
0,0.25685444,0
0,0.28258833,0
0,0.49946162,0
0,0.48407134,0
0,0.35405967,0
0,0.31458563,0
0,0.37437785,0
1,0.7339594,1
0,0.7502577,1
0,0.30811313,0
0,0.3065395,0
0,0.3844895,0
0,0.33912626,0
0,0.3300335,0
0,0.3781806,0
0,0.3442087,0
0,0.3538538,0
0,0.38464135,0
0,0.31062874,0
1,0.82371485,1
0,0.8174064,1
0,0.5272101,1
1,0.7680118,1
1,0.867605,1
0,0.8499415,1
1,0.7851206,1
1,0.7955184,1
1,0.7578217,1
1,0.8080461,1
1,0.8205487,1
1,0.88218397,1
0,0.62460065,1
0,0.68632394,1
0,0.31880963,0
0,0.35349837,0
0,0.27780688,0
0,0.3397262,0
0,0.625176,1
0,0.29740345,0
0,0.3777537,0
0,0.4204589,0
0,0.39553222,0
0,0.2648666,0
0,0.39562613,0
0,0.3626226,0
0,0.81679904,1
0,0.26370752,0
1,0.80981,1
1,0.4071446,0
0,0.31143337,0
1,0.34470424,0
0,0.4859166,0
0,0.4249636,0
0,0.35448655,0
0,0.34706563,0
0,0.29682857,0
0,0.34656346,0
0,0.49959943,0
0,0.29631612,0
0,0.4386585,0
0,0.2724472,0
0,0.3867102,0
0,0.37971148,0
0,0.31477946,0
0,0.3461431,0
0,0.32617834,0
1,0.5241912,1
1,0.46413517,0
1,0.3753415,0
1,0.6579901,1
1,0.29799294,0
1,0.2995285,0
0,0.6114317,1
0,0.50903416,1
0,0.34609047,0
1,0.6928709,1
1,0.849849,1
1,0.64474833,1
1,0.6634825,1
1,0.73218715,1
1,0.7114426,1
1,0.76527894,1
1,0.7589329,1
1,0.73437625,1
1,0.6821693,1
1,0.75311816,1
1,0.71503377,1
1,0.55284226,1
1,0.5684864,1
1,0.8095246,1
1,0.8778812,1
0,0.31361714,0
0,0.61377233,1
1,0.77200925,1
1,0.88347095,1
1,0.8948012,1
1,0.7997136,1
1,0.8824905,1
1,0.8231686,1
1,0.816251,1
0,0.86097646,1
1,0.7918415,1
0,0.7797452,1
1,0.84295684,1
1,0.85723037,1
1,0.88248485,1
1,0.82408756,1
1,0.6141719,1
1,0.7557677,1
1,0.69363475,1
1,0.774523,1
0,0.45089683,0
0,0.32034665,0
0,0.30623484,0
0,0.61973363,1
0,0.8080838,1
0,0.49527597,0
0,0.3900718,0
0,0.7804763,1
1,0.6838129,1
1,0.6829188,1
0,0.7472823,1
0,0.57544595,1
1,0.9559479,1
1,0.74758965,1
1,0.8418098,1
1,0.7841532,1
1,0.8378554,1
1,0.8765651,1
1,0.959306,1
1,0.8729213,1
1,0.9178422,1
0,0.3510634,0
0,0.5211579,1
0,0.23615885,0
0,0.7628447,1
0,0.39968345,0
0,0.39794457,0
0,0.13977998,0
0,0.2588349,0
0,0.25272682,0
0,0.31117296,0
0,0.34035486,0
0,0.31074482,0
0,0.36813608,0
0,0.33233893,0
0,0.45322263,0
0,0.49826962,0
0,0.2145651,0
1,0.6633572,1
1,0.84352434,1
1,0.82177246,1
0,0.87962186,1
1,0.8390355,1
1,0.97562397,1
1,0.9226217,1
0,0.35147527,0
0,0.29467145,0
0,0.36809817,0
0,0.34533885,0
0,0.44179177,0
0,0.19016397,0
0,0.2834291,0
0,0.2586096,0
0,0.25437516,0
0,0.19901183,0
0,0.1221785,0
0,0.183436,0
0,0.33873785,0
0,0.3030701,0
0,0.3353234,0
0,0.35373646,0
0,0.34047407,0
0,0.82544243,1
0,0.31865564,0
0,0.15338027,0
0,0.3603485,0
0,0.3005759,0
0,0.40216404,0
0,0.3130046,0
1,0.5229484,1
1,0.58876765,1
1,0.75534254,1
1,0.49900326,0
0,0.5946929,1
1,0.7349326,1
0,0.75074863,1
1,0.72582585,1
0,0.664023,1
0,0.7809079,1
1,0.8201038,1
0,0.69859076,1
1,0.7348674,1
0,0.5303034,1
1,0.6850845,1
0,0.7506408,1
0,0.8294425,1
0,0.7790386,1
0,0.8298112,1
1,0.69475806,1
0,0.6921941,1
0,0.66844445,1
1,0.69428974,1
0,0.775845,1
1,0.76343954,1
1,0.8621823,1
0,0.43863598,0
0,0.37566993,0
0,0.7140263,1
0,0.36540058,0
0,0.34847116,0
0,0.3058669,0
0,0.7817178,1
0,0.33742988,0
0,0.3130732,0
0,0.7596997,1
1,0.60405886,1
0,0.7795536,1
0,0.73825276,1
0,0.77353156,1
0,0.77788526,1
0,0.70540875,1
1,0.6909705,1
1,0.7531766,1
1,0.812573,1
1,0.7378743,1
0,0.610731,1
0,0.7778554,1
1,0.8667221,1
1,0.93173045,1
1,0.95932233,1
1,0.9168639,1
1,0.86573166,1
0,0.81118375,1
1,0.8770766,1
1,0.8958576,1
1,0.8384258,1
1,0.8004278,1
0,0.26732484,0
0,0.3410673,0
0,0.40142834,0
0,0.34902948,0
0,0.3366218,0
0,0.37773693,0
0,0.3266016,0
0,0.33067742,0
0,0.44998387,0
0,0.6673921,1
0,0.38693663,0
0,0.43078557,0
1,0.95785886,1
1,0.9765512,1
1,0.97005874,1
1,0.95863694,1
1,0.9060758,1
1,0.9441968,1
0,0.9724822,1
1,0.90733355,1
1,0.9528823,1
0,0.95791674,1
0,0.9586942,1
0,0.75118905,1
0,0.33877125,0
0,0.3310996,0
0,0.38101184,0
0,0.4423327,0
0,0.62700284,1
1,0.80295676,1
1,0.7378209,1
1,0.6581715,1
0,0.6798699,1
1,0.6895456,1
1,0.77339035,1
1,0.68991095,1
0,0.72712326,1
1,0.73081845,1
1,0.69747597,1
0,0.5777376,1
0,0.75031835,1
1,0.7351701,1
0,0.78876853,1
1,0.832746,1
1,0.8273756,1
0,0.27234155,0
0,0.32446483,0
0,0.3580194,0
0,0.42375046,0
0,0.31660452,0
0,0.84208393,1
1,0.732855,1
1,0.85879755,1
1,0.8127444,1
1,0.836837,1
1,0.85530454,1
0,0.24160749,0
0,0.25479645,0
0,0.34318715,0
0,0.40728262,0
0,0.27449548,0
0,0.39056194,0
0,0.36224005,0
0,0.20418553,0
0,0.37656152,0
1,0.8349403,1
1,0.89069897,1
1,0.8283475,1
0,0.8679654,1
1,0.88940626,1
1,0.873008,1
1,0.8667884,1
0,0.87233084,1
1,0.758824,1
1,0.8553984,1
1,0.7956437,1
0,0.90328944,1
1,0.8809876,1
1,0.8941934,1
1,0.94888467,1
1,0.8717287,1
0,0.855328,1
0,0.89492625,1
1,0.9171848,1
1,0.81558174,1
1,0.8636754,1
1,0.8816047,1
1,0.927128,1
1,0.72388136,1
1,0.7229092,1
1,0.20901974,0
0,0.40998036,0
0,0.44532573,0
0,0.7899106,1
0,0.3479168,0
0,0.34056434,0
0,0.31241852,0
0,0.802584,1
0,0.5537261,1
0,0.27486062,0
0,0.466913,0
0,0.505527,1
0,0.30948406,0
0,0.33655405,0
0,0.47986707,0
0,0.8133487,1
0,0.7074041,1
0,0.39489302,0
1,0.4815818,0
1,0.72455454,1
1,0.69598407,1
0,0.6864256,1
1,0.73946947,1
1,0.75860363,1
1,0.8393227,1
1,0.7892415,1
1,0.83422714,1
1,0.76110613,1
0,0.49534434,0
0,0.39662302,0
0,0.3450326,0
0,0.38082075,0
0,0.35024047,0
0,0.2755932,0
0,0.198325,0
0,0.3309333,0
1,0.37796125,0
0,0.6964878,1
1,0.83280224,1
1,0.86918783,1
1,0.8269053,1
1,0.8363317,1
1,0.8473516,1
0,0.82092667,1
0,0.8049463,1
1,0.8769566,1
0,0.84775615,1
1,0.8688473,1
1,0.88813514,1
0,0.35784987,0
0,0.22501254,0
0,0.5644988,1
0,0.31634608,0
0,0.43636504,0
0,0.3081031,0
0,0.3091434,0
0,0.34971124,0
0,0.2798249,0
0,0.3868033,0
0,0.34449172,0
0,0.51888376,1
1,0.3456257,0
1,0.68224615,1
0,0.27071863,0
0,0.33331603,0
0,0.42692673,0
0,0.4081533,0
0,0.19437645,0
0,0.62371826,1
0,0.13698313,0
0,0.34353855,0
0,0.37618345,0
0,0.3792542,0
0,0.34104168,0
0,0.41355532,0
1,0.31510207,0
1,0.9209901,1
1,0.88580173,1
1,0.8137342,1
1,0.7880072,1
1,0.76044333,1
0,0.65671045,1
0,0.42589125,0
0,0.50712216,1
0,0.30745503,0
0,0.32263088,0
0,0.32839084,0
0,0.2644248,0
0,0.17241289,0
0,0.13180104,0
0,0.22174887,0
0,0.25784922,0
0,0.18702212,0
0,0.4223085,0
0,0.31424284,0
0,0.26173404,0
0,0.27371198,0
0,0.44505307,0
0,0.45309788,0
0,0.51774603,1
0,0.5167406,1
0,0.30742824,0
0,0.42472968,0
0,0.31833488,0
0,0.35241023,0
0,0.25776905,0
0,0.3375551,0
0,0.39144775,0
0,0.37197074,0
0,0.410559,0
0,0.50402266,1
0,0.8327516,1
0,0.29525867,0
0,0.34622562,0
0,0.26444724,0
0,0.4191174,0
0,0.49821243,0
0,0.56775826,1
0,0.36877355,0
0,0.3137995,0
0,0.4494414,0
0,0.3728593,0
0,0.41450214,0
0,0.2998128,0
0,0.13501619,0
0,0.36511812,0
0,0.28961784,0
0,0.35044536,0
0,0.40564606,0
0,0.28754252,0
0,0.3291791,0
0,0.4479219,0
0,0.5949234,1
0,0.29090714,0
0,0.31575322,0
0,0.8937162,1
0,0.4539403,0
0,0.29119393,0
0,0.3344209,0
0,0.370416,0
0,0.3568441,0
0,0.5650149,1
0,0.3925004,0
0,0.48217762,0
0,0.4903182,0
0,0.2687517,0
0,0.46506622,0
0,0.34731227,0
0,0.33896604,0
1,0.82076216,1
0,0.3548345,0
0,0.13989447,0
0,0.3712361,0
0,0.35803813,0
0,0.34474003,0
0,0.58492386,1
0,0.27888164,0
0,0.31846455,0
0,0.33615148,0
0,0.43419126,0
0,0.37589696,0
0,0.34422737,0
0,0.37113142,0
0,0.3423132,0
0,0.47627473,0
0,0.36194137,0
0,0.31966576,0
0,0.5145636,1
0,0.3608747,0
0,0.29957193,0
0,0.33925548,0
0,0.26362613,0
0,0.4585759,0
0,0.45134476,0
0,0.30989215,0
0,0.3656795,0
1,0.7155232,1
1,0.4316491,0
1,0.6434707,1
1,0.82693607,1
1,0.75197774,1
1,0.8729914,1
1,0.8678147,1
1,0.85566497,1
0,0.40832955,0
1,0.76959693,1
1,0.82925117,1
1,0.8631472,1
0,0.79405856,1
1,0.8594187,1
1,0.8033317,1
1,0.8407557,1
0,0.92826396,1
1,0.877038,1
1,0.871804,1
0,0.8377176,1
1,0.4392023,0
0,0.2948914,0
0,0.290915,0
0,0.3399241,0
0,0.44492358,0
0,0.31057325,0
0,0.37211818,0
0,0.57580996,1
1,0.76364607,1
1,0.8294358,1
1,0.8704859,1
1,0.74685353,1
1,0.7560922,1
1,0.74432975,1
1,0.8603768,1
0,0.3242392,0
1,0.21607384,0
0,0.39708567,0
0,0.4057558,0
0,0.23107712,0
0,0.27512753,0
0,0.31275138,0
0,0.49502426,0
0,0.48179966,0
1,0.9446374,1
0,0.79302764,1
0,0.85290223,1
1,0.8711636,1
0,0.87470245,1
1,0.90827394,1
1,0.79761356,1
1,0.75507236,1
1,0.27982405,0
1,0.83744746,1
1,0.91380316,1
1,0.88627124,1
0,0.9330587,1
0,0.9364835,1
1,0.9190333,1
0,0.8429103,1
1,0.9143452,1
1,0.8637525,1
1,0.8361365,1
1,0.8345858,1
1,0.7692838,1
0,0.86978686,1
0,0.8335329,1
1,0.7410428,1
1,0.8807865,1
0,0.8132486,1
0,0.7989417,1
1,0.8020211,1
1,0.87322253,1
1,0.8888081,1
1,0.8454065,1
1,0.92265564,1
1,0.83585864,1
1,0.8236691,1
1,0.843233,1
1,0.86381924,1
1,0.8487245,1
1,0.8061215,1
1,0.7665917,1
0,0.30307642,0
0,0.41951457,0
0,0.40596944,0
1,0.37464732,0
1,0.86378473,1
1,0.28430095,0
1,0.8045998,1
1,0.8374654,1
1,0.7764742,1
1,0.73217446,1
1,0.64759254,1
1,0.706763,1
0,0.75676656,1
1,0.74554616,1
1,0.8058681,1
1,0.7951256,1
1,0.8296373,1
1,0.7405475,1
0,0.37181038,0
1,0.64218265,1
0,0.42954382,0
1,0.819571,1
1,0.3934871,0
0,0.37800494,0
0,0.28369534,0
1,0.42876685,0
1,0.3691418,0
1,0.2683821,0
0,0.30223098,0
0,0.31849486,0
0,0.150626,0
0,0.20217209,0
0,0.2759276,0
0,0.32961276,0
0,0.31569603,0
1,0.32660592,0
1,0.45998225,0
0,0.34722278,0
0,0.33983064,0
0,0.18646078,0
0,0.6304494,1
0,0.39440542,0
0,0.3224845,0
0,0.36632812,0
0,0.47688112,0
0,0.35481623,0
0,0.20193532,0
0,0.3567975,0
0,0.31786656,0
0,0.5820914,1
0,0.34675512,0
0,0.2964065,0
0,0.40669724,0
0,0.39826497,0
0,0.3709983,0
1,0.9047974,1
1,0.809592,1
0,0.91162837,1
1,0.75140184,1
1,0.85969955,1
0,0.22862963,0
0,0.36042377,0
0,0.30734426,0
0,0.36788616,0
0,0.3515026,0
0,0.27492306,0
0,0.32770085,0
0,0.35885882,0
0,0.29312503,0
0,0.344134,0
0,0.33955768,0
1,0.78672373,1
1,0.53340924,1
1,0.6809078,1
1,0.87228256,1
0,0.8858344,1
0,0.9126055,1
1,0.9119181,1
0,0.86055106,1
0,0.8076094,1
1,0.8159157,1
1,0.74422956,1
0,0.87648517,1
1,0.92680454,1
1,0.92526305,1
1,0.9064922,1
0,0.8713759,1
0,0.35971177,0
0,0.588166,1
0,0.3434666,0
0,0.2983174,0
0,0.41770995,0
0,0.46179786,0
0,0.28226742,0
0,0.22391002,0
0,0.3292625,0
0,0.341746,0
0,0.33752492,0
1,0.809313,1
1,0.8134386,1
0,0.81401557,1
1,0.7711345,1
0,0.80430704,1
0,0.81511086,1
0,0.8199365,1
1,0.66314137,1
1,0.7302958,1
1,0.8255225,1
0,0.8273285,1
1,0.8321259,1
1,0.8566313,1
0,0.3465644,0
0,0.33360222,0
0,0.40325046,0
0,0.29571298,0
0,0.22511326,0
0,0.3622891,0
0,0.32880366,0
0,0.34781653,0
0,0.3810275,0
0,0.3658901,0
0,0.40138552,0
1,0.97444737,1
0,0.41538274,0
1,0.77073187,1
0,0.29110602,0
0,0.5445259,1
1,0.81895095,1
0,0.34241346,0
0,0.3211863,0
1,0.553601,1
0,0.6759771,1
1,0.86529046,1
1,0.79955596,1
1,0.8509621,1
0,0.5653524,1
0,0.37156877,0
0,0.34151825,0
0,0.29900244,0
0,0.37180567,0
0,0.41234374,0
0,0.43705243,0
0,0.44392133,0
1,0.68225133,1
1,0.8996411,1
0,0.5875928,1
0,0.67821205,1
0,0.32751366,0
0,0.3073775,0
0,0.32797173,0
0,0.22553425,0
0,0.2878731,0
0,0.28849784,0
0,0.26840386,0
0,0.16742061,0
0,0.09780867,0
0,0.10531749,0
0,0.31182846,0
0,0.26168567,0
0,0.31586292,0
0,0.33487913,0
0,0.16085339,0
0,0.2743703,0
0,0.2719152,0
1,0.51011384,1
0,0.6284045,1
1,0.8017941,1
1,0.8356229,1
0,0.20945174,0
1,0.69852525,1
1,0.73546416,1
1,0.8499879,1
1,0.7984689,1
1,0.8411431,1
1,0.84093094,1
1,0.83707,1
1,0.8359429,1
1,0.7916897,1
0,0.8942054,1
1,0.8685234,1
1,0.798344,1
1,0.8909697,1
1,0.83282214,1
1,0.88269126,1
1,0.8707353,1
1,0.71088016,1
1,0.900297,1
1,0.8803444,1
1,0.9185392,1
1,0.8994664,1
0,0.89183706,1
1,0.88654196,1
0,0.8710526,1
0,0.8773129,1
1,0.85128194,1
1,0.89958405,1
1,0.89718425,1
1,0.8912637,1
1,0.7751967,1
1,0.89551836,1
1,0.8926354,1
0,0.8897153,1
1,0.8711146,1
1,0.81459916,1
1,0.8559509,1
1,0.7508342,1
1,0.83600426,1
0,0.7760498,1
1,0.80307347,1
0,0.38817602,0
0,0.2923115,0
0,0.34334067,0
0,0.43811458,0
0,0.34230188,0
0,0.38712794,0
1,0.4029415,0
0,0.6980865,1
1,0.27775642,0
1,0.8333714,1
1,0.72445005,1
1,0.7965647,1
1,0.6147508,1
1,0.7459294,1
0,0.7942895,1
1,0.6890114,1
1,0.39239737,0
1,0.6897516,1
1,0.67602247,1
1,0.7612383,1
1,0.7011626,1
1,0.7506844,1
1,0.6197494,1
1,0.6078081,1
1,0.7289828,1
0,0.668387,1
1,0.71854657,1
0,0.4638466,0
0,0.34935135,0
0,0.310111,0
0,0.3729542,0
0,0.31134823,0
0,0.33800146,0
0,0.32406744,0
0,0.48198774,0
0,0.28848594,0
0,0.43894956,0
0,0.30251938,0
0,0.39126685,0
0,0.3693167,0
0,0.4431521,0
1,0.26334703,0
0,0.28256744,0
0,0.4432292,0
0,0.37155277,0
0,0.33000505,0
0,0.45028937,0
0,0.27608317,0
0,0.29851913,0
0,0.35321864,0
0,0.23412082,0
1,0.7206557,1
0,0.83541197,1
0,0.57235223,1
0,0.55198866,1
0,0.628996,1
1,0.51818943,1
1,0.6141108,1
1,0.6197245,1
1,0.68810135,1
0,0.5493999,1
0,0.5359032,1
0,0.79356706,1
0,0.34291315,0
0,0.3598164,0
0,0.62674373,1
0,0.38894638,0
0,0.32283786,0
0,0.3407479,0
0,0.34349623,0
0,0.33198267,0
0,0.43823054,0
0,0.2960024,0
0,0.37903106,0
0,0.33451903,0
0,0.35316786,0
0,0.7746366,1
0,0.71644825,1
0,0.1691817,0
0,0.41196406,0
0,0.2474419,0
0,0.11704187,0
0,0.47947595,0
0,0.65595967,1
0,0.59122306,1
0,0.1546398,0
0,0.3716181,0
0,0.3776276,0
0,0.35983595,0
0,0.30266336,0
0,0.19902441,0
0,0.22862703,0
0,0.34016466,0
0,0.4635712,0
0,0.2923995,0
0,0.3136821,0
0,0.27930468,0
0,0.35012352,0
0,0.4623518,0
0,0.35060984,0
0,0.45732608,0
0,0.37266427,0
0,0.6146971,1
0,0.4181187,0
1,0.6957364,1
1,0.6805803,1
0,0.6970356,1
0,0.666149,1
1,0.79604816,1
1,0.85413367,1
1,0.7990137,1
1,0.80719554,1
1,0.7956348,1
1,0.82160175,1
1,0.8132919,1
0,0.8436913,1
1,0.8189964,1
0,0.725088,1
0,0.7729265,1
1,0.79741687,1
0,0.7547384,1
0,0.7968838,1
1,0.6971215,1
0,0.7713726,1
0,0.75624555,1
0,0.4722173,0
0,0.58482146,1
0,0.4010235,0
0,0.057018932,0
0,0.5556279,1
0,0.36606097,0
0,0.24858525,0
1,0.7765169,1
1,0.8637373,1
0,0.83938414,1
1,0.47982013,0
1,0.7458236,1
1,0.8353804,1
1,0.88949096,1
1,0.8328313,1
1,0.84500813,1
0,0.5171164,1
0,0.5144938,1
0,0.3010024,0
0,0.46513256,0
0,0.34207845,0
0,0.32027957,0
0,0.48390704,0
0,0.3122114,0
0,0.38657433,0
0,0.389401,0
0,0.38570887,0
0,0.33606923,0
0,0.3530389,0
0,0.4837135,0
0,0.47291598,0
0,0.468743,0
0,0.37829798,0
0,0.52737266,1
0,0.43026233,0
0,0.31331065,0
0,0.44146255,0
0,0.34031346,0
0,0.3817819,0
1,0.65982676,1
1,0.5918467,1
1,0.7819044,1
0,0.84613425,1
1,0.5691767,1
0,0.724233,1
1,0.7541378,1
1,0.76741254,1
1,0.76460147,1
1,0.7195999,1
1,0.7176076,1
1,0.7099721,1
0,0.45444128,0
0,0.6328152,1
1,0.75942975,1
1,0.90362096,1
0,0.85043633,1
1,0.97175086,1
1,0.8672331,1
1,0.88024515,1
1,0.9074178,1
1,0.9415373,1
1,0.85846436,1
1,0.8658394,1
1,0.85575914,1
1,0.7921031,1
1,0.86253506,1
1,0.8694134,1
1,0.9119607,1
0,0.8029178,1
1,0.902244,1
1,0.9231482,1
1,0.9155225,1
1,0.9189885,1
1,0.86236227,1
1,0.8029318,1
1,0.91106844,1
1,0.868882,1
1,0.91817915,1
1,0.8167473,1
1,0.90966684,1
1,0.8183394,1
0,0.88766706,1
1,0.7759964,1
1,0.8184288,1
0,0.8794486,1
1,0.8285909,1
1,0.8301128,1
1,0.8230612,1
0,0.80033255,1
1,0.718391,1
1,0.7558419,1
1,0.81906945,1
0,0.8360392,1
1,0.7579437,1
1,0.6072571,1
0,0.7004264,1
0,0.6070126,1
0,0.69802,1
0,0.7037456,1
1,0.7663733,1
1,0.6402485,1
1,0.60353094,1
1,0.58912635,1
0,0.52130216,1
0,0.400639,0
1,0.743037,1
1,0.7436625,1
1,0.788339,1
1,0.82972354,1
1,0.79900974,1
1,0.8156102,1
0,0.7861712,1
1,0.7594597,1
1,0.78332657,1
0,0.8184449,1
1,0.8258814,1
1,0.82973355,1
1,0.81683344,1
1,0.89005584,1
1,0.8338986,1
0,0.8181509,1
1,0.8713941,1
0,0.878389,1
0,0.8493308,1
0,0.9164369,1
0,0.42884588,0
0,0.26080945,0
0,0.6417181,1
0,0.35388473,0
0,0.35296118,0
0,0.36616656,0
0,0.3503169,0
0,0.7072699,1
0,0.35165566,0
0,0.4386447,0
0,0.47598904,0
0,0.39961603,0
0,0.2531018,0
0,0.3961427,0
0,0.41158977,0
0,0.47644332,0
0,0.6873802,1
0,0.42969486,0
1,0.34491065,0
0,0.26013458,0
1,0.34279397,0
0,0.55873245,1
0,0.36665702,0
1,0.76641023,1
0,0.7482159,1
1,0.8222236,1
0,0.8916151,1
1,0.82323295,1
1,0.7950436,1
1,0.7744435,1
0,0.76066387,1
1,0.7775068,1
1,0.7925359,1
0,0.83069086,1
0,0.31807673,0
0,0.32309678,0
0,0.34280264,0
1,0.8726156,1
1,0.8098265,1
1,0.83424085,1
1,0.61944073,1
0,0.6869215,1
1,0.5768547,1
0,0.73433846,1
1,0.69876826,1
1,0.6249277,1
1,0.74448913,1
0,0.74616677,1
1,0.7615411,1
0,0.706814,1
1,0.73409283,1
0,0.6699738,1
1,0.735789,1
0,0.6017443,1
0,0.7174259,1
0,0.2874502,0
0,0.4035565,0
0,0.37989655,0
0,0.55277336,1
0,0.2833927,0
0,0.33504814,0
0,0.3296018,0
0,0.38292116,0
0,0.25525472,0
0,0.26305985,0
0,0.31300938,0
0,0.32047313,0
0,0.339106,0
0,0.33259088,0
0,0.41325203,0
0,0.4453326,0
1,0.96856314,1
1,0.93047094,1
0,0.4261049,0
0,0.40700772,0
0,0.3429393,0
0,0.37343878,0
0,0.268265,0
0,0.24620323,0
0,0.6033372,1
0,0.4717403,0
0,0.38515934,0
0,0.6334645,1
0,0.22160862,0
0,0.35244828,0
0,0.49165317,0
0,0.11472566,0
0,0.41557834,0
0,0.32579023,0
0,0.5549522,1
0,0.3363576,0
0,0.84021205,1
0,0.34637094,0
0,0.16809559,0
0,0.35536578,0
0,0.34663475,0
0,0.5776568,1
0,0.27985674,0
0,0.7938199,1
1,0.65243554,1
1,0.3335707,0
1,0.61103755,1
1,0.7031671,1
1,0.6393471,1
1,0.6572313,1
0,0.69628674,1
1,0.6633477,1
1,0.5881982,1
1,0.51895136,1
1,0.6101467,1
1,0.7461,1
0,0.7675986,1
1,0.7562115,1
1,0.7036959,1
1,0.6573879,1
0,0.77521,1
0,0.7369524,1
1,0.7542406,1
0,0.76514035,1
0,0.793051,1
0,0.86646336,1
1,0.8521026,1
0,0.88400865,1
1,0.69001985,1
1,0.77265394,1
1,0.7914947,1
1,0.84409565,1
1,0.6975695,1
1,0.7127579,1
1,0.88175195,1
1,0.741082,1
1,0.66331184,1
1,0.7079896,1
0,0.40525302,0
0,0.25320262,0
0,0.29044405,0
0,0.37705845,0
0,0.36496037,0
0,0.34394443,0
0,0.19978653,0
0,0.374074,0
0,0.56790835,1
0,0.55177134,1
0,0.37821382,0
0,0.30699956,0
0,0.4951871,0
0,0.41599908,0
0,0.602887,1
0,0.46063113,0
0,0.21322976,0
0,0.20793033,0
0,0.22543128,0
0,0.32975614,0
0,0.38617665,0
0,0.24574748,0
0,0.305832,0
0,0.2915825,0
0,0.3215228,0
0,0.27293736,0
0,0.3094062,0
0,0.28111157,0
1,0.3022802,0
0,0.3011848,0
1,0.46102795,0
0,0.3852542,0
0,0.43406668,0
1,0.27619243,0
1,0.34883878,0
1,0.7328459,1
1,0.635069,1
1,0.6568387,1
1,0.7981377,1
0,0.15312983,0
1,0.8282626,1
1,0.70947826,1
1,0.8108344,1
1,0.81272966,1
0,0.21768102,0
1,0.3312458,0
1,0.17901427,0
0,0.51663244,1
1,0.35353374,0
0,0.27396053,0
0,0.46647424,0
0,0.4256232,0
0,0.6194877,1
0,0.24747513,0
0,0.25259253,0
0,0.547927,1
0,0.104461774,0
0,0.6868469,1
0,0.33601624,0
0,0.6808791,1
0,0.36952493,0
0,0.33700797,0
0,0.38941738,0
0,0.3597156,0
0,0.25308663,0
0,0.13588037,0
0,0.28531876,0
0,0.38038516,0
0,0.30489773,0
0,0.16362788,0
0,0.45106736,0
0,0.5406416,1
0,0.30544838,0
0,0.40698788,0
0,0.38962966,0
0,0.5818179,1
0,0.60110027,1
0,0.40253663,0
0,0.37291706,0
0,0.32695428,0
0,0.28109148,0
0,0.5971985,1
0,0.35636422,0
0,0.25394952,0
0,0.21246131,0
0,0.34033564,0
0,0.46148497,0
1,0.50277895,1
1,0.6432705,1
0,0.7133233,1
1,0.41806334,0
1,0.81516606,1
1,0.8386445,1
1,0.8633559,1
0,0.8701924,1
0,0.8749149,1
1,0.82762164,1
1,0.881002,1
1,0.8803719,1
1,0.8948673,1
0,0.4684028,0
0,0.36560833,0
0,0.3780531,0
0,0.67447925,1
0,0.30399945,0
0,0.39870083,0
0,0.311709,0
0,0.30082822,0
0,0.3019937,0
0,0.3322209,0
0,0.318597,0
0,0.26692843,0
0,0.36297232,0
0,0.3073738,0
1,0.76164246,1
0,0.7450468,1
1,0.70248073,1
0,0.90922165,1
1,0.74608445,1
1,0.8350442,1
1,0.78146356,1
1,0.75960344,1
1,0.7735057,1
1,0.88469815,1
1,0.78174007,1
1,0.7625556,1
0,0.8287787,1
0,0.5393951,1
0,0.38106188,0
0,0.32009315,0
0,0.86245775,1
0,0.15129414,0
0,0.49481824,0
0,0.2710931,0
0,0.5454039,1
0,0.27692202,0
0,0.31582642,0
0,0.28903505,0
0,0.34551466,0
0,0.17753495,0
0,0.33754778,0
0,0.3461026,0
0,0.27296442,0
0,0.6839913,1
0,0.32277924,0
0,0.47922513,0
0,0.3201371,0
0,0.33169353,0
0,0.3227892,0
0,0.39464116,0
0,0.35949543,0
0,0.32988092,0
0,0.2900768,0
0,0.46274954,0
0,0.18162683,0
0,0.45467746,0
0,0.48005304,0
0,0.43030605,0
0,0.2044626,0
0,0.5529882,1
0,0.5480468,1
0,0.25152227,0
0,0.3855261,0
0,0.5168998,1
0,0.4562154,0
1,0.6944533,1
0,0.7335298,1
1,0.8468208,1
1,0.7876643,1
1,0.76621604,1
1,0.9102468,1
0,0.7347846,1
1,0.8816816,1
1,0.8300053,1
1,0.82353693,1
1,0.8331531,1
0,0.619793,1
1,0.6799021,1
0,0.5451601,1
0,0.4417732,0
1,0.7849973,1
1,0.5004442,1
1,0.90029126,1
1,0.8924605,1
1,0.8913858,1
1,0.85561854,1
1,0.94191813,1
1,0.85274404,1
1,0.866175,1
1,0.8395476,1
1,0.73502964,1
0,0.6801986,1
1,0.6615227,1
1,0.67499834,1
1,0.71613073,1
1,0.65130615,1
1,0.66972095,1
1,0.71875095,1
0,0.742302,1
1,0.716068,1
1,0.7804807,1
0,0.69598794,1
0,0.7946883,1
0,0.67101973,1
0,0.73053557,1
0,0.7116744,1
1,0.78002435,1
1,0.6665562,1
0,0.7063235,1
1,0.77209413,1
1,0.7166921,1
0,0.6883178,1
1,0.77147037,1
1,0.89032894,1
0,0.86398405,1
0,0.80475867,1
1,0.80701363,1
1,0.85138226,1
1,0.86694247,1
1,0.84735554,1
0,0.8625476,1
0,0.27519485,0
0,0.36986238,0
0,0.34761086,0
0,0.36299542,0
0,0.31508797,0
0,0.2476077,0
0,0.3019329,0
0,0.44071212,0
0,0.24215607,0
0,0.21085715,0
0,0.31009555,0
0,0.21170874,0
0,0.3274732,0
0,0.32194117,0
0,0.222506,0
0,0.31942353,0
0,0.6541238,1
0,0.3316211,0
0,0.26585162,0
0,0.2492843,0
0,0.3224647,0
0,0.831987,1
0,0.4469704,0
0,0.3193232,0
0,0.5192456,1
0,0.31672356,0
0,0.39947912,0
0,0.31898457,0
0,0.39637643,0
0,0.3724068,0
0,0.24994828,0
0,0.2163247,0
0,0.21840374,0
0,0.18852262,0
0,0.35771903,0
0,0.5140693,1
0,0.42608404,0
0,0.34462646,0
0,0.29248637,0
0,0.6415134,1
0,0.3275582,0
0,0.37728956,0
0,0.33425447,0
0,0.20682645,0
0,0.33414194,0
0,0.3767066,0
0,0.29693082,0
0,0.585937,1
1,0.5191137,1
1,0.4723162,0
1,0.52773386,1
0,0.31700256,0
0,0.76781434,1
1,0.68950826,1
0,0.41881105,0
0,0.39843965,0
0,0.31043786,0
0,0.22781076,0
0,0.3996873,0
0,0.39212722,0
0,0.7946539,1
0,0.2831627,0
0,0.31327078,0
0,0.2622793,0
0,0.067888536,0
0,0.5536277,1
0,0.60503244,1
1,0.66846424,1
0,0.7110569,1
1,0.5252974,1
0,0.5249033,1
0,0.6724745,1
1,0.7372682,1
1,0.694847,1
1,0.73092276,1
1,0.6777552,1
1,0.43463272,0
1,0.7457974,1
1,0.63414466,1
1,0.76432556,1
1,0.7932714,1
0,0.60875946,1
0,0.34214664,0
0,0.36770698,0
1,0.77977693,1
1,0.7079546,1
0,0.6188042,1
0,0.64201474,1
0,0.6200647,1
0,0.39006838,0
0,0.40675446,0
0,0.44986555,0
0,0.40182468,0
0,0.44546455,0
0,0.31856433,0
0,0.48725197,0
0,0.4567537,0
1,0.88971776,1
0,0.7328433,1
0,0.8339316,1
1,0.744279,1
1,0.45715234,0
1,0.8208959,1
1,0.8252642,1
1,0.8101663,1
1,0.8741819,1
1,0.7934816,1
0,0.8098776,1
1,0.84431773,1
1,0.92799646,1
1,0.8487735,1
1,0.8967924,1
1,0.84675884,1
1,0.89373916,1
1,0.83734936,1
1,0.78755325,1
0,0.33273324,0
0,0.55447114,1
1,0.78269243,1
1,0.6777247,1
1,0.64016354,1
0,0.7634162,1
1,0.37643275,0
0,0.30918533,0
0,0.3946023,0
1,0.44310132,0
0,0.42642462,0
0,0.29994825,0
0,0.69062036,1
0,0.1875443,0
0,0.2662325,0
0,0.42092654,0
0,0.49147543,0
0,0.3019309,0
0,0.3558025,0
0,0.34433547,0
0,0.36408406,0
0,0.28414357,0
0,0.43793792,0
0,0.44473153,0
0,0.47388566,0
0,0.6194412,1
0,0.5040654,1
0,0.34668002,0
0,0.315001,0
0,0.29488906,0
1,0.33987948,0
1,0.3319097,0
0,0.38217878,0
0,0.34703416,0
0,0.40998143,0
0,0.3644574,0
1,0.32846582,0
1,0.34925574,0
1,0.39021304,0
1,0.61826086,1
1,0.70448095,1
0,0.60143334,1
1,0.33010647,0
0,0.4618839,0
0,0.41416043,0
0,0.30773905,0
0,0.38564128,0
0,0.78987837,1
0,0.34607017,0
0,0.40108797,0
0,0.477875,0
0,0.35056886,0
0,0.051935628,0
0,0.12234035,0
0,0.36940777,0
0,0.31088346,0
0,0.37060946,0
1,0.85533506,1
0,0.47042373,0
0,0.3907481,0
0,0.13143934,0
0,0.42351058,0
0,0.4042203,0
0,0.30643657,0
0,0.20347546,0
0,0.3239791,0
0,0.37265357,0
0,0.28255188,0
0,0.3680616,0
0,0.40424615,0
0,0.53281474,1
0,0.3296953,0
0,0.43336964,0
0,0.33719984,0
0,0.31482238,0
0,0.3694788,0
0,0.40599954,0
0,0.3139878,0
0,0.28662392,0
0,0.38100484,0
0,0.3563853,0
0,0.40633622,0
0,0.3784557,0
0,0.46038324,0
0,0.32902834,0
0,0.21507932,0
0,0.28892866,0
0,0.21341987,0
0,0.83484185,1
0,0.3241231,0
0,0.32919627,0
0,0.26168004,0
0,0.27914473,0
0,0.36676538,0
0,0.48392847,0
0,0.35565662,0
0,0.3460357,0
0,0.32033753,0
0,0.31087002,0
0,0.30599207,0
0,0.3020128,0
0,0.4757571,0
0,0.348713,0
0,0.22386119,0
0,0.15197717,0
0,0.3202744,0
0,0.3342205,0
0,0.17381966,0
0,0.5360624,1
0,0.27666882,0
0,0.08177416,0
0,0.2798088,0
0,0.08002578,0
0,0.19196008,0
0,0.35454458,0
0,0.3831103,0
0,0.21638049,0
0,0.40259522,0
0,0.4073038,0
0,0.28403044,0
0,0.31786123,0
0,0.3341416,0
0,0.4663986,0
0,0.3346663,0
0,0.14068145,0
0,0.3767824,0
0,0.39213762,0
1,0.28929055,0
1,0.26421547,0
0,0.20027316,0
0,0.3093169,0
0,0.5289118,1
0,0.20347235,0
0,0.317664,0
0,0.44867408,0
0,0.5102706,1
0,0.44347396,0
0,0.33204657,0
0,0.37775245,0
0,0.33078656,0
0,0.57193625,1
0,0.51569414,1
0,0.21730897,0
0,0.2881656,0
0,0.46101254,0
0,0.29392642,0
0,0.3502247,0
0,0.393755,0
0,0.2879737,0
0,0.3207037,0
0,0.24188878,0
0,0.3805481,0
0,0.5655999,1
0,0.3356977,0
0,0.43516448,0
0,0.38097802,0
1,0.59417224,1
1,0.65538496,1
1,0.84303814,1
1,0.7700887,1
0,0.83602667,1
0,0.8958357,1
0,0.8764661,1
1,0.92738265,1
1,0.7549289,1
0,0.7800752,1
0,0.71755105,1
1,0.8268833,1
1,0.552895,1
0,0.29794177,0
1,0.34863138,0
0,0.47230712,0
1,0.78470004,1
1,0.8348207,1
1,0.74670446,1
1,0.31893587,0
0,0.64685863,1
0,0.3692305,0
0,0.33097425,0
0,0.37427565,0
0,0.3307399,0
0,0.34200996,0
0,0.31375268,0
0,0.40740073,0
0,0.3388099,0
0,0.3207724,0
0,0.21711649,0
0,0.3553813,0
0,0.25398338,0
0,0.3633292,0
0,0.7374674,1
0,0.35275695,0
0,0.32429472,0
0,0.6182883,1
0,0.32849932,0
0,0.1698704,0
0,0.1313872,0
1,0.61442673,1
1,0.83469063,1
1,0.8451093,1
1,0.8139298,1
0,0.83869916,1
1,0.8057208,1
1,0.9078523,1
1,0.765097,1
1,0.73585624,1
1,0.7631384,1
1,0.8098717,1
0,0.7695005,1
0,0.7240939,1
1,0.8114012,1
1,0.7491054,1
0,0.6975425,1
0,0.81551915,1
0,0.7235575,1
0,0.7464973,1
0,0.6982771,1
1,0.19746868,0
1,0.1106879,0
0,0.1595527,0
0,0.14201526,0
0,0.1570121,0
0,0.3467314,0
0,0.27603853,0
0,0.16354004,0
0,0.39068997,0
0,0.3682989,0
0,0.30250186,0
0,0.44435775,0
0,0.41118178,0
0,0.32579812,0
0,0.3412765,0
0,0.3930734,0
0,0.33523986,0
0,0.38328746,0
0,0.4391657,0
0,0.21285732,0
0,0.22077231,0
1,0.7100242,1
0,0.61413544,1
1,0.8112978,1
1,0.676936,1
1,0.75618356,1
1,0.7879434,1
0,0.6089219,1
1,0.80389154,1
1,0.86082053,1
1,0.7239365,1
1,0.60320175,1
1,0.5640687,1
1,0.764873,1
1,0.78990793,1
1,0.76489514,1
1,0.81208736,1
1,0.8273478,1
1,0.87388605,1
1,0.8396867,1
0,0.7613408,1
0,0.8611667,1
1,0.8550041,1
1,0.87090987,1
1,0.8630497,1
1,0.8247652,1
1,0.7954903,1
1,0.88656324,1
1,0.8677104,1
0,0.8490886,1
0,0.8930895,1
1,0.8440819,1
0,0.7550905,1
0,0.8283838,1
0,0.79525596,1
1,0.8197706,1
1,0.86277574,1
0,0.65082383,1
1,0.8295973,1
1,0.510913,1
1,0.6986584,1
1,0.7667749,1
1,0.74719906,1
1,0.7869005,1
0,0.6942215,1
1,0.78330153,1
1,0.8464267,1
1,0.7965353,1
1,0.83215743,1
1,0.8182218,1
1,0.8415363,1
1,0.80948687,1
0,0.85287994,1
0,0.8891701,1
0,0.91326284,1
1,0.8586526,1
1,0.82587916,1
1,0.84458965,1
1,0.8389228,1
0,0.8776233,1
0,0.83575547,1
1,0.8492726,1
1,0.8602484,1
0,0.90173346,1
0,0.20420836,0
0,0.110041805,0
0,0.38342,0
0,0.31758073,0
0,0.4821814,0
0,0.53967106,1
0,0.41272464,0
0,0.3627793,0
0,0.33397678,0
0,0.46852466,0
0,0.8557052,1
0,0.3569739,0
0,0.27755764,0
0,0.4181988,0
0,0.9866419,1
0,0.29329738,0
0,0.23590897,0
0,0.42680985,0
0,0.55443597,1
0,0.11277094,0
0,0.48940492,0
0,0.3078024,0
0,0.37810257,0
0,0.36002547,0
0,0.23787822,0
0,0.35363868,0
0,0.44745433,0
0,0.3063119,0
0,0.4474794,0
1,0.7552536,1
0,0.29694876,0
0,0.48044884,0
1,0.54187596,1
0,0.42764953,0
0,0.09030939,0
0,0.3531971,0
0,0.304623,0
0,0.33345622,0
0,0.8029348,1
0,0.33879682,0
0,0.27204186,0
0,0.48247153,0
0,0.6278553,1
0,0.35458443,0
0,0.3184186,0
0,0.36697853,0
0,0.5514487,1
1,0.44789138,0
0,0.33358318,0
0,0.33743337,0
0,0.5465391,1
0,0.30495423,0
0,0.37963164,0
0,0.74699944,1
0,0.47151244,0
0,0.46664613,0
0,0.5900179,1
0,0.4490744,0
0,0.59462005,1
0,0.3567742,0
0,0.46252176,0
0,0.3781501,0
0,0.23727494,0
0,0.39630902,0
0,0.7337254,1
0,0.45348132,0
0,0.5210211,1
0,0.5834706,1
0,0.33025023,0
0,0.39449078,0
0,0.35479847,0
0,0.34667882,0
0,0.29590505,0
0,0.32965654,0
0,0.36462244,0
0,0.4352441,0
0,0.334699,0
0,0.31892735,0
0,0.37460294,0
0,0.2821399,0
0,0.31360346,0
0,0.48077586,0
0,0.32322174,0
0,0.3814324,0
0,0.39408284,0
0,0.67758316,1
0,0.3244411,0
0,0.33722395,0
0,0.30655876,0
0,0.3111786,0
0,0.64654934,1
0,0.37627965,0
0,0.32409427,0
0,0.57445735,1
0,0.21864702,0
0,0.84107006,1
0,0.3516561,0
0,0.33268172,0
0,0.34430617,0
0,0.32330063,0
0,0.29099777,0
0,0.30401698,0
0,0.32550842,0
0,0.35338962,0
0,0.33050805,0
0,0.35163006,0
0,0.23116383,0
0,0.7370435,1
0,0.37094262,0
0,0.31544238,0
0,0.3594142,0
0,0.47330672,0
0,0.36094987,0
0,0.42230886,0
0,0.19359063,0
0,0.24249205,0
0,0.26086566,0
0,0.26751956,0
0,0.35749766,0
0,0.3124594,0
0,0.08009921,0
0,0.044324003,0
0,0.058035556,0
0,0.085499085,0
0,0.11585873,0
0,0.18260916,0
0,0.029980855,0
