true_label,prob_s2,pred_s2
1,0.5120955,1
1,0.582504,1
1,0.76847595,1
1,0.5243405,1
1,0.62991816,1
1,0.5146447,1
1,0.37951946,0
1,0.45415553,0
0,0.65474516,1
1,0.8725413,1
1,0.7965765,1
1,0.6486335,1
1,0.9022758,1
1,0.8142855,1
1,0.550898,1
1,0.7224654,1
0,0.67548865,1
1,0.71335787,1
1,0.8027286,1
1,0.7339314,1
1,0.72036904,1
1,0.73093116,1
0,0.8468593,1
0,0.86003673,1
0,0.81350505,1
0,0.8083832,1
1,0.8246087,1
0,0.7592961,1
1,0.7772955,1
1,0.7310351,1
1,0.6671523,1
1,0.2631041,0
1,0.5473968,1
1,0.63145405,1
1,0.5329481,1
1,0.6810783,1
1,0.67445713,1
1,0.706216,1
1,0.6049277,1
1,0.77300227,1
1,0.75490814,1
1,0.8850352,1
1,0.9158605,1
1,0.9012164,1
1,0.89763975,1
1,0.7588569,1
0,0.69207805,1
1,0.76241857,1
1,0.7357364,1
1,0.5427508,1
1,0.71044576,1
1,0.44246843,0
1,0.47963592,0
1,0.6024447,1
1,0.68426985,1
1,0.71851194,1
1,0.7775528,1
0,0.6866677,1
0,0.70528173,1
1,0.78972864,1
0,0.79918134,1
1,0.8044468,1
1,0.73248494,1
0,0.63844895,1
0,0.7676373,1
0,0.71628726,1
1,0.77572006,1
1,0.8170072,1
1,0.61873055,1
1,0.78540045,1
1,0.7933029,1
1,0.7975742,1
1,0.60895044,1
1,0.7167801,1
0,0.81363094,1
0,0.81156147,1
1,0.84360665,1
0,0.80490124,1
1,0.7348203,1
1,0.6844807,1
0,0.8225972,1
1,0.7184482,1
1,0.67846954,1
1,0.7520064,1
1,0.8375615,1
1,0.8032789,1
1,0.7794669,1
1,0.81956494,1
1,0.7860918,1
1,0.8028723,1
1,0.832784,1
1,0.8050246,1
1,0.8108504,1
1,0.71475273,1
1,0.7060604,1
1,0.8411977,1
1,0.8132322,1
0,0.7577227,1
1,0.7891965,1
1,0.7993691,1
1,0.7016061,1
0,0.68053293,1
1,0.81308997,1
0,0.7405079,1
0,0.77778465,1
1,0.81578124,1
0,0.80839527,1
1,0.8288601,1
1,0.81026894,1
1,0.82777774,1
1,0.8435603,1
1,0.7830076,1
1,0.7072074,1
1,0.77083254,1
1,0.7502763,1
1,0.77780783,1
1,0.3129588,0
1,0.7507365,1
1,0.7858967,1
0,0.6653199,1
0,0.85930717,1
1,0.59058475,1
1,0.69303423,1
1,0.28503105,0
0,0.855232,1
1,0.7396511,1
1,0.7914785,1
1,0.8250505,1
1,0.8289402,1
1,0.8401097,1
1,0.7927656,1
1,0.77700526,1
1,0.8023793,1
1,0.7964883,1
1,0.76238644,1
1,0.83296514,1
1,0.70291185,1
1,0.82077754,1
1,0.85726756,1
1,0.8064699,1
1,0.75990975,1
1,0.70169616,1
1,0.7914949,1
1,0.81463635,1
1,0.7919821,1
1,0.7245971,1
1,0.71571106,1
1,0.8018992,1
1,0.8750214,1
1,0.85450995,1
1,0.8151351,1
1,0.8419849,1
1,0.8218379,1
1,0.7821961,1
1,0.80557084,1
0,0.8413996,1
1,0.84558284,1
1,0.83864206,1
0,0.83022743,1
1,0.8797061,1
1,0.8086484,1
1,0.86231434,1
1,0.79068744,1
1,0.88009083,1
1,0.8337952,1
1,0.90298295,1
0,0.87639004,1
0,0.858293,1
1,0.83309823,1
1,0.3761311,0
1,0.5869338,1
1,0.6430875,1
0,0.6799435,1
0,0.37031507,0
1,0.5424527,1
0,0.2888211,0
0,0.4524016,0
1,0.48747906,0
1,0.51204765,1
1,0.33144253,0
0,0.3716242,0
0,0.44280884,0
1,0.6982016,1
0,0.6325376,1
1,0.5121091,1
1,0.7959674,1
1,0.7987995,1
0,0.37029183,0
0,0.7569077,1
1,0.88758516,1
0,0.7524404,1
1,0.8169856,1
0,0.7868303,1
1,0.85550576,1
1,0.81869376,1
1,0.8030622,1
1,0.8467877,1
1,0.8597149,1
1,0.83709264,1
1,0.84150356,1
0,0.8077845,1
1,0.7972839,1
0,0.8452594,1
1,0.7782684,1
1,0.8677013,1
1,0.80968875,1
1,0.7489224,1
1,0.7943583,1
0,0.77311397,1
1,0.7877415,1
0,0.80159545,1
0,0.8184961,1
0,0.83246905,1
0,0.75965536,1
0,0.8479909,1
0,0.84353244,1
1,0.79462504,1
1,0.7152418,1
1,0.8120865,1
0,0.86354077,1
1,0.7479925,1
1,0.8260928,1
0,0.8087676,1
1,0.7113261,1
1,0.6909689,1
1,0.76052254,1
1,0.82028663,1
0,0.7824615,1
1,0.79877216,1
0,0.71199554,1
1,0.7611048,1
1,0.687325,1
1,0.7346944,1
1,0.6826761,1
1,0.83065426,1
1,0.7724405,1
1,0.8141902,1
0,0.7972761,1
1,0.83076996,1
0,0.83863914,1
1,0.75325954,1
0,0.7308566,1
1,0.85864264,1
1,0.78567547,1
0,0.80887544,1
0,0.76036835,1
1,0.8334085,1
1,0.7678322,1
1,0.7157646,1
1,0.82535833,1
1,0.8005285,1
0,0.690625,1
0,0.71723324,1
0,0.6573706,1
0,0.46484914,0
0,0.56132567,1
0,0.32662293,0
0,0.35569263,0
0,0.6079507,1
0,0.61051464,1
1,0.6998234,1
0,0.48030317,0
0,0.3128996,0
0,0.24568601,0
0,0.68255013,1
0,0.6967469,1
0,0.6057553,1
0,0.44535246,0
0,0.26329648,0
0,0.18533802,0
0,0.18494684,0
0,0.43577883,0
0,0.21490507,0
1,0.7545092,1
1,0.88818055,1
1,0.676188,1
1,0.38843903,0
0,0.9006001,1
1,0.87921214,1
1,0.94376004,1
1,0.94311607,1
1,0.94727683,1
1,0.92523134,1
1,0.95804197,1
1,0.8693873,1
1,0.9112454,1
1,0.92519164,1
1,0.88002086,1
1,0.8740651,1
1,0.8098907,1
1,0.9044881,1
0,0.86142635,1
1,0.8139494,1
1,0.8599573,1
0,0.86038125,1
1,0.84440833,1
1,0.89827466,1
1,0.84513944,1
1,0.7832609,1
1,0.83813804,1
1,0.83975667,1
1,0.9401945,1
1,0.9464934,1
1,0.89158314,1
0,0.9541051,1
1,0.9322251,1
1,0.89417833,1
0,0.8726869,1
1,0.89332104,1
1,0.9347882,1
0,0.92957103,1
1,0.8216629,1
1,0.88098407,1
1,0.8031375,1
1,0.84799033,1
1,0.85939133,1
0,0.87830156,1
1,0.8073007,1
1,0.601548,1
1,0.5210451,1
0,0.82000697,1
0,0.82518965,1
1,0.8364473,1
1,0.8248997,1
1,0.6898168,1
0,0.66386735,1
0,0.70412654,1
0,0.2549194,0
1,0.18501028,0
0,0.26229015,0
0,0.26984277,0
0,0.7941704,1
1,0.8856186,1
1,0.53710634,1
0,0.80602276,1
1,0.76194173,1
0,0.8671374,1
1,0.75372434,1
1,0.7279482,1
1,0.79852223,1
1,0.7911304,1
1,0.8456502,1
1,0.78909963,1
1,0.7312513,1
1,0.76085144,1
0,0.17356001,0
0,0.12421527,0
1,0.6904465,1
1,0.59044766,1
1,0.610179,1
1,0.62360054,1
1,0.5696758,1
1,0.63446164,1
0,0.57363874,1
1,0.30211854,0
0,0.33361518,0
1,0.6442562,1
1,0.6847198,1
0,0.68458194,1
1,0.7448595,1
1,0.8113856,1
0,0.47781226,0
0,0.594965,1
1,0.6507424,1
0,0.34994772,0
0,0.6660181,1
1,0.45150757,0
1,0.3381737,0
0,0.6672267,1
0,0.40183455,0
0,0.39883247,0
1,0.68179953,1
1,0.56401587,1
0,0.50504744,1
1,0.7547764,1
1,0.897642,1
1,0.91292185,1
1,0.8405281,1
1,0.6881546,1
1,0.72424346,1
0,0.73376155,1
0,0.5770609,1
0,0.6813602,1
0,0.56677985,1
0,0.49351454,0
1,0.52087474,1
0,0.6702251,1
1,0.60492283,1
0,0.7437474,1
1,0.67118186,1
1,0.6207204,1
1,0.7633851,1
1,0.8673094,1
0,0.8629854,1
1,0.63019776,1
1,0.7784506,1
0,0.4692099,0
1,0.70497483,1
1,0.66296554,1
1,0.73957455,1
0,0.65363795,1
0,0.39020643,0
1,0.33024594,0
0,0.48660246,0
1,0.5695198,1
0,0.6673769,1
1,0.8891099,1
1,0.9051475,1
1,0.9029068,1
1,0.7279945,1
1,0.46403491,0
0,0.3288044,0
0,0.4496134,0
1,0.849608,1
0,0.789631,1
1,0.82046604,1
1,0.8275349,1
1,0.7917776,1
1,0.8323609,1
1,0.8059171,1
1,0.8540689,1
0,0.80378944,1
0,0.8332371,1
0,0.8033413,1
1,0.82474697,1
1,0.83350736,1
1,0.88398504,1
1,0.89816946,1
1,0.7766115,1
1,0.84762806,1
1,0.8212583,1
1,0.73159957,1
1,0.7364693,1
1,0.7300298,1
1,0.78771317,1
1,0.76563704,1
1,0.73687726,1
1,0.86820364,1
1,0.8007087,1
1,0.6782172,1
1,0.7207359,1
1,0.6488269,1
1,0.6543386,1
0,0.5626957,1
1,0.77755994,1
1,0.5351126,1
1,0.7470458,1
1,0.5173383,1
1,0.5949278,1
0,0.58654374,1
1,0.7073155,1
1,0.36815315,0
0,0.5070406,1
0,0.6753439,1
1,0.50840783,1
0,0.50218505,1
1,0.5760847,1
1,0.56472915,1
0,0.5703603,1
1,0.53700393,1
1,0.38318554,0
1,0.70021385,1
1,0.6449107,1
1,0.70046663,1
0,0.5411614,1
1,0.53191715,1
0,0.49718967,0
0,0.53830063,1
1,0.7169712,1
1,0.4231165,0
0,0.67596376,1
0,0.24515727,0
0,0.09617245,0
0,0.2855209,0
0,0.22334586,0
1,0.16343625,0
0,0.16945492,0
0,0.41988504,0
0,0.4129983,0
0,0.18022254,0
0,0.36574095,0
0,0.38574886,0
0,0.7832342,1
1,0.33958706,0
0,0.08795631,0
0,0.28200412,0
0,0.413775,0
0,0.3757551,0
1,0.6838296,1
1,0.3638364,0
0,0.5717647,1
0,0.34627563,0
0,0.7618403,1
1,0.7886522,1
0,0.7606043,1
0,0.6876541,1
1,0.6742922,1
0,0.3991955,0
0,0.299598,0
1,0.24529913,0
1,0.3079758,0
0,0.77862173,1
1,0.77907366,1
1,0.72226506,1
0,0.75414205,1
1,0.73028976,1
1,0.65113366,1
1,0.83241993,1
1,0.7696455,1
1,0.7776887,1
1,0.8084757,1
0,0.7548818,1
1,0.38241494,0
1,0.545002,1
1,0.39308843,0
1,0.5123952,1
0,0.66715604,1
0,0.5402866,1
0,0.45091733,0
0,0.72685003,1
0,0.6623162,1
1,0.6367963,1
1,0.7603051,1
0,0.3605536,0
1,0.40527922,0
1,0.40382972,0
0,0.37892166,0
1,0.38100442,0
1,0.36471587,0
1,0.5418446,1
0,0.11921857,0
0,0.5826836,1
1,0.732905,1
0,0.28869337,0
0,0.59841716,1
0,0.52928984,1
0,0.6670753,1
1,0.74820757,1
1,0.62039834,1
1,0.4137634,0
1,0.6532543,1
1,0.75397235,1
0,0.6596575,1
0,0.67471224,1
0,0.66018283,1
1,0.76948947,1
0,0.74942535,1
1,0.6907196,1
0,0.7217251,1
0,0.71850026,1
0,0.7267819,1
1,0.6975374,1
1,0.76425976,1
1,0.55090445,1
1,0.8147234,1
1,0.7871445,1
1,0.74611807,1
0,0.74081516,1
1,0.5962825,1
0,0.7853138,1
1,0.7686193,1
1,0.8087781,1
1,0.78907335,1
1,0.81321675,1
1,0.79950684,1
1,0.78428084,1
0,0.7565074,1
1,0.7493205,1
0,0.77973986,1
0,0.7478524,1
1,0.59797084,1
0,0.63400185,1
1,0.66715,1
0,0.6433735,1
1,0.9020959,1
0,0.7361387,1
0,0.8099513,1
0,0.65459466,1
1,0.75985473,1
1,0.8856262,1
1,0.7018528,1
1,0.71997964,1
1,0.83033115,1
1,0.8935575,1
0,0.5922175,1
1,0.7070298,1
1,0.2670488,0
1,0.54644275,1
0,0.65940917,1
0,0.81864256,1
1,0.7621765,1
1,0.78287023,1
0,0.7703249,1
1,0.42318514,0
1,0.77064073,1
1,0.87708724,1
0,0.7576296,1
1,0.65951097,1
1,0.7815518,1
0,0.6863643,1
0,0.47447518,0
1,0.7956081,1
1,0.71875566,1
1,0.71743923,1
1,0.84091085,1
0,0.6233264,1
0,0.8788539,1
1,0.7862072,1
0,0.41661766,0
0,0.5829306,1
1,0.8523846,1
1,0.87094223,1
1,0.7998891,1
1,0.8028232,1
1,0.75692713,1
1,0.7339237,1
1,0.73101443,1
1,0.71102506,1
1,0.6447722,1
1,0.8808176,1
1,0.6289103,1
1,0.59898007,1
0,0.7879634,1
1,0.8049671,1
1,0.7826371,1
1,0.76115024,1
1,0.67050487,1
1,0.86073226,1
1,0.8770119,1
0,0.87819415,1
1,0.4041226,0
1,0.6057409,1
1,0.59363025,1
1,0.53974026,1
1,0.67490095,1
0,0.11667285,0
0,0.21815757,0
1,0.6533292,1
1,0.75121826,1
1,0.7918881,1
1,0.8012795,1
1,0.7760996,1
1,0.840026,1
1,0.8214383,1
1,0.8038086,1
1,0.8304547,1
1,0.7865566,1
1,0.80427444,1
1,0.82467735,1
0,0.46868366,0
0,0.8468008,1
1,0.8003947,1
1,0.84052914,1
1,0.7120826,1
1,0.7686495,1
0,0.22251748,0
1,0.36375293,0
1,0.8768552,1
1,0.86781096,1
0,0.26580268,0
0,0.5355284,1
0,0.388614,0
0,0.31023505,0
0,0.080729306,0
0,0.06339336,0
0,0.36346644,0
0,0.13008831,0
0,0.20222007,0
0,0.33580643,0
0,0.057450414,0
0,0.07360895,0
0,0.04394839,0
1,0.35556328,0
1,0.8511465,1
1,0.323682,0
0,0.26306975,0
1,0.49509954,0
0,0.6724766,1
0,0.67740744,1
0,0.8810781,1
1,0.6352658,1
1,0.6770694,1
0,0.52686656,1
0,0.6073111,1
1,0.20792624,0
1,0.8610345,1
1,0.85178673,1
1,0.8434472,1
1,0.69421417,1
0,0.21264695,0
0,0.3948186,0
1,0.40543577,0
1,0.49653926,0
0,0.49695686,0
1,0.64474154,1
0,0.48864603,0
1,0.7178589,1
1,0.3621496,0
1,0.33337978,0
1,0.88888586,1
1,0.86729944,1
0,0.3526953,0
0,0.31534362,0
0,0.34225374,0
0,0.5485523,1
1,0.2865337,0
0,0.23388147,0
1,0.30658242,0
0,0.084752984,0
1,0.21293128,0
1,0.28677166,0
1,0.3441958,0
1,0.69668204,1
0,0.52783036,1
1,0.80068207,1
1,0.18267928,0
1,0.27266163,0
0,0.49127224,0
1,0.5268156,1
0,0.52428585,1
1,0.6588705,1
1,0.68145424,1
1,0.6285451,1
1,0.6848418,1
1,0.593309,1
1,0.56561875,1
1,0.5051103,1
0,0.5213802,1
1,0.448202,0
1,0.54261357,1
0,0.43416038,0
1,0.69337964,1
1,0.7784358,1
1,0.8301618,1
0,0.833011,1
1,0.8352842,1
1,0.8747118,1
1,0.7820928,1
1,0.7294954,1
1,0.75164783,1
1,0.7441332,1
1,0.6990023,1
1,0.7198395,1
1,0.57700175,1
1,0.72889596,1
1,0.74493015,1
1,0.6843613,1
1,0.61221564,1
0,0.5452179,1
1,0.6398607,1
1,0.6926305,1
0,0.17995068,0
0,0.25427327,0
0,0.07039179,0
0,0.36281452,0
0,0.15644814,0
1,0.36189908,0
0,0.22744511,0
1,0.1879173,0
1,0.49360362,0
0,0.6921539,1
1,0.7906115,1
1,0.7612684,1
1,0.7901025,1
1,0.7418772,1
0,0.75718355,1
1,0.8608277,1
0,0.7353707,1
0,0.77586097,1
0,0.80971426,1
1,0.772755,1
0,0.78993046,1
1,0.6522512,1
1,0.59794676,1
0,0.85143375,1
1,0.7693801,1
1,0.74111664,1
0,0.75686616,1
0,0.8348325,1
1,0.7310898,1
1,0.7052364,1
1,0.8228763,1
0,0.81957287,1
1,0.8320206,1
1,0.77250767,1
1,0.3636318,0
0,0.296937,0
0,0.26581478,0
1,0.30315772,0
0,0.510821,1
0,0.32927138,0
1,0.5616312,1
1,0.72167337,1
0,0.43546954,0
0,0.5465669,1
1,0.5363142,1
0,0.4782272,0
1,0.52491,1
0,0.36822438,0
0,0.24712114,0
0,0.10305155,0
0,0.35380888,0
1,0.4934611,0
0,0.46249095,0
1,0.43290085,0
1,0.58412504,1
1,0.6979174,1
1,0.7916661,1
1,0.4851423,0
1,0.83335555,1
1,0.701281,1
1,0.54527175,1
0,0.4694497,0
1,0.2868172,0
0,0.22654329,0
0,0.47251287,0
0,0.52614623,1
0,0.47380316,0
0,0.6036573,1
0,0.45948157,0
1,0.59331113,1
1,0.5894908,1
1,0.41933262,0
1,0.37063435,0
1,0.13602585,0
1,0.39427784,0
1,0.38943517,0
1,0.19484654,0
1,0.21030873,0
1,0.73334837,1
1,0.59918785,1
1,0.7926554,1
1,0.67897046,1
1,0.6755574,1
0,0.60674286,1
1,0.729899,1
0,0.6693934,1
1,0.63075274,1
1,0.50374514,1
0,0.6435864,1
0,0.94420904,1
1,0.78740764,1
0,0.82396454,1
0,0.835388,1
0,0.79058325,1
1,0.7799458,1
1,0.72860247,1
0,0.6962242,1
0,0.6615278,1
0,0.6985928,1
1,0.6961275,1
0,0.619326,1
1,0.640087,1
0,0.72291714,1
0,0.75513566,1
1,0.43232796,0
1,0.80776346,1
1,0.7216003,1
1,0.73074603,1
1,0.6795619,1
1,0.74142253,1
1,0.7012452,1
1,0.73593605,1
1,0.78405565,1
1,0.6156602,1
0,0.66491914,1
1,0.7346506,1
1,0.7926327,1
1,0.7597307,1
1,0.7941889,1
1,0.7965699,1
0,0.709405,1
0,0.69121176,1
1,0.6176112,1
1,0.74813426,1
1,0.73986775,1
1,0.74676514,1
1,0.78504634,1
0,0.7818201,1
1,0.72327787,1
1,0.7282018,1
1,0.66715425,1
1,0.6768892,1
1,0.7381842,1
0,0.66041696,1
1,0.6353228,1
1,0.6312672,1
1,0.7093089,1
0,0.7335223,1
1,0.72853166,1
0,0.7012754,1
0,0.7535368,1
0,0.7261126,1
1,0.7796568,1
0,0.7992992,1
0,0.7428222,1
0,0.31862584,0
0,0.19002022,0
0,0.117109895,0
0,0.095243394,0
1,0.0458092,0
0,0.2162487,0
0,0.0821178,0
1,0.11964742,0
0,0.105975546,0
0,0.22789116,0
1,0.24162464,0
1,0.13569248,0
1,0.5984317,1
1,0.3472954,0
1,0.20963977,0
0,0.21258596,0
1,0.79457855,1
0,0.67830366,1
1,0.8499147,1
1,0.7863956,1
1,0.79346997,1
1,0.7443624,1
1,0.8199428,1
1,0.7678496,1
0,0.75907075,1
0,0.8129382,1
1,0.8194209,1
1,0.79394495,1
1,0.81722933,1
0,0.6976027,1
1,0.7312999,1
1,0.77366257,1
1,0.7380306,1
1,0.7481826,1
1,0.8604308,1
1,0.69321346,1
0,0.7911013,1
1,0.7361989,1
1,0.75531304,1
1,0.78172666,1
1,0.92817724,1
1,0.8007377,1
1,0.78173316,1
0,0.80526817,1
1,0.8003469,1
1,0.68425864,1
1,0.7853907,1
0,0.74183303,1
1,0.75828487,1
1,0.73308754,1
0,0.81547844,1
0,0.78480715,1
1,0.82619774,1
0,0.77225035,1
1,0.7828617,1
1,0.6999393,1
1,0.57788175,1
1,0.69896555,1
1,0.49773756,0
0,0.5274536,1
1,0.6793034,1
1,0.52308476,1
1,0.6991811,1
1,0.44476667,0
1,0.87084043,1
1,0.86573154,1
1,0.7757198,1
1,0.7539023,1
0,0.6613495,1
1,0.31821623,0
0,0.53875417,1
1,0.28782284,0
0,0.5862885,1
1,0.7984982,1
1,0.40573403,0
0,0.6117679,1
1,0.60497886,1
0,0.750566,1
1,0.63780475,1
0,0.77550215,1
1,0.6343458,1
1,0.6105248,1
1,0.7189802,1
1,0.6835928,1
1,0.76731193,1
1,0.63990843,1
1,0.745779,1
1,0.67460257,1
0,0.67415357,1
1,0.68783724,1
1,0.82621133,1
0,0.7803479,1
0,0.7475865,1
1,0.83622444,1
1,0.8021068,1
0,0.8450002,1
0,0.8059073,1
1,0.66276544,1
1,0.83363974,1
1,0.8158366,1
0,0.84216315,1
1,0.72627974,1
1,0.76189244,1
1,0.85226065,1
1,0.81892055,1
1,0.8424588,1
1,0.9038584,1
1,0.87682724,1
1,0.9005074,1
1,0.86727273,1
1,0.7813657,1
1,0.84217215,1
1,0.9158153,1
1,0.8659475,1
1,0.8399737,1
0,0.89722586,1
1,0.8669231,1
1,0.8797787,1
0,0.8573027,1
1,0.8972183,1
1,0.89651537,1
1,0.877453,1
1,0.8892018,1
1,0.81228054,1
1,0.86607283,1
1,0.8722024,1
1,0.88045174,1
1,0.9174739,1
0,0.34061688,0
0,0.19712201,0
0,0.25642374,0
0,0.17657849,0
0,0.19270732,0
0,0.40990844,0
1,0.6622312,1
1,0.78877723,1
1,0.76640767,1
0,0.7308964,1
1,0.81449753,1
1,0.45937377,0
1,0.5870541,1
1,0.6993332,1
0,0.76088136,1
0,0.51486325,1
1,0.72787684,1
0,0.5830226,1
0,0.53401315,1
0,0.7384826,1
0,0.6601722,1
0,0.744734,1
0,0.5643853,1
1,0.7718169,1
0,0.54420674,1
0,0.58011526,1
0,0.518901,1
0,0.7384363,1
0,0.7348803,1
1,0.818812,1
1,0.5635454,1
0,0.7299437,1
0,0.6208605,1
1,0.73236626,1
0,0.5542826,1
1,0.75090647,1
0,0.60980004,1
1,0.763363,1
1,0.8073435,1
1,0.7284301,1
0,0.76564586,1
0,0.69299334,1
0,0.48730066,0
0,0.6653441,1
0,0.53790635,1
1,0.7501538,1
0,0.6510052,1
0,0.51175106,1
0,0.55412734,1
1,0.5336176,1
1,0.43337852,0
0,0.7363197,1
0,0.67063355,1
1,0.6955446,1
1,0.66240925,1
1,0.7948133,1
1,0.56324136,1
0,0.67182547,1
1,0.60330474,1
0,0.54279965,1
0,0.6359284,1
0,0.7186468,1
0,0.7251005,1
0,0.6305386,1
0,0.5171847,1
1,0.21744372,0
0,0.24929701,0
0,0.20192498,0
1,0.3004535,0
1,0.51747423,1
1,0.45624802,0
1,0.23731063,0
1,0.5519644,1
1,0.3191128,0
0,0.27512163,0
0,0.5836211,1
1,0.40017745,0
0,0.71689093,1
1,0.6498378,1
1,0.57606107,1
0,0.7321508,1
0,0.47534943,0
0,0.3966192,0
0,0.4893412,0
0,0.44020176,0
0,0.27602902,0
1,0.5655755,1
1,0.38537434,0
0,0.35832307,0
0,0.31817868,0
1,0.48175257,0
1,0.5119134,1
1,0.54329675,1
1,0.5298872,1
1,0.59104687,1
0,0.5632362,1
1,0.52570593,1
0,0.7337578,1
0,0.6710252,1
0,0.3666095,0
0,0.26142395,0
1,0.27936628,0
1,0.76951355,1
1,0.80799747,1
1,0.8545649,1
1,0.81982017,1
1,0.78706807,1
1,0.87308776,1
0,0.74181896,1
0,0.4837318,0
0,0.3866962,0
0,0.5900157,1
0,0.65206975,1
1,0.8314545,1
1,0.7828983,1
1,0.80215997,1
1,0.82358754,1
1,0.7890579,1
1,0.8060901,1
0,0.67869216,1
1,0.61368287,1
1,0.6988234,1
1,0.8143372,1
1,0.58744454,1
1,0.7671342,1
0,0.75665,1
1,0.6358947,1
1,0.72373986,1
1,0.8111027,1
1,0.65230423,1
1,0.8260548,1
1,0.87064564,1
1,0.8190586,1
1,0.84732497,1
1,0.86844957,1
1,0.6589315,1
0,0.6183125,1
0,0.05018226,0
0,0.5375676,1
0,0.8232372,1
1,0.7553278,1
1,0.7453212,1
1,0.73871326,1
1,0.7795831,1
1,0.5240182,1
1,0.5304871,1
1,0.76353925,1
1,0.701642,1
1,0.3394957,0
0,0.6614161,1
0,0.39692783,0
1,0.69100463,1
0,0.1800324,0
0,0.12599334,0
0,0.24881192,0
0,0.09521137,0
1,0.3575877,0
1,0.15372938,0
1,0.7233842,1
1,0.6313431,1
1,0.3852817,0
0,0.843933,1
1,0.8325628,1
1,0.77763015,1
0,0.60232675,1
1,0.6517403,1
1,0.24402747,0
0,0.25559667,0
0,0.6945333,1
1,0.7716441,1
0,0.8617292,1
1,0.8659597,1
1,0.6647778,1
0,0.7764824,1
0,0.35175264,0
1,0.72004837,1
0,0.5637795,1
1,0.7934572,1
0,0.5864626,1
0,0.32451922,0
1,0.61873895,1
0,0.6845278,1
1,0.46608981,0
1,0.654859,1
0,0.60401833,1
1,0.33425114,0
0,0.15573803,0
1,0.58718276,1
0,0.6530266,1
0,0.702231,1
0,0.66928786,1
0,0.5998205,1
0,0.532787,1
1,0.5387004,1
1,0.50150245,1
1,0.38562262,0
0,0.5121887,1
0,0.25482246,0
1,0.5508533,1
0,0.39628634,0
1,0.41791987,0
1,0.53634745,1
1,0.59557664,1
0,0.44847375,0
0,0.4387345,0
1,0.49841988,0
1,0.28940895,0
0,0.46490416,0
1,0.51854837,1
1,0.581746,1
1,0.45220387,0
1,0.6176406,1
1,0.5829802,1
1,0.77565414,1
0,0.76651245,1
0,0.58999133,1
0,0.55841863,1
1,0.24975294,0
0,0.212157,0
0,0.26972625,0
0,0.48626983,0
1,0.31776905,0
1,0.6417428,1
1,0.42831782,0
0,0.46126705,0
1,0.759478,1
1,0.73397374,1
0,0.6479623,1
1,0.74808633,1
0,0.70808685,1
1,0.7930945,1
0,0.7583174,1
1,0.719496,1
1,0.77230537,1
1,0.7843426,1
0,0.7226291,1
0,0.7502383,1
1,0.18946843,0
0,0.07788101,0
0,0.045163486,0
0,0.24566261,0
1,0.72701246,1
1,0.69478834,1
0,0.758045,1
0,0.7679329,1
1,0.8074079,1
0,0.7748852,1
1,0.78738016,1
1,0.80070114,1
0,0.7401817,1
1,0.8014972,1
1,0.76078784,1
1,0.8172066,1
1,0.7934541,1
1,0.7436314,1
1,0.79172057,1
1,0.78944093,1
1,0.80227566,1
1,0.7870371,1
1,0.8142671,1
0,0.8455989,1
1,0.78159577,1
0,0.7638205,1
1,0.76509315,1
0,0.78467506,1
0,0.76267076,1
1,0.7765926,1
0,0.71911097,1
0,0.75089216,1
0,0.78004706,1
1,0.7993591,1
1,0.7618247,1
1,0.7706064,1
1,0.7966138,1
0,0.74849474,1
1,0.79301876,1
1,0.81007993,1
0,0.7677812,1
1,0.75128853,1
1,0.8048462,1
1,0.79336077,1
0,0.80007786,1
1,0.7992233,1
0,0.8601131,1
1,0.8204463,1
1,0.8229373,1
1,0.80064404,1
1,0.79337823,1
1,0.8383529,1
1,0.8218709,1
1,0.7807441,1
0,0.79271096,1
0,0.8186451,1
1,0.8061067,1
1,0.8289604,1
1,0.787948,1
0,0.77102834,1
1,0.7623884,1
1,0.7381879,1
0,0.7499032,1
0,0.7421947,1
1,0.7596665,1
0,0.75134474,1
0,0.76035124,1
0,0.7887793,1
0,0.8061231,1
1,0.8138303,1
0,0.8064994,1
0,0.8009749,1
1,0.79884624,1
1,0.7643551,1
1,0.7762769,1
0,0.77435935,1
0,0.78773326,1
0,0.75355166,1
0,0.77373093,1
1,0.80653816,1
1,0.78937453,1
1,0.7609856,1
1,0.7330244,1
0,0.7180973,1
0,0.7355365,1
1,0.747017,1
1,0.78591454,1
1,0.7436092,1
0,0.7331972,1
0,0.7737734,1
0,0.81049484,1
0,0.7833132,1
1,0.8222565,1
0,0.8098022,1
1,0.80633885,1
1,0.7666668,1
0,0.78725994,1
0,0.8159356,1
0,0.7356002,1
0,0.80018634,1
1,0.8044279,1
1,0.8009125,1
1,0.81373495,1
1,0.75049204,1
1,0.779818,1
1,0.77901274,1
0,0.72978675,1
1,0.79866487,1
1,0.77003187,1
1,0.7520017,1
0,0.7701601,1
0,0.7653039,1
1,0.7575981,1
0,0.72720605,1
1,0.7759053,1
1,0.7936017,1
0,0.79501295,1
1,0.7793718,1
1,0.6681883,1
0,0.85377634,1
0,0.79858005,1
1,0.77444494,1
1,0.73326415,1
1,0.78034484,1
1,0.7155615,1
0,0.69181305,1
0,0.7063952,1
1,0.7824545,1
0,0.8038868,1
1,0.7885179,1
0,0.80890846,1
0,0.81294256,1
1,0.8559366,1
1,0.8002449,1
1,0.7990176,1
0,0.8291398,1
0,0.8234571,1
0,0.77358305,1
0,0.83249015,1
0,0.8202623,1
1,0.8177062,1
1,0.56498325,1
0,0.73402,1
0,0.3406413,0
0,0.71958154,1
0,0.13671373,0
0,0.23345846,0
1,0.55728555,1
0,0.42877284,0
0,0.314958,0
1,0.80715847,1
1,0.7069599,1
1,0.70103246,1
1,0.6600721,1
1,0.75760037,1
1,0.8252439,1
1,0.8009551,1
1,0.8251206,1
1,0.84065676,1
1,0.78703487,1
0,0.85671,1
1,0.70939803,1
1,0.71583533,1
0,0.8548813,1
1,0.8489174,1
1,0.71424305,1
1,0.8419597,1
1,0.83928496,1
1,0.84434193,1
1,0.8391745,1
1,0.8594988,1
1,0.62787366,1
1,0.8744466,1
1,0.83403003,1
1,0.8258736,1
1,0.83789384,1
1,0.7785646,1
1,0.86082137,1
1,0.8729782,1
1,0.8574653,1
1,0.41462097,0
0,0.7476366,1
1,0.6086228,1
0,0.708699,1
1,0.5024826,1
1,0.6629807,1
0,0.8141432,1
1,0.6994792,1
1,0.71897846,1
0,0.72138906,1
0,0.75269866,1
1,0.42929807,0
1,0.635247,1
0,0.5664204,1
1,0.7001969,1
1,0.70369136,1
1,0.7413448,1
1,0.77603465,1
0,0.65905833,1
1,0.7417378,1
1,0.71416044,1
0,0.7509582,1
0,0.72111946,1
0,0.7136481,1
0,0.7366672,1
1,0.75790733,1
1,0.6752429,1
1,0.64072806,1
0,0.6612605,1
0,0.67940015,1
1,0.75336003,1
0,0.772259,1
1,0.81474626,1
1,0.7680619,1
1,0.7941255,1
1,0.83180434,1
1,0.8670874,1
1,0.750497,1
1,0.7260355,1
1,0.8417037,1
1,0.68490034,1
1,0.7686623,1
1,0.6680171,1
0,0.21060349,0
1,0.59294814,1
1,0.7527913,1
1,0.7830837,1
1,0.77134424,1
1,0.79143715,1
0,0.7508599,1
0,0.50322086,1
1,0.7134036,1
1,0.8379884,1
1,0.6275021,1
1,0.39539877,0
1,0.43413687,0
1,0.47458807,0
0,0.8103315,1
0,0.54950595,1
1,0.8833625,1
1,0.6761862,1
1,0.4569113,0
1,0.65751845,1
1,0.5537526,1
0,0.70431685,1
0,0.69804245,1
0,0.5818169,1
0,0.5757071,1
1,0.5693668,1
0,0.596299,1
1,0.66538113,1
1,0.5946828,1
0,0.8425962,1
1,0.83647186,1
1,0.6737723,1
0,0.7451377,1
1,0.8540379,1
1,0.8180057,1
1,0.82352567,1
1,0.83444345,1
1,0.3681346,0
1,0.27807105,0
0,0.40291777,0
1,0.72778827,1
1,0.6831236,1
1,0.78953576,1
1,0.73350024,1
1,0.80645496,1
1,0.74163306,1
1,0.70641905,1
1,0.71680945,1
1,0.61477697,1
0,0.65196097,1
1,0.39288783,0
0,0.64932275,1
1,0.51762384,1
1,0.7613177,1
0,0.8240363,1
1,0.79714304,1
1,0.75009817,1
1,0.80594087,1
0,0.4703217,0
1,0.7716207,1
0,0.7580414,1
1,0.82144207,1
0,0.758256,1
1,0.8059585,1
1,0.79935324,1
0,0.58500004,1
1,0.7583941,1
1,0.5933637,1
1,0.8217598,1
0,0.32469738,0
0,0.3982595,0
1,0.380898,0
0,0.40504605,0
1,0.3806273,0
1,0.38878635,0
1,0.38250265,0
1,0.316887,0
1,0.80818903,1
0,0.7646965,1
0,0.7835783,1
0,0.75700533,1
1,0.81192917,1
1,0.80289125,1
1,0.87410897,1
1,0.86582303,1
1,0.74832326,1
1,0.73460543,1
1,0.8502268,1
1,0.8666713,1
1,0.8672226,1
1,0.8296209,1
1,0.7961736,1
0,0.81605136,1
1,0.8509469,1
0,0.75870496,1
1,0.87198305,1
1,0.8569089,1
1,0.81271046,1
1,0.873746,1
1,0.84124887,1
1,0.82547325,1
1,0.8572621,1
1,0.87499475,1
1,0.40919217,0
1,0.8254042,1
1,0.84371877,1
0,0.81193274,1
0,0.8338437,1
1,0.88360727,1
0,0.86521196,1
1,0.896259,1
1,0.8211817,1
1,0.8135727,1
1,0.75102735,1
1,0.7955234,1
1,0.7813383,1
1,0.76936775,1
0,0.75443447,1
1,0.78215045,1
0,0.771313,1
1,0.7893984,1
1,0.77284616,1
1,0.79620725,1
0,0.7896441,1
0,0.78089875,1
1,0.77632886,1
1,0.7877216,1
1,0.7957841,1
1,0.85061985,1
1,0.8591759,1
0,0.83486325,1
1,0.77812487,1
0,0.5804471,1
0,0.6223343,1
0,0.6266555,1
0,0.4840615,0
0,0.4729252,0
1,0.5354709,1
1,0.61356837,1
1,0.6720033,1
1,0.43883368,0
1,0.60480714,1
1,0.54432255,1
1,0.66036445,1
1,0.3865121,0
1,0.84104955,1
0,0.7685186,1
1,0.56950593,1
1,0.65720725,1
1,0.6537827,1
0,0.7667592,1
0,0.737235,1
1,0.6696082,1
1,0.5796439,1
1,0.6925734,1
0,0.81112736,1
1,0.5573408,1
1,0.5379945,1
0,0.8061837,1
1,0.782301,1
1,0.8032635,1
1,0.5664446,1
1,0.739628,1
1,0.7730034,1
1,0.78685004,1
1,0.8309464,1
1,0.86411035,1
1,0.7502041,1
0,0.8198814,1
0,0.83342654,1
0,0.8261128,1
1,0.8530783,1
1,0.8475527,1
1,0.87662774,1
1,0.8584344,1
1,0.8376567,1
1,0.840805,1
1,0.85977507,1
1,0.8804898,1
1,0.8622672,1
1,0.85916394,1
1,0.87516904,1
1,0.8452906,1
1,0.8776495,1
1,0.8341681,1
1,0.83864033,1
1,0.82729685,1
1,0.8668989,1
1,0.8218392,1
0,0.85543317,1
1,0.84265614,1
1,0.855715,1
1,0.8013799,1
1,0.8175851,1
1,0.77043366,1
0,0.7727173,1
0,0.8022251,1
1,0.8176775,1
1,0.790157,1
1,0.8453543,1
1,0.82346237,1
1,0.81657624,1
0,0.7763368,1
1,0.84688264,1
1,0.76863605,1
1,0.4246177,0
1,0.6974889,1
0,0.669787,1
0,0.59923357,1
0,0.6334386,1
1,0.5228014,1
0,0.16893283,0
1,0.37753353,0
0,0.4237404,0
0,0.4245375,0
0,0.05328488,0
0,0.055991188,0
0,0.20760545,0
0,0.6389659,1
0,0.09375851,0
1,0.41708803,0
1,0.24566947,0
0,0.09938054,0
0,0.15429522,0
1,0.40322426,0
1,0.776298,1
1,0.6897133,1
0,0.59999293,1
0,0.6095582,1
0,0.76625663,1
1,0.6890868,1
1,0.57556593,1
0,0.57167226,1
1,0.726387,1
1,0.5530993,1
1,0.771084,1
0,0.7437829,1
0,0.8012411,1
0,0.8050585,1
1,0.7739228,1
0,0.80761755,1
1,0.76628697,1
0,0.7631835,1
1,0.84067875,1
1,0.7254985,1
1,0.73863477,1
1,0.7074166,1
1,0.8061145,1
1,0.7829094,1
1,0.8081386,1
0,0.7940921,1
1,0.75011224,1
1,0.7587537,1
1,0.8178838,1
1,0.79376525,1
1,0.7681975,1
1,0.79676926,1
0,0.8027259,1
0,0.7831008,1
1,0.8440703,1
1,0.75368124,1
1,0.844465,1
0,0.8135776,1
1,0.81723464,1
1,0.80110276,1
1,0.78753334,1
0,0.7816106,1
1,0.8092421,1
1,0.7480856,1
1,0.6916991,1
0,0.80931824,1
1,0.760086,1
0,0.7656793,1
0,0.70678675,1
1,0.7914253,1
0,0.7505585,1
1,0.79771644,1
1,0.7844082,1
1,0.79317427,1
1,0.80489093,1
1,0.7598217,1
0,0.7795945,1
0,0.7543521,1
0,0.77732056,1
0,0.8130471,1
1,0.7262129,1
0,0.8129072,1
0,0.79484606,1
1,0.73932815,1
0,0.7752219,1
0,0.7504128,1
1,0.7391004,1
0,0.76692533,1
1,0.7866865,1
0,0.8444241,1
0,0.7509164,1
0,0.66387165,1
0,0.676285,1
1,0.85494846,1
0,0.7795968,1
1,0.879245,1
1,0.77026373,1
1,0.81523544,1
1,0.71476966,1
1,0.76841164,1
1,0.7142636,1
1,0.6540003,1
0,0.6690408,1
0,0.7687372,1
1,0.72823566,1
1,0.7146999,1
0,0.7578011,1
1,0.800731,1
0,0.80456924,1
1,0.8302304,1
0,0.13988365,0
1,0.7757762,1
1,0.7229971,1
0,0.69045895,1
0,0.26548815,0
0,0.16029114,0
0,0.41006774,0
1,0.48660907,0
1,0.80026007,1
0,0.2869323,0
0,0.44625092,0
0,0.360578,0
0,0.092511445,0
0,0.29375276,0
1,0.42577535,0
0,0.2693012,0
0,0.4121025,0
0,0.23735458,0
1,0.39551473,0
1,0.27263755,0
1,0.3757273,0
0,0.38423586,0
1,0.73026836,1
1,0.7606493,1
1,0.4847643,0
1,0.22077152,0
0,0.34263715,0
0,0.23228543,0
0,0.33154568,0
0,0.47209972,0
1,0.5753123,1
0,0.15347686,0
0,0.40121093,0
1,0.79505956,1
1,0.83345467,1
1,0.8827224,1
1,0.825266,1
1,0.5931737,1
0,0.2284482,0
0,0.10796451,0
0,0.26901406,0
0,0.39217865,0
0,0.46097505,0
0,0.5141809,1
1,0.44315645,0
0,0.41094857,0
1,0.475552,0
0,0.46702105,0
1,0.32352203,0
1,0.41047361,0
0,0.5647849,1
0,0.5509586,1
1,0.5370992,1
1,0.4730571,0
0,0.4243477,0
1,0.7297781,1
1,0.8315358,1
1,0.8455945,1
0,0.8378816,1
1,0.76941913,1
1,0.69557726,1
1,0.701507,1
0,0.3769266,0
0,0.3861955,0
1,0.23605965,0
1,0.46103826,0
1,0.67570394,1
1,0.73372114,1
1,0.7322848,1
0,0.6747833,1
1,0.8023168,1
0,0.255457,0
0,0.3635774,0
1,0.6616328,1
1,0.8681222,1
1,0.79953444,1
1,0.86702025,1
1,0.63638437,1
1,0.7593747,1
0,0.7112336,1
0,0.802936,1
0,0.7581366,1
0,0.8511342,1
1,0.76972795,1
1,0.80479497,1
1,0.7775769,1
1,0.67961484,1
1,0.81926745,1
1,0.6550623,1
1,0.46473128,0
1,0.6493611,1
0,0.6560023,1
0,0.32692596,0
0,0.6343306,1
0,0.33265156,0
0,0.57390887,1
1,0.8469401,1
0,0.6433324,1
0,0.65477145,1
0,0.5798777,1
1,0.26328886,0
0,0.784752,1
1,0.8109635,1
0,0.7374819,1
0,0.44230655,0
0,0.6988101,1
1,0.76068455,1
0,0.6712893,1
0,0.5320305,1
0,0.4314745,0
0,0.737787,1
1,0.35203004,0
0,0.66136044,1
1,0.74632204,1
1,0.3203208,0
0,0.49121556,0
0,0.769002,1
0,0.5738985,1
0,0.42011747,0
1,0.67524636,1
1,0.4027936,0
1,0.8348017,1
1,0.76639515,1
1,0.7042774,1
0,0.2798214,0
1,0.8028365,1
0,0.09276982,0
0,0.58522403,1
0,0.31458074,0
0,0.5711282,1
1,0.20549028,0
1,0.76570773,1
0,0.7120922,1
1,0.6595753,1
1,0.66715634,1
1,0.64836305,1
1,0.6562431,1
1,0.63416153,1
0,0.39188635,0
1,0.44962063,0
1,0.5610931,1
0,0.5632481,1
0,0.64055586,1
1,0.62225163,1
1,0.5400777,1
1,0.6353744,1
1,0.7049607,1
1,0.6759228,1
0,0.13623528,0
1,0.1696721,0
1,0.30263022,0
1,0.31557557,0
0,0.1446793,0
1,0.6633019,1
1,0.66837573,1
1,0.79102117,1
1,0.66385716,1
1,0.8400163,1
0,0.86150616,1
0,0.81371135,1
1,0.8516898,1
1,0.9183426,1
1,0.8718839,1
1,0.86455655,1
1,0.8871098,1
1,0.9208076,1
1,0.88915884,1
1,0.8378619,1
1,0.8514745,1
1,0.8488657,1
1,0.86899185,1
1,0.8087656,1
1,0.8043694,1
0,0.79241174,1
0,0.84754914,1
1,0.8900791,1
1,0.86176175,1
1,0.83907944,1
1,0.8464744,1
1,0.87388825,1
1,0.802612,1
1,0.75719285,1
1,0.807742,1
1,0.8838246,1
0,0.84109,1
0,0.8454187,1
1,0.17106761,0
0,0.33915132,0
0,0.3826329,0
0,0.320802,0
0,0.24578394,0
1,0.3374144,0
0,0.40592706,0
0,0.16013299,0
0,0.20401506,0
0,0.30810535,0
1,0.44850674,0
1,0.33305684,0
0,0.3374381,0
0,0.3867097,0
1,0.31407496,0
0,0.35042676,0
0,0.45796454,0
1,0.2856309,0
0,0.37385485,0
0,0.42577374,0
0,0.7955444,1
0,0.7752132,1
0,0.7696053,1
1,0.684134,1
1,0.80636525,1
1,0.7845367,1
1,0.76316184,1
1,0.79440194,1
1,0.8250157,1
0,0.39554775,0
1,0.83088565,1
1,0.8088576,1
1,0.5860657,1
1,0.80519694,1
1,0.8454899,1
1,0.9020184,1
1,0.9482973,1
1,0.8753174,1
1,0.78652906,1
1,0.46765378,0
1,0.69738835,1
1,0.80253595,1
1,0.844544,1
1,0.8657317,1
1,0.5399751,1
1,0.77385855,1
1,0.78412044,1
0,0.7387117,1
1,0.7780569,1
1,0.80713207,1
0,0.829639,1
1,0.7201497,1
0,0.72096103,1
0,0.58928925,1
1,0.8063181,1
1,0.81275016,1
0,0.86088985,1
0,0.7857623,1
0,0.7738683,1
0,0.66292316,1
0,0.6347464,1
1,0.6385993,1
1,0.70214504,1
1,0.7886488,1
1,0.7977376,1
1,0.5327092,1
0,0.40485653,0
0,0.36070588,0
1,0.42229682,0
0,0.07981324,0
0,0.11341383,0
0,0.33231127,0
0,0.3726169,0
1,0.785519,1
1,0.82101583,1
1,0.6947352,1
0,0.7661274,1
1,0.73469514,1
1,0.73342526,1
1,0.7773565,1
0,0.7524538,1
0,0.7129998,1
0,0.6271404,1
1,0.666892,1
1,0.38663793,0
1,0.71484244,1
1,0.7645862,1
1,0.7742875,1
1,0.8142398,1
1,0.68368095,1
1,0.7681926,1
1,0.71598214,1
1,0.49954396,0
1,0.46464264,0
1,0.5793803,1
0,0.53891695,1
0,0.50098026,1
1,0.51996285,1
0,0.65390754,1
0,0.75330615,1
1,0.6119949,1
0,0.639191,1
0,0.68771535,1
0,0.53230554,1
0,0.6930796,1
1,0.64710087,1
0,0.68496466,1
1,0.54295474,1
0,0.7095377,1
1,0.80505514,1
1,0.7086707,1
0,0.7268061,1
1,0.7872824,1
1,0.741711,1
0,0.7790513,1
1,0.79575175,1
1,0.7605555,1
1,0.74984586,1
1,0.76127636,1
1,0.80556387,1
1,0.7828412,1
0,0.78732836,1
0,0.7938523,1
0,0.804725,1
0,0.79631525,1
0,0.76734865,1
0,0.7590022,1
1,0.7781601,1
1,0.7179207,1
1,0.7872943,1
1,0.6816331,1
1,0.48336583,0
0,0.47016603,0
1,0.20910303,0
1,0.49623862,0
0,0.19448185,0
1,0.68945235,1
1,0.65411603,1
1,0.70486104,1
1,0.644497,1
1,0.7775437,1
1,0.71783495,1
1,0.6082108,1
1,0.7743996,1
1,0.75495917,1
1,0.85946757,1
1,0.78776205,1
0,0.74644685,1
1,0.7937595,1
1,0.74943095,1
0,0.6412914,1
1,0.75909007,1
1,0.80966836,1
1,0.7899925,1
1,0.8208229,1
0,0.7954238,1
0,0.19041787,0
0,0.08800527,0
1,0.70812255,1
0,0.50195634,1
1,0.7919968,1
1,0.5980725,1
1,0.5925216,1
1,0.13603865,0
1,0.60774267,1
1,0.19359028,0
0,0.5579296,1
0,0.23723012,0
0,0.6943444,1
1,0.6327053,1
0,0.4211919,0
0,0.24420074,0
0,0.29749596,0
1,0.35445976,0
1,0.27036348,0
0,0.33874717,0
0,0.61219865,1
0,0.5359045,1
0,0.36123157,0
0,0.33534375,0
0,0.3710806,0
0,0.2353589,0
1,0.7901519,1
1,0.64401495,1
1,0.71791345,1
1,0.6445945,1
1,0.792178,1
1,0.7709779,1
1,0.7548139,1
1,0.58386725,1
0,0.33048463,0
0,0.39911783,0
1,0.75140864,1
1,0.8138788,1
1,0.82062566,1
1,0.6656048,1
1,0.7235607,1
0,0.16141036,0
1,0.46193865,0
1,0.7921834,1
0,0.10991484,0
0,0.35399875,0
1,0.5705496,1
1,0.26220125,0
0,0.18078198,0
1,0.268078,0
1,0.63516694,1
1,0.7037987,1
0,0.3635516,0
0,0.23563823,0
0,0.19223763,0
1,0.8631079,1
0,0.7753151,1
0,0.74282813,1
0,0.73734295,1
1,0.8110358,1
1,0.79160744,1
1,0.78070897,1
1,0.7656655,1
1,0.8485931,1
1,0.7979446,1
1,0.8208335,1
0,0.75862926,1
1,0.7642482,1
0,0.7920993,1
1,0.80614704,1
1,0.84207195,1
1,0.4746378,0
0,0.7317064,1
1,0.5596196,1
0,0.32702947,0
1,0.65573436,1
0,0.55016226,1
1,0.7068926,1
1,0.670547,1
1,0.89220446,1
0,0.66651666,1
1,0.76870114,1
1,0.850754,1
1,0.82186955,1
0,0.8159711,1
0,0.84074956,1
0,0.40717158,0
1,0.7178925,1
0,0.6288981,1
0,0.864343,1
0,0.73512965,1
0,0.8335679,1
1,0.75414824,1
0,0.6873532,1
1,0.73418206,1
0,0.71145743,1
1,0.6835654,1
1,0.7766918,1
1,0.7896743,1
0,0.6712467,1
1,0.70322585,1
0,0.5079454,1
1,0.7160415,1
1,0.76072145,1
0,0.6345556,1
0,0.79232734,1
1,0.77769357,1
1,0.7582881,1
1,0.80709755,1
1,0.78775245,1
1,0.7537039,1
1,0.8082174,1
1,0.8256101,1
1,0.77589417,1
1,0.83710164,1
1,0.81274694,1
1,0.854931,1
1,0.8069498,1
1,0.7735959,1
1,0.7223876,1
1,0.82623476,1
1,0.8559991,1
1,0.8695049,1
1,0.76951915,1
1,0.7370012,1
1,0.8201016,1
1,0.7517155,1
1,0.71228135,1
1,0.81706285,1
1,0.7781443,1
1,0.77219033,1
0,0.37402984,0
0,0.78508073,1
1,0.70938015,1
0,0.3254759,0
0,0.3679495,0
0,0.41541237,0
0,0.3434485,0
1,0.41181132,0
0,0.45591748,0
0,0.41994712,0
0,0.3786885,0
0,0.29659507,0
0,0.39626136,0
0,0.30562797,0
0,0.2713817,0
1,0.22290523,0
1,0.3535638,0
1,0.57787526,1
0,0.8489671,1
0,0.6171711,1
1,0.61719346,1
1,0.9076569,1
1,0.91770256,1
1,0.86658996,1
1,0.8540819,1
1,0.8316863,1
1,0.69258004,1
1,0.71282893,1
0,0.6652906,1
0,0.66620797,1
1,0.71234167,1
1,0.6574628,1
0,0.6210923,1
1,0.6440293,1
1,0.69615626,1
1,0.6853086,1
0,0.70585537,1
1,0.5823994,1
1,0.8590512,1
1,0.8622071,1
1,0.8620526,1
0,0.58119094,1
1,0.864923,1
1,0.80255365,1
0,0.83238864,1
1,0.86964446,1
1,0.6624003,1
1,0.6502353,1
1,0.80054474,1
0,0.77595544,1
0,0.74663633,1
0,0.7444929,1
1,0.8514927,1
1,0.76332337,1
0,0.6563457,1
1,0.7336659,1
1,0.7051966,1
1,0.69748205,1
1,0.7201154,1
0,0.69313985,1
1,0.73882854,1
1,0.628686,1
0,0.6557702,1
1,0.740548,1
1,0.7482539,1
1,0.36538374,0
0,0.48933882,0
1,0.8562984,1
1,0.5046567,1
1,0.16064858,0
0,0.34813926,0
0,0.38865218,0
0,0.19174285,0
0,0.70261055,1
0,0.5086853,1
1,0.19682851,0
1,0.6929595,1
1,0.71234196,1
1,0.7680902,1
1,0.76466256,1
1,0.8163061,1
1,0.80193454,1
1,0.7614434,1
1,0.8660071,1
1,0.8609857,1
1,0.8589254,1
1,0.7593062,1
1,0.87558603,1
1,0.8330204,1
0,0.8565231,1
1,0.84261805,1
1,0.85644025,1
0,0.73421735,1
1,0.8255913,1
1,0.85388404,1
1,0.8928477,1
1,0.7043253,1
0,0.78984255,1
1,0.78175986,1
1,0.51881045,1
1,0.5780894,1
1,0.69273585,1
0,0.77505463,1
1,0.7397556,1
0,0.47851133,0
1,0.58312625,1
1,0.38769913,0
1,0.70496386,1
1,0.5397374,1
1,0.60246176,1
0,0.35446307,0
1,0.3149722,0
1,0.6507316,1
1,0.4033187,0
1,0.6095662,1
1,0.65834385,1
1,0.38150302,0
1,0.2237853,0
0,0.18256316,0
0,0.2059469,0
0,0.27627054,0
0,0.2578138,0
1,0.31874394,0
1,0.55266607,1
0,0.1591094,0
0,0.44292977,0
0,0.05907988,0
0,0.07727675,0
0,0.2854893,0
0,0.13518569,0
1,0.46413484,0
1,0.46959046,0
1,0.6123065,1
1,0.16106418,0
1,0.7722436,1
0,0.36225647,0
1,0.34010327,0
0,0.38995987,0
0,0.26961163,0
0,0.33052358,0
1,0.30121028,0
0,0.44792536,0
1,0.78690165,1
1,0.8705897,1
1,0.83349,1
1,0.7411773,1
1,0.84611666,1
0,0.21641,0
0,0.5987014,1
1,0.7147956,1
1,0.81356806,1
1,0.78721434,1
1,0.81773925,1
1,0.68221176,1
1,0.548196,1
1,0.5379925,1
1,0.7343085,1
1,0.67440635,1
0,0.7847458,1
1,0.7355593,1
0,0.64369375,1
1,0.91203165,1
1,0.4612035,0
0,0.74057764,1
1,0.7532091,1
0,0.80186176,1
0,0.8039878,1
0,0.8155777,1
1,0.39133093,0
1,0.71907914,1
0,0.86675346,1
1,0.84572417,1
1,0.9012444,1
0,0.8946296,1
1,0.87456864,1
1,0.8922244,1
0,0.47791517,0
0,0.42229798,0
0,0.49244288,0
0,0.5051658,1
0,0.54300255,1
1,0.5019672,1
1,0.4615589,0
0,0.6053625,1
1,0.42174748,0
0,0.44380066,0
1,0.27979058,0
1,0.3275224,0
1,0.4883642,0
0,0.6263325,1
0,0.76998967,1
1,0.958604,1
1,0.80892533,1
1,0.9504879,1
1,0.85124946,1
1,0.9156916,1
1,0.6046881,1
0,0.7226339,1
1,0.63620424,1
0,0.79384524,1
0,0.66319925,1
0,0.38883212,0
1,0.720861,1
0,0.8276363,1
1,0.7378507,1
1,0.95051634,1
1,0.7996748,1
1,0.90527815,1
1,0.6967871,1
1,0.926946,1
1,0.8817137,1
1,0.8130342,1
1,0.88397974,1
1,0.8286313,1
1,0.819142,1
1,0.8689773,1
1,0.87552947,1
1,0.9261381,1
1,0.9148694,1
0,0.8228527,1
1,0.8822068,1
1,0.9181396,1
1,0.84487987,1
1,0.85833687,1
1,0.80515534,1
0,0.6943671,1
0,0.72531444,1
0,0.54327965,1
0,0.5312698,1
1,0.5566911,1
1,0.73305154,1
1,0.737913,1
0,0.49529517,0
0,0.38370746,0
0,0.38759327,0
0,0.30409858,0
0,0.5465984,1
0,0.8284928,1
1,0.8104136,1
1,0.7997673,1
0,0.81904995,1
0,0.6597314,1
0,0.8762242,1
1,0.13086443,0
0,0.4023587,0
0,0.23870447,0
0,0.43088722,0
1,0.42282647,0
0,0.21621124,0
0,0.6859803,1
0,0.68528163,1
1,0.66083765,1
1,0.7066336,1
0,0.63536775,1
1,0.78817004,1
1,0.75522286,1
0,0.42503363,0
1,0.48733836,0
1,0.48991245,0
1,0.36362413,0
1,0.110916324,0
0,0.60582966,1
0,0.27899763,0
1,0.40834427,0
0,0.46899176,0
0,0.6031963,1
0,0.34555218,0
0,0.7216916,1
1,0.5919823,1
0,0.41345084,0
1,0.60205376,1
0,0.3868738,0
0,0.5383842,1
0,0.50949526,1
1,0.50087935,1
0,0.5867479,1
1,0.39311305,0
0,0.46813947,0
1,0.36180386,0
0,0.3527887,0
1,0.23387313,0
1,0.65393525,1
1,0.47572768,0
0,0.45709375,0
1,0.4708174,0
0,0.22954892,0
0,0.51798457,1
1,0.6620071,1
0,0.3214602,0
0,0.46780822,0
0,0.4188412,0
1,0.45285055,0
0,0.44546276,0
0,0.5307859,1
1,0.78474766,1
1,0.90146804,1
1,0.608414,1
1,0.52802795,1
1,0.5396931,1
0,0.5822658,1
0,0.75868684,1
1,0.7619842,1
0,0.58572704,1
1,0.85981715,1
1,0.8649782,1
1,0.84590125,1
1,0.81613374,1
1,0.79985577,1
1,0.8560406,1
0,0.83179545,1
1,0.84687805,1
1,0.87908936,1
1,0.8670233,1
0,0.86021197,1
1,0.8379176,1
1,0.83725923,1
1,0.8471395,1
0,0.85784876,1
0,0.80611473,1
0,0.814035,1
0,0.8902944,1
1,0.8758363,1
1,0.8630374,1
1,0.62567663,1
1,0.72308415,1
1,0.8066505,1
1,0.7003176,1
1,0.78455,1
1,0.7603767,1
1,0.81860137,1
1,0.7997026,1
0,0.79311967,1
1,0.8451882,1
1,0.84595925,1
1,0.76925427,1
0,0.7599453,1
1,0.81026196,1
1,0.7478794,1
1,0.78067493,1
1,0.80529356,1
1,0.8193906,1
1,0.80626726,1
1,0.74505484,1
1,0.77983266,1
1,0.8043146,1
1,0.8137372,1
1,0.78844583,1
1,0.80199945,1
1,0.82593614,1
1,0.8367224,1
1,0.8452924,1
1,0.84019715,1
1,0.80992734,1
1,0.8059592,1
1,0.8365304,1
1,0.81784296,1
1,0.78422654,1
1,0.80006295,1
1,0.8118189,1
1,0.81311727,1
1,0.83398914,1
1,0.7678284,1
1,0.8402434,1
1,0.83967924,1
1,0.8126769,1
0,0.78386784,1
1,0.8554003,1
1,0.7241677,1
1,0.7135143,1
1,0.8006069,1
1,0.76864016,1
1,0.74912035,1
1,0.8011085,1
1,0.71068764,1
1,0.82980907,1
0,0.69655037,1
1,0.9428004,1
1,0.90671086,1
0,0.759977,1
0,0.7594014,1
0,0.69214016,1
1,0.7035937,1
0,0.73568517,1
0,0.7666792,1
1,0.86873305,1
1,0.7047445,1
1,0.68584055,1
1,0.8330895,1
1,0.8949227,1
0,0.7408552,1
1,0.8588718,1
1,0.83474094,1
0,0.7496493,1
1,0.7148486,1
1,0.6793427,1
1,0.8394851,1
1,0.76397085,1
1,0.7296572,1
0,0.2428203,0
1,0.45377505,0
0,0.49487317,0
1,0.47932428,0
1,0.09248868,0
1,0.46227273,0
1,0.5144163,1
1,0.84622604,1
1,0.3210698,0
1,0.14162405,0
0,0.29811972,0
1,0.58077693,1
1,0.4421605,0
0,0.6811296,1
1,0.18558037,0
1,0.41300324,0
0,0.45648652,0
0,0.36811522,0
1,0.15360947,0
0,0.13879049,0
1,0.5857702,1
1,0.7957733,1
1,0.7460655,1
0,0.7028118,1
1,0.5452234,1
1,0.5954528,1
1,0.6463468,1
1,0.6812738,1
0,0.47539288,0
0,0.383389,0
1,0.65879995,1
1,0.22861767,0
1,0.47576347,0
1,0.8587689,1
0,0.7404389,1
1,0.42909744,0
0,0.2526308,0
0,0.6194368,1
0,0.57112503,1
0,0.4571308,0
0,0.3874066,0
0,0.1664081,0
1,0.48740786,0
1,0.6911465,1
0,0.86204624,1
0,0.60262275,1
1,0.51259613,1
0,0.71062505,1
1,0.71869785,1
1,0.9019017,1
1,0.5045668,1
1,0.46086913,0
1,0.48313677,0
1,0.5610646,1
0,0.38879976,0
1,0.6818263,1
1,0.63582736,1
1,0.6800107,1
1,0.39495748,0
1,0.5918234,1
1,0.35954028,0
0,0.4580251,0
1,0.51130503,1
1,0.57549816,1
0,0.25678852,0
0,0.34525192,0
1,0.6301577,1
1,0.4498656,0
0,0.38598558,0
0,0.6331541,1
1,0.65839446,1
0,0.37971598,0
0,0.43820742,0
1,0.67798656,1
1,0.77103275,1
1,0.7809926,1
1,0.7276311,1
1,0.5705932,1
1,0.52365714,1
1,0.5943378,1
0,0.344396,0
1,0.50098825,1
0,0.4823474,0
1,0.49709246,0
1,0.6245515,1
1,0.7144717,1
1,0.67269737,1
1,0.777521,1
1,0.890575,1
1,0.78408873,1
0,0.58148617,1
0,0.5685304,1
1,0.69265723,1
1,0.7083348,1
1,0.49568146,0
1,0.77144593,1
1,0.69262415,1
1,0.7205506,1
1,0.8513304,1
0,0.7591231,1
0,0.69108653,1
1,0.72349334,1
1,0.7099615,1
0,0.6925115,1
1,0.56367296,1
1,0.76403713,1
1,0.6004523,1
0,0.45392567,0
1,0.73765767,1
1,0.606074,1
0,0.7175708,1
1,0.6831729,1
0,0.25054634,0
1,0.6517569,1
1,0.5860511,1
1,0.44032386,0
1,0.26714045,0
1,0.56571686,1
0,0.5404032,1
0,0.47970834,0
0,0.2786234,0
0,0.72611165,1
1,0.7720117,1
0,0.69818306,1
0,0.7540068,1
1,0.5394382,1
1,0.31419736,0
0,0.7456534,1
0,0.5172064,1
0,0.27275017,0
1,0.34101507,0
0,0.4764658,0
1,0.7453662,1
1,0.77635187,1
1,0.5369063,1
1,0.5588348,1
1,0.89052665,1
1,0.539024,1
1,0.6606197,1
1,0.57649946,1
1,0.80594176,1
0,0.8018685,1
1,0.7810755,1
1,0.8104077,1
0,0.7898354,1
0,0.81419754,1
0,0.81396943,1
1,0.7311462,1
1,0.80154145,1
1,0.83035785,1
1,0.78396606,1
1,0.79146147,1
0,0.8073759,1
0,0.72746134,1
1,0.32215846,0
1,0.41673613,0
1,0.12677749,0
0,0.23601663,0
0,0.236665,0
0,0.32747874,0
1,0.3628063,0
0,0.21657115,0
0,0.16112061,0
0,0.24440779,0
0,0.2399382,0
1,0.78631014,1
1,0.58788913,1
1,0.7662573,1
1,0.80740744,1
1,0.6297754,1
0,0.75400335,1
0,0.6340182,1
1,0.63199615,1
0,0.6146075,1
1,0.36188152,0
0,0.20343111,0
1,0.6435019,1
0,0.29533,0
1,0.10601592,0
0,0.22679333,0
0,0.15021172,0
0,0.7621367,1
1,0.63117355,1
0,0.29721132,0
1,0.8092048,1
1,0.6855871,1
0,0.11539547,0
0,0.7312707,1
1,0.5854615,1
1,0.5384593,1
0,0.45262522,0
0,0.2402754,0
0,0.31493238,0
0,0.6539646,1
0,0.2854202,0
0,0.49058315,0
1,0.49623403,0
1,0.55408823,1
1,0.7213271,1
1,0.7488818,1
1,0.69551516,1
1,0.6930908,1
1,0.7201042,1
1,0.74131984,1
0,0.5436988,1
1,0.6691532,1
1,0.60644025,1
0,0.2942237,0
0,0.45667368,0
0,0.29698172,0
1,0.6425112,1
1,0.13764976,0
0,0.19492935,0
0,0.11322639,0
0,0.10285583,0
0,0.14727716,0
0,0.15069972,0
0,0.11453723,0
1,0.5679749,1
1,0.2597731,0
0,0.23301142,0
0,0.2427882,0
0,0.08016084,0
0,0.15833661,0
0,0.09946276,0
0,0.108738445,0
0,0.27549103,0
0,0.17862181,0
0,0.30961004,0
1,0.49859148,0
0,0.35009974,0
0,0.10751345,0
0,0.14367756,0
1,0.73627275,1
1,0.7763085,1
1,0.6965368,1
1,0.7226737,1
1,0.786337,1
1,0.8087868,1
1,0.7958004,1
0,0.81645,1
0,0.7885769,1
0,0.7723854,1
0,0.79513264,1
0,0.82335997,1
0,0.8159645,1
1,0.74653846,1
1,0.7492494,1
1,0.80961305,1
1,0.8295244,1
1,0.8620432,1
1,0.77401555,1
0,0.86449265,1
1,0.8442939,1
0,0.8504272,1
1,0.84767914,1
1,0.85811555,1
1,0.83141464,1
1,0.80562234,1
0,0.59455544,1
1,0.57284063,1
0,0.4520145,0
0,0.21771567,0
0,0.76058966,1
1,0.8272851,1
1,0.71526366,1
1,0.5383753,1
1,0.545733,1
0,0.28325844,0
1,0.54639816,1
1,0.46045297,0
1,0.58495235,1
1,0.55141634,1
0,0.7438043,1
1,0.44842348,0
0,0.44173342,0
1,0.78390497,1
1,0.79435134,1
0,0.4112609,0
0,0.60263944,1
0,0.3025407,0
0,0.36235392,0
1,0.5305542,1
0,0.6957025,1
1,0.82174236,1
1,0.73466575,1
1,0.35538465,0
1,0.5281628,1
0,0.19376406,0
0,0.41576385,0
1,0.22587986,0
1,0.21195965,0
1,0.6793133,1
0,0.15242659,0
1,0.5630637,1
1,0.6986552,1
1,0.1904657,0
1,0.59947145,1
0,0.17257677,0
0,0.445858,0
1,0.71168715,1
1,0.1472794,0
1,0.668472,1
0,0.6134896,1
1,0.33422765,0
1,0.7698142,1
1,0.66027796,1
0,0.7700864,1
1,0.7323569,1
1,0.3390084,0
1,0.5688978,1
1,0.6632347,1
0,0.656161,1
0,0.71270543,1
1,0.62690425,1
1,0.80498123,1
1,0.7625674,1
1,0.84117806,1
1,0.7777826,1
1,0.8440053,1
0,0.7786476,1
1,0.76929003,1
1,0.8551876,1
1,0.82505685,1
0,0.73549813,1
1,0.77898526,1
0,0.83785635,1
0,0.86925083,1
0,0.84830105,1
1,0.8829188,1
0,0.8693241,1
1,0.91929567,1
1,0.8982863,1
0,0.8709389,1
1,0.77905065,1
1,0.84557885,1
1,0.82672316,1
1,0.7692708,1
1,0.83878756,1
1,0.81472385,1
1,0.8251184,1
1,0.8241895,1
1,0.8526399,1
1,0.8371225,1
1,0.811292,1
1,0.8160635,1
1,0.79701805,1
1,0.8415947,1
0,0.7723408,1
1,0.6771928,1
0,0.67225116,1
1,0.6815812,1
1,0.78239346,1
1,0.723227,1
1,0.77261245,1
1,0.7470107,1
0,0.74946624,1
0,0.70690215,1
1,0.6724272,1
0,0.7647485,1
0,0.66343296,1
1,0.69556755,1
0,0.6249501,1
1,0.8552911,1
0,0.72127396,1
1,0.6933835,1
1,0.6482449,1
0,0.56736135,1
0,0.61907744,1
0,0.7325622,1
0,0.6849995,1
1,0.6421232,1
1,0.77974725,1
0,0.6259695,1
0,0.8029731,1
1,0.7438154,1
1,0.8757365,1
1,0.6316911,1
0,0.666184,1
0,0.65805084,1
1,0.7030115,1
1,0.67544675,1
1,0.6483338,1
0,0.69122505,1
0,0.6407788,1
1,0.70147353,1
0,0.6884909,1
1,0.74900216,1
1,0.6945361,1
0,0.64883673,1
1,0.7458226,1
1,0.8004161,1
1,0.777877,1
1,0.75585,1
1,0.79752916,1
0,0.7745143,1
1,0.7994901,1
0,0.76859725,1
0,0.73156,1
1,0.70497537,1
1,0.67420024,1
1,0.7212975,1
0,0.80510724,1
0,0.79003966,1
1,0.8069281,1
1,0.8148978,1
1,0.79740095,1
1,0.7830399,1
1,0.74758023,1
0,0.770246,1
1,0.7744997,1
1,0.7415757,1
1,0.75422275,1
0,0.7840776,1
1,0.7556664,1
0,0.63354117,1
0,0.74881154,1
0,0.24610645,0
0,0.36027107,0
1,0.27726755,0
0,0.33184803,0
1,0.62314755,1
0,0.66792387,1
1,0.8949374,1
1,0.88780254,1
0,0.93214005,1
1,0.81833524,1
1,0.87291116,1
1,0.72937137,1
0,0.44088635,0
1,0.6419343,1
1,0.6517171,1
1,0.55664194,1
1,0.58162457,1
1,0.5523516,1
0,0.77028483,1
1,0.8063789,1
1,0.71897835,1
1,0.78890383,1
0,0.35025573,0
0,0.41456074,0
1,0.6437992,1
0,0.80819,1
0,0.36354226,0
0,0.78158355,1
1,0.5740873,1
1,0.77619,1
1,0.5390367,1
0,0.61106646,1
0,0.6925402,1
0,0.80840516,1
0,0.23439053,0
0,0.36535683,0
0,0.5221358,1
1,0.93628544,1
0,0.2662937,0
0,0.32310888,0
1,0.88032323,1
1,0.15494312,0
0,0.55493116,1
0,0.9067192,1
1,0.66489613,1
0,0.76739883,1
1,0.6886505,1
1,0.67174995,1
1,0.73446447,1
1,0.43069193,0
0,0.8467756,1
1,0.7062086,1
0,0.27947715,0
1,0.5215033,1
1,0.47887924,0
1,0.9079714,1
1,0.4562848,0
0,0.76862824,1
1,0.87091756,1
0,0.2733551,0
0,0.17676084,0
0,0.26691693,0
0,0.37583128,0
0,0.38040137,0
1,0.39790162,0
1,0.69401443,1
1,0.55904615,1
1,0.8348335,1
1,0.6547369,1
0,0.33955014,0
0,0.3803006,0
0,0.36363915,0
1,0.30624822,0
0,0.3251453,0
0,0.1335814,0
0,0.3037234,0
1,0.5906663,1
1,0.54082406,1
1,0.30576122,0
1,0.5822045,1
0,0.34695494,0
0,0.5297986,1
0,0.27501616,0
1,0.60734904,1
0,0.371025,0
1,0.33716214,0
1,0.48575613,0
1,0.579726,1
1,0.5985261,1
1,0.7362759,1
0,0.32096064,0
0,0.3954225,0
1,0.36720952,0
0,0.25230518,0
0,0.11902333,0
1,0.47653544,0
0,0.26871058,0
1,0.4613949,0
0,0.314594,0
0,0.17100412,0
0,0.20324092,0
1,0.12382436,0
0,0.47060165,0
1,0.79203206,1
1,0.7089488,1
1,0.86220586,1
1,0.70022833,1
1,0.6737863,1
1,0.67448604,1
0,0.55036,1
0,0.6816779,1
1,0.6772773,1
0,0.74875414,1
1,0.8030757,1
1,0.8241516,1
0,0.849477,1
1,0.844401,1
1,0.85109544,1
1,0.8286143,1
1,0.85001796,1
1,0.83592176,1
1,0.86679715,1
1,0.8844175,1
1,0.698191,1
1,0.7239828,1
1,0.75107956,1
1,0.80756164,1
1,0.81249547,1
1,0.8075136,1
1,0.7598136,1
0,0.7010451,1
1,0.7829366,1
1,0.7158917,1
1,0.70570415,1
1,0.74838984,1
1,0.8265862,1
1,0.7764223,1
1,0.8489347,1
1,0.7337786,1
1,0.84192073,1
0,0.76678246,1
1,0.7587854,1
0,0.14041495,0
0,0.16387495,0
0,0.1573371,0
1,0.28840303,0
0,0.7738528,1
1,0.77598745,1
1,0.80489916,1
0,0.8212248,1
1,0.7312821,1
1,0.6463272,1
1,0.50408286,1
0,0.5467421,1
0,0.4931011,0
0,0.38945398,0
0,0.30043387,0
0,0.80655545,1
1,0.687254,1
1,0.08044596,0
0,0.22354485,0
0,0.23824789,0
0,0.06553691,0
0,0.84351295,1
0,0.70703727,1
1,0.87771654,1
1,0.8639346,1
1,0.870625,1
0,0.8336343,1
1,0.30571783,0
1,0.547203,1
1,0.28861102,0
1,0.9140785,1
1,0.77698874,1
0,0.32730532,0
1,0.6624099,1
1,0.64024246,1
1,0.21585867,0
1,0.40143952,0
1,0.37464604,0
1,0.17231287,0
1,0.3630149,0
1,0.86423314,1
1,0.82834977,1
1,0.5098575,1
1,0.62412196,1
0,0.75993806,1
1,0.5253409,1
0,0.76025635,1
1,0.6745167,1
1,0.60486627,1
0,0.49559408,0
1,0.7843398,1
1,0.883679,1
0,0.80608946,1
0,0.5564488,1
1,0.7602558,1
0,0.68067956,1
0,0.6048825,1
0,0.4555445,0
0,0.36850014,0
1,0.71270573,1
1,0.88549936,1
1,0.8220759,1
1,0.6150286,1
0,0.7604681,1
1,0.78845656,1
1,0.69596916,1
1,0.8847546,1
1,0.7240548,1
1,0.81287026,1
1,0.8032867,1
1,0.7811787,1
1,0.8073347,1
1,0.8414636,1
1,0.7953377,1
1,0.7804833,1
0,0.7670066,1
1,0.8472382,1
0,0.7848719,1
1,0.6552746,1
1,0.5754994,1
0,0.7096604,1
1,0.7284146,1
1,0.67509425,1
1,0.7151879,1
1,0.8397832,1
0,0.73761594,1
1,0.67985696,1
0,0.66669524,1
1,0.779886,1
1,0.7475035,1
1,0.7453466,1
0,0.78477263,1
1,0.7362068,1
1,0.79617244,1
1,0.64833045,1
1,0.7105336,1
1,0.7953346,1
1,0.80614656,1
0,0.7239414,1
0,0.77040946,1
1,0.45363826,0
1,0.7359209,1
0,0.63604337,1
1,0.7333204,1
0,0.5728279,1
1,0.6503417,1
1,0.72471136,1
1,0.7725152,1
1,0.7939369,1
1,0.6787009,1
0,0.75814945,1
0,0.69652355,1
1,0.7817355,1
1,0.74226934,1
1,0.81916547,1
0,0.6652251,1
1,0.7927605,1
0,0.69127214,1
1,0.6371187,1
1,0.7745148,1
1,0.75617814,1
1,0.82014555,1
0,0.8134318,1
0,0.70793456,1
1,0.76583815,1
1,0.7477824,1
1,0.8389586,1
0,0.6342994,1
1,0.77749634,1
1,0.63024956,1
1,0.8004701,1
0,0.7371912,1
0,0.7608169,1
0,0.6951514,1
1,0.7740304,1
0,0.7477392,1
0,0.76365,1
0,0.8048758,1
1,0.7621073,1
0,0.7988486,1
1,0.8300848,1
0,0.78819776,1
1,0.6571346,1
1,0.79269505,1
1,0.6598606,1
1,0.64798725,1
0,0.69140196,1
1,0.7424132,1
1,0.29505548,0
1,0.67690367,1
0,0.6976071,1
1,0.7423196,1
0,0.78265035,1
1,0.78607917,1
1,0.8228482,1
1,0.7860456,1
1,0.27044907,0
1,0.51061124,1
1,0.7819605,1
1,0.37164983,0
0,0.39416605,0
1,0.6516808,1
1,0.5991253,1
0,0.08396039,0
1,0.7308754,1
1,0.83377784,1
0,0.6597622,1
1,0.66731757,1
1,0.69255066,1
1,0.7722448,1
1,0.7111325,1
1,0.8231961,1
0,0.79111737,1
1,0.80284345,1
1,0.6992561,1
1,0.7669349,1
1,0.72909653,1
1,0.7046557,1
0,0.70564455,1
0,0.6597903,1
0,0.4863004,0
1,0.38274226,0
0,0.40758714,0
0,0.37831613,0
1,0.5397984,1
0,0.48392814,0
0,0.39601117,0
1,0.8485523,1
0,0.6568497,1
0,0.53296834,1
0,0.5335129,1
0,0.5584476,1
0,0.7060841,1
1,0.5884238,1
1,0.38881993,0
1,0.63421595,1
1,0.7482367,1
0,0.539478,1
1,0.4720655,0
0,0.4399092,0
0,0.47014967,0
0,0.6516761,1
0,0.4161604,0
1,0.7199814,1
1,0.63973117,1
0,0.53332484,1
1,0.5558462,1
0,0.45049447,0
1,0.3876271,0
1,0.6860726,1
1,0.7801214,1
1,0.71578693,1
1,0.628782,1
1,0.7680473,1
1,0.7287599,1
0,0.73789495,1
1,0.8263253,1
1,0.68185806,1
1,0.75906026,1
1,0.8065507,1
1,0.80517554,1
1,0.7947012,1
1,0.7477092,1
1,0.6567261,1
1,0.8237044,1
1,0.7611037,1
0,0.82942605,1
1,0.81815946,1
1,0.7054032,1
0,0.68264693,1
1,0.6597241,1
1,0.7186789,1
1,0.7815822,1
1,0.78524864,1
0,0.70555776,1
1,0.775626,1
1,0.84069806,1
0,0.39412498,0
1,0.6996852,1
1,0.75851625,1
1,0.7629902,1
1,0.5384598,1
0,0.5406374,1
0,0.20490918,0
1,0.64826965,1
0,0.41674858,0
1,0.56115377,1
0,0.49369088,0
0,0.6269043,1
0,0.832955,1
0,0.57999986,1
1,0.72359866,1
1,0.7518893,1
1,0.6284812,1
0,0.5091671,1
0,0.6672185,1
0,0.6589641,1
0,0.6028704,1
0,0.69995475,1
1,0.78319883,1
1,0.82951516,1
1,0.81876886,1
1,0.52416116,1
1,0.722192,1
1,0.5181412,1
0,0.6820466,1
1,0.6506292,1
1,0.75432074,1
0,0.6712613,1
0,0.1332205,0
0,0.2919652,0
0,0.26364312,0
1,0.7603286,1
1,0.49936172,0
0,0.40699682,0
1,0.8354826,1
1,0.6863829,1
0,0.43380067,0
0,0.61480355,1
1,0.7368993,1
0,0.5983812,1
0,0.7340587,1
1,0.5905047,1
1,0.77373874,1
1,0.55417377,1
0,0.5656174,1
0,0.15442768,0
1,0.76258594,1
1,0.8039877,1
1,0.7521777,1
0,0.6026434,1
0,0.7798938,1
1,0.7303852,1
1,0.8183393,1
1,0.7444801,1
1,0.68025994,1
0,0.66030896,1
1,0.67399114,1
1,0.71966565,1
1,0.55055237,1
0,0.66959745,1
1,0.6221247,1
0,0.70041496,1
0,0.5676201,1
0,0.72986364,1
0,0.47449845,0
0,0.5444191,1
0,0.7016065,1
1,0.80807143,1
1,0.70834595,1
1,0.47615,0
0,0.29297525,0
1,0.50173897,1
0,0.31474817,0
1,0.6491108,1
1,0.83373904,1
1,0.71354026,1
1,0.8421389,1
1,0.7507486,1
0,0.819507,1
1,0.8519716,1
1,0.80476147,1
1,0.772156,1
1,0.8115316,1
1,0.7297988,1
1,0.804471,1
1,0.8205695,1
1,0.36932147,0
1,0.366588,0
1,0.6882222,1
1,0.8159595,1
0,0.8156154,1
1,0.8543474,1
1,0.89797926,1
0,0.8095726,1
1,0.5796646,1
1,0.7275519,1
1,0.7525291,1
0,0.7848184,1
1,0.86043596,1
1,0.9286744,1
1,0.8369582,1
1,0.960792,1
0,0.8271871,1
1,0.84126073,1
1,0.93387353,1
1,0.92569846,1
1,0.8396358,1
0,0.8368432,1
1,0.8909327,1
1,0.7899595,1
1,0.7855961,1
1,0.7933432,1
1,0.901407,1
1,0.8295031,1
1,0.89529413,1
1,0.929607,1
1,0.8478799,1
1,0.7931727,1
0,0.67404085,1
0,0.81390053,1
1,0.80171263,1
1,0.7439377,1
1,0.90043044,1
1,0.9397984,1
1,0.78473824,1
0,0.8102132,1
1,0.7155368,1
1,0.75985223,1
1,0.744469,1
1,0.7592673,1
0,0.43365914,0
1,0.2413421,0
0,0.33782405,0
0,0.3483193,0
1,0.26581377,0
0,0.31711128,0
0,0.2440085,0
0,0.19991587,0
0,0.3535332,0
0,0.3111906,0
0,0.27237585,0
1,0.5818298,1
1,0.6515356,1
1,0.67530984,1
1,0.5209764,1
0,0.4294988,0
0,0.7117443,1
0,0.3517259,0
0,0.4353675,0
0,0.21820118,0
0,0.40858158,0
0,0.22565839,0
0,0.35329178,0
0,0.6080157,1
1,0.8505803,1
1,0.6626755,1
0,0.8136147,1
1,0.7890331,1
1,0.7900885,1
0,0.7956616,1
1,0.64876264,1
1,0.8102953,1
1,0.80738854,1
0,0.7323211,1
1,0.7740867,1
1,0.80896246,1
1,0.7866752,1
0,0.7318885,1
0,0.7871077,1
1,0.7755609,1
0,0.7596264,1
1,0.826313,1
0,0.7641645,1
1,0.83654577,1
1,0.72545224,1
1,0.79498523,1
1,0.7947309,1
1,0.77551115,1
1,0.7924418,1
1,0.7905495,1
0,0.17192534,0
0,0.323614,0
0,0.25672054,0
1,0.19840007,0
0,0.552047,1
0,0.6889254,1
1,0.66522485,1
1,0.71604466,1
0,0.6851752,1
1,0.26399046,0
0,0.38013652,0
0,0.38367262,0
1,0.53231114,1
0,0.48132274,0
1,0.41674224,0
0,0.6046946,1
1,0.63185316,1
1,0.68762565,1
1,0.30823022,0
0,0.53477144,1
1,0.48850444,0
1,0.52714074,1
0,0.8384464,1
1,0.666631,1
1,0.8171704,1
1,0.64115065,1
1,0.716789,1
1,0.8213234,1
0,0.8238162,1
1,0.20387337,0
0,0.13069369,0
0,0.17479652,0
0,0.13462818,0
0,0.07782955,0
0,0.17125751,0
0,0.12466872,0
0,0.023370624,0
0,0.27259728,0
0,0.19317552,0
0,0.17486158,0
0,0.043606307,0
0,0.0376652,0
0,0.18447044,0
0,0.18622446,0
0,0.045382723,0
0,0.19613662,0
0,0.07886547,0
1,0.8690939,1
1,0.80156344,1
1,0.85154516,1
1,0.7271966,1
1,0.8422619,1
1,0.9140333,1
1,0.9103368,1
1,0.806821,1
1,0.8399048,1
1,0.7253753,1
1,0.77988446,1
1,0.8552989,1
1,0.67469066,1
0,0.49217564,0
1,0.74126047,1
1,0.535756,1
1,0.7085132,1
1,0.6865505,1
1,0.5631443,1
1,0.6343004,1
0,0.4974981,0
1,0.3830703,0
0,0.5604498,1
1,0.34204486,0
0,0.086055815,0
0,0.15169926,0
0,0.1653247,0
0,0.099771895,0
0,0.1265083,0
1,0.8237073,1
1,0.16305518,0
0,0.16690712,0
0,0.22167422,0
1,0.20144936,0
0,0.4885839,0
1,0.46765098,0
1,0.34132597,0
1,0.35916436,0
1,0.5096139,1
1,0.57930946,1
1,0.24030782,0
0,0.10762221,0
0,0.10398816,0
0,0.09938546,0
1,0.12755285,0
0,0.25425726,0
1,0.12314298,0
0,0.23666354,0
1,0.59760803,1
1,0.8336113,1
1,0.8251451,1
1,0.91867906,1
0,0.7247759,1
0,0.7792748,1
1,0.7370761,1
1,0.79740065,1
0,0.8442698,1
0,0.76463604,1
1,0.8301491,1
1,0.83990234,1
1,0.84106684,1
0,0.37395912,0
1,0.5180149,1
1,0.8077115,1
1,0.7518503,1
1,0.6521147,1
1,0.7576343,1
0,0.23396228,0
1,0.5687324,1
1,0.6601405,1
1,0.7865603,1
1,0.8314066,1
0,0.67008364,1
1,0.5956031,1
1,0.49607116,0
0,0.11249671,0
0,0.16614145,0
0,0.13302211,0
1,0.6579876,1
0,0.26765168,0
0,0.41954553,0
0,0.15432043,0
0,0.14102876,0
1,0.3841958,0
0,0.26306596,0
1,0.09701971,0
1,0.27059144,0
1,0.7779369,1
1,0.6800328,1
1,0.7470641,1
1,0.7574082,1
1,0.72353864,1
1,0.75634825,1
0,0.6061563,1
0,0.69901574,1
0,0.69486773,1
0,0.6642833,1
1,0.73940164,1
0,0.7405432,1
1,0.68298256,1
0,0.7552357,1
1,0.75441486,1
0,0.71252334,1
1,0.79238427,1
0,0.76367354,1
1,0.6771992,1
1,0.72173613,1
1,0.778817,1
1,0.73521316,1
1,0.7620631,1
1,0.74365765,1
1,0.7607407,1
1,0.73653245,1
1,0.7112901,1
0,0.661694,1
1,0.7948404,1
1,0.718118,1
1,0.74738884,1
1,0.7409028,1
1,0.76907724,1
0,0.77594155,1
1,0.7228583,1
0,0.7254238,1
0,0.23787595,0
0,0.7401222,1
0,0.7206858,1
0,0.6798607,1
0,0.7823419,1
1,0.76285005,1
1,0.7666886,1
1,0.7467897,1
1,0.7335577,1
0,0.7406637,1
0,0.73736054,1
1,0.72789246,1
1,0.69526887,1
0,0.69076467,1
1,0.7087923,1
1,0.71891457,1
0,0.71324563,1
0,0.66963524,1
0,0.70531476,1
1,0.7305198,1
0,0.72492844,1
0,0.7236091,1
0,0.77731824,1
0,0.75539786,1
0,0.71943045,1
1,0.7412636,1
1,0.7088339,1
0,0.7432854,1
1,0.7161954,1
1,0.71502775,1
1,0.7773686,1
0,0.7105129,1
0,0.7810265,1
0,0.73971844,1
0,0.75695103,1
1,0.70930403,1
1,0.7376071,1
1,0.73607695,1
0,0.7672825,1
0,0.72124577,1
0,0.7616592,1
0,0.76862735,1
0,0.628757,1
0,0.8046405,1
0,0.8225062,1
0,0.8312655,1
1,0.7933759,1
1,0.72589767,1
0,0.7317759,1
0,0.68831193,1
1,0.67970216,1
0,0.7595332,1
0,0.7129962,1
0,0.63985294,1
0,0.7571508,1
0,0.74303085,1
0,0.72444034,1
1,0.7611431,1
1,0.8126924,1
1,0.756754,1
1,0.7782188,1
0,0.76077896,1
0,0.7562314,1
1,0.695524,1
0,0.7490076,1
0,0.71365565,1
1,0.7257236,1
1,0.71816397,1
1,0.7715682,1
1,0.72308904,1
0,0.66990256,1
0,0.74070346,1
1,0.45711,0
0,0.4958846,0
0,0.39361015,0
1,0.63284975,1
1,0.70453876,1
0,0.7460516,1
1,0.63606083,1
1,0.8062151,1
1,0.85429263,1
1,0.87462956,1
1,0.8700168,1
1,0.89390665,1
1,0.89732754,1
1,0.8416907,1
1,0.8297899,1
1,0.8264857,1
0,0.84819543,1
1,0.75970197,1
1,0.7721804,1
0,0.81946135,1
1,0.79370534,1
0,0.8605892,1
0,0.8273,1
1,0.8004625,1
1,0.8669633,1
1,0.8331348,1
1,0.8268343,1
0,0.8310016,1
1,0.82273614,1
1,0.80725,1
1,0.8061267,1
1,0.8164593,1
1,0.831473,1
1,0.8134362,1
1,0.8439082,1
0,0.8176811,1
0,0.8450095,1
1,0.78829765,1
1,0.8386641,1
1,0.8023162,1
1,0.7439086,1
0,0.77274823,1
0,0.7198172,1
0,0.63843906,1
0,0.56142086,1
1,0.67140436,1
1,0.5753919,1
1,0.28031138,0
0,0.7015034,1
1,0.7296465,1
0,0.65849394,1
0,0.5060098,1
1,0.6137087,1
0,0.47841856,0
1,0.500637,1
1,0.38696197,0
1,0.45851004,0
0,0.64331865,1
0,0.6113385,1
0,0.50626147,1
1,0.7502297,1
1,0.5345433,1
1,0.6706234,1
1,0.77128726,1
0,0.48849443,0
0,0.4651779,0
1,0.48396924,0
1,0.6352663,1
1,0.68353176,1
1,0.7241432,1
1,0.77490956,1
1,0.76424146,1
0,0.69178414,1
0,0.7272684,1
1,0.7286409,1
1,0.7461092,1
1,0.7215976,1
1,0.7046883,1
1,0.7144496,1
1,0.7499035,1
1,0.6980317,1
1,0.6527863,1
1,0.5978493,1
1,0.64471096,1
1,0.66788185,1
1,0.55967593,1
0,0.6177393,1
0,0.1809879,0
0,0.61893827,1
1,0.6915601,1
0,0.7030163,1
1,0.24999386,0
1,0.28738686,0
1,0.27660626,0
1,0.37765583,0
0,0.40810278,0
0,0.7116725,1
1,0.58237666,1
1,0.7461354,1
1,0.83014673,1
1,0.7495403,1
1,0.72703373,1
0,0.7152449,1
1,0.7943346,1
0,0.8048168,1
1,0.7951431,1
1,0.86494505,1
0,0.8068612,1
0,0.8250643,1
1,0.7699447,1
1,0.81830835,1
0,0.67152655,1
0,0.7422656,1
0,0.74319196,1
0,0.77696526,1
0,0.7519149,1
0,0.79526013,1
1,0.7682475,1
1,0.7931782,1
1,0.7638439,1
1,0.7897912,1
1,0.7863052,1
1,0.76942694,1
1,0.8857901,1
1,0.9107881,1
0,0.098166846,0
1,0.67427725,1
1,0.7855421,1
1,0.9171738,1
1,0.7896933,1
1,0.6989931,1
1,0.6255762,1
1,0.57830644,1
0,0.5993331,1
1,0.6469787,1
0,0.6082651,1
1,0.6099847,1
0,0.6866918,1
0,0.5990179,1
0,0.49681395,0
1,0.6939506,1
1,0.5457545,1
1,0.62728745,1
1,0.8075177,1
1,0.83047926,1
1,0.6106983,1
1,0.7150437,1
0,0.7632426,1
0,0.7593845,1
1,0.85669756,1
0,0.7925862,1
1,0.8459826,1
1,0.83673173,1
1,0.8550585,1
1,0.83901787,1
1,0.86758155,1
1,0.78179747,1
0,0.8025272,1
0,0.7925622,1
1,0.7171572,1
0,0.81648797,1
1,0.8246923,1
1,0.8844782,1
1,0.8758979,1
0,0.83000547,1
1,0.5331846,1
0,0.21458332,0
0,0.31663013,0
1,0.5459298,1
0,0.23191775,0
0,0.40545675,0
1,0.2978362,0
0,0.37942398,0
0,0.3622805,0
0,0.7913041,1
0,0.7935274,1
1,0.6551347,1
0,0.5537491,1
1,0.62194884,1
1,0.6986112,1
1,0.66204864,1
1,0.7389834,1
1,0.71883494,1
1,0.85598165,1
1,0.8654476,1
1,0.88307476,1
1,0.7695152,1
1,0.5305657,1
1,0.53262955,1
1,0.09020857,0
0,0.14319718,0
1,0.13628349,0
0,0.07173144,0
0,0.042288482,0
0,0.027833343,0
1,0.82419384,1
1,0.8664426,1
1,0.81099236,1
0,0.44464865,0
0,0.17999123,0
0,0.10149129,0
1,0.3337988,0
0,0.1035421,0
0,0.10123111,0
0,0.014346959,0
0,0.035608795,0
0,0.10481032,0
1,0.67283577,1
1,0.84384686,1
1,0.8054883,1
1,0.8259076,1
0,0.4677181,0
0,0.21821237,0
0,0.17826913,0
1,0.8364699,1
1,0.294889,0
1,0.4606239,0
0,0.62064993,1
1,0.7896797,1
1,0.74794877,1
0,0.7448426,1
1,0.72384214,1
1,0.7413362,1
0,0.84054416,1
1,0.6747991,1
1,0.8686603,1
0,0.8160661,1
1,0.48404834,0
1,0.52727747,1
1,0.44978428,0
0,0.4016705,0
0,0.58655286,1
1,0.58092546,1
0,0.059677694,0
0,0.4976041,0
1,0.79973143,1
1,0.77816755,1
1,0.80802727,1
0,0.42323396,0
1,0.50858253,1
1,0.6370542,1
1,0.5071697,1
1,0.348222,0
0,0.62950575,1
0,0.7388068,1
1,0.7892613,1
1,0.795791,1
1,0.75575876,1
1,0.7367332,1
1,0.7476555,1
1,0.9038409,1
1,0.39593637,0
1,0.38639387,0
1,0.7699695,1
1,0.5204282,1
1,0.5618792,1
1,0.55630827,1
0,0.4967984,0
0,0.26196742,0
0,0.34354317,0
1,0.40536892,0
1,0.48453572,0
1,0.51786053,1
1,0.27216536,0
1,0.5351963,1
1,0.6375118,1
0,0.44825062,0
1,0.555108,1
1,0.8644341,1
1,0.61021346,1
1,0.6994883,1
0,0.75061065,1
1,0.7397188,1
1,0.7706893,1
1,0.64518654,1
0,0.63612485,1
0,0.6977706,1
0,0.8589789,1
0,0.5155795,1
0,0.61673516,1
1,0.7523998,1
0,0.46540466,0
0,0.5135569,1
0,0.4560287,0
0,0.46391535,0
0,0.46076366,0
1,0.640038,1
1,0.49068573,0
1,0.5632821,1
0,0.3176585,0
1,0.48277223,0
1,0.93022776,1
1,0.78931844,1
1,0.9104637,1
1,0.8747673,1
0,0.77068365,1
1,0.73662454,1
1,0.81920063,1
1,0.6079773,1
0,0.73827887,1
1,0.59554124,1
0,0.8031644,1
0,0.683727,1
1,0.6916861,1
0,0.6405492,1
0,0.78016263,1
1,0.84083146,1
0,0.87806994,1
1,0.6087754,1
1,0.8226213,1
1,0.8496938,1
1,0.8391684,1
1,0.43022007,0
1,0.8230755,1
1,0.85207254,1
0,0.87101185,1
1,0.6590378,1
0,0.6860483,1
1,0.71091986,1
1,0.76212335,1
0,0.45531085,0
0,0.6928985,1
0,0.7432217,1
1,0.7473496,1
1,0.67010933,1
1,0.8710963,1
1,0.74096286,1
0,0.14902641,0
1,0.5395488,1
1,0.6001827,1
1,0.673751,1
1,0.634394,1
1,0.58708096,1
1,0.80649376,1
1,0.761386,1
1,0.44284546,0
1,0.8827754,1
0,0.64628434,1
1,0.825526,1
1,0.9385393,1
1,0.84936,1
0,0.8985588,1
0,0.699932,1
1,0.33380812,0
1,0.54850435,1
0,0.67634135,1
0,0.6332972,1
1,0.6171368,1
1,0.67359626,1
1,0.72450125,1
1,0.7075799,1
1,0.80290747,1
0,0.5513255,1
1,0.6783944,1
0,0.64304775,1
0,0.058547907,0
1,0.6020086,1
0,0.17954871,0
1,0.8023164,1
1,0.87041146,1
1,0.8191954,1
0,0.07464403,0
0,0.25986594,0
0,0.17487326,0
0,0.083900444,0
0,0.09892868,0
1,0.28057656,0
0,0.2049532,0
1,0.092203304,0
1,0.43088186,0
0,0.16916142,0
0,0.14737293,0
0,0.16619638,0
0,0.77629435,1
1,0.8229825,1
1,0.83745044,1
1,0.7694903,1
1,0.8494969,1
1,0.7484468,1
1,0.80423987,1
1,0.84536195,1
1,0.78517413,1
1,0.93431085,1
0,0.8486623,1
1,0.8490214,1
1,0.71786076,1
1,0.62747717,1
1,0.6840091,1
0,0.72504604,1
0,0.8203112,1
0,0.65597934,1
0,0.72399944,1
1,0.7062839,1
1,0.80646425,1
1,0.80013114,1
1,0.8287273,1
1,0.8252114,1
1,0.8254537,1
1,0.791681,1
1,0.43819496,0
0,0.34896153,0
0,0.0417837,0
0,0.29512447,0
1,0.526142,1
1,0.31156847,0
1,0.4395067,0
1,0.74221724,1
0,0.84764504,1
0,0.84288085,1
0,0.8646577,1
1,0.84893036,1
1,0.4506038,0
1,0.5717562,1
0,0.26924676,0
1,0.66196686,1
1,0.3803065,0
1,0.22186145,0
1,0.45073417,0
1,0.6599244,1
0,0.5743049,1
0,0.4007567,0
1,0.83815616,1
1,0.7807003,1
1,0.79251546,1
1,0.7641754,1
1,0.686742,1
1,0.6970537,1
1,0.7966012,1
1,0.69493467,1
0,0.25817275,0
0,0.20509855,0
0,0.14854312,0
1,0.66415477,1
1,0.7659344,1
0,0.730446,1
0,0.76617754,1
0,0.7442337,1
1,0.6780005,1
1,0.4759237,0
0,0.05873849,0
0,0.081814215,0
0,0.2549014,0
0,0.23811774,0
0,0.28237185,0
0,0.08635812,0
0,0.018119829,0
0,0.040135037,0
0,0.36297727,0
0,0.28809452,0
1,0.60011107,1
1,0.6338315,1
1,0.6198425,1
1,0.56354314,1
1,0.6531916,1
1,0.8031382,1
0,0.718918,1
0,0.7666907,1
0,0.7806827,1
1,0.7866595,1
0,0.59194905,1
0,0.6532205,1
1,0.76048714,1
1,0.6450443,1
0,0.6176856,1
1,0.6820659,1
1,0.7445245,1
0,0.7376119,1
0,0.647955,1
1,0.75320077,1
1,0.74496704,1
1,0.57902074,1
1,0.62976396,1
1,0.72985166,1
0,0.7495868,1
0,0.72340983,1
0,0.81389934,1
1,0.73280233,1
1,0.77973557,1
1,0.7675891,1
1,0.74175626,1
1,0.8058959,1
0,0.62852365,1
0,0.7214426,1
0,0.6497136,1
1,0.77842844,1
1,0.6749101,1
1,0.69762367,1
1,0.57672554,1
1,0.78226894,1
1,0.59109676,1
1,0.4412608,0
1,0.61680347,1
1,0.73729944,1
1,0.7717323,1
1,0.7790804,1
1,0.7755007,1
1,0.84336394,1
1,0.7805648,1
1,0.797586,1
1,0.7278989,1
1,0.81768364,1
1,0.7579504,1
0,0.91391516,1
1,0.82364905,1
0,0.79186094,1
0,0.40127656,0
1,0.6106855,1
1,0.83913815,1
1,0.78140694,1
1,0.8053198,1
1,0.75731754,1
1,0.71444666,1
1,0.795355,1
1,0.74934304,1
1,0.83493054,1
1,0.7598516,1
1,0.75214845,1
1,0.7694238,1
0,0.69950145,1
0,0.6909019,1
0,0.7336607,1
0,0.7402905,1
0,0.64792466,1
1,0.73660153,1
1,0.7900178,1
1,0.7004797,1
1,0.69858736,1
1,0.7604595,1
1,0.7691817,1
1,0.82173085,1
1,0.72550815,1
0,0.63107806,1
1,0.705866,1
0,0.47142982,0
0,0.5796466,1
0,0.54870635,1
1,0.7154533,1
1,0.7097906,1
1,0.6784524,1
1,0.79926354,1
0,0.8315261,1
1,0.84283936,1
1,0.72853845,1
1,0.64321977,1
1,0.82971746,1
0,0.78651595,1
0,0.8128497,1
1,0.78414893,1
1,0.7354058,1
1,0.5893514,1
1,0.8107786,1
1,0.70462537,1
1,0.7228423,1
1,0.6519118,1
0,0.6228782,1
0,0.73578084,1
1,0.7146757,1
0,0.75672805,1
1,0.6765908,1
1,0.4973583,0
1,0.7058525,1
1,0.7041862,1
0,0.7332762,1
1,0.75644916,1
0,0.7868152,1
1,0.8179836,1
1,0.7556792,1
1,0.7573786,1
1,0.7160997,1
1,0.7456393,1
1,0.7539488,1
1,0.7781148,1
1,0.7264963,1
0,0.5771602,1
0,0.5906957,1
1,0.76878464,1
1,0.74071515,1
1,0.7816945,1
1,0.83847725,1
1,0.7945179,1
0,0.75256073,1
0,0.7961818,1
1,0.78152215,1
0,0.69918025,1
1,0.6979417,1
1,0.7188757,1
0,0.26285705,0
0,0.24223909,0
0,0.29978907,0
1,0.58265793,1
1,0.7562517,1
0,0.10191485,0
1,0.52816767,1
1,0.59979975,1
1,0.8142523,1
0,0.8562727,1
1,0.11086269,0
0,0.4236866,0
1,0.7616487,1
1,0.954142,1
1,0.91798085,1
1,0.10232895,0
1,0.9180774,1
0,0.68160874,1
1,0.79083425,1
0,0.6907361,1
1,0.60112476,1
1,0.7626167,1
0,0.7023617,1
1,0.7212847,1
1,0.78663677,1
1,0.75823224,1
1,0.69228166,1
1,0.80436635,1
1,0.83767927,1
1,0.8361106,1
1,0.85602856,1
0,0.84511405,1
1,0.8690483,1
0,0.73032844,1
0,0.7749242,1
1,0.7625135,1
1,0.7736617,1
1,0.8380145,1
1,0.84564906,1
1,0.8678645,1
1,0.7850067,1
1,0.8027078,1
1,0.6261028,1
0,0.5624567,1
1,0.3624787,0
1,0.7655263,1
1,0.8090635,1
1,0.7550153,1
1,0.89973843,1
1,0.8970324,1
1,0.4703459,0
1,0.5471661,1
1,0.65880275,1
1,0.5646146,1
1,0.4076613,0
1,0.43230692,0
1,0.67512345,1
1,0.62005347,1
1,0.6366294,1
1,0.64918554,1
0,0.61578184,1
0,0.45226932,0
1,0.568688,1
1,0.5590256,1
1,0.54573894,1
0,0.46594733,0
1,0.68163365,1
1,0.81376123,1
1,0.6059087,1
1,0.49082366,0
1,0.48972762,0
1,0.6519491,1
1,0.33072343,0
0,0.6759562,1
0,0.44146687,0
0,0.44049135,0
0,0.45892903,0
0,0.5637936,1
1,0.44077298,0
0,0.7157705,1
0,0.24941789,0
1,0.504519,1
0,0.3472508,0
1,0.5974773,1
0,0.5919615,1
1,0.76696026,1
1,0.8588857,1
1,0.83990836,1
1,0.7963778,1
1,0.85779905,1
1,0.85078394,1
1,0.79265684,1
1,0.8428762,1
0,0.7907715,1
1,0.7673279,1
1,0.78970337,1
1,0.8229681,1
0,0.75705487,1
1,0.6763988,1
0,0.68903756,1
1,0.7589253,1
1,0.80990064,1
1,0.9085737,1
1,0.65198916,1
1,0.32273498,0
0,0.5187645,1
0,0.2405988,0
1,0.35246733,0
1,0.77410334,1
1,0.2888181,0
1,0.2219197,0
1,0.7500456,1
0,0.5645446,1
0,0.35053334,0
0,0.46870425,0
0,0.4717364,0
1,0.6056417,1
1,0.77664244,1
0,0.7032943,1
0,0.6398976,1
0,0.6719872,1
0,0.5682093,1
0,0.588453,1
0,0.2873188,0
0,0.45372474,0
0,0.5523618,1
1,0.48815763,0
1,0.31666946,0
1,0.5749577,1
1,0.49935067,0
0,0.69790536,1
1,0.4925402,0
1,0.674933,1
0,0.18763229,0
1,0.50189465,1
1,0.61904275,1
0,0.52795595,1
1,0.7030712,1
1,0.83069617,1
1,0.80581766,1
0,0.92371565,1
0,0.9000778,1
1,0.894846,1
1,0.9070601,1
1,0.87612075,1
1,0.82850474,1
1,0.9254219,1
1,0.8160457,1
0,0.8432778,1
0,0.7968264,1
0,0.8749152,1
1,0.88650495,1
1,0.8543599,1
1,0.8773413,1
1,0.82597077,1
1,0.66255337,1
1,0.9024265,1
1,0.79712147,1
1,0.6697144,1
1,0.80625176,1
0,0.8212386,1
1,0.75577885,1
1,0.35513097,0
0,0.12688574,0
0,0.11502218,0
0,0.20707376,0
0,0.1570956,0
0,0.09979597,0
0,0.11961326,0
1,0.13263464,0
0,0.19951952,0
0,0.24082458,0
0,0.2832087,0
1,0.28381702,0
0,0.30521005,0
0,0.19385459,0
0,0.3273486,0
0,0.05899868,0
0,0.23213853,0
1,0.30152932,0
1,0.30625466,0
0,0.26217917,0
1,0.7440303,1
1,0.84403276,1
1,0.8413195,1
1,0.64328635,1
1,0.8236504,1
1,0.83649504,1
0,0.33284837,0
1,0.36039138,0
0,0.44329342,0
1,0.38283706,0
1,0.31469646,0
0,0.44555014,0
0,0.45673257,0
0,0.14987688,0
0,0.16056009,0
0,0.3415545,0
0,0.290887,0
0,0.32503465,0
0,0.81228757,1
1,0.42068276,0
1,0.557787,1
1,0.3322176,0
0,0.11766764,0
1,0.20126767,0
0,0.6173096,1
1,0.7979447,1
1,0.7820887,1
1,0.43437755,0
1,0.5763116,1
1,0.30549204,0
0,0.46200463,0
0,0.32515317,0
1,0.49015537,0
1,0.8575039,1
1,0.7967047,1
1,0.7698165,1
1,0.8530159,1
1,0.8906235,1
0,0.814133,1
1,0.8144826,1
1,0.7768079,1
1,0.7973295,1
0,0.7331356,1
1,0.7498185,1
0,0.7365058,1
1,0.7765425,1
1,0.75144494,1
1,0.7744618,1
0,0.7867639,1
1,0.7208918,1
1,0.73359716,1
1,0.7625801,1
1,0.62707967,1
0,0.7154747,1
0,0.7403851,1
1,0.7541294,1
1,0.66885424,1
1,0.7109147,1
1,0.72681963,1
1,0.66727304,1
1,0.71271926,1
1,0.71299577,1
1,0.78844446,1
1,0.78844446,1
0,0.66946495,1
0,0.7122889,1
1,0.6994035,1
1,0.74762243,1
1,0.7567039,1
1,0.69953936,1
0,0.71096563,1
0,0.7011227,1
0,0.78206086,1
1,0.79499185,1
1,0.7572002,1
1,0.84278744,1
1,0.79847264,1
1,0.77714217,1
1,0.70798194,1
0,0.35316584,0
1,0.6933771,1
1,0.7403169,1
1,0.7478404,1
1,0.7913067,1
0,0.7412165,1
1,0.8182487,1
1,0.7438461,1
1,0.8138046,1
1,0.7744961,1
1,0.58561647,1
1,0.76026946,1
1,0.6101571,1
1,0.7937612,1
1,0.7766006,1
1,0.7339612,1
1,0.79901105,1
0,0.74808013,1
1,0.82690907,1
0,0.1216542,0
0,0.023528755,0
0,0.020722182,0
0,0.03302921,0
0,0.031212019,0
0,0.04951666,0
0,0.06960762,0
0,0.031488843,0
0,0.024544949,0
0,0.22577056,0
0,0.048532184,0
0,0.048868332,0
1,0.15576011,0
1,0.81088,1
0,0.18600243,0
1,0.11838284,0
0,0.314076,0
0,0.018218234,0
1,0.111806795,0
0,0.15462078,0
0,0.37444365,0
0,0.5351969,1
0,0.13525525,0
0,0.45083663,0
0,0.4167102,0
0,0.24271224,0
0,0.41790324,0
0,0.76169056,1
1,0.39643952,0
1,0.47609866,0
0,0.72791386,1
0,0.33803076,0
0,0.2573906,0
0,0.6465893,1
0,0.37984744,0
0,0.46582115,0
0,0.66012895,1
1,0.71173567,1
0,0.6857878,1
1,0.71519184,1
1,0.5433633,1
1,0.24537513,0
1,0.36278725,0
1,0.6946613,1
1,0.66353077,1
1,0.6761822,1
1,0.47859475,0
0,0.67179686,1
0,0.6158588,1
0,0.30183476,0
0,0.6367772,1
0,0.75596666,1
1,0.65204453,1
1,0.59368825,1
1,0.7125416,1
0,0.7130779,1
1,0.6139051,1
0,0.6856022,1
1,0.7517935,1
1,0.27124628,0
0,0.1938529,0
1,0.5722362,1
1,0.35237455,0
0,0.67380315,1
1,0.6802439,1
0,0.3157167,0
1,0.5240831,1
0,0.4966571,0
0,0.33135086,0
1,0.3945393,0
0,0.70793045,1
1,0.24149644,0
0,0.7588494,1
0,0.7787275,1
1,0.80344355,1
0,0.81415915,1
1,0.8643018,1
1,0.8325633,1
0,0.6400509,1
1,0.8322903,1
1,0.8671854,1
1,0.75304794,1
1,0.7424778,1
0,0.726737,1
0,0.318926,0
1,0.4801021,0
1,0.5333814,1
0,0.574371,1
1,0.7713847,1
0,0.5746849,1
0,0.13991012,0
0,0.37195924,0
1,0.64127094,1
1,0.72716457,1
0,0.7830944,1
1,0.76250273,1
1,0.8279218,1
1,0.7488847,1
1,0.69731796,1
1,0.7095796,1
1,0.70159686,1
1,0.7689668,1
1,0.7285605,1
1,0.7621726,1
1,0.7689907,1
1,0.6806526,1
1,0.6992488,1
1,0.82856065,1
1,0.8831359,1
1,0.75561637,1
1,0.78563577,1
0,0.71831125,1
1,0.24513729,0
0,0.27274084,0
0,0.16367386,0
0,0.15025428,0
1,0.35264903,0
1,0.40978223,0
0,0.43456686,0
1,0.22284126,0
1,0.6479686,1
1,0.3506782,0
1,0.693721,1
1,0.6547804,1
1,0.7911414,1
1,0.79651994,1
0,0.7126548,1
1,0.6924357,1
1,0.74875355,1
0,0.80786264,1
1,0.8115404,1
1,0.72625107,1
1,0.81392545,1
1,0.7237418,1
1,0.67931384,1
1,0.7632488,1
1,0.53182954,1
1,0.6073171,1
0,0.7290843,1
1,0.6273813,1
1,0.638799,1
1,0.5302287,1
1,0.76705897,1
0,0.27776083,0
0,0.1527032,0
0,0.332974,0
0,0.62883866,1
1,0.74556875,1
1,0.78376585,1
1,0.8134567,1
0,0.81951404,1
1,0.7905203,1
1,0.7808438,1
0,0.78771967,1
0,0.67066187,1
1,0.65478307,1
1,0.67962223,1
1,0.70346564,1
1,0.7053109,1
1,0.7327792,1
0,0.73099273,1
0,0.793261,1
1,0.638915,1
1,0.58063006,1
1,0.81538886,1
0,0.8647816,1
1,0.83442646,1
0,0.8007379,1
0,0.58825153,1
0,0.7092853,1
1,0.6793152,1
1,0.69648015,1
1,0.63952935,1
0,0.36180407,0
0,0.36129302,0
0,0.40543506,0
0,0.6958449,1
1,0.59394205,1
1,0.4329657,0
1,0.8193329,1
0,0.5463267,1
1,0.5973485,1
1,0.70351386,1
1,0.65209836,1
1,0.20729455,0
1,0.37573326,0
1,0.4760116,0
0,0.53710324,1
0,0.38789397,0
1,0.70169574,1
1,0.5941405,1
0,0.72147346,1
1,0.35509148,0
1,0.4877303,0
0,0.61414576,1
1,0.6848492,1
1,0.5829906,1
1,0.66540205,1
0,0.72074014,1
1,0.7449762,1
1,0.6711111,1
1,0.7908304,1
1,0.587286,1
0,0.62404364,1
1,0.5231153,1
1,0.5045059,1
0,0.40746185,0
0,0.8093352,1
1,0.7809654,1
1,0.77210367,1
1,0.7666656,1
0,0.35446137,0
0,0.73396766,1
1,0.8641888,1
1,0.8122525,1
0,0.83050245,1
1,0.9090024,1
1,0.6902174,1
0,0.7809683,1
0,0.8294312,1
0,0.7451004,1
0,0.7381421,1
1,0.73217857,1
1,0.71987236,1
1,0.78114146,1
0,0.7406657,1
0,0.6306059,1
1,0.729995,1
1,0.75026464,1
0,0.7996091,1
1,0.76452553,1
0,0.7733928,1
1,0.6341635,1
0,0.8669095,1
0,0.86402696,1
0,0.5953057,1
0,0.59060436,1
1,0.49039003,0
0,0.5084159,1
0,0.8156378,1
1,0.811595,1
1,0.6615013,1
1,0.68322766,1
0,0.5664086,1
0,0.3509645,0
0,0.62179095,1
1,0.7806725,1
0,0.8418929,1
1,0.7975528,1
1,0.84893036,1
1,0.26665312,0
0,0.5180299,1
0,0.7775303,1
1,0.6658031,1
1,0.72090256,1
1,0.65881556,1
1,0.7428718,1
1,0.8191449,1
1,0.45910648,0
0,0.54200774,1
0,0.43348756,0
0,0.6893891,1
1,0.7886211,1
1,0.7741704,1
1,0.8387549,1
1,0.7923132,1
1,0.715422,1
1,0.72090214,1
1,0.78251374,1
1,0.7566707,1
1,0.73495984,1
1,0.7922557,1
1,0.6664607,1
0,0.7173163,1
1,0.6047429,1
1,0.68906546,1
1,0.6608622,1
1,0.8664594,1
1,0.87862253,1
0,0.6431394,1
0,0.742003,1
0,0.8040185,1
1,0.7722179,1
1,0.74431944,1
1,0.8573803,1
1,0.759164,1
1,0.7293588,1
1,0.75731015,1
0,0.6781959,1
1,0.45341414,0
1,0.64801127,1
1,0.675028,1
1,0.7330893,1
1,0.6662503,1
0,0.5357067,1
0,0.69346094,1
1,0.6885517,1
1,0.6895557,1
1,0.6930948,1
1,0.71049446,1
1,0.67645264,1
1,0.8768973,1
0,0.76120615,1
1,0.8074259,1
1,0.79212636,1
1,0.8602091,1
0,0.87659234,1
0,0.8556348,1
0,0.7195781,1
0,0.6777447,1
1,0.7187568,1
0,0.612711,1
1,0.7054836,1
1,0.7572973,1
1,0.65810627,1
0,0.55956095,1
1,0.7485613,1
1,0.67258835,1
0,0.7106861,1
1,0.8098305,1
1,0.80097055,1
1,0.82347375,1
0,0.79990727,1
0,0.34123945,0
1,0.8222819,1
1,0.6846466,1
0,0.80460554,1
1,0.76571494,1
1,0.78726375,1
0,0.76563776,1
1,0.7270307,1
0,0.5981476,1
1,0.5276383,1
1,0.75596595,1
0,0.7353826,1
1,0.76650375,1
1,0.57825273,1
0,0.26205927,0
0,0.7077366,1
0,0.3520415,0
0,0.64998686,1
0,0.43089646,0
0,0.20880334,0
0,0.08901931,0
0,0.36396492,0
0,0.53427935,1
0,0.4765854,0
1,0.3652489,0
1,0.734502,1
1,0.18771943,0
0,0.45253712,0
1,0.5586921,1
0,0.803384,1
0,0.51760113,1
1,0.73831373,1
1,0.82238877,1
1,0.7341742,1
0,0.8606565,1
1,0.8331613,1
0,0.5917526,1
1,0.6882327,1
1,0.7314083,1
1,0.82246643,1
1,0.7960274,1
1,0.81880325,1
0,0.69929516,1
1,0.83739346,1
1,0.80956554,1
1,0.633247,1
0,0.56882685,1
1,0.65098435,1
1,0.7033189,1
0,0.6857832,1
0,0.27209258,0
1,0.25640336,0
0,0.38109186,0
0,0.16634603,0
0,0.117746376,0
0,0.17950557,0
1,0.26869756,0
1,0.56173974,1
1,0.68443125,1
1,0.19876078,0
1,0.14238821,0
0,0.10602855,0
1,0.6531068,1
1,0.94226366,1
1,0.9717676,1
1,0.15326291,0
0,0.39746115,0
0,0.55408174,1
1,0.7292816,1
1,0.5758233,1
1,0.72078586,1
1,0.39458758,0
0,0.4371256,0
0,0.45503005,0
0,0.27048433,0
0,0.41631895,0
0,0.3071692,0
0,0.4286986,0
1,0.41694275,0
1,0.8355502,1
1,0.8241884,1
0,0.82964665,1
1,0.6908713,1
1,0.80045503,1
1,0.7235286,1
1,0.8296653,1
1,0.83719695,1
1,0.773751,1
0,0.8199828,1
1,0.77586484,1
1,0.81627035,1
1,0.66255695,1
1,0.4586431,0
0,0.6700538,1
0,0.47387505,0
0,0.41831374,0
0,0.33914712,0
0,0.47355172,0
0,0.30558568,0
1,0.70453596,1
1,0.7402387,1
1,0.7818028,1
1,0.64450336,1
1,0.7310001,1
0,0.42178065,0
1,0.6540057,1
1,0.6522835,1
1,0.75381523,1
1,0.71279585,1
0,0.742677,1
1,0.6884033,1
1,0.7342693,1
1,0.636952,1
1,0.67053396,1
1,0.6168645,1
1,0.57320696,1
1,0.443397,0
1,0.4831524,0
1,0.5265145,1
1,0.7532643,1
1,0.5853413,1
1,0.63559854,1
1,0.61421424,1
1,0.7598969,1
1,0.7337132,1
0,0.6835981,1
0,0.6487875,1
1,0.7306751,1
1,0.7031018,1
1,0.71865755,1
0,0.6920253,1
0,0.70397174,1
0,0.71062064,1
0,0.5964754,1
0,0.5439724,1
0,0.7294303,1
0,0.6729988,1
0,0.7082104,1
0,0.72110873,1
0,0.0873881,0
1,0.7224251,1
1,0.8083655,1
1,0.85451144,1
1,0.82327914,1
1,0.8125829,1
1,0.81823266,1
1,0.85432,1
1,0.8213886,1
0,0.41912696,0
0,0.84441257,1
1,0.828339,1
1,0.7829566,1
1,0.82789665,1
1,0.8422627,1
0,0.8151644,1
1,0.8284587,1
0,0.8066534,1
1,0.5550327,1
1,0.48109886,0
1,0.7034518,1
1,0.68014896,1
1,0.78599066,1
1,0.7382806,1
1,0.68120813,1
1,0.8387536,1
1,0.70809203,1
1,0.7497137,1
1,0.7488043,1
1,0.7609184,1
1,0.68293417,1
1,0.6269559,1
1,0.8088132,1
1,0.6940955,1
1,0.63355196,1
0,0.6678103,1
1,0.6795412,1
1,0.26587948,0
0,0.17935215,0
0,0.33054242,0
0,0.651827,1
1,0.61898786,1
0,0.4205941,0
0,0.35991147,0
0,0.3224556,0
0,0.26715907,0
0,0.05703174,0
0,0.274723,0
0,0.03273642,0
1,0.381743,0
1,0.4551067,0
1,0.8210301,1
1,0.81452435,1
1,0.4442545,0
1,0.6442424,1
1,0.5972544,1
1,0.7282778,1
1,0.3363809,0
0,0.26150882,0
0,0.27248034,0
0,0.24447352,0
0,0.11127832,0
1,0.28753355,0
1,0.7507486,1
1,0.745583,1
0,0.8162408,1
0,0.8317037,1
0,0.73432803,1
1,0.5049756,1
0,0.24885136,0
0,0.3256833,0
1,0.3314432,0
1,0.25219396,0
0,0.2531845,0
1,0.72676355,1
1,0.769059,1
1,0.63559836,1
1,0.6734015,1
1,0.23818843,0
0,0.12944852,0
0,0.09519472,0
0,0.09280283,0
1,0.1502884,0
0,0.19371623,0
0,0.17326665,0
0,0.43727535,0
0,0.18181722,0
1,0.12287089,0
0,0.1575595,0
0,0.5836871,1
0,0.17921521,0
1,0.8462753,1
1,0.17233434,0
0,0.17233434,0
1,0.58730245,1
1,0.43052214,0
0,0.06887484,0
0,0.23910877,0
1,0.42598867,0
0,0.23481947,0
0,0.35301885,0
1,0.20422287,0
1,0.22821768,0
0,0.7914069,1
0,0.43630555,0
0,0.3910852,0
1,0.7691787,1
1,0.5845165,1
1,0.30259553,0
0,0.33228725,0
1,0.62997806,1
0,0.5297055,1
0,0.25517035,0
1,0.7891332,1
1,0.7929846,1
0,0.3726759,0
0,0.25474948,0
0,0.25593755,0
1,0.9136881,1
0,0.69412607,1
0,0.7217418,1
0,0.73016375,1
0,0.75417304,1
1,0.68900955,1
1,0.26002285,0
1,0.5207477,1
0,0.14334327,0
0,0.38116318,0
1,0.7258436,1
0,0.7813841,1
1,0.8038574,1
1,0.86127186,1
0,0.882734,1
1,0.8328831,1
1,0.8968554,1
1,0.84610575,1
1,0.78285176,1
1,0.84754956,1
1,0.8517399,1
1,0.8499998,1
1,0.7238719,1
1,0.81516606,1
1,0.90386343,1
1,0.8363374,1
1,0.8080857,1
1,0.82864696,1
0,0.75622195,1
1,0.873296,1
1,0.77978414,1
1,0.7791207,1
1,0.84522766,1
1,0.8083126,1
0,0.6761842,1
1,0.7106201,1
1,0.82088464,1
1,0.8045546,1
1,0.72654486,1
1,0.80953723,1
1,0.83942825,1
0,0.83494335,1
1,0.7985501,1
1,0.8119136,1
1,0.8666981,1
1,0.80122316,1
1,0.81074154,1
1,0.80644596,1
1,0.7656111,1
1,0.83357483,1
0,0.7601309,1
0,0.80567706,1
1,0.7864838,1
0,0.790657,1
1,0.72010416,1
1,0.84466213,1
0,0.83162844,1
1,0.79378,1
0,0.77410585,1
1,0.7797283,1
1,0.79129374,1
1,0.82956815,1
1,0.79441035,1
1,0.81991524,1
1,0.8086757,1
1,0.75215805,1
1,0.54290926,1
1,0.81758094,1
1,0.6677281,1
0,0.68599355,1
1,0.46701342,0
0,0.5597439,1
0,0.48540074,0
0,0.8101898,1
1,0.8857212,1
1,0.8133938,1
1,0.71351534,1
0,0.59058803,1
0,0.63378066,1
0,0.7404387,1
0,0.7535423,1
0,0.7432408,1
1,0.76047415,1
1,0.68533146,1
1,0.73105353,1
0,0.65216005,1
1,0.66474235,1
1,0.6418337,1
1,0.6132491,1
1,0.580185,1
1,0.36449528,0
0,0.46510956,0
0,0.5692839,1
0,0.36925194,0
0,0.62976533,1
1,0.74660957,1
1,0.7162269,1
1,0.78151727,1
1,0.6970545,1
0,0.43372458,0
1,0.46273193,0
0,0.6038752,1
1,0.43419966,0
1,0.36476472,0
1,0.6382018,1
1,0.70855296,1
1,0.8989036,1
1,0.872395,1
1,0.8044778,1
1,0.82680786,1
0,0.90608144,1
0,0.8931987,1
1,0.89347655,1
1,0.85701907,1
1,0.7873629,1
1,0.7487069,1
0,0.049449492,0
0,0.06943132,0
1,0.13058396,0
1,0.09344184,0
1,0.08792755,0
0,0.07515176,0
1,0.921467,1
1,0.20064712,0
0,0.23601988,0
1,0.5684858,1
1,0.7131803,1
1,0.8232315,1
1,0.8098511,1
1,0.78164566,1
1,0.8937019,1
1,0.850225,1
1,0.6879907,1
1,0.7735558,1
1,0.8716416,1
1,0.79675287,1
1,0.8442713,1
1,0.37705615,0
1,0.10473051,0
1,0.62661743,1
0,0.5972105,1
1,0.6518494,1
1,0.7292017,1
1,0.63229746,1
1,0.73827034,1
1,0.69994384,1
0,0.68120164,1
1,0.5528906,1
0,0.5883087,1
0,0.65450776,1
0,0.6274558,1
1,0.79350305,1
1,0.6981303,1
1,0.66696435,1
1,0.7232708,1
0,0.73722416,1
1,0.7122183,1
1,0.74967414,1
0,0.7819002,1
0,0.8145511,1
1,0.70197546,1
0,0.7042209,1
1,0.74980503,1
0,0.7549216,1
1,0.7627266,1
1,0.7138605,1
1,0.7451484,1
1,0.6355666,1
0,0.7257351,1
1,0.7100789,1
1,0.7098885,1
1,0.81158733,1
1,0.74954915,1
0,0.66456276,1
1,0.73545223,1
1,0.59669685,1
0,0.78415895,1
0,0.69169843,1
0,0.7885702,1
0,0.7807884,1
1,0.76387465,1
1,0.7655702,1
1,0.75290495,1
1,0.33428258,0
1,0.40286243,0
1,0.530965,1
1,0.72141993,1
1,0.71000355,1
1,0.6483125,1
1,0.7633825,1
1,0.76995707,1
0,0.773991,1
0,0.76877224,1
0,0.7810113,1
1,0.80331045,1
1,0.74560237,1
1,0.72172666,1
1,0.73602176,1
1,0.7875374,1
0,0.708723,1
1,0.7298131,1
0,0.78846943,1
1,0.7902627,1
1,0.39452446,0
0,0.22271648,0
0,0.12469891,0
0,0.2281102,0
0,0.29774553,0
1,0.9372671,1
1,0.8457964,1
1,0.78042144,1
1,0.8121645,1
1,0.8189321,1
1,0.7291309,1
1,0.80843824,1
1,0.8013775,1
1,0.80635667,1
1,0.71716857,1
1,0.7675506,1
1,0.8203573,1
0,0.84518796,1
0,0.8390909,1
1,0.81362367,1
1,0.8539095,1
1,0.7615286,1
1,0.818843,1
1,0.7047416,1
1,0.81956977,1
1,0.8540022,1
1,0.77984256,1
1,0.80185574,1
0,0.7733045,1
1,0.808454,1
1,0.75699085,1
1,0.80943507,1
0,0.7646385,1
1,0.72909725,1
1,0.77409106,1
0,0.7987811,1
1,0.8242453,1
1,0.8485332,1
1,0.8005546,1
1,0.8265718,1
1,0.86519605,1
1,0.48731628,0
0,0.2998383,0
1,0.08940368,0
1,0.6411886,1
0,0.5977584,1
0,0.6396661,1
0,0.7745911,1
1,0.7037988,1
0,0.5343405,1
0,0.49360803,0
0,0.2919183,0
0,0.3992402,0
0,0.53224367,1
0,0.3430637,0
1,0.45308918,0
1,0.40438244,0
0,0.16936752,0
0,0.586308,1
0,0.6145552,1
0,0.2820755,0
0,0.057853937,0
0,0.45616668,0
0,0.50376433,1
1,0.56455404,1
1,0.79992974,1
1,0.74726427,1
0,0.6541992,1
0,0.6465721,1
0,0.6369055,1
1,0.6066966,1
1,0.6629481,1
1,0.57104325,1
0,0.6319244,1
0,0.6570314,1
1,0.5395203,1
1,0.67288136,1
1,0.6347247,1
1,0.63539296,1
0,0.69847673,1
1,0.69524485,1
1,0.6767232,1
1,0.62734675,1
0,0.55787194,1
0,0.5368406,1
1,0.52078646,1
1,0.6495497,1
1,0.7785336,1
1,0.7519492,1
1,0.67102164,1
0,0.5622832,1
1,0.67587936,1
1,0.66473824,1
0,0.75411814,1
0,0.6535837,1
0,0.66734385,1
0,0.67781776,1
0,0.5736737,1
0,0.8477474,1
1,0.7720634,1
1,0.70498586,1
1,0.7359992,1
0,0.62181044,1
0,0.7102049,1
0,0.73818666,1
0,0.69284475,1
0,0.6761972,1
1,0.7767236,1
0,0.7707998,1
0,0.6685066,1
0,0.7788568,1
0,0.68475246,1
0,0.8025693,1
1,0.65959793,1
1,0.76215357,1
1,0.73944676,1
0,0.7146057,1
1,0.7669213,1
1,0.7190205,1
1,0.82182777,1
1,0.93581265,1
1,0.694722,1
1,0.7720637,1
1,0.85016096,1
1,0.655626,1
1,0.6337229,1
1,0.57149017,1
0,0.42881045,0
1,0.69659406,1
0,0.6260693,1
0,0.78039885,1
0,0.76649284,1
1,0.8072638,1
1,0.8255218,1
1,0.60231906,1
1,0.79594773,1
0,0.7226458,1
0,0.77725655,1
0,0.80274403,1
0,0.83329374,1
0,0.8519852,1
1,0.8446325,1
1,0.87337494,1
1,0.62864757,1
1,0.78931236,1
0,0.8506365,1
1,0.8743106,1
1,0.9150979,1
1,0.9249146,1
1,0.8437994,1
1,0.81297714,1
1,0.8355109,1
1,0.8169687,1
1,0.8560061,1
1,0.7894618,1
1,0.80707747,1
1,0.8117105,1
0,0.853311,1
1,0.7890188,1
1,0.818856,1
1,0.7636297,1
1,0.84348655,1
1,0.80808735,1
1,0.7974042,1
1,0.7965587,1
1,0.7983179,1
1,0.77757806,1
1,0.80349773,1
0,0.8083205,1
0,0.8093776,1
0,0.8657444,1
0,0.83744884,1
1,0.8407596,1
1,0.8512971,1
1,0.83927876,1
1,0.83641106,1
1,0.80627567,1
0,0.81234646,1
1,0.76182574,1
0,0.67836785,1
1,0.80160874,1
1,0.7542532,1
1,0.7472099,1
1,0.8688893,1
1,0.63790214,1
1,0.7612937,1
1,0.763353,1
1,0.5615046,1
1,0.84923387,1
1,0.7332105,1
1,0.61850685,1
1,0.76114917,1
0,0.6764809,1
0,0.7818352,1
1,0.71295136,1
1,0.7219249,1
1,0.7418858,1
1,0.81149703,1
0,0.6648915,1
0,0.5807781,1
0,0.43444943,0
0,0.7554815,1
1,0.760468,1
1,0.7497547,1
1,0.73350686,1
1,0.43915036,0
0,0.3905117,0
1,0.4029811,0
1,0.29319435,0
0,0.6767802,1
0,0.25123137,0
1,0.7770321,1
1,0.6576011,1
1,0.7639378,1
1,0.77849936,1
1,0.64534855,1
1,0.39740103,0
0,0.13390836,0
1,0.26660192,0
0,0.046113078,0
1,0.43131724,0
1,0.7220041,1
1,0.0540143,0
0,0.08965206,0
1,0.46266612,0
1,0.06745663,0
1,0.75409293,1
1,0.7505633,1
0,0.75062686,1
0,0.8632875,1
0,0.60037965,1
0,0.7540466,1
0,0.7777737,1
0,0.7943268,1
0,0.8319295,1
1,0.82192117,1
1,0.7586963,1
0,0.7561803,1
1,0.84424007,1
1,0.6671813,1
1,0.32513872,0
0,0.20258991,0
1,0.2049139,0
1,0.2023466,0
0,0.4098652,0
0,0.40052712,0
0,0.3905581,0
1,0.94823724,1
1,0.8910314,1
1,0.4061398,0
0,0.2847543,0
0,0.20794204,0
0,0.4249073,0
1,0.36008945,0
1,0.2729519,0
1,0.32361847,0
1,0.83578646,1
1,0.8654466,1
1,0.61047477,1
1,0.81801325,1
1,0.40334636,0
0,0.6870266,1
1,0.8690268,1
0,0.69037247,1
0,0.7894096,1
1,0.6497933,1
0,0.8067825,1
1,0.4094069,0
1,0.74138016,1
1,0.7100355,1
1,0.7453236,1
1,0.6672301,1
1,0.746274,1
1,0.7707875,1
1,0.7123834,1
0,0.7630942,1
0,0.8299116,1
0,0.80471444,1
0,0.80858606,1
0,0.79030555,1
0,0.15181753,0
0,0.16540378,0
0,0.18378597,0
0,0.47618628,0
1,0.64848846,1
1,0.672421,1
0,0.36387977,0
1,0.66293424,1
0,0.66937524,1
1,0.37077793,0
1,0.64543474,1
0,0.3790632,0
0,0.33587825,0
0,0.25200722,0
0,0.40460858,0
0,0.2707706,0
0,0.6052626,1
0,0.27853683,0
1,0.2005607,0
0,0.08433798,0
1,0.13443305,0
0,0.15519948,0
0,0.5030338,1
0,0.19027859,0
1,0.206103,0
0,0.50303507,1
0,0.41828865,0
1,0.868697,1
1,0.85944766,1
1,0.30599335,0
0,0.38905385,0
0,0.29168078,0
0,0.32240734,0
0,0.2790235,0
0,0.724054,1
0,0.3004438,0
0,0.29725826,0
0,0.2610646,0
0,0.26483133,0
1,0.17887506,0
0,0.2445881,0
1,0.89231056,1
1,0.8965418,1
1,0.8339858,1
1,0.79715794,1
1,0.93691766,1
1,0.815919,1
1,0.79835886,1
1,0.89447325,1
1,0.8543378,1
0,0.6600575,1
1,0.626123,1
0,0.43397158,0
1,0.616122,1
0,0.51428145,1
0,0.3532105,0
0,0.4028253,0
0,0.6809448,1
1,0.7442242,1
1,0.7804741,1
1,0.8092426,1
1,0.7276717,1
1,0.7175071,1
0,0.78299415,1
1,0.7711779,1
1,0.6030516,1
1,0.75162333,1
1,0.7908991,1
1,0.74184126,1
1,0.7457237,1
0,0.7957419,1
1,0.7632602,1
1,0.78874236,1
0,0.77251875,1
1,0.7732364,1
1,0.83436,1
1,0.7343289,1
1,0.6663349,1
1,0.7712775,1
0,0.71212983,1
1,0.7083809,1
1,0.8349744,1
0,0.70295894,1
1,0.8210822,1
1,0.80352974,1
1,0.7141656,1
1,0.8224413,1
1,0.8118367,1
1,0.8079273,1
1,0.6819941,1
0,0.726676,1
1,0.7596645,1
1,0.7068822,1
1,0.70640796,1
1,0.6783593,1
1,0.7164901,1
1,0.7362422,1
1,0.7153455,1
1,0.6695672,1
1,0.8504444,1
0,0.77507865,1
1,0.8021966,1
0,0.71272624,1
1,0.8547733,1
1,0.753386,1
1,0.81857806,1
0,0.77101105,1
1,0.7597553,1
1,0.7877373,1
1,0.668358,1
1,0.79138464,1
1,0.7598724,1
1,0.8943482,1
0,0.7002189,1
1,0.87504727,1
1,0.6959345,1
0,0.8213805,1
0,0.80746275,1
1,0.7766358,1
1,0.7874134,1
1,0.33995262,0
1,0.17263503,0
0,0.18278599,0
1,0.8920089,1
0,0.6176775,1
0,0.694263,1
1,0.8463564,1
1,0.76987714,1
1,0.6428166,1
1,0.8108239,1
0,0.20457609,0
1,0.5027573,1
1,0.5346718,1
0,0.75773215,1
1,0.7183635,1
1,0.4743444,0
0,0.26415303,0
1,0.5374586,1
1,0.71605676,1
0,0.22030741,0
1,0.1412701,0
1,0.5469875,1
1,0.624362,1
1,0.32211787,0
1,0.6398109,1
0,0.45565838,0
1,0.5098883,1
1,0.4911072,0
0,0.7349142,1
1,0.8062969,1
1,0.7696665,1
1,0.82990605,1
1,0.8562523,1
0,0.7908019,1
0,0.875406,1
1,0.7587246,1
1,0.8588029,1
1,0.81891906,1
1,0.8142499,1
1,0.7584086,1
1,0.88396204,1
1,0.87793267,1
1,0.76229554,1
1,0.86039,1
1,0.755784,1
1,0.695462,1
1,0.7157825,1
1,0.78400844,1
1,0.70158553,1
0,0.69680166,1
1,0.74553156,1
0,0.67265296,1
1,0.7659062,1
0,0.69751716,1
0,0.7067938,1
1,0.5227166,1
1,0.53199434,1
0,0.6140448,1
0,0.5195802,1
1,0.64169633,1
1,0.7289708,1
1,0.5867552,1
1,0.45595276,0
1,0.66616184,1
0,0.7230878,1
0,0.638042,1
1,0.76401144,1
0,0.70973444,1
0,0.6969579,1
1,0.8084195,1
0,0.73155016,1
1,0.68283856,1
1,0.7214216,1
1,0.71373045,1
0,0.72459215,1
1,0.7525819,1
1,0.7797625,1
0,0.69420266,1
1,0.7855658,1
0,0.71882004,1
1,0.75672823,1
1,0.5644036,1
0,0.37502116,0
0,0.70595443,1
0,0.76697755,1
1,0.4897318,0
0,0.75834244,1
1,0.68591034,1
1,0.7636786,1
1,0.67043805,1
1,0.7268252,1
1,0.749153,1
1,0.5089471,1
1,0.6931279,1
0,0.6603702,1
0,0.56241465,1
1,0.6893573,1
0,0.7874316,1
1,0.78831416,1
1,0.79424685,1
1,0.78160644,1
1,0.7925637,1
1,0.81963503,1
1,0.7011462,1
1,0.818574,1
0,0.78329366,1
0,0.699747,1
0,0.7312948,1
0,0.72736806,1
0,0.7310459,1
1,0.75992566,1
0,0.72359526,1
1,0.749932,1
1,0.78924507,1
1,0.73680997,1
1,0.66243786,1
0,0.7250631,1
1,0.65217334,1
1,0.6709387,1
0,0.6572401,1
1,0.6505529,1
0,0.63281393,1
0,0.7989945,1
1,0.7702411,1
0,0.6738992,1
1,0.6838592,1
1,0.64767545,1
1,0.6941205,1
1,0.69472176,1
0,0.6278456,1
0,0.65509486,1
0,0.53982943,1
0,0.76549596,1
0,0.7732513,1
0,0.62723905,1
1,0.6189327,1
1,0.5636311,1
1,0.6165622,1
1,0.6792789,1
0,0.53384197,1
1,0.5187353,1
1,0.63286835,1
0,0.14007866,0
0,0.14745314,0
0,0.10979041,0
0,0.14308117,0
1,0.29771078,0
0,0.72377944,1
0,0.8035835,1
1,0.8101177,1
1,0.68208927,1
0,0.45326814,0
0,0.62867093,1
1,0.7174282,1
1,0.8457357,1
1,0.5968948,1
1,0.80665225,1
1,0.6099481,1
1,0.8454815,1
1,0.7353884,1
1,0.77699894,1
1,0.79613733,1
0,0.84521735,1
0,0.80536324,1
1,0.84950346,1
0,0.6880226,1
1,0.5315214,1
0,0.65494525,1
1,0.73529094,1
0,0.8513013,1
1,0.7638485,1
1,0.82601684,1
1,0.87049437,1
0,0.83241755,1
0,0.7230963,1
1,0.6458904,1
1,0.78549886,1
1,0.8025859,1
0,0.8009438,1
1,0.79922444,1
1,0.6269609,1
1,0.79882056,1
1,0.79515254,1
1,0.82989717,1
0,0.38664648,0
0,0.32024714,0
1,0.563235,1
1,0.711881,1
1,0.8039698,1
1,0.8225165,1
1,0.78231305,1
1,0.7995968,1
0,0.7745409,1
0,0.7656505,1
0,0.7889165,1
0,0.8129994,1
1,0.78760666,1
1,0.853968,1
1,0.8138824,1
1,0.7980381,1
1,0.867848,1
1,0.79066753,1
0,0.45475128,0
1,0.80940914,1
1,0.58296716,1
0,0.42930788,0
1,0.67635536,1
1,0.66133356,1
1,0.31243506,0
0,0.43327093,0
1,0.6327194,1
0,0.50984263,1
1,0.64316285,1
0,0.43839052,0
0,0.41062802,0
0,0.21589814,0
0,0.64664114,1
0,0.38155627,0
0,0.3706744,0
1,0.2509661,0
0,0.3424436,0
0,0.5110875,1
1,0.3890447,0
0,0.33262318,0
0,0.37719205,0
0,0.35574642,0
0,0.4814195,0
0,0.37653553,0
0,0.27660123,0
0,0.35512358,0
0,0.2828046,0
1,0.34905812,0
1,0.39978343,0
0,0.31366298,0
1,0.7010189,1
1,0.35062826,0
0,0.6447163,1
0,0.44987148,0
1,0.43823826,0
0,0.619479,1
1,0.3314423,0
1,0.6325795,1
1,0.67111045,1
1,0.6968361,1
0,0.75737804,1
1,0.8369345,1
1,0.7273218,1
1,0.6245816,1
1,0.62072015,1
1,0.5943509,1
1,0.59050393,1
1,0.62649584,1
1,0.5428467,1
0,0.24433008,0
1,0.41973656,0
1,0.6494689,1
0,0.6588787,1
0,0.74380034,1
1,0.31345654,0
1,0.57598513,1
1,0.3982588,0
1,0.36657813,0
0,0.84544677,1
1,0.7723776,1
1,0.8362786,1
1,0.77908343,1
1,0.7846185,1
1,0.8296381,1
1,0.7905226,1
1,0.7463501,1
1,0.76545477,1
1,0.8198341,1
1,0.8418606,1
1,0.7159028,1
1,0.7520098,1
1,0.74845624,1
0,0.81982017,1
0,0.83699054,1
0,0.8430924,1
1,0.780697,1
1,0.7639378,1
0,0.8008999,1
1,0.8030124,1
1,0.8467424,1
1,0.77720636,1
1,0.8476398,1
1,0.8918696,1
1,0.8431987,1
0,0.8319478,1
1,0.8099972,1
1,0.7969595,1
1,0.7788833,1
0,0.8331621,1
0,0.8409829,1
0,0.8841262,1
0,0.83393717,1
1,0.809328,1
1,0.6985812,1
1,0.70489126,1
1,0.79300797,1
1,0.83043164,1
1,0.75699556,1
1,0.8104078,1
1,0.7501216,1
0,0.5054111,1
0,0.64242613,1
1,0.7910197,1
1,0.8420825,1
1,0.79085046,1
1,0.8184836,1
1,0.73863155,1
1,0.8274545,1
1,0.72005004,1
0,0.7221699,1
1,0.6925362,1
0,0.8027678,1
1,0.7889883,1
1,0.79092413,1
1,0.7165047,1
1,0.75495726,1
1,0.7137673,1
1,0.74280745,1
0,0.7889152,1
1,0.730427,1
0,0.7744003,1
1,0.6933667,1
0,0.6936242,1
1,0.6924601,1
1,0.79725087,1
0,0.7425937,1
1,0.7591356,1
1,0.73289734,1
1,0.81972164,1
1,0.81807345,1
1,0.72344494,1
1,0.8258679,1
0,0.76238286,1
1,0.8766693,1
1,0.70747745,1
1,0.71500766,1
1,0.8303581,1
1,0.76308465,1
1,0.78683645,1
1,0.75030154,1
0,0.6095871,1
1,0.73300123,1
1,0.5606975,1
1,0.68875366,1
1,0.7699409,1
1,0.8035754,1
1,0.81575775,1
0,0.598937,1
1,0.6744652,1
1,0.6557152,1
1,0.7225633,1
1,0.6922091,1
0,0.64728826,1
0,0.6922813,1
1,0.70431066,1
1,0.7175524,1
1,0.7213536,1
1,0.76828593,1
1,0.77855307,1
1,0.77587116,1
1,0.74547535,1
1,0.78514296,1
1,0.70885396,1
1,0.7853812,1
0,0.8326451,1
1,0.7177415,1
1,0.73179567,1
1,0.7335749,1
1,0.80241203,1
0,0.81447524,1
0,0.7579431,1
1,0.68564314,1
1,0.7522461,1
1,0.84376687,1
0,0.8186891,1
1,0.71612465,1
1,0.79099333,1
1,0.7861988,1
1,0.784011,1
1,0.7678028,1
1,0.78063744,1
0,0.80270267,1
0,0.60564184,1
0,0.8147261,1
1,0.75259966,1
1,0.688164,1
0,0.8313114,1
1,0.80822784,1
1,0.64591956,1
1,0.80826485,1
1,0.8602291,1
1,0.7739862,1
1,0.7363336,1
1,0.7776814,1
1,0.8477189,1
1,0.7769655,1
1,0.83094925,1
1,0.7649136,1
1,0.74686515,1
0,0.78032756,1
1,0.7617683,1
1,0.7659157,1
0,0.6494016,1
1,0.7664824,1
1,0.7931407,1
0,0.7597054,1
0,0.7847166,1
1,0.82441586,1
1,0.5680493,1
1,0.7845294,1
1,0.83309567,1
0,0.8053907,1
1,0.8188139,1
1,0.8198293,1
0,0.8037707,1
0,0.8051384,1
0,0.80343664,1
1,0.7550229,1
1,0.7850598,1
1,0.70591325,1
1,0.80886275,1
0,0.4936344,0
1,0.7329343,1
1,0.7637978,1
0,0.7474866,1
1,0.7203521,1
1,0.7241014,1
0,0.77730113,1
1,0.73932886,1
1,0.56852585,1
1,0.74476445,1
1,0.60039824,1
0,0.7276194,1
1,0.74821895,1
0,0.74228895,1
1,0.7757741,1
1,0.7487287,1
0,0.72998583,1
1,0.78420967,1
1,0.753163,1
1,0.8717488,1
0,0.5587066,1
0,0.7286261,1
1,0.7991554,1
1,0.8355392,1
1,0.8294166,1
1,0.73582304,1
1,0.83974135,1
0,0.761102,1
0,0.8011156,1
1,0.7213613,1
1,0.67951465,1
1,0.7395232,1
1,0.81123126,1
1,0.8039279,1
1,0.8151023,1
1,0.41913432,0
1,0.7455651,1
1,0.65144914,1
1,0.7091838,1
1,0.60953236,1
1,0.7331674,1
1,0.7337565,1
1,0.6628679,1
1,0.7828925,1
1,0.7603583,1
1,0.6091068,1
0,0.75552183,1
1,0.731048,1
1,0.5349029,1
1,0.72678953,1
0,0.7832696,1
1,0.8021314,1
1,0.79217875,1
1,0.70125663,1
0,0.84308416,1
0,0.66226333,1
0,0.45387045,0
1,0.7396642,1
1,0.7377,1
1,0.65312636,1
0,0.8553729,1
1,0.6189213,1
1,0.81119657,1
0,0.031283524,0
1,0.8213666,1
0,0.7777779,1
0,0.82789934,1
1,0.75864303,1
1,0.7893758,1
1,0.8169426,1
0,0.7308301,1
0,0.8212205,1
1,0.8146276,1
1,0.78028923,1
0,0.7425948,1
0,0.7453459,1
0,0.7938602,1
1,0.76323336,1
1,0.7161665,1
1,0.69867945,1
1,0.7360605,1
1,0.68793964,1
1,0.70514,1
1,0.72970295,1
1,0.7319459,1
1,0.7113417,1
1,0.7317518,1
1,0.65884614,1
1,0.7394649,1
1,0.78974605,1
1,0.767004,1
1,0.8133657,1
0,0.76015586,1
1,0.8121645,1
1,0.7739466,1
1,0.7416492,1
1,0.6605887,1
1,0.8265135,1
1,0.9214941,1
1,0.7396908,1
1,0.81763023,1
0,0.7161773,1
0,0.7729099,1
1,0.81009156,1
1,0.8032615,1
0,0.7473275,1
1,0.8023952,1
0,0.8226003,1
1,0.7957084,1
0,0.28686246,0
0,0.49437508,0
1,0.49722174,0
1,0.6609184,1
1,0.7208716,1
0,0.78974783,1
0,0.7793349,1
1,0.79806775,1
1,0.72781676,1
0,0.7898812,1
1,0.85495496,1
1,0.8588493,1
1,0.843007,1
0,0.2564695,0
0,0.124555476,0
0,0.45476544,0
1,0.28849962,0
0,0.6683557,1
0,0.64678305,1
0,0.5016148,1
0,0.63859683,1
0,0.7395181,1
1,0.849728,1
0,0.68125373,1
1,0.5868036,1
1,0.59182143,1
1,0.7611193,1
1,0.69926757,1
0,0.6164842,1
1,0.71090424,1
0,0.71150607,1
1,0.764204,1
1,0.6604731,1
0,0.74855536,1
0,0.7612996,1
1,0.6120425,1
1,0.5398682,1
1,0.7178636,1
1,0.7335831,1
1,0.7972485,1
1,0.71143496,1
0,0.58697945,1
0,0.6948102,1
0,0.73666435,1
0,0.7798696,1
0,0.7173502,1
0,0.7723487,1
0,0.8563906,1
1,0.8180374,1
1,0.7915085,1
1,0.83605844,1
0,0.79646015,1
1,0.67717993,1
1,0.5912788,1
0,0.66316456,1
1,0.576959,1
1,0.5764023,1
1,0.6831608,1
1,0.62425417,1
1,0.55618155,1
1,0.6979364,1
1,0.46058708,0
0,0.5952557,1
0,0.6727435,1
1,0.6381575,1
1,0.6844091,1
1,0.66841817,1
1,0.7450172,1
1,0.76491576,1
1,0.7787431,1
1,0.80795264,1
1,0.8403087,1
0,0.8394446,1
1,0.7295869,1
1,0.76775986,1
1,0.7370654,1
1,0.6759156,1
1,0.75683033,1
1,0.7239445,1
1,0.6868385,1
1,0.634783,1
1,0.7403738,1
0,0.84239805,1
1,0.7790275,1
0,0.17388363,0
0,0.16088808,0
0,0.19714761,0
0,0.25385743,0
0,0.27935812,0
1,0.50663936,1
1,0.39574227,0
1,0.73418546,1
1,0.6040158,1
0,0.79116637,1
0,0.79736483,1
1,0.7132258,1
1,0.7430546,1
1,0.69249606,1
1,0.7586205,1
1,0.7638779,1
1,0.6389397,1
1,0.4223565,0
0,0.6002597,1
1,0.82790536,1
1,0.70924956,1
1,0.7697384,1
1,0.74567974,1
0,0.666338,1
1,0.11221327,0
1,0.3168181,0
1,0.48031464,0
1,0.7831455,1
1,0.7941968,1
1,0.64884585,1
1,0.48588774,0
0,0.5756996,1
1,0.6805494,1
1,0.61359954,1
1,0.80350596,1
1,0.7561878,1
1,0.84409565,1
1,0.33196148,0
0,0.36454713,0
1,0.7845317,1
0,0.1932758,0
0,0.17603225,0
0,0.22663808,0
1,0.200484,0
1,0.82042867,1
1,0.8278604,1
0,0.20693225,0
1,0.33354107,0
0,0.29290643,0
0,0.11648419,0
0,0.19914216,0
0,0.25433588,0
1,0.7300901,1
1,0.7387141,1
1,0.7661998,1
1,0.7594987,1
1,0.8016253,1
0,0.78473246,1
0,0.5233155,1
1,0.60827273,1
1,0.53248996,1
1,0.86717486,1
0,0.37145576,0
0,0.42318115,0
0,0.42966706,0
1,0.36310723,0
0,0.5407262,1
1,0.4965989,0
0,0.5547655,1
1,0.5241552,1
1,0.58510226,1
0,0.55538,1
1,0.51281655,1
0,0.41459572,0
0,0.46852812,0
1,0.5287562,1
0,0.38574585,0
0,0.44900385,0
0,0.62932086,1
1,0.44630858,0
1,0.7764126,1
1,0.8030378,1
0,0.5588855,1
1,0.6988481,1
1,0.47463667,0
1,0.74290943,1
1,0.77721393,1
0,0.20303896,0
0,0.06546858,0
0,0.047701728,0
0,0.03534073,0
0,0.22669345,0
1,0.45662597,0
1,0.3580785,0
0,0.13747974,0
1,0.5279131,1
1,0.57993287,1
0,0.23919047,0
0,0.24474433,0
0,0.28271243,0
0,0.09119829,0
0,0.20770498,0
0,0.12318076,0
0,0.065252945,0
1,0.59987783,1
1,0.7867903,1
1,0.8216307,1
1,0.76385665,1
1,0.7848285,1
1,0.7930124,1
1,0.77877235,1
0,0.6305434,1
1,0.5585111,1
0,0.6120864,1
1,0.7320136,1
0,0.7872579,1
0,0.83173865,1
0,0.81520003,1
0,0.82647413,1
1,0.76220673,1
1,0.81435657,1
0,0.8510536,1
1,0.8099545,1
1,0.84721416,1
0,0.5934544,1
0,0.47679004,0
0,0.4046271,0
0,0.36588037,0
0,0.2155614,0
0,0.1573133,0
1,0.5415861,1
1,0.8683983,1
1,0.8436513,1
1,0.87540454,1
1,0.88360244,1
1,0.88995326,1
1,0.832692,1
1,0.82510465,1
1,0.6240477,1
1,0.6913095,1
1,0.41011047,0
1,0.33426672,0
0,0.35994887,0
0,0.21683098,0
0,0.8171179,1
0,0.3577884,0
1,0.38297367,0
0,0.55240214,1
1,0.66644907,1
1,0.5845952,1
1,0.50476253,1
0,0.33904386,0
0,0.199464,0
0,0.3029754,0
0,0.43806672,0
0,0.4978796,0
0,0.54478323,1
0,0.07924918,0
0,0.43077746,0
0,0.4648201,0
0,0.3463698,0
1,0.38233072,0
0,0.19124229,0
1,0.52182907,1
0,0.74112916,1
0,0.7636831,1
0,0.539972,1
0,0.1570268,0
0,0.35317856,0
0,0.48457083,0
0,0.22960491,0
0,0.5874998,1
0,0.6498608,1
0,0.8701853,1
0,0.7418328,1
0,0.430443,0
0,0.30140772,0
0,0.37386695,0
1,0.38095245,0
0,0.30228963,0
0,0.37990892,0
0,0.2202187,0
0,0.32766113,0
0,0.41744313,0
1,0.6614583,1
1,0.7594251,1
1,0.7367365,1
1,0.93733054,1
0,0.8849709,1
1,0.8068812,1
1,0.82400686,1
1,0.8430058,1
1,0.77886164,1
1,0.87396955,1
1,0.6402498,1
1,0.8099311,1
0,0.70917034,1
1,0.6747821,1
1,0.87384886,1
0,0.7553703,1
1,0.8157417,1
0,0.66719335,1
0,0.614083,1
1,0.6147897,1
1,0.7911924,1
1,0.7972845,1
1,0.78399295,1
1,0.8036184,1
1,0.8109019,1
1,0.73970616,1
1,0.69007975,1
1,0.67687917,1
1,0.7314013,1
1,0.8128002,1
0,0.74800617,1
0,0.63877475,1
0,0.74164075,1
1,0.70070034,1
1,0.7411945,1
1,0.8057855,1
1,0.7816305,1
1,0.67973894,1
0,0.6985317,1
1,0.37021545,0
0,0.40719616,0
0,0.30454868,0
0,0.25473672,0
1,0.20502517,0
1,0.12639344,0
0,0.21021703,0
1,0.308021,0
0,0.35924903,0
0,0.2828435,0
0,0.3558563,0
0,0.47664836,0
0,0.10259015,0
0,0.009811827,0
0,0.0504979,0
0,0.049196098,0
0,0.04223237,0
0,0.08114825,0
0,0.32482222,0
0,0.036905423,0
0,0.10385127,0
1,0.20786503,0
1,0.34713072,0
1,0.5999115,1
1,0.27432033,0
0,0.2258307,0
0,0.287682,0
0,0.03091873,0
1,0.19185132,0
0,0.24216798,0
0,0.5082838,1
1,0.7300502,1
1,0.79810625,1
1,0.83422184,1
1,0.8383901,1
1,0.83486545,1
1,0.8512822,1
1,0.88584745,1
1,0.8141684,1
0,0.46608588,0
1,0.25382215,0
1,0.82612246,1
1,0.7803023,1
0,0.50069344,1
0,0.24072382,0
1,0.42665935,0
0,0.10805703,0
1,0.8401032,1
1,0.90873647,1
1,0.40027863,0
1,0.25133246,0
1,0.19426623,0
1,0.854136,1
0,0.6822698,1
0,0.7012027,1
0,0.83398956,1
1,0.6916024,1
1,0.49634066,0
1,0.5828177,1
0,0.44035336,0
1,0.63917464,1
1,0.69987327,1
1,0.85841596,1
1,0.83183134,1
1,0.8398347,1
1,0.83568335,1
1,0.78670144,1
1,0.5009811,1
1,0.50452787,1
1,0.40621334,0
0,0.4988436,0
1,0.3650887,0
0,0.4834633,0
1,0.6146511,1
1,0.4099935,0
0,0.439198,0
0,0.40540612,0
0,0.34047014,0
1,0.7508151,1
0,0.85087043,1
0,0.67828274,1
1,0.7791249,1
0,0.68632966,1
1,0.74633944,1
1,0.7790743,1
1,0.7421687,1
1,0.86603975,1
1,0.7699438,1
1,0.81364435,1
1,0.787325,1
1,0.8831246,1
1,0.8209244,1
1,0.8509431,1
1,0.79522145,1
1,0.86309,1
1,0.83462906,1
1,0.77789664,1
0,0.8487819,1
1,0.8809639,1
0,0.85742664,1
1,0.72204953,1
1,0.78565747,1
1,0.803656,1
1,0.81656754,1
1,0.75263226,1
1,0.8361481,1
1,0.85321677,1
1,0.82989526,1
1,0.7899481,1
1,0.8347121,1
1,0.8228886,1
1,0.8305923,1
0,0.86816764,1
0,0.7901133,1
1,0.8738623,1
1,0.83370036,1
1,0.8361661,1
1,0.8047551,1
1,0.88105553,1
1,0.86653626,1
1,0.76777303,1
1,0.8510128,1
1,0.7389837,1
1,0.8344274,1
1,0.27177864,0
1,0.15537927,0
0,0.37899277,0
0,0.52155155,1
1,0.14986226,0
1,0.763023,1
0,0.27845272,0
0,0.23253801,0
1,0.9186769,1
0,0.24875666,0
1,0.85978496,1
1,0.7009914,1
1,0.8157259,1
1,0.6467682,1
1,0.52643996,1
1,0.79790413,1
1,0.674388,1
1,0.671187,1
1,0.8327779,1
1,0.7907308,1
1,0.8044169,1
0,0.7495752,1
1,0.73992264,1
1,0.83614236,1
1,0.7837057,1
1,0.8427689,1
1,0.6748261,1
1,0.63839513,1
1,0.7489041,1
1,0.7906562,1
1,0.7950345,1
1,0.7545407,1
1,0.8129709,1
1,0.7996871,1
1,0.5101526,1
1,0.34278566,0
1,0.63844764,1
1,0.7195187,1
1,0.76039815,1
1,0.7667515,1
1,0.78891003,1
0,0.7197344,1
1,0.65540147,1
0,0.8133106,1
1,0.85875577,1
1,0.82308584,1
1,0.79966724,1
1,0.86160177,1
1,0.8311526,1
1,0.85689324,1
1,0.8548615,1
1,0.80855274,1
1,0.5165885,1
0,0.7306123,1
1,0.78697747,1
1,0.7705265,1
1,0.7929009,1
0,0.8147216,1
0,0.66701794,1
1,0.61016583,1
1,0.8450479,1
0,0.7562391,1
1,0.88322216,1
1,0.8339753,1
1,0.72601795,1
1,0.8510908,1
1,0.80981904,1
1,0.8373819,1
0,0.67118025,1
0,0.7313991,1
1,0.76975983,1
1,0.76900005,1
1,0.83378106,1
1,0.845639,1
1,0.7465578,1
1,0.75807226,1
1,0.5813414,1
1,0.72660905,1
1,0.7243582,1
1,0.52676636,1
1,0.57417786,1
0,0.7632046,1
1,0.7799514,1
0,0.8322973,1
1,0.81080055,1
0,0.76413405,1
1,0.88638586,1
1,0.78144664,1
1,0.8031968,1
0,0.71900195,1
0,0.83294207,1
0,0.8059901,1
1,0.7573313,1
1,0.88221484,1
1,0.8410306,1
1,0.72333,1
1,0.7991998,1
0,0.79972297,1
0,0.77361405,1
1,0.8278215,1
1,0.84031564,1
1,0.8614601,1
1,0.80852,1
1,0.77092093,1
1,0.85443336,1
1,0.9076256,1
0,0.75701773,1
1,0.7281673,1
0,0.41753858,0
1,0.70958084,1
0,0.7342365,1
0,0.6513467,1
0,0.7581481,1
1,0.84158707,1
1,0.8236247,1
0,0.16784966,0
1,0.7908616,1
1,0.7312693,1
1,0.72292113,1
0,0.70246595,1
0,0.6324704,1
1,0.6488711,1
1,0.6935578,1
0,0.68911535,1
1,0.6310186,1
0,0.59389555,1
0,0.50033563,1
0,0.44413102,0
1,0.33117947,0
0,0.45807207,0
0,0.21998073,0
0,0.24379438,0
1,0.4078695,0
1,0.78749156,1
1,0.7372538,1
0,0.8466751,1
0,0.8456213,1
0,0.7956419,1
0,0.7683738,1
1,0.7585134,1
0,0.87146175,1
1,0.77182686,1
1,0.880395,1
1,0.7728943,1
1,0.7688677,1
1,0.8505699,1
1,0.8350677,1
1,0.85680294,1
1,0.89789236,1
1,0.8800433,1
1,0.86577284,1
0,0.9002466,1
1,0.83543825,1
1,0.85644054,1
0,0.8573118,1
0,0.7702104,1
1,0.839671,1
1,0.69905376,1
1,0.83750427,1
1,0.80402714,1
1,0.8589887,1
1,0.8388498,1
1,0.88305867,1
1,0.84943205,1
1,0.820754,1
1,0.7871332,1
1,0.7939856,1
1,0.8023242,1
1,0.84848356,1
1,0.8631786,1
1,0.8492953,1
1,0.8547913,1
1,0.83919126,1
1,0.8119187,1
1,0.8337641,1
1,0.8925058,1
1,0.7973283,1
1,0.90876395,1
0,0.8779902,1
1,0.88666743,1
1,0.87604105,1
0,0.92146367,1
0,0.90587294,1
1,0.9215715,1
1,0.8698092,1
1,0.92059046,1
1,0.9131383,1
1,0.89829123,1
1,0.8792021,1
1,0.8820352,1
1,0.8796416,1
0,0.8992758,1
1,0.92069894,1
1,0.88049537,1
1,0.8124774,1
0,0.86394787,1
1,0.92742366,1
1,0.8860539,1
1,0.7494627,1
1,0.7353751,1
0,0.16600646,0
0,0.17474341,0
1,0.2535686,0
0,0.07029603,0
0,0.36931092,0
0,0.7192356,1
0,0.2609491,0
0,0.22133955,0
0,0.052804478,0
1,0.8180022,1
1,0.353072,0
0,0.2645849,0
0,0.035294943,0
1,0.5431307,1
0,0.2060072,0
0,0.67328095,1
1,0.085177876,0
0,0.244525,0
0,0.7762782,1
0,0.7015078,1
1,0.7005822,1
0,0.8474815,1
1,0.47378752,0
0,0.59173983,1
1,0.80316746,1
1,0.6096255,1
1,0.72314656,1
1,0.8194394,1
1,0.8395435,1
1,0.25875792,0
1,0.823763,1
1,0.8760643,1
1,0.82035047,1
1,0.8696599,1
1,0.9164113,1
1,0.8862107,1
1,0.8413522,1
1,0.85337317,1
0,0.8602559,1
1,0.8671794,1
0,0.52015394,1
1,0.696495,1
1,0.8313224,1
1,0.87471783,1
1,0.67985255,1
1,0.7311561,1
1,0.6589405,1
0,0.37395167,0
1,0.69368804,1
0,0.7158456,1
1,0.7137059,1
1,0.63753706,1
0,0.5337159,1
1,0.6777737,1
0,0.3825975,0
0,0.49180225,0
0,0.32081693,0
1,0.3407459,0
0,0.38174,0
0,0.70111,1
1,0.80101246,1
1,0.8352195,1
1,0.90341175,1
1,0.92148966,1
1,0.9165568,1
1,0.8551007,1
1,0.44587108,0
0,0.5910625,1
0,0.46947125,0
0,0.3805682,0
1,0.6401902,1
1,0.7452156,1
0,0.73259115,1
1,0.59690624,1
1,0.3385977,0
0,0.6106748,1
0,0.31731617,0
1,0.8042236,1
1,0.7416881,1
1,0.7015448,1
1,0.6986201,1
1,0.69514394,1
0,0.056717683,0
1,0.5629565,1
0,0.33715966,0
1,0.72805005,1
0,0.52941424,1
1,0.12816823,0
1,0.622245,1
0,0.07667839,0
0,0.26466784,0
1,0.61496896,1
0,0.3371591,0
1,0.8846966,1
1,0.55586153,1
1,0.4872293,0
0,0.21563374,0
0,0.28399244,0
0,0.2972913,0
0,0.22924088,0
1,0.6279348,1
1,0.6464421,1
1,0.62242395,1
0,0.87293667,1
0,0.68263865,1
1,0.88419014,1
1,0.87049043,1
1,0.6449671,1
1,0.5337057,1
0,0.6968393,1
1,0.97103924,1
1,0.86102027,1
1,0.83972377,1
1,0.874012,1
1,0.92474514,1
1,0.9112039,1
1,0.87311137,1
0,0.8527287,1
1,0.862188,1
0,0.84454715,1
1,0.8787635,1
0,0.81256884,1
0,0.82192546,1
1,0.81782895,1
1,0.8632924,1
1,0.88748986,1
1,0.5094499,1
1,0.85476804,1
1,0.76177394,1
0,0.7309149,1
0,0.7629436,1
1,0.7195798,1
0,0.7241037,1
0,0.41885975,0
1,0.8068668,1
1,0.8434677,1
1,0.32626694,0
1,0.7951959,1
0,0.28681982,0
1,0.60084915,1
1,0.6672008,1
1,0.7651086,1
1,0.66084886,1
1,0.60047054,1
0,0.576172,1
0,0.7906672,1
0,0.8315927,1
0,0.78962374,1
1,0.8100834,1
1,0.80547404,1
1,0.81606495,1
0,0.55255985,1
0,0.44810265,0
1,0.82231426,1
0,0.72460294,1
0,0.7841577,1
1,0.7545847,1
1,0.52907443,1
1,0.4075143,0
1,0.5851321,1
1,0.6007391,1
1,0.6944702,1
0,0.6665153,1
0,0.7220886,1
1,0.6918511,1
1,0.7960799,1
1,0.7332519,1
1,0.7549362,1
1,0.7683293,1
1,0.77426666,1
1,0.7756305,1
1,0.7653323,1
1,0.64844227,1
0,0.8210933,1
1,0.853981,1
0,0.8479744,1
1,0.88975126,1
0,0.890926,1
1,0.86744356,1
1,0.8887152,1
0,0.8712504,1
1,0.87253255,1
1,0.85078627,1
1,0.835838,1
0,0.83649045,1
0,0.8114432,1
1,0.8580914,1
1,0.8695927,1
0,0.83477676,1
1,0.87240094,1
0,0.8576822,1
1,0.85112244,1
0,0.8566146,1
1,0.79959905,1
0,0.8587428,1
0,0.8727492,1
0,0.8597362,1
1,0.86331624,1
0,0.9026227,1
0,0.80654126,1
1,0.7608335,1
0,0.84607476,1
1,0.8535908,1
0,0.857625,1
0,0.8434608,1
1,0.8164395,1
1,0.7857389,1
0,0.80805147,1
0,0.8345465,1
1,0.8409508,1
0,0.8076589,1
1,0.81860554,1
1,0.8344835,1
1,0.7948932,1
1,0.7633685,1
1,0.77083904,1
0,0.7842889,1
0,0.8201582,1
0,0.84193885,1
1,0.81750685,1
1,0.8986981,1
1,0.84366244,1
1,0.8717087,1
1,0.8420594,1
1,0.86949384,1
0,0.85817087,1
1,0.832482,1
1,0.7847793,1
0,0.8675255,1
0,0.87580395,1
1,0.8586647,1
1,0.84317356,1
1,0.86396796,1
1,0.90759754,1
1,0.8329372,1
1,0.7846354,1
1,0.83527696,1
1,0.76184094,1
1,0.86663115,1
1,0.82471794,1
1,0.79008496,1
1,0.8570062,1
1,0.8493316,1
1,0.8485786,1
1,0.80058247,1
1,0.83038384,1
0,0.8586532,1
1,0.79355156,1
0,0.8694255,1
1,0.8110802,1
0,0.83070225,1
0,0.8680705,1
1,0.8453901,1
1,0.8119849,1
1,0.8255372,1
1,0.77837425,1
0,0.8394676,1
0,0.59022695,1
1,0.84902817,1
1,0.80511105,1
1,0.7535553,1
1,0.7732361,1
1,0.8362638,1
0,0.81749946,1
0,0.84009904,1
0,0.7931948,1
1,0.82382756,1
1,0.83756155,1
0,0.8234652,1
0,0.827116,1
1,0.8213082,1
1,0.79635304,1
1,0.8163034,1
1,0.8463965,1
0,0.8260419,1
1,0.8503712,1
1,0.8712208,1
1,0.78192663,1
1,0.80865425,1
0,0.8656815,1
0,0.8533897,1
1,0.8083025,1
1,0.79101217,1
1,0.84347534,1
0,0.80226976,1
1,0.7897293,1
1,0.78171724,1
1,0.79431933,1
0,0.83269733,1
1,0.3272954,0
0,0.80576324,1
1,0.82628036,1
1,0.81510663,1
1,0.8292952,1
0,0.59555745,1
1,0.84777856,1
1,0.69276,1
1,0.9191932,1
1,0.84212685,1
1,0.5830066,1
0,0.82483625,1
0,0.8046313,1
1,0.7974111,1
0,0.6560693,1
1,0.7093484,1
1,0.76953477,1
1,0.7418464,1
0,0.61817145,1
1,0.7171914,1
1,0.76598483,1
0,0.6734634,1
1,0.7203996,1
1,0.8387469,1
1,0.8708611,1
0,0.870667,1
0,0.4104119,0
1,0.6600003,1
1,0.5739809,1
1,0.6231805,1
1,0.6059001,1
0,0.62630457,1
1,0.34570837,0
1,0.6666512,1
1,0.64240247,1
1,0.7178143,1
0,0.7528428,1
1,0.7315088,1
1,0.7178245,1
1,0.77804756,1
1,0.85330844,1
1,0.7530696,1
0,0.59948605,1
1,0.80266565,1
1,0.51970166,1
1,0.68194366,1
1,0.76416725,1
1,0.83241725,1
1,0.8352201,1
1,0.8122424,1
1,0.91749156,1
1,0.82164204,1
1,0.6738931,1
1,0.69236356,1
1,0.80407286,1
1,0.6865497,1
1,0.77580684,1
1,0.72328407,1
1,0.82594466,1
0,0.7569414,1
1,0.7719085,1
1,0.7292182,1
1,0.7358155,1
1,0.74600554,1
0,0.7781723,1
1,0.7986042,1
1,0.7507231,1
0,0.79370296,1
1,0.8202397,1
1,0.756823,1
1,0.79181856,1
1,0.76328063,1
0,0.7568598,1
1,0.7773696,1
0,0.8252677,1
1,0.72437036,1
1,0.8494971,1
0,0.74547166,1
1,0.80093104,1
0,0.70911616,1
0,0.76292837,1
1,0.69279176,1
1,0.8356204,1
1,0.7359833,1
1,0.75213873,1
1,0.54387623,1
1,0.7217737,1
1,0.6849224,1
1,0.7511628,1
1,0.62694347,1
1,0.71804863,1
1,0.80543023,1
1,0.8256542,1
1,0.84987676,1
1,0.817003,1
1,0.84100074,1
1,0.7850049,1
1,0.54968536,1
0,0.59148043,1
1,0.78474134,1
1,0.7791574,1
1,0.729375,1
1,0.7523203,1
1,0.60043174,1
0,0.6039404,1
1,0.8726412,1
1,0.31090757,0
0,0.75062096,1
1,0.74928516,1
1,0.51835567,1
0,0.42712072,0
1,0.4956646,0
0,0.4068879,0
0,0.35652068,0
0,0.22766015,0
1,0.45951414,0
0,0.12417529,0
0,0.5028692,1
1,0.106848344,0
0,0.44335255,0
1,0.10976866,0
0,0.42587343,0
0,0.28845558,0
0,0.15006219,0
1,0.6319322,1
1,0.7902392,1
1,0.62413484,1
1,0.6547746,1
1,0.7272739,1
1,0.7741762,1
1,0.554942,1
1,0.75343853,1
1,0.6157111,1
0,0.56392527,1
1,0.6448467,1
1,0.7318495,1
1,0.77273566,1
1,0.7233091,1
0,0.5806401,1
1,0.65470445,1
0,0.68173337,1
1,0.67937297,1
0,0.70230275,1
0,0.56470925,1
1,0.6622004,1
1,0.71826607,1
0,0.77368385,1
1,0.69788843,1
1,0.70529187,1
1,0.6699907,1
1,0.61464304,1
0,0.70242095,1
1,0.68282676,1
0,0.6531688,1
1,0.71558595,1
0,0.6911229,1
1,0.71317184,1
0,0.70069575,1
0,0.61644316,1
1,0.72836125,1
1,0.62412846,1
0,0.76139045,1
1,0.7710721,1
1,0.7363468,1
0,0.5087316,1
1,0.7394632,1
0,0.72088045,1
0,0.796026,1
0,0.71134675,1
0,0.6354992,1
1,0.7396943,1
0,0.7861858,1
0,0.715076,1
1,0.7067724,1
1,0.69950324,1
0,0.7768622,1
0,0.16623078,0
1,0.1941331,0
0,0.6137356,1
0,0.31552783,0
0,0.036057133,0
0,0.041199137,0
1,0.35387254,0
1,0.72754496,1
0,0.5750873,1
1,0.61843497,1
0,0.62653095,1
1,0.6546781,1
0,0.3211401,0
0,0.07274246,0
0,0.16709441,0
0,0.18057764,0
0,0.20509699,0
0,0.6641738,1
1,0.4539262,0
1,0.85484564,1
1,0.8298151,1
1,0.47548687,0
1,0.8113803,1
0,0.090377346,0
0,0.33820313,0
0,0.14985019,0
1,0.1003069,0
1,0.6448234,1
0,0.60070515,1
0,0.16558595,0
0,0.52086914,1
0,0.5121365,1
0,0.69143677,1
1,0.5263013,1
0,0.19956255,0
1,0.76786566,1
1,0.8335697,1
0,0.6556373,1
1,0.6377757,1
1,0.78832597,1
1,0.5518927,1
1,0.4310714,0
1,0.76124614,1
1,0.64355606,1
0,0.67744577,1
1,0.7188104,1
1,0.8400788,1
1,0.8230469,1
1,0.7265575,1
1,0.77721405,1
1,0.73102945,1
1,0.70132446,1
1,0.6379971,1
0,0.58708173,1
1,0.6123357,1
1,0.80692697,1
1,0.52694696,1
1,0.8125638,1
1,0.81732446,1
1,0.8502592,1
1,0.8791908,1
1,0.86241585,1
1,0.7877267,1
1,0.74110407,1
1,0.8132988,1
1,0.74491394,1
1,0.5984875,1
1,0.6756842,1
1,0.6540661,1
1,0.77940047,1
1,0.7663651,1
1,0.58049464,1
1,0.6038139,1
1,0.85270756,1
1,0.9322734,1
1,0.68830365,1
0,0.69172025,1
1,0.5847717,1
0,0.69430417,1
1,0.7603781,1
1,0.75466037,1
1,0.6619651,1
1,0.6233544,1
1,0.6839426,1
1,0.593891,1
1,0.68537545,1
1,0.6877987,1
1,0.7775322,1
1,0.8137403,1
0,0.68409556,1
1,0.8951113,1
1,0.8526688,1
1,0.85593385,1
1,0.94132644,1
1,0.87664676,1
1,0.8492926,1
1,0.8641922,1
1,0.657259,1
1,0.6542967,1
1,0.69181216,1
1,0.60195154,1
1,0.4004816,0
0,0.7098914,1
1,0.50198317,1
1,0.55085194,1
0,0.7060896,1
0,0.7484969,1
0,0.7185794,1
0,0.6488462,1
1,0.50219816,1
0,0.70625347,1
1,0.6886512,1
0,0.40587097,0
1,0.5304898,1
1,0.33995807,0
1,0.73275125,1
1,0.6440529,1
1,0.38881198,0
1,0.39064395,0
1,0.66975516,1
0,0.43307087,0
0,0.23447444,0
1,0.7061383,1
0,0.0848151,0
0,0.10867966,0
0,0.6193803,1
0,0.27620322,0
0,0.24982238,0
0,0.21897712,0
0,0.17795037,0
1,0.49574345,0
1,0.6646238,1
1,0.37487432,0
0,0.60808545,1
1,0.7978288,1
1,0.7463881,1
1,0.78666365,1
0,0.5042965,1
0,0.3924474,0
0,0.65053326,1
0,0.7419774,1
0,0.59041655,1
1,0.5847362,1
1,0.43623546,0
0,0.15602174,0
0,0.5237439,1
0,0.2644231,0
0,0.21618675,0
0,0.49695086,0
0,0.42591414,0
0,0.41096485,0
1,0.66604596,1
0,0.27270332,0
1,0.3599808,0
0,0.35748327,0
1,0.5687032,1
0,0.8259687,1
0,0.6156614,1
0,0.3702044,0
1,0.36700588,0
0,0.26821637,0
1,0.65586597,1
1,0.6435327,1
0,0.59425324,1
1,0.7623507,1
0,0.7934079,1
1,0.61437494,1
0,0.69458705,1
1,0.7663217,1
1,0.7295985,1
1,0.79232484,1
1,0.82393587,1
1,0.6869135,1
1,0.64646107,1
1,0.7633628,1
1,0.7600668,1
1,0.72515154,1
0,0.6949885,1
0,0.69320387,1
0,0.76567847,1
0,0.539285,1
1,0.72363895,1
1,0.6945354,1
1,0.6305869,1
0,0.72144145,1
0,0.8548245,1
0,0.7010375,1
0,0.6761209,1
0,0.5374842,1
0,0.70432895,1
0,0.7436838,1
1,0.79690206,1
1,0.65954643,1
1,0.7035377,1
1,0.77956563,1
0,0.86133635,1
1,0.85451615,1
1,0.8422008,1
1,0.72771686,1
1,0.8422412,1
1,0.8181701,1
0,0.80468553,1
0,0.73627174,1
0,0.8641453,1
0,0.85682595,1
1,0.8433619,1
1,0.87545973,1
1,0.7548333,1
1,0.70499927,1
1,0.30491534,0
0,0.8300598,1
1,0.8528336,1
1,0.8648459,1
0,0.89478207,1
1,0.7966466,1
1,0.7501609,1
0,0.48240733,0
0,0.29478675,0
0,0.32668003,0
0,0.20896226,0
0,0.30762547,0
0,0.34549177,0
1,0.27534646,0
0,0.40049785,0
0,0.18244417,0
0,0.22160518,0
0,0.5369885,1
0,0.30461106,0
0,0.58133745,1
0,0.36324924,0
0,0.2931299,0
0,0.31955913,0
0,0.131025,0
1,0.75461537,1
0,0.74865246,1
1,0.59651625,1
1,0.7002423,1
1,0.8808711,1
1,0.8942723,1
1,0.8859507,1
1,0.77878886,1
1,0.55476946,1
0,0.80464303,1
0,0.7922435,1
0,0.46452934,0
0,0.628782,1
0,0.6903986,1
1,0.726294,1
1,0.81922746,1
1,0.7703045,1
1,0.7375185,1
0,0.69132733,1
0,0.6274449,1
1,0.75399274,1
0,0.7792884,1
1,0.7473514,1
1,0.73003995,1
1,0.7433145,1
0,0.83179206,1
1,0.8541862,1
1,0.56085604,1
0,0.64782536,1
1,0.8042461,1
1,0.69321704,1
1,0.71173334,1
0,0.71637,1
1,0.5795231,1
0,0.7649309,1
1,0.79205126,1
1,0.8045257,1
0,0.71812004,1
1,0.78993016,1
1,0.80066615,1
1,0.6922083,1
1,0.75250405,1
1,0.6985574,1
1,0.722918,1
1,0.6914856,1
0,0.7374374,1
1,0.83128935,1
1,0.66702074,1
1,0.64144194,1
0,0.7398411,1
0,0.73463154,1
1,0.758957,1
1,0.67840517,1
0,0.7025028,1
1,0.6995332,1
0,0.65787685,1
0,0.71561164,1
0,0.79101545,1
0,0.71099925,1
0,0.73363125,1
1,0.7965736,1
1,0.7929489,1
1,0.81866163,1
0,0.75195724,1
1,0.82999897,1
1,0.42126215,0
1,0.6729312,1
1,0.67232573,1
1,0.71524006,1
1,0.64024967,1
1,0.8915624,1
0,0.87632275,1
1,0.849284,1
1,0.84212977,1
1,0.8303099,1
0,0.79486275,1
1,0.82143897,1
1,0.7777664,1
0,0.8235362,1
0,0.60704696,1
1,0.71623236,1
1,0.6200282,1
1,0.61525005,1
1,0.7232335,1
1,0.79673046,1
1,0.8399503,1
1,0.8308595,1
0,0.8552192,1
1,0.8883572,1
1,0.8373171,1
1,0.7766221,1
1,0.77064365,1
1,0.8008048,1
1,0.8082515,1
1,0.8891398,1
0,0.8125183,1
0,0.85345584,1
0,0.7943987,1
1,0.67220277,1
1,0.6241336,1
1,0.7948164,1
1,0.72213244,1
1,0.8179114,1
1,0.8687076,1
1,0.85554576,1
1,0.8596453,1
0,0.876317,1
1,0.8330216,1
0,0.7804749,1
1,0.8030727,1
0,0.85765374,1
1,0.79388994,1
1,0.82600546,1
1,0.8379995,1
1,0.89193696,1
1,0.8563914,1
1,0.8238424,1
0,0.7488902,1
1,0.80758864,1
1,0.82883227,1
1,0.86756665,1
1,0.8803089,1
1,0.84305507,1
1,0.84305507,1
1,0.8532097,1
1,0.81000406,1
1,0.77849835,1
1,0.8102398,1
0,0.72468597,1
0,0.758235,1
1,0.6122405,1
0,0.52604085,1
1,0.7918406,1
1,0.75520587,1
1,0.83059275,1
1,0.7957483,1
1,0.70341533,1
1,0.7660056,1
1,0.8076934,1
1,0.6636123,1
1,0.5386068,1
0,0.6396668,1
0,0.67141324,1
1,0.48255002,0
1,0.91925377,1
1,0.66733944,1
1,0.6159491,1
1,0.79240847,1
1,0.22980574,0
0,0.07055183,0
1,0.84326553,1
0,0.8399367,1
0,0.8176246,1
0,0.82667845,1
1,0.8843507,1
1,0.719152,1
0,0.8111263,1
1,0.7318923,1
1,0.7324346,1
1,0.804005,1
0,0.70175576,1
1,0.84681803,1
1,0.8423789,1
1,0.8613834,1
1,0.83054596,1
1,0.81192064,1
1,0.78606415,1
1,0.79137796,1
1,0.80967814,1
1,0.84106827,1
1,0.79689425,1
1,0.828226,1
1,0.80408627,1
1,0.8037385,1
1,0.8104663,1
0,0.80319756,1
0,0.33684134,0
0,0.05412327,0
0,0.83341014,1
1,0.79630244,1
1,0.25839785,0
0,0.32812676,0
0,0.30026108,0
1,0.72822094,1
1,0.64654493,1
1,0.72297525,1
1,0.84715194,1
0,0.86645097,1
1,0.82437587,1
1,0.7456222,1
0,0.7334869,1
0,0.567257,1
0,0.6688293,1
0,0.31166327,0
1,0.45428082,0
1,0.7408662,1
0,0.86173767,1
1,0.8680949,1
1,0.8436496,1
1,0.9193193,1
0,0.78432626,1
1,0.6992834,1
1,0.7237543,1
1,0.81154907,1
1,0.82968545,1
1,0.8172501,1
1,0.8207267,1
1,0.7507854,1
0,0.31941825,0
1,0.31677666,0
1,0.6731141,1
1,0.8212573,1
0,0.3113316,0
0,0.31269366,0
0,0.16243967,0
1,0.636566,1
0,0.47339955,0
0,0.7194572,1
1,0.6366029,1
1,0.5783899,1
1,0.13141619,0
1,0.40054142,0
1,0.45271966,0
1,0.30374813,0
1,0.801078,1
1,0.8302181,1
1,0.6917912,1
1,0.78095526,1
1,0.95991147,1
1,0.8142589,1
1,0.83217025,1
1,0.9173105,1
1,0.8335439,1
1,0.86394775,1
1,0.8376616,1
0,0.7694867,1
0,0.7166184,1
1,0.79479325,1
1,0.7832691,1
1,0.7464884,1
1,0.7969704,1
1,0.7636906,1
0,0.6972599,1
1,0.77229244,1
1,0.81401,1
1,0.6287044,1
0,0.6506252,1
1,0.6314034,1
0,0.6507522,1
1,0.6836523,1
1,0.7227254,1
0,0.6208985,1
1,0.6870779,1
1,0.4297618,0
1,0.8238952,1
0,0.8050139,1
1,0.11653947,0
0,0.1837464,0
1,0.6351834,1
1,0.8994584,1
0,0.41763785,0
0,0.71725523,1
0,0.5201928,1
0,0.39751133,0
1,0.7279303,1
1,0.85366243,1
0,0.6160393,1
0,0.31578532,0
1,0.50777817,1
0,0.40245417,0
1,0.30385345,0
0,0.07686777,0
1,0.45689836,0
1,0.8097103,1
1,0.81025296,1
1,0.68545246,1
1,0.6454461,1
0,0.5368883,1
0,0.68539375,1
0,0.4402341,0
1,0.8056998,1
1,0.6613044,1
1,0.7111247,1
0,0.82165235,1
1,0.80750793,1
1,0.8265896,1
0,0.76102936,1
0,0.6558404,1
1,0.76421946,1
1,0.7791621,1
1,0.6795275,1
1,0.70807296,1
0,0.65107167,1
1,0.76463264,1
1,0.84416145,1
1,0.64633024,1
0,0.7922832,1
0,0.83717567,1
1,0.82847965,1
1,0.78704226,1
1,0.8158896,1
1,0.80979013,1
1,0.7699613,1
1,0.75781006,1
1,0.7571277,1
1,0.81661206,1
1,0.78959817,1
0,0.63590556,1
1,0.7326141,1
1,0.6660136,1
1,0.7195312,1
1,0.535772,1
1,0.70302016,1
1,0.5238603,1
0,0.47387275,0
0,0.64458627,1
1,0.5032134,1
1,0.8342326,1
0,0.85404754,1
1,0.8507754,1
1,0.79604733,1
1,0.8558469,1
0,0.8477139,1
0,0.7798678,1
0,0.8254495,1
1,0.7032858,1
1,0.710653,1
1,0.8462182,1
1,0.8153727,1
0,0.6762264,1
1,0.8576013,1
1,0.7951669,1
0,0.7985236,1
1,0.87592065,1
1,0.81130254,1
0,0.79238874,1
0,0.81398463,1
1,0.8791267,1
1,0.8638966,1
1,0.8754916,1
1,0.90883213,1
1,0.7887466,1
1,0.84262013,1
1,0.7811479,1
1,0.87723315,1
1,0.87905157,1
1,0.8298624,1
1,0.7693059,1
1,0.8716339,1
1,0.77556896,1
1,0.76684326,1
1,0.8499192,1
1,0.8444905,1
1,0.5194368,1
1,0.55262285,1
0,0.76177716,1
1,0.8193385,1
1,0.74312466,1
1,0.81944263,1
1,0.8265907,1
1,0.8583948,1
0,0.47609234,0
1,0.72953546,1
1,0.7488205,1
0,0.18136206,0
0,0.02161482,0
0,0.18905568,0
0,0.092584126,0
0,0.19545631,0
0,0.27082923,0
0,0.19190705,0
0,0.18831481,0
0,0.12076262,0
0,0.1967043,0
0,0.35289368,0
0,0.087158166,0
1,0.31079578,0
0,0.68989086,1
1,0.87215513,1
1,0.8556829,1
0,0.86574763,1
1,0.8296011,1
1,0.83101314,1
0,0.30957386,0
0,0.18235217,0
1,0.60657364,1
1,0.3460978,0
1,0.8081303,1
1,0.79900074,1
1,0.7237358,1
1,0.7793487,1
1,0.62403715,1
0,0.69689333,1
0,0.7832425,1
0,0.7701441,1
1,0.56446576,1
0,0.7738995,1
0,0.8117275,1
0,0.6065984,1
1,0.5989808,1
0,0.43588686,0
0,0.2096412,0
0,0.79284555,1
1,0.8173009,1
1,0.8287786,1
1,0.8265592,1
1,0.5750921,1
0,0.33623132,0
1,0.32617453,0
0,0.37443775,0
1,0.44226283,0
0,0.44142953,0
0,0.5215484,1
0,0.79070306,1
1,0.29885948,0
0,0.23567732,0
0,0.34680006,0
1,0.27706492,0
1,0.32894415,0
0,0.6555151,1
1,0.8866874,1
0,0.37314704,0
0,0.82609427,1
0,0.2241868,0
1,0.37138477,0
1,0.73322624,1
1,0.65099394,1
1,0.6802166,1
0,0.38071987,0
0,0.34729266,0
0,0.7417067,1
0,0.4416673,0
1,0.5795325,1
0,0.6735568,1
0,0.56804544,1
0,0.670129,1
0,0.6108428,1
1,0.463252,0
1,0.74682415,1
0,0.7175344,1
1,0.74004364,1
1,0.7923024,1
0,0.79941005,1
0,0.7145333,1
1,0.76316524,1
1,0.83283335,1
1,0.7915749,1
1,0.8359998,1
1,0.77033526,1
1,0.74978995,1
0,0.835524,1
1,0.8342482,1
1,0.8271344,1
1,0.7905806,1
1,0.7674105,1
0,0.791301,1
1,0.7382277,1
0,0.8196537,1
1,0.8330112,1
0,0.7785874,1
0,0.79044986,1
1,0.85417897,1
1,0.76392746,1
1,0.7931663,1
0,0.77290374,1
0,0.78750336,1
1,0.7703727,1
1,0.74339926,1
1,0.7921181,1
0,0.8004631,1
0,0.8176771,1
0,0.66503847,1
0,0.6421326,1
1,0.77942264,1
1,0.7490305,1
1,0.72191864,1
1,0.7511492,1
1,0.7628917,1
1,0.7317636,1
1,0.7421822,1
0,0.58319044,1
1,0.70474535,1
1,0.72494584,1
1,0.7333121,1
1,0.7035422,1
1,0.7162687,1
1,0.71748686,1
1,0.666385,1
0,0.6273877,1
0,0.713219,1
1,0.66679245,1
1,0.5839501,1
0,0.5571791,1
1,0.4872059,0
1,0.64320475,1
1,0.42944452,0
1,0.54233927,1
1,0.64508003,1
1,0.7059015,1
0,0.7115976,1
1,0.7423694,1
1,0.60345906,1
0,0.45615345,0
1,0.610155,1
0,0.77892786,1
0,0.28697369,0
1,0.7867858,1
1,0.5315303,1
1,0.845232,1
1,0.81985426,1
1,0.8297945,1
1,0.80999553,1
1,0.8179164,1
1,0.78443974,1
1,0.84480125,1
0,0.8532769,1
1,0.8248113,1
0,0.841086,1
1,0.87011164,1
1,0.7647795,1
1,0.80006486,1
1,0.527076,1
0,0.645378,1
0,0.68607855,1
1,0.48942193,0
1,0.8439519,1
1,0.8553718,1
1,0.73734766,1
1,0.7039318,1
0,0.75955665,1
1,0.6989245,1
0,0.7853169,1
1,0.66404736,1
1,0.7146246,1
1,0.6924023,1
1,0.8316342,1
1,0.7692222,1
1,0.58833313,1
0,0.6832183,1
1,0.56703,1
0,0.5002866,1
1,0.6414077,1
1,0.70736414,1
1,0.76255864,1
1,0.7178229,1
1,0.7384852,1
1,0.7519329,1
0,0.47945035,0
0,0.7300503,1
1,0.4683619,0
0,0.46264255,0
1,0.9293521,1
1,0.7349551,1
0,0.7810467,1
1,0.90863574,1
1,0.8796199,1
1,0.84548646,1
1,0.8671658,1
1,0.9363228,1
1,0.88504267,1
1,0.8096613,1
0,0.78660697,1
1,0.800088,1
1,0.87356865,1
1,0.9481387,1
1,0.76034176,1
1,0.8351283,1
1,0.8070129,1
1,0.8649735,1
1,0.86552405,1
1,0.789482,1
1,0.9258604,1
0,0.74002355,1
1,0.8356695,1
0,0.7529426,1
1,0.79909754,1
1,0.8000884,1
0,0.77630335,1
0,0.75480384,1
0,0.730472,1
0,0.7917925,1
0,0.74687964,1
0,0.7539437,1
1,0.72500265,1
1,0.7620842,1
0,0.69274956,1
0,0.7695762,1
1,0.4677546,0
1,0.27725223,0
0,0.5171193,1
0,0.54248416,1
1,0.32051003,0
1,0.36625224,0
1,0.86953235,1
1,0.5345876,1
1,0.667546,1
1,0.75911003,1
0,0.553856,1
1,0.6500286,1
1,0.70948493,1
1,0.75694674,1
1,0.7701267,1
1,0.73563766,1
0,0.7465903,1
1,0.85700464,1
1,0.7850424,1
0,0.8839355,1
1,0.77339506,1
1,0.8026406,1
1,0.7918069,1
1,0.80862075,1
1,0.78275293,1
1,0.7888458,1
0,0.75529635,1
0,0.7364208,1
0,0.75570357,1
1,0.8071124,1
1,0.82151157,1
1,0.8503846,1
1,0.8137746,1
1,0.6622436,1
1,0.7191215,1
0,0.7395256,1
0,0.8264987,1
0,0.78017217,1
1,0.7463003,1
1,0.6761958,1
1,0.6407425,1
0,0.81090397,1
0,0.76097775,1
0,0.7177022,1
0,0.7578767,1
0,0.7816682,1
0,0.74208784,1
0,0.7217248,1
0,0.7501674,1
1,0.6766151,1
0,0.69308853,1
1,0.13477613,0
0,0.79139245,1
1,0.78012973,1
1,0.8882808,1
1,0.8441652,1
1,0.77341294,1
1,0.80291194,1
1,0.756817,1
1,0.65806806,1
1,0.72888273,1
1,0.67615676,1
0,0.6964472,1
1,0.73228556,1
1,0.6269207,1
0,0.74190533,1
0,0.71512806,1
0,0.68792003,1
0,0.73983884,1
0,0.78142864,1
1,0.8307043,1
1,0.69177413,1
1,0.5759251,1
1,0.82993627,1
1,0.8920621,1
1,0.83941716,1
1,0.8000702,1
1,0.82364833,1
1,0.7414058,1
1,0.71610945,1
1,0.6591417,1
1,0.6617385,1
1,0.6253374,1
0,0.5508508,1
1,0.753803,1
1,0.7294384,1
1,0.7083032,1
1,0.69251436,1
0,0.66248745,1
0,0.6991865,1
1,0.78776264,1
1,0.74400467,1
1,0.79197466,1
1,0.71129346,1
1,0.71272486,1
1,0.7901216,1
1,0.80696,1
1,0.9275072,1
1,0.8897481,1
1,0.81326854,1
1,0.8487944,1
0,0.7549446,1
1,0.7527713,1
1,0.8065241,1
1,0.8504428,1
1,0.833105,1
1,0.83178896,1
1,0.8248823,1
0,0.90379816,1
1,0.6637071,1
1,0.65590155,1
1,0.74397296,1
0,0.7542451,1
1,0.69979334,1
1,0.7471845,1
1,0.6687646,1
1,0.7173859,1
1,0.5629856,1
1,0.7174442,1
1,0.5719406,1
1,0.48490185,0
1,0.79055035,1
1,0.7993453,1
1,0.75420666,1
1,0.81961703,1
0,0.8263452,1
1,0.8326264,1
1,0.8728316,1
0,0.8551796,1
0,0.84766686,1
0,0.84715605,1
1,0.79119015,1
1,0.8495975,1
1,0.85539097,1
1,0.87259716,1
1,0.8316224,1
1,0.8769164,1
1,0.89513105,1
0,0.84928536,1
1,0.89033586,1
1,0.8764032,1
1,0.88507396,1
1,0.89973557,1
1,0.86872953,1
1,0.87085426,1
1,0.88162506,1
1,0.8847886,1
1,0.81115156,1
0,0.15556528,0
0,0.04737225,0
1,0.29294398,0
1,0.40133455,0
0,0.4790147,0
1,0.38949397,0
1,0.45262316,0
0,0.47235876,0
1,0.33143157,0
1,0.4368443,0
1,0.8362707,1
1,0.85589725,1
0,0.23898296,0
0,0.57801706,1
0,0.58966446,1
1,0.7392865,1
0,0.44217634,0
0,0.59222746,1
0,0.26910254,0
1,0.4918943,0
1,0.34556744,0
1,0.74780566,1
1,0.30122077,0
1,0.32086587,0
1,0.1375198,0
1,0.6915996,1
1,0.8707602,1
1,0.75380695,1
1,0.8392101,1
0,0.8447996,1
0,0.83685994,1
1,0.8301972,1
1,0.788952,1
1,0.8607581,1
1,0.6413578,1
0,0.6645829,1
1,0.49697566,0
1,0.72269267,1
0,0.7233658,1
1,0.7663958,1
1,0.71924406,1
1,0.58051485,1
1,0.5993696,1
1,0.5790275,1
1,0.50992453,1
0,0.44199485,0
0,0.32175893,0
0,0.15407737,0
0,0.010902338,0
1,0.3984476,0
1,0.24577741,0
1,0.4810058,0
1,0.7706723,1
1,0.7099397,1
1,0.81106156,1
0,0.56402606,1
0,0.25517455,0
0,0.18987332,0
0,0.25787485,0
0,0.18704985,0
0,0.16542265,0
1,0.439465,0
0,0.78739524,1
0,0.76390785,1
0,0.83431846,1
1,0.8467157,1
0,0.6823753,1
1,0.8814411,1
1,0.82829875,1
1,0.83606166,1
1,0.8718353,1
0,0.8138152,1
1,0.8571643,1
1,0.81554604,1
1,0.8162699,1
1,0.71692634,1
0,0.77242,1
1,0.8626595,1
1,0.84605116,1
1,0.8027552,1
1,0.5585203,1
0,0.56254977,1
0,0.5653092,1
1,0.64479256,1
0,0.5453611,1
1,0.48782638,0
0,0.35205615,0
1,0.29378107,0
0,0.36841944,0
1,0.7281126,1
1,0.8076744,1
1,0.42878714,0
0,0.2780543,0
0,0.41463995,0
0,0.35241455,0
0,0.24797499,0
0,0.2961944,0
1,0.4838357,0
1,0.770668,1
0,0.8845057,1
1,0.88826454,1
1,0.7627457,1
1,0.44399533,0
1,0.66991514,1
0,0.27704036,0
0,0.2421024,0
0,0.297685,0
1,0.30734175,0
1,0.29916945,0
1,0.7196741,1
0,0.5873524,1
1,0.85142875,1
0,0.33532128,0
1,0.48596025,0
1,0.78199416,1
1,0.8613895,1
1,0.7951123,1
1,0.81546986,1
0,0.82866865,1
1,0.7964844,1
1,0.86771566,1
0,0.6404398,1
0,0.28014272,0
0,0.105884776,0
0,0.13438736,0
0,0.27027935,0
0,0.25799748,0
0,0.50810236,1
0,0.22646397,0
0,0.52190334,1
0,0.3054423,0
0,0.2665977,0
0,0.19910394,0
0,0.3424812,0
0,0.30389398,0
0,0.36838737,0
0,0.30920148,0
0,0.0515815,0
0,0.2271172,0
1,0.7140246,1
1,0.7067643,1
1,0.77551013,1
1,0.63910186,1
1,0.6751541,1
1,0.6397208,1
0,0.6912678,1
1,0.7050343,1
1,0.7664432,1
1,0.70287126,1
1,0.7644299,1
0,0.7074364,1
1,0.7096272,1
0,0.5228137,1
1,0.7773013,1
1,0.7672118,1
1,0.7397646,1
1,0.641545,1
1,0.80277586,1
1,0.77617145,1
1,0.7566373,1
1,0.78065544,1
1,0.8237138,1
0,0.7923011,1
1,0.7126591,1
0,0.69490373,1
1,0.41533282,0
1,0.76664406,1
0,0.78787553,1
1,0.76589423,1
1,0.741038,1
1,0.75789464,1
0,0.7447246,1
1,0.76627076,1
1,0.77001035,1
1,0.7449962,1
1,0.8129563,1
0,0.61840564,1
1,0.714498,1
1,0.7835986,1
1,0.6239172,1
1,0.75778437,1
1,0.7205833,1
1,0.77038753,1
1,0.74306864,1
0,0.65764564,1
1,0.73216057,1
0,0.7807382,1
1,0.73383725,1
0,0.81593674,1
1,0.7159033,1
1,0.78117186,1
1,0.63264984,1
0,0.63928175,1
0,0.6567134,1
0,0.6243123,1
1,0.74717283,1
1,0.8528985,1
1,0.90084314,1
1,0.88701487,1
1,0.83353317,1
1,0.803203,1
1,0.7330601,1
1,0.8365888,1
1,0.8506391,1
1,0.8336509,1
1,0.8364769,1
1,0.8423955,1
1,0.83421314,1
1,0.82106423,1
1,0.70316714,1
0,0.738877,1
1,0.7154384,1
1,0.74828434,1
1,0.7313005,1
0,0.054911375,0
0,0.10491192,0
0,0.07487349,0
1,0.5826247,1
1,0.27326593,0
1,0.38981596,0
0,0.3279932,0
1,0.32613757,0
0,0.27077514,0
1,0.7435888,1
0,0.7817285,1
1,0.8358898,1
0,0.8141304,1
1,0.8050089,1
0,0.81365067,1
0,0.78125644,1
1,0.71195924,1
1,0.8145844,1
1,0.7820713,1
1,0.79977876,1
1,0.80363685,1
1,0.88442254,1
1,0.84222674,1
1,0.8118123,1
1,0.8468696,1
1,0.84287024,1
1,0.8172159,1
1,0.827321,1
1,0.80496943,1
1,0.7210409,1
1,0.77481484,1
1,0.7736081,1
1,0.5621903,1
1,0.8347956,1
0,0.7122847,1
1,0.7126334,1
1,0.77424425,1
1,0.7226877,1
0,0.5119344,1
0,0.42845336,0
1,0.29463997,0
1,0.6219461,1
1,0.8331873,1
1,0.8322651,1
0,0.8814819,1
1,0.8684537,1
1,0.85606724,1
1,0.8603988,1
1,0.8648237,1
1,0.87040585,1
1,0.8309875,1
1,0.898561,1
1,0.89374745,1
1,0.8339557,1
1,0.7775685,1
1,0.8304974,1
1,0.83107686,1
1,0.87181896,1
1,0.89442796,1
1,0.62405425,1
0,0.532195,1
1,0.620422,1
0,0.6334723,1
1,0.77373415,1
1,0.7819359,1
1,0.7759262,1
1,0.64779276,1
1,0.7385772,1
1,0.7319551,1
0,0.7046901,1
1,0.8270655,1
1,0.68171555,1
1,0.5564872,1
0,0.38397232,0
1,0.588979,1
0,0.31421757,0
0,0.088837385,0
0,0.15156575,0
1,0.7692127,1
1,0.81477094,1
1,0.8535427,1
1,0.80637115,1
1,0.88260734,1
1,0.8009569,1
1,0.6333106,1
1,0.8517917,1
0,0.7755499,1
1,0.78255224,1
0,0.83446825,1
1,0.8373032,1
1,0.86975735,1
1,0.8639582,1
1,0.792599,1
1,0.82834053,1
1,0.7865994,1
0,0.73040944,1
1,0.8808419,1
0,0.69746906,1
0,0.8653486,1
0,0.7982348,1
1,0.90119296,1
1,0.8379873,1
1,0.8262227,1
1,0.774423,1
1,0.822572,1
1,0.8377645,1
0,0.8018349,1
1,0.7429276,1
1,0.9095297,1
1,0.8667647,1
0,0.42786115,0
1,0.81117994,1
1,0.69370276,1
0,0.6669492,1
1,0.8796783,1
1,0.7367753,1
1,0.8272608,1
1,0.7526993,1
1,0.82451135,1
1,0.796506,1
1,0.8033243,1
1,0.42420632,0
0,0.55827546,1
0,0.49032983,0
1,0.40072244,0
0,0.14946443,0
0,0.4339405,0
0,0.4989175,0
0,0.41110858,0
0,0.29608807,0
1,0.8360745,1
1,0.6207131,1
1,0.112329125,0
1,0.52263516,1
0,0.58861375,1
1,0.29293054,0
1,0.8290731,1
1,0.805483,1
1,0.73450166,1
1,0.8838051,1
1,0.84710807,1
1,0.8926039,1
1,0.83511406,1
1,0.7613978,1
1,0.764655,1
0,0.38727346,0
1,0.86587566,1
1,0.8276404,1
1,0.75238985,1
1,0.7111618,1
1,0.8668027,1
0,0.8293969,1
0,0.7479468,1
1,0.81498444,1
1,0.5197023,1
1,0.6358117,1
1,0.3912857,0
0,0.37820154,0
1,0.28764236,0
0,0.3632925,0
0,0.2412223,0
1,0.25430143,0
0,0.33015862,0
0,0.26132044,0
0,0.22333218,0
1,0.7298224,1
1,0.8350119,1
1,0.81477094,1
0,0.31709877,0
0,0.37118533,0
1,0.8324767,1
1,0.89438033,1
1,0.8248765,1
0,0.23003012,0
0,0.69422656,1
0,0.8188593,1
1,0.37399402,0
0,0.30048627,0
0,0.29170084,0
0,0.28220293,0
0,0.3779224,0
1,0.4627121,0
1,0.6491594,1
0,0.35203168,0
0,0.17009534,0
1,0.7695245,1
0,0.1409033,0
0,0.24265762,0
1,0.73923266,1
1,0.45305786,0
0,0.32542792,0
0,0.29212502,0
0,0.3834623,0
0,0.29424363,0
0,0.879287,1
0,0.8745753,1
1,0.2705769,0
1,0.87628573,1
0,0.4392129,0
1,0.7741837,1
1,0.27905613,0
1,0.52532744,1
1,0.82767045,1
1,0.4956994,0
1,0.47130072,0
0,0.25299135,0
1,0.54952437,1
1,0.7434295,1
1,0.75903124,1
1,0.8220209,1
1,0.7172226,1
1,0.8089856,1
1,0.82490325,1
1,0.85687137,1
0,0.8937296,1
0,0.7649919,1
1,0.7144129,1
0,0.49818426,0
0,0.43750942,0
0,0.68355423,1
0,0.722087,1
1,0.8063405,1
1,0.80171454,1
0,0.8186308,1
1,0.727306,1
0,0.8828245,1
0,0.2318435,0
0,0.8824211,1
0,0.323551,0
1,0.8189564,1
0,0.76134855,1
0,0.6504294,1
1,0.8999916,1
1,0.87725747,1
1,0.76818025,1
1,0.8877736,1
1,0.91151553,1
1,0.8866057,1
0,0.90040123,1
0,0.8971775,1
1,0.9116241,1
0,0.8791895,1
1,0.8826868,1
1,0.8314973,1
1,0.8802819,1
0,0.8084693,1
1,0.90339744,1
1,0.65603906,1
1,0.92436576,1
1,0.9076478,1
1,0.8368532,1
1,0.9306664,1
1,0.85915875,1
1,0.87604624,1
1,0.836758,1
1,0.85239416,1
1,0.89931995,1
1,0.8725051,1
1,0.917716,1
1,0.9092304,1
0,0.8717869,1
1,0.8829013,1
1,0.8962675,1
1,0.8684994,1
1,0.8909352,1
1,0.856277,1
1,0.9442598,1
1,0.9174102,1
1,0.950101,1
1,0.8899296,1
1,0.8808408,1
1,0.87580943,1
1,0.8700397,1
1,0.85187507,1
0,0.82680684,1
0,0.87604004,1
0,0.83406013,1
1,0.8865639,1
1,0.8783023,1
0,0.895905,1
0,0.87228984,1
1,0.80753446,1
1,0.85864913,1
0,0.85961705,1
0,0.85989064,1
1,0.8642032,1
1,0.818051,1
1,0.8483035,1
1,0.86142796,1
1,0.88160497,1
1,0.824662,1
1,0.7572103,1
1,0.84651995,1
1,0.83994174,1
1,0.8221765,1
1,0.7956426,1
1,0.8507589,1
1,0.8988019,1
0,0.84849304,1
1,0.8387321,1
1,0.80187964,1
1,0.8848085,1
1,0.8668843,1
0,0.8635054,1
1,0.73229694,1
1,0.8554387,1
1,0.63941884,1
1,0.8797426,1
1,0.79573053,1
1,0.78933686,1
1,0.88135016,1
1,0.85373276,1
1,0.8379435,1
1,0.8254901,1
1,0.841861,1
1,0.73287284,1
1,0.80389714,1
1,0.861235,1
1,0.8475674,1
1,0.78482074,1
1,0.8220368,1
1,0.7717628,1
1,0.7357659,1
1,0.7864515,1
1,0.7911862,1
1,0.73319,1
1,0.81567913,1
0,0.741418,1
1,0.76460624,1
1,0.7817326,1
1,0.84992665,1
0,0.9139233,1
1,0.8014965,1
1,0.78137434,1
1,0.8664913,1
1,0.85326964,1
1,0.90793586,1
1,0.78124356,1
1,0.6917051,1
0,0.84751356,1
0,0.8501909,1
0,0.7800915,1
1,0.8543054,1
1,0.8244524,1
1,0.87778336,1
1,0.7830152,1
1,0.91916233,1
1,0.87056094,1
1,0.8560474,1
1,0.83233976,1
1,0.8596989,1
1,0.82041013,1
1,0.8946831,1
1,0.87142324,1
1,0.79676324,1
1,0.83291745,1
1,0.73611397,1
1,0.7901877,1
0,0.8540543,1
1,0.85813355,1
1,0.8330824,1
0,0.8133271,1
1,0.84534854,1
0,0.82486206,1
0,0.7992012,1
0,0.77381927,1
1,0.7895205,1
1,0.7570977,1
1,0.7718777,1
1,0.80036217,1
0,0.8008651,1
1,0.73913175,1
0,0.83813035,1
0,0.78982943,1
0,0.809881,1
1,0.7907228,1
1,0.7539522,1
0,0.81734836,1
0,0.46056634,0
1,0.55506015,1
1,0.28880277,0
0,0.30046383,0
1,0.7104543,1
1,0.6424238,1
0,0.5652883,1
0,0.48352557,0
1,0.3131942,0
0,0.46837938,0
1,0.75416154,1
1,0.62767786,1
0,0.2682143,0
0,0.28451955,0
0,0.23382603,0
0,0.080776036,0
1,0.7902073,1
1,0.7334782,1
1,0.76868546,1
1,0.83132243,1
1,0.84334964,1
1,0.82204825,1
1,0.814776,1
0,0.90472615,1
1,0.8557759,1
1,0.8764184,1
0,0.7382997,1
1,0.78912413,1
1,0.78676885,1
1,0.7582733,1
1,0.8362002,1
1,0.78040415,1
1,0.80869454,1
0,0.86999774,1
1,0.81334114,1
1,0.5553277,1
1,0.616277,1
1,0.6697658,1
1,0.7758768,1
1,0.6559137,1
1,0.71986765,1
1,0.82623464,1
1,0.82967955,1
1,0.7984987,1
1,0.74996024,1
1,0.8138909,1
1,0.8424922,1
1,0.85046643,1
1,0.76750773,1
1,0.77041894,1
1,0.7789338,1
1,0.77042663,1
1,0.76025903,1
1,0.73126763,1
1,0.6643204,1
1,0.73906195,1
0,0.6954038,1
0,0.66956234,1
0,0.5970938,1
1,0.6461542,1
1,0.6990007,1
1,0.8776842,1
1,0.8886396,1
1,0.69964504,1
0,0.7239273,1
1,0.6568329,1
1,0.47616667,0
1,0.72152764,1
1,0.631947,1
1,0.59872204,1
0,0.687078,1
1,0.6667766,1
1,0.7151107,1
0,0.63579285,1
1,0.7301246,1
0,0.63257706,1
1,0.69803315,1
1,0.6984751,1
0,0.6336439,1
1,0.61755025,1
1,0.626341,1
1,0.57674396,1
1,0.7594053,1
1,0.7745774,1
1,0.6690506,1
1,0.7994063,1
1,0.82507414,1
0,0.20509304,0
0,0.6116588,1
0,0.51502824,1
0,0.5231471,1
0,0.5149858,1
0,0.33045307,0
0,0.483272,0
1,0.8686145,1
1,0.83266455,1
1,0.7978908,1
1,0.5478727,1
1,0.3960366,0
1,0.21528165,0
1,0.28133366,0
1,0.54992974,1
1,0.27267137,0
1,0.41422117,0
0,0.17153175,0
0,0.10426152,0
1,0.28521562,0
1,0.5388705,1
1,0.8082582,1
1,0.53269196,1
1,0.72748107,1
1,0.6725438,1
1,0.77365327,1
1,0.7312616,1
1,0.6912014,1
1,0.72896034,1
1,0.7073944,1
1,0.8300623,1
1,0.66171557,1
1,0.8266224,1
0,0.7628623,1
1,0.8064698,1
1,0.78180367,1
1,0.82457244,1
1,0.5554476,1
1,0.8000314,1
0,0.8306748,1
1,0.8705759,1
0,0.7575636,1
0,0.6441943,1
1,0.8472921,1
1,0.8262381,1
1,0.8285649,1
1,0.76650447,1
1,0.8251473,1
0,0.8390233,1
1,0.7474367,1
1,0.8206258,1
1,0.7350603,1
1,0.8311134,1
1,0.75559,1
1,0.82272714,1
1,0.818729,1
1,0.8441606,1
0,0.14848694,0
0,0.043121208,0
0,0.43770736,0
0,0.25220117,0
0,0.19841425,0
0,0.22760683,0
0,0.38009164,0
0,0.26950794,0
0,0.11656707,0
0,0.039928444,0
0,0.24066894,0
0,0.10516717,0
1,0.50229174,1
0,0.3256624,0
0,0.07239661,0
0,0.071828395,0
0,0.10362209,0
1,0.68135774,1
1,0.86023206,1
1,0.8729235,1
1,0.9326283,1
1,0.8019154,1
1,0.939364,1
1,0.79767084,1
1,0.7301545,1
1,0.5743392,1
1,0.75792897,1
1,0.8305174,1
1,0.72483337,1
1,0.8312579,1
1,0.89281476,1
1,0.90625703,1
1,0.9536688,1
1,0.8701939,1
1,0.75904536,1
1,0.86943734,1
1,0.83707976,1
1,0.8815001,1
1,0.9338482,1
0,0.80937815,1
0,0.8138058,1
1,0.62885535,1
1,0.6859573,1
1,0.44052148,0
1,0.48008424,0
1,0.5157682,1
1,0.39844382,0
0,0.19601186,0
0,0.41251,0
0,0.2573986,0
0,0.3115261,0
0,0.6854405,1
1,0.45879272,0
0,0.322124,0
1,0.40089503,0
0,0.7107048,1
0,0.4553732,0
1,0.86644566,1
0,0.8558202,1
1,0.83788526,1
1,0.67353725,1
1,0.78319836,1
1,0.59890974,1
1,0.4239928,0
1,0.6024809,1
0,0.4753403,0
0,0.67914647,1
1,0.29924104,0
0,0.70769674,1
1,0.601522,1
0,0.7830416,1
1,0.5812042,1
1,0.6911933,1
1,0.80545425,1
1,0.7671807,1
1,0.7784761,1
1,0.7956902,1
1,0.75160944,1
1,0.83971244,1
1,0.68962014,1
0,0.5560149,1
0,0.3327903,0
0,0.31011796,0
0,0.3250307,0
0,0.27025014,0
0,0.37006497,0
0,0.3733669,0
0,0.31916723,0
0,0.29296005,0
0,0.04630483,0
1,0.71587116,1
0,0.4101809,0
1,0.34066427,0
0,0.27334133,0
1,0.23615725,0
0,0.24261445,0
0,0.37764326,0
0,0.41972277,0
1,0.7273051,1
0,0.28466478,0
1,0.5307132,1
1,0.7671052,1
1,0.86196375,1
1,0.8812174,1
1,0.8760887,1
1,0.8569921,1
0,0.8505589,1
1,0.3614041,0
1,0.27146506,0
0,0.2788573,0
0,0.10713284,0
0,0.2834477,0
0,0.52799857,1
0,0.37490857,0
0,0.39053223,0
0,0.61074287,1
1,0.7131428,1
1,0.77786744,1
1,0.65135723,1
0,0.62350756,1
0,0.75795007,1
0,0.47170854,0
0,0.762442,1
0,0.6459511,1
1,0.724301,1
1,0.59709746,1
1,0.40168032,0
0,0.47425783,0
1,0.32486188,0
0,0.49337682,0
1,0.3566551,0
0,0.11535556,0
0,0.2926491,0
0,0.5228552,1
1,0.29350904,0
1,0.7897587,1
0,0.03927703,0
1,0.04071521,0
1,0.5751851,1
1,0.21118914,0
0,0.31094208,0
0,0.19241741,0
0,0.21160346,0
1,0.11937819,0
1,0.70590687,1
1,0.7933562,1
0,0.45577094,0
0,0.8087807,1
0,0.35419503,0
0,0.37393156,0
1,0.85294306,1
1,0.8155942,1
0,0.6932407,1
0,0.64248776,1
0,0.3186728,0
1,0.60311246,1
1,0.82631755,1
1,0.7522112,1
1,0.7937319,1
0,0.6307247,1
1,0.6517312,1
1,0.4189117,0
1,0.7305714,1
1,0.7539395,1
1,0.6832189,1
1,0.6744245,1
1,0.6602252,1
1,0.6898313,1
1,0.66917545,1
1,0.6750857,1
1,0.68746185,1
0,0.6408062,1
1,0.69172627,1
1,0.68251437,1
1,0.6697596,1
0,0.6196325,1
0,0.63237655,1
1,0.61901987,1
1,0.60041016,1
1,0.62907237,1
1,0.549344,1
1,0.4754404,0
0,0.34227008,0
1,0.49761662,0
0,0.6402629,1
1,0.45993212,0
1,0.8630504,1
1,0.8453232,1
0,0.6246332,1
1,0.56447953,1
1,0.3646308,0
1,0.38142005,0
1,0.48026693,0
0,0.49778724,0
1,0.22705325,0
1,0.63211805,1
1,0.7373654,1
1,0.81217664,1
1,0.76331234,1
0,0.80960226,1
1,0.7556605,1
1,0.6566416,1
1,0.7010465,1
1,0.7741097,1
1,0.69633025,1
1,0.7373764,1
1,0.7978244,1
1,0.8370823,1
1,0.64613646,1
1,0.75262964,1
1,0.78795695,1
1,0.36645246,0
1,0.6952337,1
1,0.5046521,1
1,0.73030895,1
1,0.6658163,1
1,0.7719773,1
1,0.8343425,1
0,0.77356696,1
0,0.82122666,1
1,0.60471535,1
1,0.7647363,1
1,0.745049,1
1,0.69446605,1
1,0.67787695,1
1,0.7392181,1
0,0.7987209,1
1,0.5476993,1
1,0.57749707,1
1,0.5919799,1
1,0.42240697,0
1,0.72129476,1
1,0.7430757,1
1,0.5651858,1
1,0.7268063,1
0,0.6778355,1
1,0.8005646,1
0,0.3451081,0
1,0.6404489,1
1,0.296729,0
0,0.47445393,0
1,0.6680077,1
0,0.27789178,0
0,0.16740781,0
0,0.02846089,0
0,0.5509018,1
1,0.2398782,0
0,0.034650024,0
1,0.43310946,0
1,0.76895165,1
0,0.77830464,1
1,0.82657075,1
1,0.70580786,1
0,0.6318285,1
1,0.365893,0
0,0.42468622,0
1,0.16638462,0
1,0.28069785,0
1,0.45255578,0
1,0.37286496,0
0,0.37494406,0
1,0.9106349,1
1,0.65255046,1
0,0.7251836,1
1,0.80598176,1
0,0.8229293,1
1,0.7555215,1
0,0.6080478,1
0,0.6475193,1
1,0.5856201,1
0,0.5046886,1
1,0.75096023,1
1,0.8658682,1
1,0.58940405,1
0,0.4724526,0
0,0.33994573,0
1,0.432086,0
1,0.17979558,0
1,0.3885641,0
0,0.39086592,0
0,0.3706468,0
0,0.41503552,0
0,0.3714505,0
1,0.42312154,0
1,0.6356116,1
1,0.7069943,1
1,0.5928306,1
1,0.5045116,1
1,0.69117826,1
1,0.57837987,1
0,0.6161767,1
0,0.54474723,1
1,0.7029969,1
1,0.747421,1
1,0.8333103,1
1,0.90232503,1
1,0.8583897,1
1,0.872375,1
1,0.8791542,1
1,0.89159685,1
0,0.90177125,1
1,0.8606967,1
0,0.84860414,1
0,0.8586589,1
1,0.8184497,1
1,0.77040464,1
1,0.7051604,1
1,0.822887,1
1,0.8218684,1
1,0.7658592,1
1,0.86520195,1
1,0.8225543,1
0,0.8835262,1
1,0.85286605,1
1,0.8415198,1
1,0.833781,1
1,0.8313586,1
1,0.84820557,1
1,0.82008874,1
1,0.8384304,1
1,0.8645471,1
1,0.8531928,1
1,0.86416674,1
1,0.67917955,1
1,0.65200704,1
1,0.53536856,1
1,0.7094448,1
0,0.6853358,1
0,0.67223614,1
0,0.66734004,1
0,0.6008848,1
0,0.7810826,1
1,0.8106292,1
1,0.8705392,1
0,0.6867535,1
1,0.76214814,1
1,0.7323138,1
0,0.79474026,1
0,0.75024885,1
0,0.72649884,1
0,0.7683369,1
1,0.8333904,1
0,0.80148226,1
0,0.8018483,1
1,0.84871334,1
1,0.8305869,1
0,0.7867735,1
1,0.84270376,1
1,0.81459343,1
1,0.8033872,1
1,0.8147871,1
1,0.79482496,1
0,0.74688995,1
1,0.8262997,1
0,0.89350224,1
0,0.8553862,1
0,0.8020064,1
0,0.79965264,1
1,0.7892418,1
1,0.8064319,1
1,0.79720926,1
0,0.85361326,1
0,0.82023156,1
1,0.7939994,1
1,0.8184065,1
1,0.82505745,1
0,0.79390174,1
1,0.79196167,1
1,0.81964785,1
1,0.8157672,1
1,0.7875027,1
1,0.83481795,1
1,0.7995928,1
0,0.7840678,1
1,0.7941043,1
0,0.8100403,1
0,0.79109854,1
1,0.8113655,1
1,0.737265,1
1,0.853317,1
1,0.8168454,1
1,0.83713186,1
1,0.8034546,1
1,0.802763,1
1,0.80991507,1
1,0.82078,1
1,0.80980015,1
1,0.72718203,1
1,0.7832717,1
1,0.845923,1
1,0.8223835,1
1,0.7957854,1
1,0.8091185,1
1,0.79087454,1
1,0.77833676,1
1,0.78109306,1
1,0.82339066,1
0,0.7885112,1
1,0.7805625,1
1,0.7513001,1
1,0.8145295,1
1,0.84306103,1
1,0.75688744,1
1,0.7570668,1
1,0.82959145,1
1,0.8120022,1
0,0.79414505,1
1,0.8423368,1
1,0.8437103,1
1,0.85140646,1
1,0.87267303,1
1,0.8474244,1
1,0.8032823,1
1,0.7733622,1
1,0.7610157,1
1,0.86987776,1
1,0.8305742,1
0,0.82630557,1
1,0.8897716,1
1,0.8684376,1
1,0.8874582,1
1,0.8786593,1
1,0.88376945,1
1,0.87659985,1
1,0.900328,1
1,0.83317196,1
1,0.82274365,1
1,0.897247,1
1,0.82450974,1
1,0.8077289,1
0,0.78127766,1
1,0.625634,1
0,0.6178161,1
1,0.68364125,1
0,0.7574879,1
1,0.7066041,1
0,0.21044494,0
0,0.028101811,0
0,0.015230409,0
0,0.019711029,0
0,0.016712938,0
1,0.17404565,0
1,0.14663443,0
0,0.079133466,0
0,0.26990986,0
0,0.28143135,0
0,0.25720263,0
0,0.77758074,1
1,0.84487563,1
1,0.78830314,1
0,0.80696267,1
0,0.5498592,1
1,0.73419166,1
1,0.76736,1
1,0.7681369,1
1,0.73990405,1
0,0.7577506,1
0,0.7541615,1
1,0.77352107,1
0,0.7397435,1
1,0.73771065,1
0,0.47923094,0
0,0.40592664,0
1,0.6050704,1
1,0.800922,1
1,0.62967867,1
1,0.63608164,1
1,0.7299799,1
1,0.72546035,1
1,0.752418,1
1,0.6336836,1
1,0.74894005,1
0,0.6776658,1
1,0.80221575,1
1,0.8446743,1
1,0.7912982,1
0,0.79948395,1
1,0.6893783,1
0,0.31417137,0
1,0.6900448,1
1,0.73074573,1
0,0.6575336,1
1,0.8466435,1
1,0.87135845,1
1,0.8623026,1
0,0.655369,1
0,0.34111515,0
0,0.28343287,0
0,0.24654485,0
1,0.29277968,0
1,0.6664495,1
1,0.8918308,1
1,0.8807848,1
1,0.63075817,1
1,0.504624,1
0,0.46401665,0
0,0.76313543,1
0,0.34966105,0
1,0.5023136,1
1,0.65327525,1
1,0.7344023,1
1,0.75754243,1
1,0.40982732,0
0,0.29390535,0
1,0.91228694,1
1,0.82197833,1
1,0.8868216,1
1,0.7154302,1
0,0.7742451,1
0,0.70849633,1
0,0.47402135,0
0,0.5765956,1
0,0.568385,1
0,0.5655555,1
0,0.71942365,1
1,0.4193215,0
1,0.6910033,1
1,0.679881,1
1,0.878318,1
1,0.87909806,1
1,0.88343525,1
1,0.7602121,1
1,0.82192004,1
1,0.8639968,1
1,0.8567994,1
0,0.9019264,1
1,0.84109145,1
1,0.93511313,1
1,0.8824725,1
1,0.79222983,1
1,0.8758407,1
1,0.84630275,1
1,0.90536785,1
1,0.87553877,1
1,0.4472959,0
1,0.54150933,1
1,0.56811684,1
0,0.866418,1
0,0.7536996,1
0,0.7377381,1
1,0.6769639,1
1,0.7891836,1
0,0.4795732,0
1,0.4086796,0
1,0.74708915,1
1,0.79047436,1
0,0.80462176,1
0,0.82333195,1
0,0.83358216,1
1,0.24815595,0
0,0.08360652,0
0,0.14357807,0
0,0.08389676,0
0,0.31036437,0
0,0.31806293,0
0,0.3904063,0
1,0.35033262,0
0,0.30902022,0
0,0.39082348,0
1,0.3075499,0
0,0.3179615,0
0,0.62632746,1
0,0.7107019,1
0,0.8432459,1
1,0.8546413,1
1,0.65539414,1
1,0.45880094,0
0,0.7192976,1
0,0.307034,0
0,0.5762219,1
1,0.13106446,0
1,0.11295856,0
0,0.3675,0
0,0.29695788,0
0,0.13559209,0
0,0.1530042,0
0,0.2797331,0
1,0.3772504,0
0,0.5108931,1
1,0.52876633,1
1,0.55435306,1
0,0.5010593,1
0,0.6460204,1
1,0.4444042,0
0,0.37076414,0
1,0.676356,1
0,0.47549874,0
0,0.58548284,1
0,0.6716211,1
1,0.82603395,1
0,0.793069,1
0,0.54055667,1
1,0.7316312,1
1,0.8046841,1
1,0.73559093,1
1,0.78984284,1
1,0.7451473,1
1,0.79484034,1
1,0.83135796,1
1,0.78704286,1
0,0.80554837,1
1,0.8356544,1
0,0.7933207,1
0,0.7972263,1
0,0.8348199,1
0,0.73315936,1
0,0.5599553,1
1,0.77252936,1
1,0.35687122,0
1,0.71719915,1
0,0.2957031,0
1,0.44033653,0
0,0.5422995,1
1,0.27814826,0
1,0.30302927,0
0,0.58681756,1
0,0.22052915,0
0,0.17585194,0
0,0.34595248,0
0,0.3525613,0
0,0.35784292,0
0,0.5619295,1
1,0.73140407,1
1,0.665917,1
0,0.36036667,0
0,0.37382227,0
0,0.23064019,0
0,0.32054645,0
0,0.39652115,0
1,0.6581844,1
1,0.7299673,1
1,0.7715314,1
1,0.71170837,1
1,0.7503344,1
1,0.8149574,1
1,0.69911736,1
1,0.7433422,1
0,0.45504457,0
1,0.8238857,1
1,0.81467617,1
1,0.71925455,1
1,0.7535142,1
0,0.7224543,1
0,0.7327698,1
0,0.69856244,1
0,0.67935175,1
1,0.68967474,1
0,0.76856,1
1,0.5600806,1
0,0.6925435,1
0,0.7086858,1
1,0.76429,1
1,0.40345392,0
1,0.5712507,1
1,0.5692614,1
1,0.78778154,1
1,0.4103039,0
1,0.6328293,1
1,0.83851826,1
1,0.7187347,1
1,0.7758557,1
1,0.7462242,1
1,0.6710956,1
1,0.8400072,1
1,0.8242071,1
1,0.78231174,1
0,0.7611888,1
0,0.7134138,1
0,0.75023305,1
1,0.86058366,1
1,0.7019421,1
1,0.60544544,1
1,0.49846324,0
0,0.7765221,1
1,0.57793975,1
1,0.708581,1
1,0.5038057,1
1,0.32015723,0
0,0.2589978,0
1,0.37693363,0
0,0.77094126,1
0,0.44179195,0
1,0.22474092,0
0,0.15983357,0
0,0.083017014,0
1,0.257146,0
0,0.24184738,0
0,0.33630005,0
0,0.2904019,0
0,0.20318449,0
0,0.29160503,0
0,0.34096533,0
1,0.33164397,0
0,0.30511552,0
0,0.31454223,0
0,0.23753704,0
0,0.28597525,0
0,0.31135622,0
1,0.35372904,0
0,0.28764585,0
1,0.2816012,0
1,0.5258994,1
0,0.26282245,0
0,0.3446148,0
0,0.2869909,0
1,0.40779844,0
1,0.8174315,1
1,0.7607565,1
1,0.7509576,1
1,0.46733022,0
1,0.73345464,1
0,0.7523204,1
1,0.78958285,1
1,0.77863127,1
1,0.76963294,1
1,0.7421952,1
1,0.62737036,1
0,0.6623708,1
1,0.79404753,1
1,0.8294393,1
1,0.69004536,1
0,0.5965182,1
1,0.6595577,1
1,0.7688297,1
0,0.69793534,1
1,0.619145,1
0,0.34132996,0
1,0.39176843,0
0,0.1813589,0
1,0.7833163,1
1,0.8171288,1
1,0.7471736,1
0,0.35425267,0
1,0.5391288,1
0,0.37014872,0
1,0.72877854,1
1,0.8320844,1
1,0.81842667,1
1,0.8279555,1
1,0.8273528,1
1,0.728914,1
1,0.78646606,1
1,0.810785,1
1,0.7919608,1
0,0.76482064,1
1,0.78504306,1
1,0.77555835,1
1,0.80905986,1
1,0.81943977,1
1,0.7514487,1
1,0.53926516,1
1,0.38200507,0
1,0.36628374,0
1,0.49210662,0
1,0.34615046,0
0,0.72955376,1
1,0.7983865,1
1,0.41692573,0
0,0.60382235,1
1,0.6652537,1
0,0.47297665,0
0,0.64539886,1
1,0.713833,1
1,0.66244733,1
1,0.5758096,1
0,0.7883673,1
1,0.68998545,1
1,0.7775096,1
1,0.76490796,1
0,0.3862157,0
1,0.6249714,1
1,0.38082018,0
0,0.29603603,0
0,0.35580328,0
0,0.3791784,0
1,0.5858324,1
0,0.2573644,0
1,0.4337739,0
0,0.32588318,0
0,0.50186664,1
1,0.7378837,1
0,0.77745765,1
1,0.72812593,1
1,0.8244154,1
1,0.5804236,1
1,0.5547787,1
0,0.4723973,0
0,0.29744285,0
1,0.24141571,0
1,0.31825745,0
1,0.34163266,0
0,0.71917933,1
1,0.45178762,0
0,0.55183196,1
1,0.8220049,1
0,0.65208966,1
0,0.60689324,1
1,0.74426216,1
1,0.7961372,1
1,0.5501643,1
0,0.56198823,1
1,0.5885227,1
1,0.7093165,1
1,0.8335308,1
1,0.8053372,1
1,0.79513264,1
1,0.8499343,1
1,0.8773975,1
1,0.8432343,1
1,0.8257876,1
1,0.79148936,1
1,0.84612954,1
1,0.73741376,1
1,0.8168006,1
1,0.7753727,1
1,0.8031852,1
1,0.74818206,1
1,0.46440187,0
0,0.823317,1
0,0.71552736,1
0,0.75484604,1
1,0.81319106,1
1,0.77849114,1
1,0.72876006,1
1,0.70761913,1
1,0.7302067,1
1,0.7610645,1
1,0.75358903,1
1,0.753204,1
1,0.7809566,1
1,0.8036939,1
1,0.7537785,1
1,0.69458723,1
1,0.6009888,1
1,0.7720988,1
1,0.52468264,1
1,0.48506194,0
1,0.5008029,1
1,0.48781618,0
1,0.73863655,1
1,0.3542216,0
0,0.23401842,0
0,0.304759,0
0,0.37346122,0
1,0.7116744,1
1,0.727739,1
1,0.32582074,0
0,0.3020933,0
0,0.26097193,0
0,0.35986233,0
0,0.31695363,0
1,0.3897205,0
0,0.21035345,0
0,0.38477919,0
0,0.28812858,0
0,0.46005875,0
1,0.71778697,1
1,0.7528933,1
0,0.80336624,1
1,0.684613,1
1,0.76637715,1
0,0.6816176,1
1,0.75175846,1
1,0.7956563,1
0,0.8580021,1
1,0.79305923,1
0,0.79299587,1
1,0.8099797,1
1,0.8287491,1
0,0.706927,1
0,0.7176686,1
1,0.66988987,1
1,0.73151326,1
1,0.674366,1
1,0.63174003,1
1,0.73841697,1
0,0.7775703,1
1,0.7510924,1
1,0.6833579,1
0,0.70081264,1
1,0.7820301,1
1,0.60882074,1
1,0.73687726,1
1,0.67572826,1
1,0.77759296,1
1,0.7671962,1
1,0.7718769,1
1,0.733393,1
1,0.8376647,1
1,0.85025144,1
1,0.76626515,1
0,0.8225827,1
0,0.81330127,1
1,0.820809,1
1,0.7514897,1
1,0.8278273,1
1,0.8939671,1
0,0.683048,1
1,0.89102584,1
1,0.8409416,1
1,0.7855192,1
1,0.8410611,1
0,0.8401173,1
1,0.7250818,1
1,0.65913415,1
1,0.66162556,1
1,0.88044655,1
1,0.84592843,1
1,0.7656668,1
1,0.71721506,1
1,0.76262444,1
1,0.7499859,1
1,0.8210469,1
1,0.790761,1
1,0.77492917,1
1,0.79009783,1
0,0.78709537,1
1,0.78446394,1
1,0.77072877,1
1,0.8239089,1
1,0.8442872,1
0,0.78592765,1
1,0.84792244,1
1,0.5834363,1
1,0.89033157,1
1,0.85841215,1
1,0.866293,1
1,0.8548317,1
1,0.80224955,1
1,0.8027717,1
0,0.79434764,1
0,0.82083046,1
0,0.7770672,1
0,0.8343887,1
1,0.8402033,1
0,0.8098185,1
1,0.7665154,1
1,0.80518794,1
1,0.7913724,1
1,0.82919455,1
1,0.82533723,1
1,0.83426374,1
1,0.8316585,1
1,0.8066138,1
1,0.82758,1
1,0.77135235,1
1,0.8103149,1
0,0.7154964,1
0,0.8286936,1
1,0.82403624,1
1,0.77267706,1
0,0.7915923,1
1,0.79471004,1
0,0.72522277,1
1,0.8001998,1
1,0.80713814,1
1,0.8561186,1
1,0.82464874,1
1,0.82166314,1
1,0.8411254,1
1,0.74949694,1
1,0.7689981,1
1,0.7311946,1
0,0.6595988,1
0,0.5856857,1
1,0.758024,1
1,0.67132676,1
0,0.6307901,1
0,0.72376364,1
0,0.68688965,1
0,0.7677052,1
0,0.75049186,1
1,0.71069014,1
1,0.7491098,1
1,0.68887866,1
1,0.70077014,1
1,0.6878585,1
1,0.29065257,0
1,0.6552082,1
0,0.6364727,1
0,0.71684134,1
0,0.52701104,1
1,0.6871462,1
0,0.5732764,1
1,0.6893275,1
0,0.69225234,1
0,0.3051906,0
1,0.7041723,1
0,0.29857272,0
1,0.67749614,1
1,0.6992356,1
1,0.7903846,1
1,0.8085445,1
1,0.77833563,1
1,0.67987436,1
0,0.7097971,1
1,0.76829547,1
0,0.82233185,1
1,0.7085588,1
1,0.79751486,1
1,0.78616965,1
0,0.81611663,1
1,0.7640781,1
1,0.78000665,1
0,0.7432234,1
1,0.78949344,1
0,0.7649088,1
1,0.7200386,1
1,0.7476278,1
0,0.80417734,1
1,0.86014855,1
1,0.7924036,1
1,0.78342867,1
0,0.8527993,1
1,0.841419,1
0,0.5590314,1
0,0.77591926,1
1,0.8645168,1
1,0.85093594,1
1,0.8541659,1
1,0.7044138,1
1,0.41175058,0
1,0.86632127,1
0,0.8618485,1
1,0.7898478,1
1,0.85377914,1
1,0.9240974,1
1,0.8198437,1
1,0.7873707,1
1,0.88496286,1
1,0.868981,1
1,0.88359815,1
1,0.86388576,1
0,0.87160945,1
1,0.3962199,0
1,0.8210123,1
1,0.8080432,1
0,0.8175859,1
0,0.83108264,1
1,0.81321454,1
0,0.8856392,1
1,0.8347078,1
1,0.84410983,1
0,0.8652936,1
0,0.8440401,1
0,0.88400257,1
0,0.8332695,1
1,0.8810924,1
1,0.8333487,1
1,0.86508936,1
1,0.868618,1
1,0.85111,1
1,0.8360216,1
1,0.84381825,1
1,0.8983804,1
1,0.8641985,1
1,0.867342,1
1,0.8707001,1
1,0.83962286,1
1,0.8594924,1
0,0.86242616,1
1,0.86270076,1
1,0.81563175,1
1,0.866819,1
1,0.8735459,1
1,0.79629356,1
1,0.73159075,1
1,0.818422,1
0,0.8527817,1
1,0.82052326,1
1,0.83261335,1
1,0.8113325,1
1,0.8149341,1
1,0.8672594,1
1,0.85366225,1
0,0.8548535,1
1,0.8476388,1
0,0.7849453,1
1,0.8119654,1
1,0.75624675,1
1,0.7694581,1
1,0.7927713,1
1,0.81510305,1
0,0.2511429,0
0,0.4606879,0
0,0.3032699,0
0,0.77559364,1
0,0.78058714,1
1,0.82127845,1
1,0.71680665,1
1,0.7654111,1
1,0.7864337,1
1,0.6860459,1
1,0.6151635,1
0,0.42527625,0
0,0.55320716,1
1,0.29137594,0
0,0.41817504,0
0,0.3957402,0
0,0.37299955,0
0,0.30772126,0
0,0.37205118,0
0,0.44552898,0
0,0.37787813,0
0,0.31224442,0
0,0.34964854,0
0,0.27607697,0
0,0.02342295,0
0,0.5795677,1
0,0.589962,1
1,0.72615117,1
0,0.5971312,1
1,0.6225958,1
0,0.2619252,0
1,0.74770373,1
0,0.21109237,0
0,0.12401119,0
0,0.16613232,0
0,0.3887798,0
0,0.051448382,0
0,0.38405466,0
0,0.07143601,0
1,0.7934034,1
1,0.7950867,1
1,0.8096897,1
1,0.78536725,1
1,0.8200038,1
0,0.34371614,0
0,0.39706162,0
1,0.5701426,1
1,0.82117265,1
1,0.675943,1
1,0.7670956,1
1,0.82077646,1
1,0.82345706,1
1,0.75910026,1
1,0.327743,0
0,0.3704393,0
0,0.59452194,1
1,0.56106734,1
1,0.701169,1
0,0.58057487,1
1,0.77071434,1
1,0.70104814,1
0,0.79974264,1
1,0.27854398,0
1,0.4981955,0
0,0.3360342,0
1,0.48695657,0
0,0.7185195,1
0,0.80211395,1
0,0.46520397,0
1,0.58715385,1
1,0.45664576,0
0,0.60833704,1
1,0.68942344,1
1,0.7282167,1
0,0.57749444,1
1,0.7794213,1
0,0.71627617,1
1,0.79012555,1
1,0.7956445,1
0,0.74007636,1
1,0.7485301,1
1,0.7886233,1
1,0.3798107,0
0,0.7293505,1
1,0.88197994,1
0,0.17511661,0
1,0.8267905,1
1,0.8107485,1
1,0.77894324,1
1,0.8679346,1
1,0.8956885,1
1,0.8657623,1
1,0.8403553,1
1,0.8179352,1
1,0.8458001,1
1,0.818081,1
1,0.7683892,1
0,0.8417875,1
0,0.80231416,1
1,0.85897374,1
1,0.8354742,1
1,0.8302352,1
1,0.8379339,1
0,0.86179686,1
1,0.8054739,1
1,0.7501017,1
1,0.7532334,1
1,0.7833553,1
1,0.8608864,1
1,0.8175539,1
1,0.9148393,1
1,0.87219036,1
1,0.84513795,1
1,0.8525391,1
1,0.8751753,1
1,0.84511584,1
1,0.85469323,1
0,0.8490758,1
1,0.7863223,1
1,0.8147208,1
1,0.85759073,1
1,0.88673127,1
1,0.894082,1
0,0.8746935,1
1,0.81896037,1
0,0.84819204,1
1,0.79736716,1
1,0.8314219,1
0,0.8193067,1
1,0.8238637,1
1,0.87680405,1
0,0.84319913,1
1,0.8343185,1
1,0.9008379,1
0,0.8468271,1
1,0.794698,1
1,0.83749086,1
0,0.85267264,1
1,0.85356206,1
1,0.73877054,1
1,0.29920295,0
0,0.093991235,0
1,0.60196394,1
1,0.3441618,0
1,0.6481233,1
0,0.09681394,0
1,0.3702315,0
1,0.3944089,0
0,0.23605807,0
0,0.12267094,0
0,0.26492438,0
0,0.1242907,0
1,0.48934898,0
0,0.5208085,1
1,0.72250915,1
0,0.75936514,1
1,0.8019832,1
1,0.8082508,1
1,0.8296445,1
1,0.79132795,1
1,0.68399566,1
1,0.55443966,1
1,0.17396012,0
1,0.17897096,0
1,0.89038414,1
1,0.71652275,1
1,0.67813635,1
0,0.66077226,1
1,0.8767642,1
1,0.86610097,1
1,0.70034224,1
1,0.72002417,1
1,0.550408,1
0,0.13617092,0
0,0.08257819,0
0,0.16216345,0
0,0.36434892,0
0,0.10088204,0
1,0.6918485,1
1,0.77525795,1
0,0.7190253,1
0,0.60729486,1
1,0.5715368,1
0,0.6414286,1
0,0.7583634,1
0,0.7556062,1
0,0.72753626,1
1,0.77735066,1
1,0.8498658,1
1,0.8861652,1
1,0.8336488,1
1,0.8519346,1
0,0.7481718,1
1,0.7952283,1
1,0.8265832,1
1,0.81835055,1
1,0.78588676,1
1,0.84930855,1
1,0.85214585,1
1,0.78580415,1
1,0.80915105,1
1,0.8487994,1
1,0.7720154,1
1,0.8439143,1
1,0.8168465,1
0,0.20802622,0
0,0.055053644,0
1,0.8239642,1
1,0.8114739,1
1,0.82591134,1
0,0.12666202,0
0,0.44099402,0
0,0.28606445,0
1,0.84078664,1
1,0.9303127,1
1,0.7794734,1
0,0.5808553,1
1,0.80469567,1
1,0.6941928,1
1,0.5739061,1
1,0.7303587,1
1,0.42019203,0
1,0.8634213,1
1,0.88008106,1
1,0.8121736,1
1,0.8288233,1
1,0.8276548,1
1,0.7478777,1
1,0.86364114,1
1,0.8493809,1
0,0.8201424,1
1,0.8869247,1
0,0.86356515,1
1,0.8659252,1
0,0.6477907,1
1,0.8036424,1
1,0.7600867,1
0,0.665898,1
1,0.7062596,1
0,0.7039178,1
0,0.6465647,1
0,0.81391156,1
1,0.71652395,1
1,0.6583744,1
0,0.7890674,1
0,0.83994347,1
1,0.5325484,1
1,0.7069718,1
1,0.82764274,1
0,0.79797316,1
1,0.84717757,1
1,0.8021145,1
1,0.83778065,1
1,0.7785105,1
1,0.8658062,1
1,0.8487067,1
1,0.81639093,1
1,0.82942724,1
1,0.77963173,1
1,0.8249872,1
1,0.77945733,1
1,0.81275636,1
1,0.7265794,1
0,0.8029977,1
1,0.8071352,1
1,0.86116415,1
1,0.7134562,1
1,0.87573075,1
0,0.7543216,1
1,0.7616431,1
1,0.84707874,1
1,0.8458181,1
1,0.81347775,1
1,0.7961166,1
0,0.6835745,1
1,0.86056143,1
1,0.805684,1
1,0.762335,1
1,0.86847013,1
1,0.84290063,1
1,0.8994764,1
1,0.8487395,1
1,0.8718867,1
1,0.8864725,1
1,0.88905054,1
0,0.81342643,1
1,0.86440414,1
1,0.85413367,1
1,0.8371726,1
1,0.88162,1
0,0.88274145,1
1,0.8410326,1
1,0.80370075,1
1,0.82913184,1
1,0.7694439,1
1,0.82676303,1
0,0.8389818,1
1,0.8282444,1
1,0.8675389,1
1,0.82299775,1
0,0.83087313,1
1,0.82691,1
1,0.8898798,1
1,0.85053474,1
1,0.79633886,1
1,0.9126723,1
1,0.90034676,1
1,0.8514989,1
1,0.8369152,1
0,0.8963656,1
1,0.8478736,1
1,0.8495438,1
0,0.85960454,1
1,0.87045544,1
0,0.8140238,1
1,0.860631,1
1,0.85569775,1
0,0.8584156,1
1,0.80441034,1
1,0.9015475,1
1,0.88362414,1
1,0.83315843,1
1,0.83133656,1
1,0.82590437,1
1,0.80595976,1
1,0.8148512,1
1,0.8239261,1
1,0.79978824,1
1,0.79209334,1
1,0.86384386,1
1,0.89787376,1
1,0.8358228,1
1,0.82634765,1
1,0.82484514,1
1,0.8271683,1
1,0.810352,1
1,0.74632674,1
1,0.83159095,1
1,0.7599356,1
1,0.787302,1
1,0.67402965,1
1,0.846539,1
1,0.85967964,1
1,0.85694695,1
1,0.8214525,1
1,0.8251733,1
1,0.8432522,1
1,0.8707659,1
0,0.23689242,0
0,0.26708066,0
1,0.22123918,0
0,0.034956686,0
0,0.05521228,0
1,0.6122255,1
0,0.68452054,1
0,0.15645874,0
1,0.7845747,1
1,0.7937112,1
0,0.6934845,1
1,0.78646344,1
1,0.75942796,1
1,0.69937384,1
1,0.73189956,1
1,0.8188774,1
0,0.795324,1
1,0.7309266,1
1,0.75654256,1
0,0.76831895,1
1,0.72306955,1
0,0.7274283,1
1,0.73786396,1
1,0.7580894,1
1,0.7349098,1
0,0.7694286,1
1,0.7832986,1
1,0.81722873,1
1,0.80340564,1
1,0.7701605,1
0,0.7648625,1
1,0.79559374,1
1,0.7042573,1
0,0.72734344,1
0,0.8122101,1
1,0.76476544,1
0,0.81301963,1
1,0.75769055,1
1,0.7521282,1
0,0.80917704,1
0,0.76362264,1
0,0.778731,1
1,0.8110572,1
1,0.79935795,1
1,0.7890898,1
1,0.7612811,1
1,0.7743017,1
0,0.8188898,1
1,0.80027837,1
1,0.80864507,1
1,0.69671065,1
0,0.5068916,1
1,0.40726846,0
1,0.5826185,1
1,0.71848446,1
0,0.59788847,1
1,0.7101775,1
1,0.78983986,1
1,0.7813006,1
1,0.7773522,1
1,0.8274899,1
1,0.71903867,1
1,0.7976743,1
1,0.8032765,1
1,0.7105685,1
1,0.603011,1
1,0.81779456,1
1,0.8490458,1
1,0.85570747,1
1,0.86987436,1
0,0.8582177,1
1,0.8378151,1
1,0.8091366,1
1,0.86798805,1
0,0.9115765,1
1,0.8491664,1
0,0.88131356,1
1,0.88238305,1
1,0.87751555,1
1,0.87856245,1
1,0.8774196,1
1,0.88200086,1
1,0.6753755,1
1,0.6947056,1
1,0.78756905,1
0,0.7555837,1
0,0.6987293,1
0,0.7280608,1
1,0.7607366,1
0,0.84320575,1
1,0.7542201,1
0,0.845084,1
1,0.7598293,1
0,0.77383506,1
1,0.793325,1
0,0.8166827,1
0,0.8423599,1
1,0.8155452,1
1,0.77718323,1
1,0.8111003,1
0,0.7502643,1
0,0.7888358,1
1,0.74041754,1
0,0.6921537,1
1,0.7532708,1
1,0.7744082,1
0,0.6853225,1
0,0.69586194,1
1,0.8211696,1
0,0.7653931,1
1,0.8288823,1
0,0.7256453,1
1,0.8485122,1
1,0.80538434,1
1,0.83579284,1
0,0.74219894,1
0,0.7552241,1
1,0.7697116,1
0,0.749481,1
1,0.7010613,1
1,0.73831725,1
0,0.7454297,1
0,0.7449208,1
1,0.83104587,1
1,0.6533587,1
1,0.72324365,1
1,0.728687,1
1,0.72725457,1
1,0.73721534,1
1,0.6935255,1
1,0.6817449,1
0,0.68437195,1
1,0.6536128,1
1,0.72393954,1
1,0.7681887,1
1,0.64883965,1
1,0.6873882,1
1,0.57318366,1
1,0.65188605,1
1,0.63815516,1
1,0.6956271,1
1,0.7613584,1
0,0.7025789,1
0,0.71777844,1
0,0.7383878,1
0,0.7347257,1
0,0.7553789,1
1,0.7357807,1
1,0.6607467,1
1,0.73675406,1
1,0.7735569,1
1,0.710672,1
1,0.6547454,1
1,0.6891848,1
1,0.7019332,1
1,0.75067335,1
0,0.6972082,1
0,0.5385414,1
0,0.69101524,1
0,0.7422455,1
1,0.6656714,1
1,0.696246,1
0,0.6785345,1
0,0.7246387,1
0,0.6745184,1
1,0.7544217,1
1,0.82165927,1
1,0.79595745,1
1,0.81397796,1
0,0.82245445,1
1,0.7161299,1
1,0.7968513,1
0,0.77814233,1
0,0.7615343,1
0,0.7124963,1
1,0.81495667,1
1,0.7737326,1
0,0.77473736,1
1,0.80878556,1
1,0.79350734,1
1,0.80047554,1
0,0.8297847,1
1,0.78680354,1
1,0.76112175,1
1,0.7516864,1
0,0.7534243,1
0,0.8190777,1
1,0.7961188,1
1,0.7570132,1
1,0.752822,1
1,0.3503138,0
1,0.85178435,1
1,0.5755104,1
1,0.29490858,0
0,0.4102065,0
0,0.6853043,1
1,0.691057,1
1,0.46777785,0
0,0.3709938,0
0,0.4014091,0
0,0.37304807,0
0,0.36539522,0
1,0.35106537,0
1,0.3084634,0
1,0.2797179,0
0,0.46417814,0
0,0.44178537,0
0,0.21591213,0
0,0.48950773,0
0,0.5019039,1
0,0.47291085,0
0,0.32567197,0
0,0.25725898,0
0,0.23161727,0
0,0.29493418,0
0,0.4439124,0
1,0.29677007,0
0,0.43850017,0
0,0.33089378,0
0,0.36230487,0
0,0.42132953,0
0,0.29153427,0
1,0.78542244,1
1,0.8276559,1
1,0.8341591,1
0,0.8616593,1
0,0.8250635,1
1,0.75194716,1
1,0.8231013,1
1,0.6284256,1
0,0.4524802,0
0,0.39251256,0
1,0.83023554,1
0,0.7470315,1
1,0.7578762,1
0,0.7819002,1
1,0.8842331,1
1,0.9394864,1
0,0.870002,1
1,0.83395016,1
1,0.9550479,1
1,0.8591831,1
1,0.8015281,1
1,0.91386735,1
1,0.8131278,1
1,0.9396082,1
1,0.8350587,1
1,0.81129795,1
1,0.8294851,1
1,0.74454075,1
1,0.7569613,1
1,0.77256286,1
1,0.8225725,1
0,0.057060912,0
1,0.8562578,1
1,0.8623694,1
1,0.9280797,1
1,0.85424674,1
0,0.6357128,1
1,0.48248369,0
1,0.92059135,1
1,0.4427125,0
0,0.78698885,1
0,0.5060534,1
1,0.83352274,1
0,0.06898163,0
1,0.35611677,0
1,0.499563,0
0,0.13255331,0
0,0.02620416,0
0,0.09850835,0
0,0.051979758,0
0,0.13215525,0
0,0.4482215,0
0,0.057826053,0
0,0.16425943,0
1,0.5164506,1
0,0.21089126,0
0,0.09848716,0
0,0.051183477,0
0,0.162965,0
1,0.4048617,0
0,0.07179973,0
1,0.2518587,0
0,0.31069028,0
0,0.20835973,0
0,0.20545228,0
0,0.18770798,0
0,0.23392832,0
1,0.17106603,0
0,0.19321539,0
0,0.33106703,0
0,0.33346552,0
1,0.38503394,0
0,0.41054973,0
1,0.32435256,0
0,0.36931548,0
0,0.29485807,0
0,0.32417223,0
0,0.628162,1
0,0.26027882,0
0,0.430457,0
0,0.17745811,0
1,0.7319729,1
1,0.2504833,0
0,0.22828296,0
0,0.13245021,0
1,0.57709837,1
0,0.30117112,0
0,0.38658896,0
1,0.7048771,1
1,0.8078222,1
1,0.777924,1
1,0.834221,1
0,0.8152371,1
1,0.7874002,1
1,0.8123194,1
1,0.82814544,1
1,0.7466563,1
1,0.77032006,1
0,0.719843,1
1,0.8132681,1
1,0.77990365,1
0,0.76963145,1
1,0.8069855,1
1,0.79477495,1
1,0.8227234,1
0,0.17721744,0
1,0.7024857,1
1,0.6842622,1
0,0.18943097,0
0,0.46357477,0
0,0.72287095,1
0,0.60821354,1
0,0.45232534,0
0,0.28011006,0
1,0.80961215,1
1,0.8639901,1
1,0.83400506,1
1,0.4610015,0
1,0.66048115,1
0,0.7415239,1
1,0.59898895,1
1,0.63474816,1
1,0.7564092,1
1,0.51251644,1
0,0.6381344,1
0,0.7491087,1
1,0.7506662,1
1,0.7716589,1
1,0.2807113,0
1,0.8132486,1
1,0.81119907,1
1,0.7930352,1
1,0.8207033,1
0,0.58317226,1
1,0.7921953,1
0,0.67757386,1
1,0.83204776,1
0,0.6045416,1
0,0.8599503,1
0,0.78265375,1
1,0.8433968,1
1,0.7694391,1
1,0.82983977,1
1,0.69017476,1
1,0.80463445,1
1,0.8068959,1
1,0.78038275,1
0,0.74310917,1
1,0.7781372,1
1,0.7130622,1
1,0.7333502,1
1,0.7536155,1
1,0.8181862,1
1,0.66684943,1
0,0.724236,1
1,0.7149483,1
1,0.7612422,1
0,0.30111644,0
0,0.5375296,1
1,0.74282163,1
1,0.46534237,0
0,0.24130304,0
0,0.19288738,0
0,0.10124019,0
1,0.9289074,1
1,0.89810985,1
1,0.77366346,1
1,0.8197014,1
1,0.8907912,1
0,0.7985263,1
1,0.87112844,1
1,0.8834515,1
1,0.83607125,1
1,0.8242633,1
1,0.8036045,1
1,0.8892907,1
0,0.44383484,0
1,0.8354937,1
1,0.9017213,1
1,0.8147197,1
0,0.313632,0
0,0.4037272,0
0,0.36813125,0
1,0.92585486,1
1,0.6440077,1
1,0.8170838,1
0,0.38940734,0
0,0.7925001,1
0,0.29364163,0
1,0.54681414,1
0,0.34111863,0
1,0.78435993,1
1,0.5971687,1
0,0.55176777,1
0,0.2877181,0
1,0.31353304,0
0,0.14107253,0
1,0.22707291,0
0,0.41250083,0
1,0.5406439,1
1,0.41522312,0
1,0.7090136,1
1,0.75927764,1
1,0.30175614,0
0,0.6557746,1
0,0.30217254,0
1,0.33571258,0
0,0.85221165,1
1,0.43691182,0
1,0.30615523,0
1,0.3308709,0
0,0.51969236,1
1,0.5913057,1
0,0.6663215,1
0,0.11511674,0
0,0.087483175,0
0,0.0794499,0
0,0.16095693,0
0,0.20726493,0
0,0.31078348,0
0,0.110857815,0
1,0.8553395,1
0,0.5850156,1
0,0.08635652,0
0,0.11078903,0
1,0.2084121,0
0,0.23729849,0
0,0.46211454,0
0,0.2554853,0
0,0.47140715,0
0,0.70730084,1
0,0.25082466,0
1,0.6744248,1
1,0.80982524,1
1,0.7721824,1
1,0.6067222,1
1,0.71350425,1
0,0.26769054,0
0,0.052070636,0
0,0.04010857,0
0,0.1592678,0
0,0.09971529,0
1,0.83185357,1
1,0.77082276,1
0,0.6912639,1
0,0.55198765,1
0,0.6721096,1
0,0.6610076,1
1,0.57955474,1
0,0.6320069,1
1,0.6147629,1
1,0.7343675,1
0,0.40636015,0
1,0.17469193,0
1,0.7975762,1
1,0.7955638,1
1,0.71632856,1
1,0.7494995,1
0,0.7121183,1
0,0.60792047,1
1,0.7474389,1
0,0.67921925,1
0,0.7545526,1
1,0.73460823,1
0,0.7618118,1
0,0.734584,1
0,0.705733,1
0,0.799714,1
1,0.82750934,1
0,0.75025606,1
1,0.7138243,1
0,0.7428328,1
1,0.7863199,1
1,0.6885612,1
1,0.72108775,1
0,0.79632854,1
1,0.77569056,1
0,0.6838775,1
1,0.7176816,1
1,0.7631618,1
1,0.75921607,1
1,0.7421703,1
1,0.752074,1
1,0.7958724,1
1,0.7695822,1
1,0.75748634,1
1,0.67950845,1
0,0.6937208,1
0,0.5934706,1
0,0.3152961,0
1,0.83538425,1
1,0.8354426,1
0,0.8341959,1
1,0.8507843,1
1,0.7030131,1
1,0.83669144,1
1,0.79413944,1
1,0.8261704,1
1,0.59030205,1
0,0.8541434,1
0,0.74951726,1
1,0.7230901,1
0,0.8339399,1
0,0.83267534,1
1,0.41376522,0
1,0.867731,1
1,0.7415376,1
1,0.81708163,1
1,0.816736,1
1,0.8415673,1
1,0.6991431,1
1,0.7109121,1
1,0.7510072,1
1,0.73293227,1
1,0.64770794,1
0,0.23762752,0
0,0.20810364,0
1,0.8246195,1
1,0.8497303,1
0,0.16677533,0
1,0.6098262,1
1,0.36702582,0
1,0.8802158,1
0,0.1850323,0
0,0.20310703,0
1,0.85551816,1
1,0.888467,1
1,0.85167426,1
1,0.9116973,1
1,0.9091016,1
1,0.8942095,1
1,0.9220944,1
1,0.9386108,1
1,0.93455064,1
1,0.92525,1
1,0.4438572,0
1,0.23848194,0
0,0.5482279,1
1,0.6279758,1
1,0.22480549,0
1,0.75894624,1
1,0.15064245,0
0,0.78693414,1
0,0.7435774,1
1,0.6735808,1
1,0.8028439,1
1,0.89192283,1
1,0.8975533,1
1,0.8687412,1
0,0.8462286,1
1,0.8959432,1
1,0.84141964,1
1,0.88219285,1
1,0.89232725,1
1,0.8463611,1
0,0.23760837,0
1,0.6948577,1
1,0.82710606,1
1,0.8839506,1
1,0.856304,1
1,0.90489936,1
1,0.7967298,1
1,0.8723392,1
1,0.8480818,1
1,0.87658775,1
1,0.8748848,1
1,0.88479894,1
1,0.8516033,1
1,0.7486746,1
0,0.8114677,1
1,0.76848364,1
1,0.8580327,1
1,0.7907702,1
0,0.88002,1
1,0.84134287,1
1,0.8963924,1
1,0.81605566,1
1,0.8282797,1
1,0.85523564,1
1,0.85053825,1
1,0.8510513,1
1,0.91559666,1
1,0.895529,1
1,0.8287822,1
1,0.8608154,1
1,0.89732116,1
1,0.8636272,1
1,0.8422541,1
1,0.88136315,1
0,0.816119,1
1,0.90573883,1
0,0.8308782,1
0,0.7737333,1
0,0.8682627,1
1,0.8741796,1
0,0.8780187,1
0,0.8801336,1
1,0.88454294,1
1,0.8781957,1
1,0.83036476,1
1,0.8622518,1
1,0.82617795,1
1,0.83173436,1
1,0.82212806,1
1,0.91732675,1
1,0.7923049,1
1,0.8354956,1
0,0.89308596,1
1,0.9260686,1
0,0.5277183,1
1,0.7948872,1
0,0.8415841,1
1,0.8210923,1
1,0.81176794,1
0,0.81417865,1
1,0.8670198,1
1,0.8052687,1
1,0.85621196,1
1,0.36376205,0
0,0.07937122,0
0,0.43793985,0
0,0.4031407,0
1,0.33435914,0
0,0.35876465,0
0,0.381912,0
0,0.3249451,0
0,0.22544843,0
0,0.30833504,0
0,0.27529335,0
1,0.35283747,0
1,0.33238354,0
1,0.34333712,0
0,0.36253497,0
0,0.33529666,0
1,0.77559423,1
0,0.72072744,1
0,0.81024927,1
0,0.7416369,1
0,0.66770977,1
1,0.845052,1
1,0.7790823,1
1,0.8557845,1
1,0.90920293,1
1,0.8598745,1
1,0.8078464,1
1,0.8557119,1
0,0.7341319,1
1,0.81523687,1
1,0.78890914,1
1,0.7352009,1
1,0.86788917,1
0,0.78706837,1
0,0.013639697,0
0,0.0392154,0
0,0.02707293,0
0,0.23933135,0
1,0.92164713,1
1,0.8947352,1
1,0.8906613,1
1,0.8823939,1
0,0.70611584,1
1,0.7096458,1
1,0.9216014,1
1,0.86761826,1
1,0.83698595,1
1,0.85369235,1
1,0.86970896,1
1,0.8089178,1
1,0.88404083,1
1,0.76147914,1
1,0.8219982,1
1,0.88927996,1
1,0.9309549,1
0,0.91167235,1
1,0.90951395,1
1,0.923474,1
1,0.84200317,1
1,0.78448236,1
1,0.80817264,1
1,0.78257304,1
0,0.82200766,1
1,0.8456923,1
1,0.8524234,1
1,0.925664,1
1,0.96128243,1
0,0.2937486,0
0,0.7602076,1
1,0.80639166,1
0,0.61702985,1
1,0.8023378,1
1,0.78300434,1
1,0.15214023,0
0,0.6863772,1
0,0.1861393,0
1,0.707635,1
1,0.6085264,1
0,0.7468669,1
1,0.6251213,1
1,0.8311212,1
1,0.8642593,1
1,0.8480959,1
1,0.86311024,1
1,0.87364113,1
1,0.8608364,1
0,0.844707,1
0,0.8368031,1
1,0.8812211,1
1,0.83093154,1
1,0.50488645,1
0,0.31451857,0
0,0.67259485,1
1,0.6863805,1
1,0.7042784,1
0,0.85782415,1
1,0.8562253,1
1,0.84527004,1
1,0.79573655,1
1,0.85209227,1
1,0.751001,1
1,0.7523445,1
0,0.81711507,1
1,0.8543384,1
0,0.82958144,1
1,0.8591526,1
1,0.8474458,1
1,0.8135779,1
1,0.8007862,1
0,0.8075031,1
1,0.8311308,1
1,0.8541881,1
1,0.81912255,1
1,0.8140213,1
1,0.83713055,1
1,0.8420758,1
1,0.6813628,1
1,0.7883879,1
1,0.804748,1
1,0.8835701,1
1,0.84937865,1
0,0.83289033,1
0,0.8060992,1
0,0.82256913,1
1,0.8504152,1
1,0.856817,1
1,0.831235,1
0,0.8229842,1
1,0.8154314,1
1,0.82787716,1
1,0.78059804,1
0,0.786644,1
1,0.82374036,1
1,0.8558129,1
1,0.80321836,1
1,0.7811751,1
1,0.838484,1
1,0.82675403,1
0,0.85143954,1
1,0.8205089,1
1,0.8366668,1
1,0.8051555,1
1,0.81168604,1
0,0.8118494,1
0,0.8151652,1
1,0.85694313,1
1,0.8264211,1
1,0.82385856,1
0,0.845564,1
1,0.81816536,1
1,0.87018114,1
1,0.8109787,1
1,0.8393054,1
1,0.83163995,1
1,0.573497,1
1,0.53830224,1
0,0.37452888,0
0,0.43783098,0
1,0.8916895,1
1,0.19384648,0
0,0.55923015,1
0,0.6483638,1
1,0.61176264,1
1,0.76318365,1
1,0.7702891,1
1,0.6836327,1
1,0.17046116,0
1,0.3654198,0
1,0.35564408,0
0,0.38554266,0
0,0.09983213,0
0,0.14255449,0
0,0.059938658,0
0,0.54539776,1
0,0.21351409,0
1,0.31160757,0
1,0.25660208,0
1,0.46171257,0
1,0.41728508,0
1,0.35079303,0
0,0.13664812,0
1,0.18491505,0
1,0.31357792,0
0,0.31082773,0
1,0.31729355,0
0,0.26950186,0
0,0.34095025,0
0,0.26287156,0
0,0.30298522,0
0,0.39796042,0
1,0.20940265,0
0,0.19123213,0
0,0.14821887,0
0,0.21018904,0
0,0.18551609,0
0,0.53280437,1
1,0.67611057,1
1,0.7792402,1
0,0.11383226,0
0,0.10087479,0
1,0.18944745,0
0,0.10952762,0
0,0.50303024,1
0,0.18336818,0
0,0.3320127,0
1,0.12152631,0
0,0.07132753,0
0,0.28278932,0
0,0.1262839,0
0,0.20929308,0
0,0.36537316,0
1,0.7051675,1
1,0.76087314,1
1,0.7336198,1
1,0.42231265,0
0,0.49790832,0
0,0.51172626,1
0,0.4815796,0
1,0.71786,1
0,0.75102556,1
1,0.79478073,1
1,0.42040095,0
1,0.7675363,1
1,0.80835754,1
1,0.8999737,1
1,0.8890181,1
1,0.9081984,1
1,0.77555203,1
1,0.49489275,0
1,0.7546965,1
1,0.7733795,1
0,0.21232893,0
0,0.06145808,0
0,0.07282567,0
0,0.08158333,0
0,0.09349821,0
0,0.26932105,0
0,0.66166645,1
1,0.7122354,1
1,0.75256115,1
1,0.3325852,0
0,0.34227434,0
0,0.2612176,0
0,0.059647836,0
1,0.39948934,0
0,0.31650957,0
1,0.96114653,1
1,0.85034585,1
1,0.774517,1
1,0.85890216,1
1,0.8144287,1
1,0.8390246,1
1,0.80420613,1
1,0.8410558,1
0,0.2444669,0
0,0.15347522,0
0,0.05393424,0
0,0.038618106,0
0,0.32099757,0
1,0.5424006,1
0,0.47683558,0
0,0.61022836,1
1,0.9162171,1
1,0.8898009,1
1,0.8121773,1
0,0.56268513,1
1,0.86035997,1
1,0.6651345,1
0,0.82349336,1
1,0.89120513,1
1,0.88049823,1
1,0.92583257,1
1,0.9024992,1
1,0.908682,1
1,0.8051461,1
1,0.81965256,1
1,0.83492655,1
1,0.9096994,1
1,0.8982085,1
1,0.8814422,1
1,0.8322567,1
1,0.7950302,1
1,0.8052466,1
1,0.7802114,1
0,0.77929723,1
0,0.8472316,1
1,0.805691,1
1,0.8294725,1
1,0.7165995,1
1,0.75541353,1
1,0.67067343,1
0,0.71223134,1
1,0.7284501,1
1,0.8506627,1
1,0.7858227,1
1,0.7902659,1
1,0.7895526,1
1,0.8144745,1
1,0.8266764,1
1,0.7238243,1
1,0.77876014,1
1,0.7759988,1
1,0.729901,1
1,0.80926675,1
1,0.333218,0
1,0.55423987,1
0,0.4513672,0
1,0.48072165,0
1,0.50422966,1
1,0.40854254,0
1,0.6678513,1
1,0.39866886,0
0,0.65672696,1
1,0.5423642,1
0,0.3537689,0
1,0.52854127,1
1,0.93289775,1
0,0.90284806,1
0,0.66108894,1
0,0.7266347,1
1,0.90066934,1
1,0.81614363,1
1,0.88239396,1
1,0.86561686,1
1,0.75983155,1
1,0.7590105,1
1,0.6944395,1
1,0.6408808,1
0,0.8134018,1
0,0.79777575,1
1,0.76270336,1
1,0.7275844,1
1,0.751661,1
1,0.7188581,1
1,0.8076089,1
1,0.78420323,1
1,0.74255174,1
1,0.7218698,1
1,0.8007096,1
1,0.79724044,1
0,0.8198354,1
1,0.7003199,1
1,0.8636426,1
1,0.83493394,1
1,0.86561596,1
1,0.9131671,1
1,0.823539,1
1,0.7304172,1
1,0.7561974,1
0,0.7302194,1
1,0.7873321,1
0,0.7454577,1
1,0.71540284,1
1,0.83985925,1
1,0.748833,1
0,0.7965561,1
0,0.79411715,1
0,0.77432454,1
1,0.8064125,1
1,0.6946136,1
1,0.67526597,1
0,0.70352876,1
0,0.70981765,1
1,0.75230783,1
1,0.6974558,1
1,0.737562,1
1,0.66685265,1
0,0.5875164,1
1,0.7894086,1
1,0.69192255,1
1,0.64413464,1
1,0.7365717,1
1,0.8196195,1
0,0.8171189,1
1,0.8147499,1
1,0.8521604,1
1,0.7065709,1
1,0.7251003,1
1,0.78764105,1
1,0.73289967,1
1,0.6959443,1
1,0.6350976,1
1,0.44286925,0
0,0.661828,1
0,0.66929895,1
1,0.6371603,1
0,0.54917073,1
1,0.7444962,1
0,0.742441,1
0,0.5023284,1
1,0.63234615,1
0,0.7327905,1
0,0.7255272,1
1,0.7403834,1
0,0.5881216,1
0,0.6600456,1
0,0.64119524,1
0,0.55416393,1
0,0.55579555,1
0,0.6345335,1
1,0.665641,1
1,0.5634992,1
1,0.64031684,1
1,0.78961104,1
0,0.74057215,1
1,0.8476801,1
1,0.80742586,1
1,0.8366087,1
1,0.8554113,1
1,0.4183401,0
0,0.7316895,1
1,0.6939728,1
0,0.7138352,1
0,0.63000697,1
1,0.8526854,1
1,0.8424806,1
0,0.75705004,1
0,0.04138662,0
0,0.719141,1
0,0.015689204,0
0,0.07657948,0
0,0.058405504,0
0,0.04709448,0
0,0.02814662,0
0,0.12956297,0
0,0.045744423,0
0,0.023030419,0
0,0.021277394,0
1,0.88758487,1
1,0.80898684,1
1,0.8984586,1
1,0.87851936,1
1,0.83021986,1
1,0.84295714,1
1,0.82804626,1
1,0.8703345,1
1,0.88250864,1
1,0.8507901,1
1,0.87313354,1
1,0.662246,1
0,0.766553,1
1,0.80973196,1
1,0.82930005,1
1,0.9071473,1
0,0.92442685,1
0,0.85410476,1
1,0.7851035,1
1,0.83202565,1
1,0.8020973,1
1,0.14303449,0
1,0.8126938,1
0,0.47448438,0
0,0.5950247,1
1,0.6363446,1
0,0.6121515,1
1,0.80286294,1
1,0.650795,1
1,0.6902639,1
0,0.37061676,0
0,0.2689356,0
1,0.67936146,1
1,0.79481536,1
1,0.6246503,1
1,0.76326257,1
0,0.19636223,0
0,0.42485425,0
0,0.21844555,0
0,0.37686753,0
1,0.49559194,0
1,0.6866979,1
1,0.26614872,0
1,0.74483716,1
1,0.718047,1
1,0.33059382,0
1,0.718216,1
1,0.4760368,0
0,0.7455523,1
0,0.6702685,1
0,0.5880296,1
1,0.6906658,1
0,0.11814925,0
0,0.25778708,0
1,0.55485886,1
0,0.3334968,0
0,0.41191745,0
0,0.33290815,0
1,0.8390274,1
1,0.7766197,1
0,0.7987738,1
1,0.8166635,1
1,0.8502558,1
1,0.8991869,1
1,0.8795514,1
1,0.8377193,1
1,0.8490085,1
1,0.8487142,1
0,0.30772805,0
1,0.38858917,0
0,0.3642333,0
1,0.43675753,0
1,0.5932385,1
1,0.825432,1
1,0.7790796,1
1,0.6932507,1
1,0.382955,0
1,0.8691882,1
1,0.5956198,1
1,0.81890786,1
1,0.8548477,1
1,0.8360388,1
1,0.8480422,1
1,0.84183043,1
1,0.7836983,1
1,0.93557286,1
1,0.88983047,1
1,0.9470431,1
1,0.9397992,1
1,0.9053912,1
1,0.94689775,1
1,0.8966441,1
1,0.88109475,1
1,0.91070724,1
1,0.90941614,1
1,0.8986917,1
1,0.91598517,1
1,0.7840416,1
0,0.81005955,1
1,0.85202616,1
1,0.73014057,1
1,0.8484934,1
1,0.8639472,1
1,0.87423736,1
1,0.8559858,1
1,0.81872565,1
0,0.8214247,1
1,0.78608876,1
1,0.25735363,0
1,0.3348438,0
0,0.3839679,0
1,0.64326125,1
0,0.076185934,0
0,0.05171146,0
1,0.33588353,0
1,0.78792375,1
1,0.78447974,1
1,0.2533892,0
1,0.18107995,0
0,0.12366381,0
0,0.21673323,0
0,0.2586003,0
1,0.23033378,0
1,0.06878872,0
1,0.56183654,1
0,0.45609725,0
0,0.7172164,1
0,0.8185755,1
1,0.8524264,1
1,0.8330316,1
0,0.8411323,1
1,0.77409875,1
0,0.8289624,1
1,0.83515155,1
0,0.2924373,0
0,0.38884097,0
1,0.33268192,0
0,0.33180857,0
0,0.3272118,0
1,0.58775115,1
1,0.74292934,1
1,0.7024436,1
1,0.5278291,1
1,0.7183311,1
1,0.77852994,1
1,0.6848084,1
1,0.7354178,1
0,0.548668,1
0,0.6298168,1
1,0.45300108,0
1,0.8266435,1
1,0.77504027,1
1,0.7932187,1
0,0.7573994,1
1,0.73059446,1
1,0.7794462,1
0,0.7924302,1
1,0.6885901,1
1,0.7648953,1
1,0.8277519,1
1,0.8263975,1
1,0.73207766,1
1,0.8030418,1
1,0.67909575,1
0,0.7368174,1
1,0.64883226,1
1,0.41335085,0
1,0.7191987,1
0,0.69674325,1
0,0.69622904,1
1,0.68743736,1
1,0.6898809,1
1,0.6436706,1
1,0.73662174,1
0,0.68629926,1
1,0.5269465,1
0,0.7131917,1
0,0.6248046,1
1,0.54325646,1
0,0.66273576,1
1,0.7681471,1
1,0.7510908,1
0,0.5296473,1
1,0.7109269,1
1,0.8436134,1
1,0.81491804,1
1,0.67088103,1
1,0.8542422,1
1,0.80878323,1
0,0.79634225,1
1,0.75239646,1
0,0.8097987,1
1,0.820443,1
0,0.8284497,1
0,0.8282768,1
0,0.8161756,1
1,0.77916753,1
0,0.68512833,1
1,0.74388874,1
1,0.69676596,1
1,0.7129691,1
1,0.7047502,1
1,0.6911116,1
1,0.71225446,1
1,0.70391595,1
1,0.6881717,1
1,0.7636732,1
1,0.7070444,1
1,0.7381517,1
1,0.72035503,1
1,0.7097986,1
1,0.70104045,1
1,0.33809012,0
1,0.07138854,0
1,0.13640141,0
1,0.29552415,0
1,0.3110111,0
1,0.40125373,0
0,0.25845933,0
0,0.0644196,0
0,0.1838979,0
1,0.8110747,1
1,0.8870395,1
1,0.71853226,1
1,0.65824246,1
1,0.73609954,1
1,0.77585596,1
1,0.75493115,1
1,0.78778315,1
1,0.72462875,1
1,0.77108103,1
1,0.6640517,1
1,0.7576274,1
0,0.86551505,1
0,0.8272062,1
1,0.7963616,1
0,0.79498166,1
0,0.77017885,1
1,0.7352533,1
1,0.78102314,1
1,0.84893185,1
1,0.88205224,1
1,0.81373894,1
0,0.8225843,1
1,0.77956295,1
1,0.7658735,1
1,0.8028872,1
1,0.7901393,1
1,0.80392706,1
1,0.79215527,1
1,0.04934782,0
0,0.02062142,0
1,0.1113759,0
0,0.23846635,0
0,0.58852243,1
0,0.48522305,0
1,0.65652525,1
1,0.7718932,1
0,0.84684014,1
1,0.8158933,1
1,0.8159234,1
1,0.7897162,1
1,0.8481902,1
1,0.73876554,1
1,0.8037756,1
1,0.6825838,1
1,0.75775313,1
1,0.74299306,1
1,0.75532514,1
1,0.75398797,1
1,0.8183568,1
1,0.7940888,1
1,0.81997657,1
1,0.3281717,0
1,0.25019926,0
0,0.19309899,0
1,0.8686967,1
1,0.26001534,0
1,0.68637586,1
0,0.64918756,1
0,0.520456,1
1,0.87905514,1
0,0.2503613,0
0,0.24647957,0
0,0.1721656,0
1,0.57714903,1
1,0.45424566,0
0,0.32863367,0
0,0.32596627,0
1,0.5233186,1
1,0.25460356,0
0,0.18276481,0
0,0.30799872,0
1,0.5633894,1
0,0.7545579,1
0,0.46524426,0
0,0.7924499,1
1,0.5084881,1
0,0.71159685,1
0,0.7037169,1
0,0.50639844,1
0,0.54301786,1
0,0.6639472,1
1,0.81000954,1
1,0.8994578,1
1,0.8590098,1
1,0.8670356,1
0,0.73862547,1
0,0.6754812,1
1,0.7707342,1
1,0.72903526,1
0,0.54210263,1
1,0.78624254,1
1,0.77081746,1
1,0.83963996,1
0,0.5086636,1
0,0.77783,1
1,0.7991798,1
1,0.67431176,1
1,0.6846338,1
0,0.71253,1
0,0.48354152,0
1,0.6475612,1
0,0.5666241,1
1,0.7453972,1
0,0.5531533,1
1,0.71068805,1
1,0.7551703,1
0,0.7156554,1
0,0.7110909,1
1,0.787494,1
1,0.7135249,1
0,0.6927716,1
1,0.6262393,1
0,0.71818006,1
1,0.72503453,1
1,0.7180993,1
1,0.7995938,1
1,0.74656093,1
1,0.75023085,1
1,0.7480189,1
0,0.74439687,1
1,0.6510388,1
0,0.3111065,0
0,0.36257112,0
1,0.38848177,0
1,0.8513386,1
1,0.5375561,1
0,0.3004442,0
0,0.32092056,0
0,0.19817966,0
0,0.09501844,0
0,0.0491532,0
0,0.0300681,0
0,0.15617484,0
0,0.25459152,0
0,0.049761314,0
0,0.16662748,0
0,0.19646952,0
0,0.18176754,0
0,0.04421469,0
0,0.26560444,0
0,0.030407129,0
0,0.23278958,0
0,0.026685232,0
0,0.18173182,0
0,0.19015642,0
0,0.12400452,0
0,0.1380278,0
1,0.18933894,0
1,0.24977463,0
0,0.25442013,0
0,0.49699065,0
0,0.54096895,1
0,0.30734578,0
0,0.68439573,1
0,0.43849796,0
1,0.5444968,1
1,0.4615654,0
0,0.52983314,1
0,0.56857026,1
0,0.33642894,0
1,0.4501391,0
1,0.66354835,1
1,0.49121523,0
0,0.3451633,0
1,0.57126695,1
1,0.42837223,0
0,0.30671555,0
1,0.7200153,1
1,0.24561992,0
1,0.7867217,1
1,0.15470676,0
1,0.69762367,1
1,0.67698175,1
1,0.28899497,0
0,0.43945137,0
0,0.672889,1
1,0.23048195,0
0,0.36866552,0
0,0.34069937,0
1,0.75244844,1
1,0.35270444,0
0,0.31532148,0
1,0.20162755,0
1,0.4102541,0
1,0.54931074,1
1,0.5004102,1
1,0.566417,1
1,0.3933612,0
0,0.40368444,0
1,0.34343633,0
1,0.17891125,0
1,0.16497688,0
0,0.39622876,0
1,0.23552643,0
0,0.293342,0
0,0.42328218,0
0,0.3128497,0
0,0.4804679,0
0,0.30586198,0
0,0.06841264,0
1,0.8045347,1
1,0.8589511,1
0,0.7925283,1
0,0.83999604,1
0,0.8569657,1
0,0.788643,1
0,0.8307172,1
1,0.822027,1
1,0.80127627,1
1,0.84329325,1
0,0.78927827,1
1,0.8261481,1
1,0.8713443,1
1,0.8399306,1
1,0.83307195,1
0,0.84088904,1
0,0.84700763,1
1,0.86148316,1
1,0.8282901,1
1,0.753835,1
1,0.71490955,1
1,0.687986,1
1,0.75147134,1
1,0.7863061,1
1,0.45214558,0
0,0.20001495,0
0,0.18578841,0
0,0.14492147,0
1,0.19097531,0
0,0.028957618,0
0,0.018808482,0
0,0.27872962,0
1,0.48797974,0
1,0.62220633,1
0,0.4192615,0
0,0.49724802,0
1,0.6896487,1
1,0.81696796,1
1,0.72540426,1
1,0.6580561,1
1,0.7463973,1
1,0.86659503,1
1,0.8035062,1
0,0.7771444,1
1,0.8448963,1
1,0.8058114,1
1,0.79798955,1
1,0.83767384,1
1,0.80821943,1
1,0.7804884,1
1,0.8378812,1
1,0.83464783,1
0,0.8027464,1
0,0.8388,1
1,0.818801,1
0,0.7635166,1
1,0.8222598,1
1,0.9302852,1
1,0.87993,1
1,0.89268106,1
1,0.886476,1
1,0.8929599,1
1,0.730703,1
1,0.9324474,1
1,0.92585754,1
1,0.9469867,1
1,0.8858875,1
1,0.91232944,1
1,0.9325966,1
1,0.8817439,1
1,0.8497323,1
1,0.67945147,1
0,0.7012546,1
0,0.80121356,1
0,0.70369065,1
1,0.7266661,1
1,0.8224137,1
1,0.8109185,1
0,0.02942762,0
0,0.19841644,0
0,0.2537273,0
0,0.18902576,0
0,0.12798059,0
0,0.28624314,0
1,0.44176516,0
1,0.54900587,1
0,0.46952686,0
0,0.3017431,0
0,0.10526334,0
0,0.21844862,0
1,0.24294311,0
1,0.5927979,1
1,0.505028,1
1,0.22163644,0
1,0.5495646,1
1,0.66565686,1
1,0.7351778,1
1,0.81742847,1
1,0.8382234,1
1,0.67610806,1
1,0.86284673,1
1,0.66875666,1
1,0.7910514,1
1,0.8108367,1
0,0.77497685,1
0,0.74406683,1
1,0.78457487,1
1,0.7559248,1
0,0.717372,1
1,0.6358392,1
0,0.6260422,1
1,0.6907484,1
1,0.7699402,1
1,0.7007131,1
0,0.45233193,0
1,0.31500795,0
1,0.5747417,1
0,0.12761666,0
0,0.052475005,0
0,0.050030086,0
0,0.12077913,0
0,0.27380645,0
0,0.33168164,0
1,0.6969193,1
0,0.15063506,0
0,0.31684184,0
0,0.24130327,0
0,0.261432,0
0,0.3081099,0
1,0.14874284,0
0,0.23838267,0
0,0.4351074,0
1,0.18308066,0
1,0.4405553,0
1,0.518518,1
0,0.8185055,1
0,0.85150737,1
1,0.7786941,1
0,0.6934261,1
0,0.32762644,0
0,0.72555375,1
1,0.6504607,1
1,0.7731758,1
1,0.6504607,1
0,0.70966154,1
1,0.89588916,1
1,0.7634748,1
1,0.83900654,1
0,0.18561544,0
0,0.19501272,0
0,0.20465678,0
1,0.30981565,0
0,0.31348196,0
1,0.8515686,1
1,0.83481675,1
0,0.84474885,1
1,0.5446295,1
1,0.7986235,1
1,0.8390794,1
1,0.83820415,1
1,0.8659207,1
1,0.7740729,1
1,0.35055116,0
1,0.76463795,1
0,0.7037164,1
1,0.78827316,1
1,0.7452865,1
1,0.81299955,1
1,0.88114715,1
1,0.90351206,1
1,0.9260738,1
0,0.75924337,1
1,0.89030665,1
1,0.83363384,1
1,0.7923578,1
1,0.4020842,0
0,0.4283033,0
0,0.5902796,1
0,0.44460067,0
0,0.48495197,0
0,0.5615773,1
0,0.5646557,1
0,0.5103432,1
0,0.49576256,0
0,0.43375167,0
1,0.4724705,0
0,0.30626106,0
0,0.35706773,0
0,0.34807992,0
1,0.84553343,1
1,0.83712345,1
1,0.78412515,1
1,0.82509315,1
1,0.768207,1
1,0.68840647,1
1,0.7288546,1
1,0.8298576,1
1,0.82933325,1
0,0.7770765,1
1,0.80354464,1
0,0.81119996,1
1,0.86418647,1
1,0.8652326,1
0,0.8444986,1
1,0.6506254,1
0,0.8164162,1
1,0.8741746,1
1,0.7186843,1
1,0.8049653,1
1,0.83942556,1
1,0.84379846,1
1,0.8566115,1
1,0.68094033,1
1,0.559365,1
1,0.6346706,1
1,0.7184468,1
0,0.4842805,0
0,0.35098004,0
0,0.17811447,0
1,0.23125443,0
0,0.1656299,0
0,0.07819312,0
0,0.23197088,0
0,0.32185042,0
0,0.14206804,0
0,0.050735876,0
0,0.038945694,0
0,0.26529485,0
0,0.5008898,1
1,0.481958,0
1,0.82092035,1
1,0.27709505,0
1,0.3610899,0
1,0.27028024,0
0,0.16138437,0
1,0.3759024,0
1,0.46194962,0
0,0.1672588,0
0,0.05929316,0
0,0.075137064,0
0,0.046190117,0
0,0.09676365,0
0,0.04338057,0
0,0.08445039,0
1,0.50604934,1
0,0.33921957,0
0,0.036555827,0
0,0.30922398,0
1,0.11952924,0
1,0.14927666,0
0,0.29960042,0
0,0.29994193,0
0,0.29386014,0
1,0.34207445,0
1,0.28156367,0
0,0.40442568,0
1,0.29852924,0
0,0.28745437,0
0,0.38155997,0
1,0.26993522,0
0,0.33901668,0
0,0.12352611,0
0,0.055772357,0
0,0.11631185,0
0,0.1076402,0
0,0.08145649,0
0,0.6490912,1
0,0.66958344,1
0,0.40583438,0
1,0.70044935,1
1,0.7813949,1
1,0.7966764,1
1,0.87185174,1
1,0.69448316,1
1,0.7212897,1
1,0.6917422,1
0,0.62980497,1
1,0.85308695,1
1,0.81477314,1
1,0.8258789,1
1,0.8043143,1
1,0.83253247,1
1,0.78874874,1
1,0.68559045,1
0,0.692329,1
0,0.72723454,1
0,0.70174253,1
0,0.23780371,0
0,0.35909078,0
1,0.78547233,1
0,0.8000578,1
0,0.79783076,1
1,0.79768705,1
1,0.77028435,1
1,0.67802155,1
1,0.46882835,0
1,0.80308574,1
1,0.7937126,1
1,0.8105623,1
1,0.63427305,1
0,0.7141711,1
1,0.70005345,1
0,0.63019675,1
0,0.34955004,0
1,0.7630813,1
1,0.6586057,1
1,0.78687525,1
0,0.75070024,1
1,0.6891877,1
1,0.7322399,1
1,0.77923346,1
1,0.73860955,1
1,0.8631644,1
1,0.7152934,1
1,0.57305515,1
0,0.7607391,1
0,0.73537576,1
0,0.6709275,1
0,0.65826607,1
0,0.66053903,1
1,0.7254397,1
1,0.80600095,1
1,0.70703274,1
1,0.84560186,1
0,0.7983327,1
0,0.7337358,1
0,0.77174133,1
1,0.83684117,1
1,0.81059635,1
1,0.8297727,1
1,0.81300426,1
1,0.8704971,1
0,0.7930853,1
0,0.7850762,1
1,0.7732948,1
1,0.7367762,1
1,0.74529415,1
0,0.7899953,1
0,0.73887503,1
1,0.65937924,1
1,0.7315653,1
1,0.71213365,1
1,0.6600172,1
1,0.5404494,1
1,0.78235644,1
0,0.80285805,1
1,0.58325857,1
1,0.6574202,1
1,0.7156951,1
1,0.84918654,1
0,0.85121137,1
0,0.83033854,1
0,0.8025539,1
0,0.8142686,1
0,0.79570556,1
0,0.7717029,1
1,0.9018884,1
0,0.7595153,1
1,0.7351724,1
1,0.79587406,1
1,0.7545921,1
1,0.8109964,1
1,0.8997815,1
1,0.87624764,1
1,0.83842826,1
0,0.8515805,1
1,0.7808104,1
0,0.6893771,1
1,0.7062203,1
0,0.7247223,1
1,0.7053144,1
1,0.7012204,1
0,0.7943603,1
1,0.5962657,1
1,0.66692996,1
1,0.73897594,1
1,0.8023945,1
1,0.7705799,1
1,0.71316105,1
0,0.70578665,1
1,0.7498509,1
1,0.8251683,1
0,0.7506112,1
0,0.7080727,1
0,0.7414073,1
1,0.7114488,1
1,0.77313787,1
1,0.76498604,1
0,0.7197459,1
1,0.79629123,1
1,0.6582383,1
1,0.7180314,1
1,0.7542962,1
1,0.79911816,1
1,0.76085705,1
1,0.74124455,1
1,0.64223194,1
1,0.7436411,1
1,0.82347655,1
1,0.7811005,1
1,0.78621566,1
1,0.7076445,1
1,0.78222394,1
0,0.740951,1
1,0.7450121,1
1,0.7821224,1
1,0.7290809,1
1,0.7067261,1
1,0.7416493,1
0,0.72164476,1
1,0.66963315,1
1,0.79320145,1
1,0.72518915,1
1,0.7570282,1
1,0.68829185,1
0,0.7166184,1
1,0.7725477,1
1,0.82405955,1
1,0.69830984,1
1,0.79679906,1
1,0.7270377,1
1,0.7403028,1
1,0.7671144,1
1,0.7753624,1
1,0.66266024,1
1,0.7825995,1
1,0.7397042,1
0,0.05328521,0
0,0.21256053,0
0,0.13839881,0
0,0.069339044,0
0,0.32076454,0
0,0.2070086,0
0,0.2339893,0
0,0.34851328,0
0,0.49199298,0
1,0.77299577,1
1,0.612287,1
1,0.3211591,0
0,0.3870986,0
0,0.64468825,1
0,0.6628747,1
0,0.80984,1
1,0.43080875,0
0,0.44820872,0
0,0.066202566,0
0,0.088811375,0
0,0.096005835,0
1,0.49640787,0
0,0.13760571,0
1,0.4213857,0
0,0.27895078,0
1,0.5557124,1
0,0.6068352,1
0,0.4465885,0
1,0.54062873,1
0,0.42155877,0
0,0.59529865,1
0,0.22864841,0
0,0.31110564,0
1,0.46455258,0
1,0.34993657,0
0,0.18806043,0
1,0.26000485,0
1,0.5406743,1
1,0.74222165,1
0,0.83367926,1
0,0.8251836,1
0,0.7775459,1
1,0.88908494,1
1,0.8096548,1
1,0.15749148,0
0,0.35005727,0
0,0.24067953,0
1,0.6241179,1
0,0.76490784,1
1,0.7387943,1
1,0.6645092,1
1,0.69585854,1
0,0.6934146,1
0,0.76257163,1
0,0.6939356,1
0,0.7439604,1
0,0.7083061,1
1,0.7758918,1
1,0.7287213,1
1,0.7807727,1
1,0.7170698,1
1,0.77990866,1
1,0.79843515,1
1,0.7063394,1
1,0.78416455,1
1,0.7089881,1
1,0.7757364,1
1,0.7221428,1
1,0.7717181,1
0,0.69691634,1
1,0.6244423,1
1,0.7064517,1
1,0.7716483,1
1,0.7718943,1
1,0.76890576,1
1,0.7339275,1
1,0.61355996,1
1,0.71934825,1
1,0.79577833,1
1,0.7705507,1
1,0.75581855,1
0,0.8042057,1
1,0.724407,1
0,0.71167165,1
1,0.77843255,1
0,0.7740256,1
1,0.8491148,1
1,0.8548579,1
1,0.84000784,1
1,0.8096674,1
1,0.7401485,1
1,0.7336925,1
1,0.80990744,1
1,0.7865364,1
0,0.8106985,1
0,0.7833334,1
1,0.3563478,0
0,0.07672977,0
0,0.05168816,0
0,0.38908,0
0,0.084660225,0
0,0.40416735,0
1,0.4574895,0
1,0.75317305,1
1,0.44033116,0
1,0.8120423,1
1,0.8371614,1
1,0.8281464,1
1,0.8322421,1
0,0.80292606,1
1,0.708266,1
1,0.8349631,1
0,0.68953586,1
0,0.7723309,1
1,0.76349765,1
1,0.7621748,1
0,0.73910695,1
0,0.79745305,1
1,0.7734922,1
1,0.8593016,1
0,0.8789115,1
0,0.80995154,1
1,0.8055411,1
1,0.7333389,1
1,0.8438062,1
1,0.8484659,1
0,0.79183066,1
1,0.862807,1
1,0.8909233,1
1,0.81973684,1
1,0.85862803,1
1,0.89902526,1
1,0.78135437,1
1,0.7880375,1
0,0.83274853,1
1,0.8490365,1
1,0.7918389,1
1,0.8084875,1
1,0.8094272,1
0,0.75525856,1
1,0.76195484,1
1,0.819305,1
1,0.80047804,1
1,0.71511704,1
1,0.7400899,1
1,0.8067889,1
0,0.7736928,1
1,0.77158386,1
1,0.7478603,1
0,0.759858,1
1,0.7092578,1
1,0.7494997,1
0,0.7559972,1
1,0.7774154,1
1,0.7607154,1
0,0.659706,1
1,0.73346263,1
0,0.7630026,1
1,0.77604294,1
1,0.74309057,1
1,0.7909583,1
1,0.79102623,1
1,0.74008286,1
0,0.2537344,0
1,0.86855614,1
0,0.8738086,1
0,0.6712214,1
1,0.22162725,0
1,0.79667896,1
1,0.7176834,1
1,0.79337865,1
0,0.7613735,1
1,0.73825365,1
0,0.55791426,1
0,0.67464185,1
1,0.8189774,1
1,0.60436267,1
1,0.7808543,1
1,0.42592317,0
0,0.25902814,0
0,0.5312187,1
0,0.67437637,1
0,0.59069276,1
1,0.5916399,1
1,0.50154084,1
0,0.22456455,0
0,0.2407784,0
0,0.2654041,0
0,0.16263708,0
0,0.36497235,0
0,0.2605649,0
0,0.4330552,0
1,0.5396472,1
0,0.40391836,0
0,0.27389586,0
0,0.13089737,0
0,0.23249339,0
0,0.2846968,0
1,0.7427913,1
1,0.84225625,1
1,0.7621092,1
0,0.886491,1
0,0.8761967,1
0,0.8517888,1
1,0.8225552,1
1,0.8143592,1
1,0.8230856,1
0,0.7215708,1
1,0.87505096,1
1,0.7384053,1
1,0.8116464,1
1,0.8295071,1
1,0.7932738,1
1,0.77106017,1
1,0.8209985,1
1,0.83713937,1
1,0.86225444,1
1,0.8072979,1
1,0.7447931,1
1,0.46017513,0
0,0.5874476,1
0,0.29472542,0
1,0.7225755,1
1,0.6273209,1
1,0.67234373,1
1,0.85292625,1
1,0.8045671,1
1,0.7845332,1
1,0.7907903,1
1,0.8041553,1
1,0.8527302,1
1,0.8093112,1
1,0.73337764,1
1,0.84606004,1
1,0.76105297,1
0,0.7762822,1
1,0.87133664,1
1,0.82832706,1
1,0.78209215,1
1,0.78734964,1
1,0.8131998,1
1,0.8013223,1
1,0.3589138,0
1,0.8315715,1
1,0.8682121,1
1,0.8789661,1
1,0.5501114,1
0,0.40834433,0
0,0.59647214,1
1,0.22107081,0
1,0.5706273,1
0,0.30974513,0
0,0.36864483,0
0,0.4033099,0
1,0.37840924,0
1,0.77289486,1
0,0.27442494,0
0,0.42647925,0
0,0.48763743,0
0,0.6378198,1
1,0.6773209,1
1,0.5809662,1
1,0.69924694,1
1,0.79995406,1
0,0.66613054,1
1,0.7219771,1
1,0.7721887,1
0,0.5696125,1
1,0.73767036,1
1,0.5345582,1
0,0.6541204,1
0,0.5465908,1
1,0.72108924,1
0,0.606955,1
1,0.4274212,0
1,0.7941134,1
1,0.7251578,1
0,0.65379846,1
0,0.8182733,1
0,0.8243666,1
1,0.78664196,1
0,0.70969397,1
1,0.8292161,1
1,0.72415495,1
1,0.7936841,1
1,0.8101449,1
1,0.8350601,1
1,0.82028127,1
1,0.74618,1
1,0.7094846,1
1,0.67913216,1
1,0.6646135,1
1,0.6260528,1
0,0.7885755,1
1,0.83374196,1
1,0.75270563,1
1,0.8040574,1
1,0.6451567,1
1,0.7692461,1
1,0.76326776,1
0,0.7940606,1
1,0.74561197,1
1,0.9002125,1
1,0.8182442,1
1,0.8225113,1
1,0.8520573,1
1,0.8164623,1
1,0.6109277,1
1,0.64195037,1
1,0.8476869,1
0,0.26066977,0
1,0.42688787,0
0,0.28237182,0
0,0.126859,0
1,0.57434064,1
1,0.7853233,1
0,0.67102194,1
1,0.73974466,1
1,0.768028,1
1,0.8609736,1
1,0.83796805,1
1,0.850568,1
1,0.82220256,1
1,0.860927,1
1,0.85875225,1
1,0.8554469,1
1,0.90177476,1
1,0.45554066,0
0,0.6034118,1
1,0.83046407,1
1,0.8711583,1
0,0.8609721,1
1,0.8792148,1
1,0.8474131,1
0,0.8386842,1
1,0.8677162,1
1,0.6851187,1
1,0.7406606,1
0,0.8053177,1
1,0.80109173,1
0,0.8491169,1
1,0.8917453,1
0,0.8251617,1
0,0.79257506,1
0,0.79351175,1
0,0.22679451,0
0,0.10009396,0
0,0.29094183,0
1,0.263095,0
1,0.60126454,1
1,0.2163566,0
1,0.88112724,1
1,0.8195084,1
1,0.7620461,1
1,0.4087967,0
1,0.43051177,0
1,0.717175,1
1,0.67836857,1
1,0.7381131,1
0,0.24097042,0
0,0.44223687,0
1,0.3459507,0
1,0.18928996,0
1,0.5364658,1
1,0.24447218,0
1,0.35087615,0
0,0.29765907,0
1,0.7367567,1
0,0.6417451,1
1,0.7976668,1
1,0.67701894,1
1,0.7758725,1
1,0.71542245,1
1,0.6122457,1
1,0.6821007,1
1,0.80263007,1
1,0.82575375,1
1,0.75688964,1
1,0.80386895,1
1,0.7428067,1
1,0.6835731,1
0,0.62549245,1
0,0.612971,1
1,0.7246002,1
1,0.74590904,1
1,0.76681614,1
1,0.701942,1
1,0.28204063,0
0,0.39755487,0
0,0.44515973,0
1,0.7150761,1
0,0.7062929,1
0,0.7826515,1
1,0.8692154,1
1,0.899046,1
1,0.87379825,1
1,0.89798415,1
1,0.81080854,1
1,0.7885092,1
1,0.70760316,1
1,0.7729222,1
1,0.7674715,1
1,0.7540667,1
1,0.7416327,1
1,0.8512396,1
1,0.81182814,1
1,0.8815266,1
1,0.8256821,1
1,0.8518557,1
1,0.7112719,1
0,0.7162096,1
1,0.8577465,1
1,0.8580225,1
1,0.7839862,1
1,0.8059893,1
1,0.8334594,1
1,0.81437796,1
1,0.82862955,1
1,0.820151,1
1,0.78783405,1
0,0.08077759,0
0,0.2738856,0
0,0.19447434,0
0,0.11554533,0
1,0.124779925,0
0,0.2038873,0
0,0.24543767,0
0,0.16098887,0
0,0.1499216,0
0,0.15806039,0
0,0.2805832,0
0,0.169816,0
0,0.18679582,0
0,0.15407091,0
0,0.13230443,0
0,0.08988678,0
1,0.5914601,1
1,0.28457028,0
1,0.27008465,0
0,0.18967378,0
1,0.85011387,1
1,0.86933637,1
1,0.7107271,1
0,0.21601662,0
1,0.40084815,0
0,0.36812472,0
0,0.35565135,0
1,0.6305337,1
0,0.35907602,0
1,0.7241123,1
1,0.74958384,1
1,0.7558887,1
1,0.81579345,1
1,0.81817746,1
1,0.7443037,1
1,0.7476667,1
1,0.70750445,1
0,0.7581763,1
1,0.5995548,1
1,0.3358608,0
1,0.52273345,1
0,0.44451073,0
1,0.17788638,0
0,0.074821405,0
0,0.30346256,0
1,0.4069046,0
1,0.2634037,0
1,0.5389023,1
1,0.34743845,0
1,0.7792405,1
1,0.8450467,1
1,0.8591818,1
1,0.84941506,1
1,0.8338768,1
1,0.78082615,1
1,0.8072843,1
0,0.8222963,1
1,0.90935963,1
1,0.8685325,1
1,0.8331781,1
1,0.84143186,1
1,0.8520884,1
1,0.8411828,1
0,0.05855726,0
0,0.6947333,1
0,0.73700106,1
1,0.7747866,1
0,0.78304774,1
0,0.66944695,1
0,0.89230907,1
0,0.91072285,1
1,0.6602498,1
1,0.7348508,1
1,0.7366519,1
0,0.8060952,1
0,0.8962459,1
0,0.80992657,1
0,0.8691923,1
1,0.86322224,1
1,0.8092011,1
1,0.7759435,1
1,0.8634624,1
1,0.92070556,1
1,0.84073806,1
1,0.84750366,1
1,0.8434191,1
1,0.85929006,1
1,0.82396126,1
1,0.7845741,1
1,0.78678435,1
1,0.8399339,1
1,0.82057637,1
1,0.85920614,1
0,0.8019801,1
1,0.7675198,1
0,0.7611594,1
0,0.75734824,1
1,0.658259,1
0,0.7332384,1
0,0.7922643,1
1,0.80309665,1
0,0.76729274,1
1,0.7455819,1
0,0.7518303,1
0,0.81859416,1
1,0.73732024,1
0,0.78450406,1
0,0.7210799,1
1,0.7249961,1
1,0.7116176,1
1,0.80787516,1
0,0.3943027,0
1,0.3712334,0
1,0.5135961,1
0,0.33220363,0
1,0.48010206,0
0,0.30323628,0
0,0.36433885,0
1,0.32045525,0
0,0.23075376,0
0,0.19970068,0
1,0.3145592,0
0,0.28438434,0
1,0.41954607,0
1,0.6967787,1
1,0.16749519,0
1,0.2982635,0
0,0.7499557,1
1,0.85904306,1
1,0.90486443,1
1,0.93476593,1
1,0.90751344,1
1,0.82773226,1
1,0.63789886,1
0,0.78704286,1
1,0.25548777,0
1,0.68495816,1
1,0.71792156,1
0,0.8046592,1
1,0.7408836,1
1,0.81346494,1
0,0.834555,1
0,0.7586194,1
0,0.79529756,1
0,0.7674741,1
1,0.7686231,1
1,0.8281604,1
0,0.72915417,1
1,0.7956877,1
1,0.81260055,1
1,0.7872715,1
1,0.83705276,1
1,0.7756784,1
1,0.8152946,1
0,0.7821393,1
1,0.781502,1
1,0.8312445,1
1,0.8407289,1
0,0.67928994,1
1,0.6086873,1
0,0.6777422,1
1,0.35047895,0
0,0.31571192,0
0,0.2712188,0
0,0.52166075,1
1,0.6460828,1
0,0.46719584,0
0,0.4512406,0
0,0.64280945,1
1,0.8264329,1
0,0.39607358,0
1,0.7415614,1
1,0.76926816,1
1,0.77314675,1
0,0.6024119,1
1,0.6895175,1
1,0.6835607,1
1,0.7081636,1
1,0.7982325,1
1,0.76261723,1
1,0.8538657,1
0,0.7159189,1
0,0.83526266,1
1,0.7615725,1
1,0.7846599,1
1,0.66624516,1
1,0.7644014,1
1,0.80399275,1
1,0.79989344,1
1,0.807745,1
1,0.8138272,1
0,0.19647217,0
1,0.73662275,1
0,0.31233466,0
0,0.48022392,0
0,0.1734938,0
0,0.19028886,0
0,0.07508677,0
0,0.20407894,0
1,0.09334252,0
0,0.13065438,0
1,0.7948845,1
1,0.8313448,1
1,0.81930506,1
1,0.63242644,1
0,0.67257625,1
1,0.80237263,1
1,0.6145329,1
1,0.67750305,1
0,0.61341244,1
1,0.6220407,1
1,0.7976683,1
1,0.822665,1
0,0.28258583,0
0,0.354667,0
0,0.21801011,0
0,0.34744743,0
0,0.13945694,0
0,0.034418177,0
0,0.113107756,0
0,0.081854366,0
0,0.06203135,0
0,0.08797474,0
0,0.34322548,0
0,0.31237563,0
0,0.4884943,0
0,0.33114198,0
0,0.41922775,0
1,0.6961093,1
1,0.8597575,1
0,0.33959484,0
0,0.6599944,1
0,0.73402894,1
1,0.49676475,0
1,0.7909754,1
1,0.762134,1
0,0.79804707,1
1,0.75649786,1
1,0.80019635,1
0,0.7853117,1
0,0.7829559,1
0,0.7651149,1
1,0.8341606,1
1,0.7475418,1
1,0.72210634,1
1,0.75236493,1
1,0.7108799,1
0,0.7664597,1
0,0.74746215,1
1,0.8810931,1
1,0.8331418,1
1,0.75825053,1
1,0.7824408,1
1,0.8471035,1
1,0.86231816,1
1,0.86336195,1
0,0.5272037,1
1,0.855908,1
0,0.84719026,1
1,0.83259624,1
1,0.7221207,1
1,0.7769833,1
0,0.65922487,1
1,0.7697526,1
0,0.65753573,1
1,0.5050581,1
0,0.6639679,1
0,0.772889,1
1,0.6227399,1
1,0.33916697,0
1,0.55537504,1
1,0.7715767,1
1,0.77970594,1
1,0.8085971,1
1,0.7860821,1
0,0.7862152,1
1,0.71254843,1
1,0.841947,1
1,0.776137,1
1,0.7936517,1
1,0.81879956,1
0,0.78730774,1
1,0.7971806,1
1,0.83989805,1
1,0.73416454,1
1,0.8717358,1
0,0.8626811,1
1,0.73323184,1
0,0.57391876,1
1,0.8539301,1
1,0.69747114,1
0,0.3655314,0
0,0.7358568,1
1,0.6557645,1
1,0.7214232,1
1,0.8057448,1
1,0.8954744,1
1,0.87838066,1
1,0.8223387,1
1,0.7501216,1
1,0.6116395,1
0,0.67354184,1
1,0.29350463,0
1,0.7859033,1
1,0.8443613,1
1,0.49338,0
1,0.6251464,1
1,0.72374564,1
0,0.5678737,1
1,0.6527114,1
1,0.44637597,0
0,0.67776304,1
0,0.6155335,1
0,0.5573744,1
0,0.56581867,1
0,0.55285525,1
1,0.55112976,1
0,0.27575886,0
0,0.39453274,0
1,0.874859,1
1,0.6327182,1
1,0.8282358,1
1,0.16062453,0
1,0.7687744,1
1,0.8007528,1
1,0.71245444,1
1,0.50706476,1
0,0.7528514,1
1,0.34709054,0
1,0.76051885,1
1,0.84553087,1
1,0.49175024,0
1,0.8789368,1
1,0.8607917,1
1,0.8892819,1
1,0.82825696,1
1,0.6913915,1
1,0.81770897,1
0,0.78649205,1
0,0.6789391,1
0,0.3742066,0
1,0.80950725,1
1,0.7611131,1
1,0.76894784,1
1,0.8151461,1
1,0.83389294,1
1,0.81012964,1
1,0.83112353,1
1,0.69390464,1
1,0.69439876,1
1,0.8410624,1
1,0.79800314,1
1,0.5949913,1
1,0.8117076,1
0,0.8340565,1
1,0.80728537,1
1,0.7665992,1
1,0.8110208,1
0,0.7634386,1
1,0.80439734,1
1,0.7666217,1
1,0.7906847,1
0,0.65028614,1
0,0.58482546,1
1,0.5972153,1
0,0.38607535,0
1,0.6287526,1
1,0.8523135,1
1,0.59056157,1
0,0.46588904,0
1,0.64848155,1
1,0.7136548,1
1,0.69490397,1
0,0.7300882,1
0,0.7682821,1
1,0.60458857,1
0,0.56782866,1
0,0.6686945,1
0,0.1458033,0
0,0.26208705,0
0,0.17047717,0
0,0.04972991,0
1,0.28237182,0
1,0.42744228,0
0,0.18020022,0
0,0.35336846,0
0,0.1683306,0
0,0.21843295,0
0,0.15698928,0
0,0.87256473,1
1,0.83097446,1
0,0.31740466,0
1,0.50776815,1
0,0.26609206,0
1,0.6825591,1
1,0.55987334,1
1,0.57654184,1
1,0.5831343,1
1,0.88445246,1
1,0.8805712,1
1,0.5794209,1
0,0.24937168,0
1,0.8600255,1
0,0.7893291,1
1,0.8389496,1
1,0.8733862,1
1,0.8061756,1
1,0.88058853,1
0,0.6998509,1
1,0.69748676,1
1,0.63002926,1
1,0.6844219,1
1,0.7090198,1
1,0.6576595,1
1,0.7014956,1
1,0.6938019,1
1,0.6928608,1
0,0.37796357,0
1,0.6268181,1
1,0.8782531,1
1,0.7968841,1
1,0.83854467,1
1,0.7851375,1
1,0.8441211,1
1,0.931858,1
1,0.8847059,1
1,0.87760365,1
1,0.8355738,1
1,0.8331331,1
1,0.80399776,1
0,0.8029713,1
1,0.89397794,1
1,0.70069903,1
1,0.8084683,1
1,0.7904597,1
1,0.7796439,1
0,0.7282673,1
0,0.7419192,1
1,0.8065318,1
1,0.8026552,1
1,0.74924564,1
1,0.7823287,1
1,0.79078144,1
1,0.7725269,1
1,0.7847716,1
1,0.80028963,1
0,0.8633362,1
0,0.7731294,1
1,0.6496204,1
1,0.72318447,1
1,0.6581849,1
1,0.73583794,1
1,0.6591058,1
0,0.7534378,1
0,0.39285377,0
1,0.66563636,1
1,0.3195981,0
1,0.49992216,0
1,0.5435787,1
0,0.45853534,0
1,0.32475773,0
1,0.44406453,0
1,0.41796726,0
0,0.27258903,0
0,0.2557342,0
1,0.58046687,1
1,0.25962326,0
1,0.2868203,0
1,0.28151935,0
0,0.042854875,0
0,0.30603537,0
0,0.29461703,0
0,0.21514486,0
0,0.34654748,0
0,0.09558409,0
0,0.17839868,0
0,0.24301377,0
0,0.047606766,0
0,0.07767569,0
0,0.12716547,0
1,0.72716427,1
1,0.6138327,1
1,0.22294621,0
0,0.6666313,1
0,0.66732395,1
1,0.6436268,1
1,0.7976285,1
1,0.7967972,1
1,0.72302777,1
0,0.7905862,1
1,0.8329503,1
1,0.78253555,1
1,0.7968755,1
0,0.7753728,1
0,0.7335924,1
1,0.82288677,1
1,0.861854,1
1,0.80861914,1
1,0.8508215,1
0,0.23581247,0
1,0.78872526,1
0,0.031414326,0
0,0.38259605,0
1,0.46359444,0
1,0.36189827,0
1,0.51698554,1
1,0.26587614,0
0,0.5219829,1
0,0.53060365,1
1,0.6442619,1
0,0.60693794,1
1,0.793123,1
1,0.74795455,1
1,0.7783688,1
1,0.83080894,1
1,0.7566898,1
0,0.77916116,1
0,0.7077003,1
1,0.49375436,0
1,0.6162234,1
0,0.1413413,0
0,0.6096986,1
0,0.26653013,0
0,0.11125092,0
0,0.68389374,1
0,0.37257835,0
0,0.5349871,1
1,0.30202395,0
0,0.21018063,0
0,0.23802936,0
0,0.35498592,0
0,0.46695,0
1,0.20657171,0
0,0.101892486,0
0,0.35612154,0
0,0.10878321,0
0,0.1685598,0
0,0.33835194,0
0,0.30013666,0
0,0.2440407,0
0,0.15630302,0
0,0.16443211,0
0,0.13326316,0
1,0.32638225,0
0,0.11961165,0
1,0.10765267,0
0,0.16169213,0
0,0.23515867,0
0,0.11516139,0
0,0.29432765,0
0,0.4309784,0
1,0.30083543,0
1,0.24300651,0
0,0.3335169,0
0,0.36976936,0
1,0.50781626,1
1,0.784072,1
0,0.85441846,1
0,0.678693,1
0,0.5163732,1
1,0.7222002,1
0,0.80014056,1
0,0.5932576,1
1,0.6773667,1
1,0.728505,1
1,0.7593845,1
1,0.83162457,1
0,0.83395547,1
1,0.8016187,1
1,0.8161593,1
1,0.82134366,1
1,0.7630137,1
0,0.8151263,1
0,0.7806524,1
0,0.7362519,1
1,0.75072324,1
1,0.8118125,1
0,0.79395974,1
0,0.70712966,1
1,0.8210987,1
0,0.7774867,1
1,0.7822223,1
1,0.80201554,1
0,0.81039137,1
1,0.80597436,1
1,0.8287001,1
1,0.8516609,1
1,0.8234577,1
1,0.85465354,1
1,0.86807525,1
1,0.8316506,1
0,0.8892001,1
1,0.76636666,1
1,0.57831603,1
1,0.71502024,1
0,0.74749213,1
1,0.7158656,1
1,0.8154938,1
1,0.78056353,1
1,0.77875435,1
0,0.7753383,1
1,0.74809635,1
0,0.82956177,1
1,0.7568675,1
1,0.7475553,1
1,0.70391923,1
1,0.5602597,1
1,0.61521167,1
1,0.644437,1
1,0.7009411,1
1,0.672806,1
1,0.6904131,1
1,0.73100305,1
1,0.6894856,1
1,0.60331833,1
1,0.74793047,1
1,0.75523525,1
1,0.7560954,1
1,0.78279954,1
1,0.75963277,1
1,0.63068867,1
1,0.7592798,1
1,0.7685311,1
1,0.7434379,1
1,0.7815812,1
1,0.7266762,1
1,0.7369623,1
1,0.74730104,1
1,0.7516986,1
1,0.70778346,1
1,0.74924904,1
1,0.71110296,1
1,0.73640084,1
1,0.7862317,1
1,0.79193294,1
1,0.7494273,1
1,0.7279392,1
1,0.67012715,1
1,0.6183136,1
1,0.6872563,1
0,0.7671648,1
1,0.7519128,1
0,0.68274355,1
1,0.72901845,1
0,0.7108063,1
1,0.8016149,1
1,0.8047014,1
1,0.8047014,1
1,0.803905,1
1,0.6050011,1
1,0.7307607,1
1,0.7718631,1
1,0.68685275,1
1,0.7118853,1
1,0.74315614,1
1,0.76697093,1
0,0.7461153,1
0,0.72062886,1
0,0.7618361,1
1,0.71525836,1
1,0.71011925,1
0,0.7318225,1
0,0.72767675,1
0,0.758973,1
0,0.6923056,1
1,0.7004384,1
1,0.72660047,1
1,0.76375914,1
1,0.75109303,1
1,0.7320919,1
1,0.8152686,1
1,0.7158854,1
1,0.7345963,1
1,0.75648564,1
1,0.7413196,1
1,0.7337355,1
1,0.76105946,1
0,0.6681979,1
1,0.7109432,1
0,0.64730185,1
0,0.6854368,1
1,0.7207193,1
1,0.75342244,1
1,0.7216816,1
1,0.70636415,1
1,0.750287,1
0,0.7240967,1
0,0.7164441,1
0,0.7998477,1
0,0.7237492,1
1,0.6676248,1
1,0.36866075,0
0,0.48103622,0
1,0.5738656,1
0,0.75091624,1
0,0.72736686,1
1,0.77433914,1
1,0.83597434,1
1,0.8005426,1
1,0.85323185,1
1,0.8884694,1
0,0.8740463,1
1,0.72908545,1
1,0.88487685,1
1,0.83953375,1
1,0.84073246,1
1,0.83799154,1
1,0.85553694,1
1,0.83382386,1
1,0.78749263,1
0,0.67542225,1
1,0.70943815,1
1,0.7270294,1
1,0.81435096,1
1,0.72819823,1
1,0.7041798,1
0,0.66013503,1
0,0.7583032,1
1,0.78592145,1
1,0.7614569,1
0,0.7658938,1
0,0.8323794,1
1,0.7779408,1
1,0.81561726,1
1,0.7376734,1
1,0.78904784,1
1,0.7049459,1
1,0.7634987,1
1,0.79184663,1
0,0.7801981,1
1,0.7798618,1
1,0.755506,1
0,0.68657553,1
1,0.8100918,1
1,0.7094847,1
1,0.7495772,1
0,0.73494315,1
1,0.7141843,1
1,0.71962184,1
0,0.8104998,1
0,0.76477337,1
0,0.8198265,1
0,0.7587973,1
1,0.7584832,1
0,0.7063792,1
1,0.71029586,1
1,0.6930664,1
0,0.755036,1
1,0.5360213,1
1,0.85485107,1
1,0.5794932,1
1,0.6847841,1
0,0.711907,1
0,0.8212733,1
0,0.7550964,1
1,0.7189324,1
0,0.71064377,1
0,0.73544896,1
0,0.47880074,0
1,0.63418597,1
1,0.7181366,1
0,0.677986,1
1,0.65112287,1
0,0.61526734,1
1,0.57545274,1
1,0.6601931,1
1,0.4438524,0
0,0.64468575,1
1,0.6486614,1
1,0.7159306,1
0,0.7215128,1
0,0.48355567,0
1,0.672566,1
1,0.62903607,1
1,0.55413467,1
1,0.3494359,0
1,0.47936887,0
0,0.24959864,0
0,0.17340541,0
0,0.38174498,0
0,0.31305584,0
0,0.29649556,0
1,0.433978,0
0,0.28865784,0
0,0.3886392,0
0,0.6357891,1
0,0.45357683,0
0,0.74571353,1
0,0.56471014,1
1,0.6696209,1
1,0.5332825,1
1,0.6628842,1
1,0.70723253,1
1,0.64482415,1
1,0.6439609,1
1,0.78805023,1
1,0.76002795,1
1,0.24815002,0
0,0.3332212,0
0,0.20450726,0
0,0.25244498,0
0,0.25702474,0
0,0.23385946,0
1,0.26517373,0
1,0.34430408,0
1,0.76278144,1
1,0.57825965,1
1,0.5393304,1
1,0.7608631,1
1,0.66793245,1
1,0.5461885,1
1,0.62443525,1
0,0.39312372,0
1,0.5572198,1
0,0.24974735,0
1,0.44548124,0
0,0.20393527,0
0,0.20393854,0
1,0.6808248,1
1,0.18210483,0
1,0.21210504,0
0,0.38518223,0
0,0.6002289,1
0,0.13376705,0
0,0.4720239,0
0,0.06564934,0
0,0.26563233,0
1,0.28978574,0
0,0.057544354,0
0,0.57561487,1
1,0.85281825,1
1,0.8158427,1
1,0.8319179,1
1,0.73298895,1
0,0.66865355,1
1,0.7695316,1
1,0.8024472,1
1,0.7865066,1
1,0.7161722,1
0,0.799701,1
1,0.80309296,1
1,0.843776,1
0,0.8229324,1
1,0.78768957,1
1,0.7141503,1
1,0.7944952,1
1,0.78373915,1
1,0.8058103,1
1,0.82092714,1
1,0.8502441,1
0,0.7089638,1
0,0.41343722,0
1,0.56923765,1
1,0.7897862,1
1,0.8404026,1
0,0.8171673,1
1,0.87486374,1
1,0.79513323,1
1,0.8656625,1
1,0.77805954,1
1,0.81363,1
1,0.7953755,1
1,0.7525544,1
1,0.7899766,1
1,0.8158469,1
0,0.84410626,1
1,0.82541543,1
1,0.8439573,1
1,0.7206975,1
1,0.7459654,1
1,0.87978005,1
1,0.84717906,1
0,0.80319744,1
1,0.7676971,1
1,0.84810406,1
1,0.82432586,1
1,0.88952553,1
1,0.86941695,1
1,0.8482072,1
1,0.7947049,1
0,0.83461,1
1,0.8730306,1
1,0.83283365,1
0,0.8838064,1
1,0.84695125,1
0,0.8633313,1
1,0.7986552,1
1,0.8231622,1
1,0.8041394,1
1,0.7178176,1
1,0.66703016,1
1,0.8287584,1
1,0.8306574,1
1,0.8163005,1
0,0.4954955,0
1,0.73835945,1
1,0.75474566,1
1,0.65806824,1
1,0.7942886,1
1,0.82490087,1
1,0.7952308,1
0,0.7483354,1
1,0.61018556,1
1,0.77488935,1
1,0.7758501,1
0,0.79386616,1
0,0.7851184,1
1,0.7470429,1
1,0.7487838,1
1,0.76863605,1
1,0.7311374,1
0,0.7319991,1
1,0.7484581,1
1,0.73333967,1
1,0.42180458,0
0,0.42822373,0
1,0.9122301,1
1,0.58033746,1
1,0.8465629,1
0,0.8639842,1
1,0.8724398,1
1,0.85690254,1
1,0.8677233,1
0,0.57905364,1
1,0.7738236,1
1,0.8502918,1
0,0.37989834,0
0,0.2915012,0
0,0.51418376,1
0,0.3964689,0
1,0.73431027,1
1,0.62609375,1
0,0.59468377,1
1,0.71821606,1
1,0.8093283,1
1,0.79791456,1
1,0.80470407,1
1,0.82596207,1
1,0.79833126,1
1,0.82850933,1
1,0.79563147,1
1,0.7952587,1
1,0.7887129,1
1,0.81390226,1
1,0.8305349,1
1,0.86872524,1
1,0.8503482,1
1,0.7642905,1
0,0.870532,1
1,0.6030923,1
0,0.60603565,1
0,0.2713058,0
0,0.362244,0
0,0.39600885,0
0,0.6822964,1
1,0.7133562,1
0,0.66054296,1
0,0.6071412,1
1,0.4099514,0
1,0.64753693,1
1,0.5972402,1
1,0.42952,0
1,0.51769286,1
0,0.82743764,1
1,0.8014127,1
1,0.5200627,1
1,0.7530673,1
0,0.2784601,0
1,0.50665635,1
1,0.23671763,0
1,0.62241894,1
1,0.7189513,1
1,0.61993885,1
1,0.7041927,1
1,0.70901954,1
1,0.3814462,0
1,0.7226475,1
0,0.5208539,1
1,0.8454266,1
1,0.8703097,1
1,0.9117414,1
1,0.8215836,1
0,0.6347017,1
1,0.8645439,1
1,0.846503,1
1,0.8386422,1
1,0.82530546,1
1,0.654298,1
1,0.90615934,1
1,0.7844076,1
0,0.3403762,0
0,0.2002885,0
1,0.55342776,1
1,0.8619909,1
1,0.8187886,1
0,0.72115713,1
1,0.74915457,1
0,0.16667016,0
1,0.50546753,1
0,0.26041555,0
0,0.39039314,0
0,0.7812074,1
1,0.7906946,1
1,0.8470965,1
1,0.80488795,1
1,0.7257136,1
1,0.8200353,1
1,0.82409513,1
0,0.66356385,1
1,0.7968258,1
1,0.45752564,0
1,0.7737841,1
0,0.7294062,1
1,0.73210305,1
0,0.70162493,1
1,0.79100597,1
1,0.7849328,1
1,0.8053972,1
1,0.7617891,1
0,0.7668877,1
0,0.7566891,1
1,0.792212,1
0,0.79513097,1
1,0.8099972,1
1,0.8049105,1
0,0.79322505,1
1,0.8403515,1
1,0.84667534,1
1,0.8097701,1
0,0.8109482,1
1,0.8448868,1
1,0.8492104,1
1,0.8147276,1
1,0.8021694,1
1,0.8557332,1
1,0.8644221,1
0,0.8265065,1
1,0.76119965,1
1,0.7890439,1
1,0.83772737,1
1,0.80836546,1
1,0.77834135,1
1,0.85170096,1
1,0.7805664,1
1,0.816601,1
1,0.8718423,1
1,0.8460896,1
1,0.8732374,1
1,0.79605365,1
1,0.8030688,1
1,0.82991886,1
1,0.8943836,1
1,0.814539,1
1,0.8336581,1
1,0.8298108,1
1,0.79441637,1
1,0.84642446,1
1,0.7471189,1
1,0.7703284,1
1,0.6454687,1
1,0.83905196,1
1,0.8721174,1
1,0.8157652,1
1,0.7800684,1
1,0.7884532,1
1,0.8377579,1
0,0.77957594,1
0,0.8696925,1
0,0.8459316,1
0,0.8282201,1
1,0.79112226,1
1,0.80160654,1
1,0.8706996,1
0,0.79680526,1
1,0.8772585,1
1,0.8251374,1
1,0.85520107,1
1,0.8549489,1
1,0.7111393,1
1,0.788662,1
0,0.35591158,0
0,0.37062004,0
1,0.8189865,1
1,0.89130074,1
1,0.8894786,1
1,0.84600675,1
1,0.8473169,1
1,0.85901886,1
1,0.9038028,1
1,0.9029088,1
1,0.9250979,1
0,0.85583544,1
1,0.8086389,1
1,0.8630534,1
1,0.894733,1
0,0.85483503,1
1,0.8471462,1
1,0.6608607,1
1,0.8033245,1
1,0.83563894,1
1,0.86965376,1
1,0.91466224,1
1,0.8758039,1
1,0.85259336,1
1,0.8556728,1
1,0.3700268,0
0,0.17577851,0
0,0.13957751,0
0,0.12405475,0
0,0.25248706,0
0,0.25717217,0
0,0.22898155,0
0,0.19219893,0
1,0.7564296,1
1,0.8207261,1
1,0.88938534,1
0,0.8383928,1
1,0.864652,1
1,0.88531834,1
1,0.8522314,1
1,0.87111485,1
1,0.86962223,1
1,0.8305607,1
1,0.84850234,1
1,0.8550441,1
1,0.86735594,1
1,0.85639006,1
1,0.827236,1
1,0.85727787,1
1,0.79514706,1
1,0.7848386,1
1,0.8268781,1
0,0.8249457,1
1,0.8036192,1
1,0.84461415,1
1,0.7831924,1
1,0.829237,1
0,0.7750322,1
0,0.84611344,1
1,0.8521243,1
1,0.86611044,1
1,0.82024693,1
0,0.8105447,1
1,0.8251321,1
1,0.8249677,1
0,0.8066358,1
1,0.7912427,1
1,0.7303189,1
1,0.7635469,1
1,0.8897977,1
1,0.8245533,1
1,0.82055736,1
1,0.7963452,1
0,0.29755265,0
1,0.86231136,1
1,0.649958,1
1,0.33270392,0
0,0.03957405,0
0,0.033558615,0
1,0.052252967,0
0,0.04594664,0
0,0.25504786,0
0,0.68821436,1
1,0.5512904,1
1,0.73285353,1
1,0.7430176,1
1,0.71922755,1
1,0.76728505,1
1,0.7703805,1
0,0.81804276,1
1,0.7543841,1
0,0.7254641,1
1,0.32605892,0
1,0.40336698,0
1,0.7933167,1
0,0.5790652,1
1,0.86421114,1
1,0.7985368,1
1,0.7310898,1
1,0.85213244,1
1,0.84780437,1
1,0.7701817,1
1,0.81642985,1
1,0.8740617,1
1,0.8691806,1
1,0.8092672,1
0,0.89997524,1
0,0.8120714,1
1,0.896511,1
1,0.89620024,1
1,0.8898163,1
1,0.88952476,1
1,0.7977554,1
0,0.79901177,1
1,0.81395084,1
1,0.86303484,1
1,0.9095657,1
1,0.7831697,1
1,0.773606,1
0,0.34074363,0
0,0.52822644,1
0,0.18317898,0
0,0.6761408,1
1,0.8235962,1
0,0.7547425,1
1,0.8470422,1
1,0.79927737,1
1,0.6725558,1
0,0.7435234,1
1,0.0953654,0
0,0.25987288,0
0,0.18083547,0
0,0.1004776,0
0,0.08102039,0
0,0.14305452,0
0,0.30443564,0
1,0.866995,1
0,0.86817527,1
1,0.8039308,1
1,0.8089209,1
1,0.78416497,1
1,0.8306679,1
1,0.809091,1
1,0.7307635,1
0,0.71687627,1
1,0.4297308,0
1,0.88695836,1
1,0.8956214,1
1,0.6835653,1
1,0.8610331,1
0,0.7774522,1
1,0.75912917,1
1,0.8316764,1
1,0.89448184,1
1,0.86784875,1
1,0.8792119,1
1,0.8983907,1
0,0.8768341,1
1,0.7952651,1
1,0.77642477,1
1,0.8736539,1
1,0.7880221,1
1,0.81299937,1
1,0.7523528,1
1,0.7174428,1
1,0.7527343,1
1,0.79075485,1
0,0.78400373,1
1,0.6649473,1
1,0.78803104,1
1,0.78687114,1
1,0.8010763,1
1,0.8139677,1
1,0.8389791,1
0,0.8416708,1
1,0.8053576,1
1,0.82616985,1
1,0.80512816,1
1,0.7977173,1
1,0.8235809,1
1,0.82596767,1
0,0.7815336,1
1,0.779398,1
1,0.779926,1
0,0.78849965,1
1,0.75760925,1
1,0.78944564,1
1,0.79077756,1
0,0.74155366,1
1,0.7723021,1
1,0.8273833,1
1,0.82295233,1
1,0.7583281,1
1,0.7890233,1
1,0.7629151,1
1,0.80695724,1
1,0.80932057,1
0,0.77730924,1
0,0.8256373,1
0,0.79925346,1
1,0.8039719,1
1,0.7848627,1
1,0.8190371,1
1,0.8060754,1
1,0.8250358,1
1,0.77182317,1
1,0.8146582,1
1,0.76903695,1
1,0.7785314,1
1,0.7231691,1
0,0.7923756,1
1,0.74509716,1
1,0.7442572,1
0,0.7824994,1
0,0.7236266,1
1,0.76043427,1
1,0.77779883,1
1,0.79146653,1
0,0.74875915,1
0,0.73772866,1
1,0.7066169,1
0,0.6986513,1
0,0.7683253,1
1,0.80668783,1
1,0.80342084,1
1,0.7596737,1
0,0.7477158,1
1,0.8150153,1
0,0.77614313,1
1,0.7966365,1
1,0.7832019,1
0,0.7609734,1
0,0.8185708,1
0,0.8283251,1
1,0.7898717,1
1,0.83576113,1
1,0.8065165,1
0,0.41357893,0
1,0.87939453,1
1,0.85469705,1
1,0.65638024,1
0,0.102241576,0
0,0.35422173,0
0,0.19673143,0
0,0.13874327,0
0,0.26605636,0
0,0.880377,1
0,0.9362788,1
1,0.93246925,1
0,0.36458683,0
0,0.35132614,0
0,0.5417257,1
0,0.24701123,0
0,0.20174801,0
0,0.21945937,0
1,0.61211485,1
0,0.49197578,0
0,0.26880616,0
0,0.36265585,0
0,0.44661772,0
1,0.2421589,0
0,0.27040493,0
1,0.80671895,1
1,0.56286,1
0,0.57245195,1
1,0.69963384,1
1,0.8287069,1
1,0.84341866,1
1,0.8765007,1
1,0.8224811,1
1,0.78209263,1
0,0.59967804,1
1,0.8089507,1
0,0.25016442,0
1,0.70176744,1
1,0.87162435,1
1,0.67937565,1
0,0.45805737,0
1,0.49899352,0
1,0.7040155,1
1,0.67510134,1
0,0.5575095,1
1,0.45057243,0
0,0.34994847,0
0,0.6920741,1
1,0.34782723,0
0,0.3953551,0
0,0.34578738,0
0,0.59922314,1
1,0.7866535,1
1,0.7111556,1
1,0.7811987,1
1,0.59166396,1
1,0.53784764,1
1,0.46795166,0
0,0.5867728,1
0,0.5181593,1
0,0.56417155,1
1,0.67290914,1
1,0.7757346,1
1,0.63712674,1
1,0.67889893,1
1,0.7930441,1
1,0.815564,1
0,0.16826192,0
1,0.6364035,1
1,0.7258054,1
0,0.8356697,1
1,0.85241556,1
1,0.86220235,1
1,0.896668,1
1,0.82212764,1
0,0.717788,1
1,0.70095026,1
1,0.7083006,1
1,0.67476636,1
1,0.7140468,1
1,0.72725207,1
1,0.7144965,1
1,0.5784994,1
0,0.5059409,1
1,0.72280705,1
1,0.5719044,1
1,0.6773453,1
1,0.6150038,1
1,0.42167687,0
0,0.6619799,1
0,0.6000192,1
0,0.5988872,1
1,0.73252946,1
1,0.7067174,1
0,0.6037111,1
1,0.83645546,1
1,0.8315385,1
1,0.8287707,1
1,0.83158994,1
1,0.76518893,1
1,0.85256284,1
1,0.87982565,1
0,0.86516887,1
1,0.7666776,1
0,0.80226326,1
1,0.6086691,1
1,0.8335384,1
1,0.66319513,1
1,0.5739875,1
0,0.40852776,0
0,0.65033334,1
0,0.7327162,1
1,0.6993649,1
1,0.8143864,1
0,0.9160931,1
1,0.8179963,1
1,0.9041683,1
1,0.90508115,1
0,0.8878766,1
0,0.90918905,1
0,0.84809625,1
1,0.89989114,1
1,0.84028935,1
1,0.86630386,1
1,0.8817476,1
0,0.85143584,1
1,0.79117,1
1,0.8681431,1
1,0.7900504,1
1,0.8969282,1
1,0.8532033,1
0,0.83746815,1
1,0.88922083,1
0,0.8611871,1
1,0.79626644,1
1,0.84775937,1
1,0.87732667,1
1,0.8839537,1
1,0.8432915,1
1,0.8009306,1
1,0.8346109,1
1,0.82096064,1
1,0.7089836,1
0,0.82931787,1
0,0.78478575,1
0,0.823625,1
0,0.8012726,1
0,0.7473853,1
1,0.80258906,1
1,0.7082024,1
0,0.78832763,1
0,0.80824214,1
0,0.75910485,1
0,0.74505985,1
0,0.7746384,1
0,0.84776956,1
1,0.8570915,1
1,0.8286868,1
0,0.56003296,1
0,0.7645131,1
1,0.83073807,1
0,0.82674885,1
1,0.61233443,1
1,0.7462702,1
1,0.78418916,1
0,0.81328607,1
0,0.77819693,1
0,0.8030415,1
1,0.79800797,1
1,0.8193431,1
1,0.8492514,1
1,0.82149434,1
1,0.78792006,1
1,0.79900193,1
1,0.78463763,1
1,0.8205969,1
0,0.80661166,1
1,0.84976697,1
1,0.87755346,1
1,0.86742544,1
1,0.9028528,1
0,0.8417204,1
0,0.80003583,1
1,0.82379097,1
0,0.73568684,1
1,0.788787,1
1,0.778186,1
1,0.8116156,1
1,0.88815415,1
1,0.64848846,1
0,0.8249497,1
1,0.80009264,1
1,0.38307437,0
1,0.32287705,0
0,0.07744939,0
1,0.69970137,1
1,0.78793114,1
1,0.9021378,1
1,0.8657906,1
1,0.91445434,1
1,0.18228437,0
1,0.78455734,1
1,0.8445541,1
1,0.8372002,1
1,0.7672438,1
0,0.66725105,1
1,0.68893385,1
0,0.6078133,1
0,0.63548595,1
0,0.13289191,0
0,0.052259617,0
0,0.12096041,0
1,0.21648817,0
0,0.11044587,0
0,0.22784664,0
1,0.3674853,0
0,0.14438991,0
1,0.79159117,1
0,0.33190757,0
1,0.40068915,0
1,0.025293171,0
0,0.13447493,0
0,0.2463614,0
1,0.29272833,0
1,0.310621,0
1,0.74121624,1
0,0.8116994,1
1,0.4354423,0
1,0.34684488,0
1,0.75265837,1
1,0.64116675,1
1,0.80847186,1
0,0.3609461,0
1,0.7259003,1
0,0.70027304,1
0,0.7208539,1
1,0.6262952,1
1,0.7811278,1
1,0.49244156,0
0,0.39598867,0
0,0.41093296,0
1,0.59482265,1
1,0.6564944,1
1,0.43621218,0
1,0.4076533,0
1,0.31941462,0
1,0.293935,0
0,0.47507757,0
0,0.37856698,0
1,0.8255013,1
1,0.74548745,1
1,0.7623447,1
1,0.8140735,1
1,0.76976025,1
1,0.76061654,1
1,0.86888784,1
1,0.7927989,1
1,0.87980425,1
1,0.855065,1
1,0.8745839,1
1,0.8581685,1
1,0.86091316,1
1,0.796603,1
1,0.8910032,1
1,0.8333768,1
1,0.80627495,1
1,0.85181236,1
0,0.87968504,1
1,0.83581626,1
1,0.8552463,1
0,0.8320159,1
1,0.7941972,1
0,0.7331009,1
0,0.8590466,1
0,0.8642276,1
0,0.24063104,0
0,0.4746407,0
0,0.31380862,0
0,0.31650642,0
0,0.24487682,0
1,0.6795427,1
1,0.5907311,1
1,0.71936095,1
1,0.5389949,1
1,0.66591156,1
1,0.7386754,1
1,0.7115,1
0,0.7790458,1
1,0.763111,1
1,0.7995927,1
0,0.33230934,0
0,0.24989788,0
1,0.8940188,1
1,0.87725693,1
0,0.2823886,0
0,0.2719492,0
0,0.3645046,0
0,0.4339153,0
0,0.44381493,0
0,0.43008137,0
0,0.24894807,0
0,0.26224205,0
0,0.21022238,0
0,0.4348153,0
0,0.3214566,0
0,0.44375068,0
0,0.30704197,0
0,0.29924548,0
0,0.75603366,1
1,0.51642585,1
0,0.5666642,1
0,0.8132674,1
0,0.74045885,1
0,0.7552975,1
0,0.73010635,1
1,0.81161726,1
0,0.7832747,1
1,0.81973636,1
0,0.7332895,1
0,0.80775577,1
0,0.7787081,1
1,0.80149716,1
1,0.802543,1
1,0.7893572,1
0,0.83141136,1
1,0.79286075,1
1,0.79953426,1
1,0.85868746,1
1,0.7989204,1
1,0.8345283,1
1,0.79563665,1
1,0.7828365,1
1,0.744919,1
1,0.85854506,1
0,0.65469694,1
0,0.74947613,1
0,0.85223615,1
1,0.8066803,1
1,0.79205406,1
1,0.8145171,1
1,0.81354713,1
1,0.8624276,1
1,0.84702843,1
1,0.8393207,1
0,0.7832348,1
1,0.8587435,1
1,0.7937751,1
0,0.8038358,1
1,0.7669053,1
1,0.7627419,1
1,0.78676367,1
0,0.80197835,1
1,0.78523725,1
1,0.77242166,1
1,0.798268,1
1,0.76793087,1
1,0.80986905,1
1,0.766953,1
1,0.74463964,1
1,0.7641511,1
1,0.8271837,1
0,0.6784653,1
1,0.82630616,1
1,0.72371906,1
1,0.78458375,1
0,0.5253566,1
1,0.70892817,1
1,0.72277105,1
1,0.72119486,1
1,0.7018877,1
1,0.71151835,1
0,0.60378873,1
1,0.7896678,1
1,0.42700243,0
1,0.3731967,0
0,0.25187427,0
0,0.17184858,0
0,0.14796367,0
0,0.50942343,1
0,0.19380532,0
0,0.10581314,0
0,0.15623827,0
0,0.15912749,0
1,0.71847975,1
0,0.30818656,0
0,0.49134123,0
0,0.43740112,0
1,0.62584186,1
1,0.5727148,1
1,0.54886806,1
1,0.6302836,1
1,0.5966798,1
1,0.7936023,1
1,0.7335363,1
0,0.7403244,1
1,0.5790153,1
1,0.74713784,1
0,0.4920402,0
1,0.6770144,1
0,0.69441694,1
1,0.8220555,1
0,0.70600194,1
0,0.51927847,1
0,0.7659732,1
0,0.3764136,0
1,0.77206427,1
0,0.68320966,1
1,0.6189576,1
0,0.78408015,1
1,0.40823472,0
0,0.70056975,1
0,0.6522715,1
1,0.7666998,1
1,0.6775441,1
1,0.7705141,1
1,0.677624,1
1,0.7717232,1
1,0.7525092,1
1,0.7649775,1
0,0.78707856,1
0,0.77916086,1
0,0.7799907,1
1,0.7945321,1
1,0.36343288,0
1,0.7096913,1
1,0.77594584,1
1,0.80484116,1
1,0.32832453,0
0,0.2700134,0
0,0.37732083,0
0,0.2290013,0
0,0.37012663,0
1,0.78544885,1
0,0.5769492,1
1,0.8592671,1
1,0.774984,1
1,0.80054206,1
1,0.7338876,1
1,0.7240259,1
0,0.5777071,1
1,0.7878525,1
1,0.7121169,1
0,0.74719894,1
1,0.78038305,1
1,0.76854295,1
1,0.50141627,1
1,0.87290996,1
0,0.80615926,1
1,0.8309654,1
0,0.78976864,1
1,0.8696779,1
1,0.8812683,1
1,0.76145625,1
1,0.879189,1
1,0.79713273,1
0,0.8886447,1
1,0.8804667,1
0,0.8251496,1
1,0.8479856,1
0,0.79739016,1
0,0.7963795,1
1,0.8392272,1
0,0.9069695,1
0,0.55626506,1
0,0.9035465,1
1,0.8682723,1
1,0.8355551,1
1,0.72623837,1
0,0.7859494,1
1,0.8861884,1
1,0.84881246,1
1,0.8420533,1
1,0.7962958,1
0,0.7908712,1
0,0.42394096,0
0,0.84856987,1
1,0.8126603,1
1,0.7873806,1
1,0.8483474,1
0,0.81503385,1
1,0.6451254,1
1,0.7978831,1
1,0.8691364,1
1,0.73819625,1
1,0.8435837,1
1,0.9009135,1
1,0.85608035,1
1,0.89109105,1
1,0.84972936,1
1,0.5141029,1
1,0.39016324,0
1,0.80963796,1
1,0.8147728,1
1,0.85174257,1
1,0.80889946,1
1,0.76920575,1
1,0.79861474,1
1,0.7721046,1
0,0.493279,0
1,0.5037149,1
0,0.26271868,0
0,0.2094164,0
1,0.7591086,1
1,0.8184596,1
1,0.8172993,1
1,0.8098311,1
1,0.8457233,1
1,0.7978449,1
1,0.7127055,1
1,0.80832326,1
1,0.86096275,1
1,0.8284626,1
1,0.8116932,1
1,0.83611757,1
1,0.81320274,1
0,0.7053715,1
1,0.653418,1
1,0.8765006,1
1,0.7515895,1
1,0.65397114,1
1,0.7307217,1
1,0.61186,1
0,0.25869164,0
0,0.1335647,0
1,0.741545,1
1,0.79117596,1
1,0.19550441,0
0,0.035572156,0
1,0.228799,0
0,0.39794073,0
1,0.7189229,1
0,0.31253186,0
0,0.03877912,0
1,0.7407069,1
1,0.8697901,1
1,0.7652151,1
1,0.8754696,1
0,0.85393447,1
1,0.82411045,1
1,0.06254526,0
1,0.47319734,0
1,0.5529385,1
0,0.78739095,1
1,0.6825727,1
1,0.784838,1
1,0.5604163,1
1,0.75646454,1
1,0.67413664,1
1,0.8403853,1
1,0.58072585,1
1,0.8379677,1
1,0.90721834,1
0,0.82141584,1
0,0.7223489,1
0,0.75635254,1
1,0.67072046,1
0,0.70313066,1
1,0.626322,1
1,0.40099904,0
0,0.4398643,0
0,0.55767643,1
1,0.69263595,1
1,0.7749491,1
0,0.734054,1
0,0.61055976,1
0,0.71324885,1
0,0.7738516,1
0,0.7583932,1
1,0.768914,1
0,0.44955802,0
0,0.18104121,0
1,0.49948543,0
1,0.3337468,0
0,0.10143274,0
0,0.46446005,0
0,0.3461215,0
0,0.35978228,0
1,0.6062784,1
0,0.5292451,1
1,0.72587574,1
0,0.72609067,1
1,0.70499235,1
1,0.6702748,1
0,0.71975255,1
0,0.71122617,1
1,0.6866266,1
1,0.7184286,1
1,0.74250567,1
1,0.6689503,1
1,0.671584,1
0,0.62002486,1
0,0.63458693,1
0,0.6946616,1
1,0.6752923,1
0,0.46188563,0
0,0.433895,0
0,0.38445768,0
0,0.45210984,0
0,0.43116108,0
0,0.46642473,0
0,0.34628117,0
1,0.39668652,0
0,0.3649746,0
0,0.37384734,0
1,0.41948578,0
1,0.48027852,0
1,0.3235269,0
0,0.34381688,0
1,0.30289128,0
0,0.36820066,0
0,0.528713,1
1,0.5129048,1
0,0.45148867,0
1,0.57686317,1
1,0.6729831,1
1,0.695423,1
1,0.6807749,1
1,0.73771465,1
0,0.716377,1
1,0.6536434,1
1,0.63264376,1
1,0.7280606,1
1,0.75143415,1
1,0.7184701,1
1,0.6667336,1
1,0.71590793,1
1,0.5395273,1
1,0.70224375,1
1,0.5630581,1
0,0.543108,1
1,0.73581725,1
1,0.71308476,1
1,0.7288186,1
1,0.81452775,1
1,0.73226815,1
0,0.67658126,1
1,0.7594758,1
0,0.67664653,1
0,0.67145765,1
1,0.47282565,0
0,0.41213128,0
1,0.53527045,1
0,0.6802865,1
1,0.62448347,1
0,0.7938992,1
1,0.69934356,1
0,0.38687038,0
1,0.8124186,1
1,0.86043406,1
0,0.50294,1
1,0.5834263,1
1,0.7531245,1
1,0.8404016,1
1,0.77938443,1
1,0.7471956,1
1,0.63153374,1
1,0.77313113,1
1,0.7740165,1
1,0.63892233,1
0,0.5231726,1
1,0.5731166,1
1,0.66259205,1
0,0.43690613,0
0,0.34814698,0
0,0.39951637,0
1,0.73927563,1
1,0.72342944,1
0,0.7329046,1
0,0.8430222,1
0,0.8027912,1
1,0.7905905,1
0,0.9100687,1
1,0.67179525,1
0,0.6973061,1
0,0.79205906,1
1,0.82034475,1
1,0.76333064,1
1,0.7876035,1
1,0.7959935,1
1,0.75598884,1
1,0.8073409,1
1,0.80757827,1
1,0.8027559,1
0,0.76802456,1
1,0.7706247,1
1,0.8518563,1
1,0.8218581,1
1,0.86811876,1
1,0.78029525,1
1,0.8231557,1
1,0.8025884,1
1,0.82409567,1
1,0.783452,1
1,0.76168686,1
1,0.8004966,1
1,0.80623704,1
1,0.76118356,1
1,0.7667536,1
1,0.77849925,1
1,0.7703019,1
1,0.7920975,1
1,0.8187485,1
1,0.8130695,1
1,0.7734917,1
1,0.809301,1
1,0.7722089,1
1,0.77690595,1
1,0.77659863,1
1,0.73351425,1
1,0.73662144,1
0,0.7680144,1
1,0.7315849,1
1,0.7028036,1
1,0.8589323,1
1,0.81794274,1
0,0.057818733,0
0,0.2433154,0
0,0.032145407,0
0,0.031296726,0
0,0.26854125,0
0,0.239137,0
0,0.16900961,0
0,0.7143235,1
1,0.7854144,1
1,0.65549624,1
1,0.47064748,0
0,0.16158067,0
0,0.19671169,0
0,0.3558623,0
1,0.412105,0
1,0.34853867,0
0,0.25748542,0
1,0.45253414,0
0,0.01577127,0
0,0.021528639,0
1,0.03442785,0
0,0.4076566,0
0,0.0568297,0
0,0.496031,0
1,0.2961356,0
0,0.6235942,1
1,0.6739627,1
0,0.71498847,1
0,0.7519806,1
0,0.67905074,1
0,0.7457655,1
1,0.82328856,1
1,0.67544085,1
1,0.5963792,1
0,0.30709302,0
0,0.36565292,0
1,0.5305989,1
0,0.7011566,1
0,0.5581837,1
0,0.6651577,1
1,0.7195751,1
1,0.6538292,1
1,0.5693264,1
1,0.77076745,1
1,0.8507269,1
1,0.7732403,1
1,0.84222806,1
1,0.9086673,1
1,0.944088,1
1,0.85526365,1
1,0.904982,1
1,0.88032424,1
1,0.855181,1
1,0.7471609,1
1,0.78930277,1
1,0.7273425,1
1,0.7421054,1
1,0.7523602,1
1,0.71721756,1
1,0.75649947,1
1,0.63001055,1
1,0.7067018,1
1,0.71677184,1
1,0.652178,1
0,0.656812,1
1,0.71868724,1
1,0.6946691,1
0,0.7048034,1
1,0.5759862,1
1,0.49387762,0
1,0.67395055,1
1,0.62846696,1
1,0.7465771,1
1,0.6490572,1
1,0.65132475,1
1,0.7073546,1
1,0.62210804,1
1,0.6549671,1
1,0.7266218,1
0,0.6934322,1
1,0.71190494,1
1,0.7473733,1
0,0.73175985,1
0,0.74936706,1
1,0.73154396,1
1,0.75276446,1
1,0.7571368,1
1,0.7411436,1
1,0.7546041,1
1,0.43660295,0
1,0.6542216,1
1,0.922618,1
1,0.91504854,1
1,0.8572389,1
0,0.8514907,1
1,0.843024,1
1,0.81014025,1
1,0.7953822,1
1,0.837671,1
1,0.8411455,1
1,0.87325484,1
1,0.8990034,1
1,0.84689844,1
1,0.78575325,1
1,0.82356554,1
1,0.8036617,1
1,0.7408253,1
1,0.7876331,1
1,0.8052869,1
0,0.63302135,1
1,0.74192417,1
1,0.75386345,1
1,0.83013624,1
1,0.72972655,1
1,0.85938615,1
1,0.8512066,1
0,0.74553084,1
0,0.77836895,1
1,0.79671764,1
1,0.9033388,1
1,0.93878025,1
0,0.7478581,1
0,0.66060877,1
0,0.64448625,1
0,0.75379646,1
0,0.9252063,1
1,0.9095185,1
1,0.835475,1
1,0.9038304,1
1,0.90869147,1
1,0.8577444,1
0,0.8894839,1
1,0.92877764,1
1,0.8493215,1
1,0.7850307,1
0,0.79596204,1
1,0.90721655,1
1,0.8588247,1
1,0.8329596,1
1,0.81422377,1
0,0.821604,1
0,0.7241973,1
1,0.44252107,0
0,0.36707315,0
0,0.02784448,0
0,0.47153354,0
0,0.054980073,0
1,0.7745682,1
0,0.6381378,1
0,0.44552073,0
0,0.735483,1
0,0.8350603,1
0,0.69916064,1
1,0.80728453,1
1,0.8391589,1
1,0.7181207,1
1,0.817237,1
1,0.72840494,1
1,0.76452035,1
1,0.7837842,1
1,0.79390544,1
1,0.7946382,1
1,0.867472,1
1,0.8640576,1
1,0.7487274,1
1,0.781263,1
1,0.86259145,1
0,0.8049933,1
1,0.775612,1
0,0.84521633,1
1,0.8313373,1
1,0.8460645,1
1,0.8419806,1
1,0.83536303,1
1,0.8051489,1
1,0.8020647,1
0,0.74816215,1
1,0.84402627,1
1,0.80929774,1
1,0.7540506,1
1,0.8273336,1
1,0.78443694,1
1,0.74317336,1
1,0.7478265,1
0,0.50983894,1
0,0.7594569,1
0,0.4999124,0
1,0.5367458,1
0,0.8181123,1
1,0.74860716,1
1,0.83329844,1
0,0.80901456,1
0,0.83380276,1
0,0.78515774,1
0,0.76753694,1
1,0.81479627,1
1,0.79353505,1
0,0.84486324,1
1,0.7714427,1
1,0.8074026,1
1,0.7557172,1
1,0.8098889,1
1,0.826912,1
1,0.7242593,1
1,0.8400009,1
1,0.8192881,1
1,0.8215754,1
1,0.83664936,1
0,0.83851224,1
1,0.8127203,1
1,0.8085657,1
1,0.84096175,1
1,0.32510948,0
1,0.26480556,0
1,0.31072563,0
0,0.30262524,0
1,0.67215306,1
1,0.6051602,1
0,0.7373921,1
0,0.378097,0
1,0.6337309,1
0,0.77267826,1
1,0.6603515,1
1,0.64756143,1
1,0.7794732,1
1,0.8092358,1
1,0.7836675,1
0,0.73668087,1
1,0.87993556,1
1,0.8212876,1
1,0.8756201,1
1,0.8260274,1
1,0.74357325,1
1,0.7898571,1
1,0.7647036,1
1,0.7769068,1
0,0.5244829,1
0,0.77240777,1
1,0.848347,1
1,0.897306,1
1,0.8865697,1
0,0.87532437,1
0,0.70978224,1
0,0.7943745,1
0,0.73810273,1
0,0.84290355,1
0,0.7699835,1
1,0.61300725,1
1,0.7423504,1
0,0.66106844,1
0,0.5309438,1
0,0.7961968,1
1,0.4277881,0
1,0.43941057,0
1,0.58280677,1
1,0.7973987,1
0,0.5300873,1
0,0.7097244,1
0,0.81661636,1
1,0.6089157,1
0,0.56786543,1
0,0.47836486,0
1,0.6466052,1
1,0.5640319,1
0,0.53351694,1
0,0.5124799,1
0,0.42200565,0
1,0.40315372,0
0,0.34172612,0
0,0.48031977,0
1,0.5558302,1
0,0.650147,1
1,0.7151734,1
1,0.5391494,1
1,0.71008235,1
0,0.9155896,1
1,0.17506707,0
1,0.5893458,1
1,0.89069706,1
1,0.88252395,1
1,0.7686868,1
1,0.59261084,1
1,0.60781413,1
0,0.43768245,0
0,0.44517785,0
0,0.7778377,1
0,0.7396861,1
1,0.7384012,1
1,0.7339349,1
1,0.7881593,1
0,0.79989874,1
1,0.87864727,1
1,0.80987465,1
1,0.83093214,1
0,0.8125568,1
0,0.8312415,1
1,0.8286059,1
1,0.81626254,1
0,0.8120134,1
0,0.77539074,1
0,0.8589256,1
1,0.7532046,1
0,0.7087831,1
0,0.24404773,0
0,0.18478501,0
0,0.20080876,0
0,0.3611936,0
0,0.17927761,0
0,0.25443467,0
0,0.7633769,1
1,0.79431653,1
1,0.8785937,1
1,0.869394,1
1,0.85056853,1
1,0.8841662,1
1,0.8381572,1
1,0.8635735,1
1,0.8127159,1
1,0.8130487,1
1,0.78820634,1
1,0.75125664,1
0,0.7472722,1
0,0.38821137,0
1,0.68315864,1
0,0.7735463,1
0,0.69952846,1
1,0.7511885,1
1,0.80870694,1
1,0.769487,1
1,0.8553878,1
1,0.8299455,1
1,0.7572726,1
1,0.5406964,1
0,0.8031318,1
0,0.83796686,1
1,0.86630815,1
1,0.81484205,1
1,0.8263618,1
0,0.8173877,1
1,0.8517094,1
1,0.87270457,1
1,0.82848537,1
1,0.8870134,1
1,0.89555496,1
1,0.84485114,1
1,0.87733924,1
1,0.8438041,1
1,0.884517,1
1,0.8522433,1
1,0.93109643,1
1,0.8711026,1
1,0.88187885,1
1,0.8673106,1
1,0.88745874,1
1,0.90568125,1
1,0.89140713,1
1,0.89994735,1
1,0.88165605,1
1,0.860457,1
0,0.8886398,1
1,0.870628,1
1,0.80048895,1
1,0.8662266,1
1,0.7349247,1
1,0.8194597,1
1,0.7944886,1
1,0.7808262,1
1,0.8495869,1
1,0.9179675,1
1,0.8962209,1
1,0.8515766,1
1,0.6438558,1
1,0.7370988,1
1,0.7831398,1
1,0.74424064,1
0,0.8795152,1
1,0.8410955,1
1,0.83756983,1
1,0.7977341,1
1,0.80631566,1
1,0.8580422,1
1,0.84950423,1
0,0.81071264,1
1,0.87345296,1
1,0.95148647,1
0,0.8335212,1
1,0.85723966,1
1,0.8620682,1
1,0.8256343,1
1,0.8101422,1
1,0.8305432,1
0,0.74524826,1
0,0.79340434,1
1,0.85537964,1
1,0.5884095,1
1,0.576982,1
0,0.73913705,1
1,0.6595335,1
1,0.8165498,1
0,0.78112286,1
0,0.59457254,1
1,0.74925846,1
0,0.5962648,1
1,0.5995959,1
1,0.58735675,1
1,0.6836133,1
0,0.67975104,1
0,0.48997712,0
1,0.70660675,1
0,0.5315719,1
1,0.6513973,1
1,0.5480981,1
0,0.80683345,1
1,0.56610143,1
1,0.3629414,0
1,0.23481841,0
0,0.35673204,0
0,0.40839294,0
1,0.69264984,1
1,0.863363,1
1,0.74377406,1
1,0.80224365,1
1,0.81209135,1
1,0.3166818,0
1,0.555202,1
1,0.8333191,1
1,0.39199263,0
1,0.38008463,0
0,0.5037901,1
1,0.83132064,1
0,0.76937884,1
0,0.83687395,1
0,0.87304443,1
1,0.86318636,1
1,0.8806664,1
1,0.82269955,1
1,0.89164513,1
1,0.9145664,1
1,0.8530722,1
1,0.8597953,1
1,0.8701555,1
1,0.8360847,1
1,0.74695283,1
1,0.85585594,1
1,0.8695364,1
1,0.7526447,1
1,0.76337296,1
0,0.6919603,1
0,0.84619546,1
0,0.77611107,1
1,0.8505701,1
1,0.70868737,1
1,0.83346826,1
1,0.8215102,1
1,0.83023393,1
0,0.7549853,1
1,0.758652,1
1,0.7725582,1
1,0.7883138,1
1,0.74910784,1
1,0.7684376,1
1,0.5149649,1
1,0.76810056,1
1,0.7168139,1
0,0.76076275,1
1,0.6974849,1
1,0.7641581,1
1,0.69719744,1
1,0.7441055,1
1,0.7944171,1
1,0.8334514,1
1,0.85580015,1
0,0.76503605,1
1,0.8108574,1
1,0.7854819,1
1,0.8080069,1
1,0.781311,1
1,0.7486033,1
0,0.88019556,1
1,0.8256468,1
1,0.83542156,1
1,0.75637066,1
1,0.848508,1
1,0.87137586,1
0,0.7537807,1
1,0.81649745,1
1,0.779079,1
1,0.7287093,1
1,0.7578931,1
0,0.8545857,1
1,0.7624015,1
1,0.7517114,1
1,0.72730684,1
1,0.73975927,1
0,0.6973429,1
1,0.79362166,1
0,0.78652066,1
0,0.6930802,1
1,0.7750723,1
1,0.69568586,1
0,0.55383646,1
1,0.8050767,1
1,0.7413335,1
0,0.70993215,1
0,0.75337285,1
0,0.6480773,1
1,0.7637914,1
1,0.78840554,1
1,0.7124981,1
1,0.71768653,1
0,0.75850755,1
1,0.74631846,1
0,0.50048506,1
1,0.61629564,1
0,0.8352541,1
0,0.71514684,1
1,0.6811228,1
1,0.7868375,1
1,0.8209322,1
1,0.7966068,1
1,0.7314202,1
1,0.6889357,1
1,0.7757145,1
1,0.76835513,1
1,0.7120544,1
1,0.7494557,1
0,0.6556404,1
1,0.6396537,1
1,0.7349656,1
1,0.7919642,1
1,0.63623464,1
1,0.7633083,1
1,0.8448798,1
1,0.77343863,1
1,0.7867608,1
1,0.75413114,1
1,0.8259824,1
1,0.72553736,1
1,0.80892414,1
1,0.75276405,1
1,0.83542705,1
1,0.7850584,1
1,0.7770752,1
1,0.67817825,1
1,0.62819713,1
0,0.5747128,1
1,0.67281014,1
0,0.6052435,1
1,0.70695114,1
0,0.6909299,1
0,0.68261945,1
0,0.6964865,1
0,0.6764924,1
0,0.60579586,1
0,0.76345074,1
0,0.7295336,1
0,0.7328509,1
0,0.5923154,1
0,0.68364316,1
1,0.32879472,0
1,0.6873395,1
1,0.70981765,1
1,0.72613925,1
0,0.36523557,0
0,0.7353349,1
0,0.815953,1
0,0.7289053,1
0,0.76979196,1
1,0.52293444,1
0,0.20183018,0
0,0.74077857,1
0,0.83606076,1
1,0.7337652,1
1,0.63816226,1
1,0.38842672,0
0,0.12976842,0
0,0.08656668,0
0,0.07542528,0
0,0.14421768,0
1,0.4610862,0
0,0.4516189,0
0,0.36953887,0
1,0.8653331,1
1,0.8239631,1
1,0.79800266,1
0,0.75784856,1
1,0.5126802,1
1,0.89107513,1
0,0.8812046,1
1,0.8762215,1
1,0.8948639,1
1,0.353442,0
1,0.55879265,1
0,0.34161884,0
1,0.72943693,1
1,0.28113377,0
0,0.38027486,0
1,0.68239045,1
0,0.43077672,0
1,0.41278732,0
0,0.6911011,1
0,0.84348416,1
0,0.24587086,0
0,0.3078029,0
1,0.6897223,1
1,0.7673671,1
1,0.7736162,1
1,0.36388022,0
1,0.47676638,0
1,0.8641423,1
1,0.9267847,1
1,0.8772018,1
1,0.8909269,1
1,0.86168027,1
0,0.85991293,1
1,0.8467839,1
1,0.8988811,1
1,0.88800234,1
1,0.88208675,1
1,0.8560213,1
1,0.87730324,1
0,0.88097703,1
0,0.8616445,1
0,0.6909637,1
0,0.6874495,1
0,0.65596294,1
0,0.6585041,1
0,0.66259986,1
1,0.700649,1
0,0.7163122,1
0,0.7329006,1
0,0.6458496,1
0,0.6337664,1
1,0.67834014,1
1,0.7517019,1
1,0.77310324,1
1,0.8742581,1
1,0.84826183,1
1,0.8011741,1
0,0.83996224,1
1,0.8728949,1
1,0.89477533,1
1,0.89519906,1
0,0.8625723,1
1,0.71799374,1
1,0.8807641,1
1,0.76425093,1
1,0.88215876,1
1,0.8440078,1
1,0.87054867,1
1,0.8197403,1
1,0.82394564,1
1,0.12926656,0
0,0.5006302,1
0,0.08376488,0
0,0.14735632,0
0,0.18507609,0
0,0.09298487,0
1,0.3180852,0
0,0.06915567,0
0,0.14897986,0
0,0.2257206,0
0,0.17762972,0
0,0.17499928,0
0,0.18217461,0
0,0.098086394,0
0,0.15333918,0
0,0.047684874,0
0,0.10715207,0
0,0.13797812,0
0,0.025201349,0
0,0.30144462,0
0,0.07636714,0
0,0.055556804,0
0,0.14916575,0
0,0.06571269,0
0,0.5970783,1
0,0.81896716,1
1,0.84827995,1
1,0.7912966,1
1,0.7748385,1
1,0.79099745,1
0,0.76475984,1
0,0.8159554,1
1,0.8221382,1
1,0.72561103,1
1,0.7568438,1
1,0.7465033,1
0,0.8261538,1
1,0.5639902,1
0,0.5257665,1
1,0.43866608,0
0,0.46136394,0
0,0.7530225,1
1,0.863418,1
1,0.77428,1
1,0.6697882,1
0,0.37190163,0
1,0.44191605,0
0,0.70665187,1
1,0.8684307,1
1,0.43342385,0
0,0.7329646,1
0,0.66814697,1
1,0.86182296,1
1,0.66951686,1
1,0.79580325,1
1,0.83750874,1
1,0.7945909,1
1,0.8940131,1
1,0.58981,1
1,0.39114293,0
0,0.47462904,0
0,0.5641482,1
1,0.81888235,1
1,0.83501816,1
1,0.9210775,1
1,0.8657371,1
0,0.82714754,1
1,0.38190505,0
0,0.5544386,1
1,0.23987085,0
0,0.31568083,0
1,0.62978476,1
1,0.75741655,1
1,0.89936787,1
1,0.2852542,0
0,0.11305029,0
1,0.29505697,0
1,0.26528865,0
1,0.119358435,0
1,0.13379115,0
0,0.12167374,0
1,0.23429607,0
1,0.78433025,1
1,0.49355206,0
0,0.7011197,1
1,0.69917333,1
1,0.7011197,1
1,0.83282727,1
1,0.7940557,1
1,0.6154639,1
1,0.73838556,1
1,0.76342887,1
1,0.7967892,1
1,0.7161107,1
1,0.8177658,1
1,0.76459324,1
1,0.8229866,1
1,0.7974929,1
1,0.5145236,1
1,0.80860007,1
0,0.80892617,1
0,0.8093302,1
1,0.7062702,1
1,0.7648536,1
1,0.837091,1
1,0.85242665,1
1,0.46689758,0
1,0.8496691,1
1,0.815212,1
1,0.69647765,1
1,0.6076596,1
1,0.23538293,0
0,0.011442364,0
0,0.2790929,0
0,0.35728613,0
0,0.3566238,0
0,0.26832584,0
1,0.5504319,1
0,0.42389485,0
1,0.46446174,0
1,0.72998905,1
1,0.64244443,1
1,0.64806634,1
1,0.7226749,1
1,0.79955524,1
0,0.79151475,1
1,0.7771247,1
1,0.8114462,1
1,0.8276987,1
1,0.81220835,1
1,0.8230731,1
1,0.808941,1
1,0.8421522,1
1,0.8866041,1
1,0.83513343,1
1,0.8457938,1
0,0.8573888,1
0,0.84411466,1
0,0.81382066,1
1,0.79094905,1
1,0.81704706,1
0,0.7756638,1
0,0.77508086,1
1,0.8071644,1
0,0.785021,1
1,0.7591052,1
1,0.78215927,1
1,0.79925257,1
1,0.72214955,1
1,0.72096056,1
0,0.8281935,1
1,0.73141,1
1,0.6798671,1
1,0.77979636,1
1,0.74595207,1
0,0.7077538,1
1,0.6743487,1
0,0.720873,1
0,0.7984285,1
1,0.686974,1
1,0.81076455,1
0,0.79696554,1
1,0.71426606,1
0,0.69878083,1
1,0.74588764,1
0,0.753168,1
1,0.7615132,1
1,0.7852321,1
1,0.8446765,1
1,0.6338205,1
1,0.7498928,1
1,0.82191503,1
1,0.70458424,1
1,0.7654021,1
1,0.78041303,1
1,0.81762576,1
1,0.8075005,1
1,0.7489529,1
1,0.8608323,1
1,0.79410684,1
1,0.8196491,1
1,0.81052923,1
1,0.8584928,1
1,0.7932457,1
1,0.7852633,1
0,0.72586673,1
1,0.75278443,1
1,0.76055634,1
1,0.70165986,1
1,0.84919506,1
1,0.78534615,1
1,0.6928066,1
1,0.7340272,1
1,0.7599515,1
0,0.7812265,1
1,0.8374676,1
1,0.81598514,1
0,0.23851235,0
1,0.7473405,1
1,0.7790108,1
1,0.58839834,1
1,0.7672387,1
1,0.60304785,1
1,0.81051,1
1,0.7758408,1
1,0.838205,1
1,0.79670227,1
1,0.7781869,1
1,0.6712015,1
1,0.7591113,1
0,0.5675753,1
1,0.65087354,1
1,0.77128184,1
0,0.7215857,1
0,0.6818675,1
0,0.7109551,1
1,0.77104396,1
1,0.91642267,1
1,0.83956486,1
1,0.7178524,1
1,0.7913745,1
1,0.6736006,1
1,0.669242,1
1,0.7173981,1
1,0.6961305,1
1,0.7631262,1
0,0.77661437,1
0,0.7863824,1
1,0.748128,1
1,0.77241236,1
0,0.72312385,1
1,0.63857096,1
1,0.64163375,1
0,0.74776405,1
0,0.7234342,1
1,0.6455757,1
0,0.7322094,1
1,0.7391334,1
1,0.7207495,1
0,0.68884754,1
0,0.69892216,1
1,0.6941694,1
0,0.72558796,1
1,0.75063115,1
1,0.69043964,1
0,0.68108916,1
1,0.7102838,1
0,0.6107744,1
1,0.2664598,0
0,0.35157531,0
0,0.41580847,0
1,0.80921835,1
1,0.88516027,1
0,0.8143324,1
0,0.8236477,1
0,0.55692047,1
0,0.38107118,0
0,0.208261,0
1,0.7981821,1
1,0.7581511,1
1,0.7717425,1
1,0.8002279,1
0,0.84831595,1
1,0.8491431,1
1,0.82165134,1
1,0.84388137,1
1,0.8402119,1
1,0.8180225,1
1,0.7838893,1
1,0.8547778,1
1,0.8302183,1
1,0.8674758,1
1,0.7648291,1
1,0.7991952,1
1,0.78673893,1
1,0.7908051,1
1,0.76115966,1
1,0.7683656,1
1,0.8300633,1
1,0.7532847,1
0,0.89308965,1
1,0.86276084,1
1,0.8390962,1
1,0.7890901,1
1,0.7469501,1
1,0.8433096,1
1,0.75671107,1
1,0.85127103,1
0,0.53063446,1
0,0.7343852,1
1,0.49891186,0
1,0.54459924,1
0,0.7026613,1
0,0.7297347,1
1,0.65706575,1
1,0.7064749,1
0,0.6736236,1
1,0.6355306,1
1,0.6627478,1
1,0.66584784,1
1,0.7172715,1
0,0.7110654,1
1,0.72724074,1
1,0.6802652,1
1,0.6743059,1
1,0.7456861,1
1,0.68788207,1
0,0.65305007,1
1,0.68944633,1
1,0.7186497,1
1,0.7240702,1
1,0.72884744,1
1,0.711222,1
1,0.6738612,1
1,0.72548455,1
1,0.82093227,1
1,0.7213344,1
1,0.83297944,1
1,0.77238667,1
1,0.84708834,1
1,0.7299576,1
1,0.7863427,1
1,0.77319777,1
1,0.77935344,1
1,0.786546,1
0,0.7063581,1
1,0.77559686,1
1,0.7373978,1
1,0.6635927,1
1,0.7562486,1
1,0.72129095,1
1,0.76592225,1
1,0.75749934,1
1,0.7513012,1
1,0.7237616,1
1,0.6892841,1
1,0.7212382,1
0,0.71185994,1
0,0.7305355,1
1,0.7178385,1
1,0.7102935,1
0,0.74142456,1
0,0.7423575,1
0,0.7097047,1
0,0.735526,1
0,0.7379928,1
1,0.7868209,1
0,0.78080875,1
1,0.7504698,1
0,0.74775577,1
1,0.7484485,1
1,0.72938395,1
1,0.74454564,1
1,0.8018641,1
1,0.79045546,1
1,0.79889494,1
1,0.7321836,1
1,0.7859042,1
1,0.75976074,1
1,0.81924313,1
1,0.82772714,1
0,0.58305913,1
0,0.6522104,1
0,0.6401442,1
1,0.48125225,0
1,0.73716545,1
1,0.66006804,1
0,0.7199684,1
1,0.6669269,1
0,0.6164747,1
1,0.724428,1
1,0.62241626,1
1,0.5679781,1
1,0.5849025,1
1,0.8625071,1
1,0.85325885,1
1,0.6448528,1
1,0.63209903,1
1,0.5870439,1
1,0.7926702,1
1,0.7765376,1
1,0.78556955,1
1,0.7944102,1
0,0.7763695,1
1,0.7699115,1
1,0.78466517,1
1,0.7475744,1
1,0.6919675,1
0,0.5337078,1
1,0.7875939,1
1,0.7252594,1
1,0.6333439,1
1,0.7451548,1
1,0.7984819,1
1,0.81808275,1
1,0.839848,1
1,0.8048041,1
0,0.8762746,1
1,0.7145377,1
0,0.77521104,1
1,0.7569884,1
1,0.73698,1
1,0.7207907,1
1,0.30981964,0
0,0.018607076,0
0,0.20809051,0
1,0.1601447,0
0,0.06072477,0
0,0.46247518,0
1,0.03824926,0
1,0.5927402,1
1,0.64421797,1
0,0.33627945,0
0,0.19430505,0
0,0.38233134,0
0,0.06399508,0
1,0.2662548,0
0,0.3201952,0
0,0.39061603,0
0,0.2793432,0
1,0.3446767,0
0,0.4291402,0
0,0.54856366,1
0,0.55078536,1
1,0.5860015,1
0,0.38827294,0
0,0.7290724,1
0,0.6246272,1
0,0.76037234,1
1,0.65072244,1
1,0.71974945,1
1,0.7700697,1
1,0.85546035,1
1,0.84335476,1
1,0.80659777,1
1,0.88769764,1
1,0.87105805,1
1,0.84830123,1
1,0.8359627,1
1,0.831759,1
1,0.8728376,1
1,0.83820534,1
1,0.84584534,1
1,0.82185304,1
1,0.84191203,1
1,0.86373043,1
1,0.8297741,1
1,0.8584032,1
1,0.8523229,1
0,0.87052023,1
1,0.8470601,1
1,0.8429933,1
1,0.7803655,1
1,0.86979437,1
1,0.6874356,1
0,0.6634992,1
0,0.75110555,1
0,0.7578433,1
1,0.76777756,1
1,0.7992647,1
1,0.8269372,1
1,0.8104233,1
1,0.7798407,1
1,0.80764794,1
0,0.75016075,1
1,0.75552744,1
0,0.7775717,1
0,0.7253712,1
1,0.7461738,1
0,0.78543466,1
1,0.7673995,1
1,0.7817314,1
1,0.7840168,1
1,0.74336433,1
1,0.8274137,1
1,0.79350233,1
1,0.75938135,1
0,0.75668633,1
0,0.8609069,1
1,0.7396862,1
1,0.7824235,1
1,0.77882427,1
1,0.69879895,1
1,0.7650784,1
0,0.7555532,1
0,0.73619723,1
1,0.714068,1
0,0.76990306,1
0,0.7919854,1
0,0.74960315,1
1,0.79587775,1
0,0.7353495,1
1,0.7621883,1
0,0.79579425,1
0,0.7083348,1
0,0.7617051,1
1,0.75700206,1
1,0.7305689,1
1,0.8594283,1
1,0.8268763,1
0,0.82236683,1
1,0.83311313,1
1,0.7005293,1
1,0.7113792,1
1,0.6771608,1
1,0.7963139,1
1,0.7323668,1
1,0.7407043,1
1,0.8012317,1
1,0.7750859,1
1,0.73226357,1
1,0.8057028,1
0,0.74581534,1
0,0.7368871,1
1,0.6870898,1
1,0.73164713,1
1,0.7915088,1
1,0.7799853,1
1,0.7737234,1
1,0.7941361,1
1,0.76328385,1
1,0.7897885,1
1,0.7994797,1
0,0.83299774,1
0,0.79714566,1
1,0.6320251,1
0,0.61822915,1
1,0.65326834,1
1,0.6070266,1
1,0.6130005,1
1,0.39422593,0
0,0.55063146,1
0,0.9202222,1
1,0.5582325,1
0,0.86021936,1
1,0.86869025,1
1,0.8726739,1
1,0.94100815,1
1,0.8272223,1
1,0.8344382,1
1,0.8985859,1
1,0.8574043,1
1,0.8491687,1
1,0.8758036,1
1,0.9087111,1
1,0.9113946,1
1,0.8772465,1
1,0.8806707,1
1,0.8752555,1
1,0.85809445,1
1,0.8565305,1
1,0.9588816,1
1,0.8311201,1
1,0.9018905,1
1,0.8996523,1
1,0.84527296,1
1,0.90542984,1
1,0.76188856,1
1,0.9210083,1
1,0.9219422,1
1,0.90170187,1
1,0.8659471,1
1,0.83817637,1
1,0.8078463,1
1,0.8065463,1
1,0.86157537,1
1,0.83213127,1
1,0.80559003,1
1,0.8060788,1
1,0.7659154,1
1,0.8551608,1
1,0.82847804,1
0,0.7259482,1
1,0.74071765,1
1,0.7585673,1
1,0.8172185,1
0,0.7818918,1
0,0.80506516,1
1,0.7792648,1
1,0.7289455,1
0,0.7526769,1
0,0.78739494,1
0,0.73225796,1
1,0.7595,1
1,0.8626764,1
0,0.7685735,1
1,0.76143074,1
0,0.79225856,1
0,0.78253824,1
1,0.7933136,1
1,0.7529458,1
1,0.7927499,1
1,0.8363962,1
1,0.8111594,1
0,0.22103165,0
0,0.1707185,0
0,0.041342687,0
1,0.23418346,0
0,0.29137385,0
0,0.17759062,0
0,0.17791905,0
1,0.1754105,0
0,0.21522471,0
1,0.2047811,0
0,0.18251471,0
0,0.23183587,0
0,0.2612758,0
1,0.739498,1
1,0.7521863,1
1,0.76827544,1
1,0.68626225,1
1,0.3002688,0
0,0.6534966,1
0,0.28554344,0
0,0.11930058,0
0,0.16171673,0
1,0.7970095,1
1,0.844769,1
0,0.76855844,1
1,0.8596822,1
1,0.86642295,1
1,0.7712305,1
1,0.46583146,0
0,0.44482076,0
1,0.79180974,1
1,0.8781996,1
1,0.8530083,1
1,0.66741836,1
0,0.1455178,0
1,0.22802462,0
0,0.122376695,0
1,0.7610286,1
1,0.8083294,1
1,0.6445791,1
1,0.43828717,0
1,0.3118226,0
0,0.6652145,1
0,0.7443539,1
1,0.5369099,1
0,0.6364893,1
1,0.75119346,1
1,0.830873,1
1,0.7298855,1
0,0.79218507,1
0,0.71887743,1
1,0.7182766,1
1,0.6466607,1
1,0.6806002,1
1,0.8189936,1
1,0.6616607,1
0,0.6798999,1
1,0.8064492,1
1,0.702929,1
1,0.7596841,1
0,0.7257483,1
1,0.5880811,1
0,0.2667903,0
1,0.78000236,1
1,0.8942415,1
1,0.8765221,1
0,0.80231947,1
1,0.8750738,1
1,0.834246,1
1,0.849453,1
1,0.8479694,1
1,0.864462,1
1,0.7549621,1
0,0.47827333,0
1,0.40934628,0
0,0.6508276,1
0,0.5680892,1
0,0.4218081,0
1,0.73655957,1
0,0.6525338,1
1,0.46658134,0
0,0.7045653,1
1,0.7489279,1
1,0.6511091,1
1,0.5961531,1
1,0.7532046,1
1,0.70852864,1
1,0.69459546,1
0,0.69893414,1
1,0.67460465,1
1,0.6979108,1
0,0.6744108,1
1,0.672919,1
0,0.8348437,1
1,0.7955694,1
1,0.76137894,1
1,0.78305805,1
0,0.6983078,1
0,0.7674408,1
0,0.81399465,1
1,0.7204011,1
0,0.6737323,1
0,0.6391194,1
1,0.6890822,1
1,0.77880037,1
0,0.7879526,1
0,0.7741279,1
1,0.84456277,1
0,0.6557929,1
1,0.74334145,1
0,0.18336916,0
0,0.62511235,1
1,0.6873819,1
0,0.4311539,0
1,0.5625753,1
1,0.8406974,1
1,0.82214755,1
0,0.8722015,1
0,0.82356185,1
1,0.7462403,1
1,0.7931243,1
0,0.5622547,1
0,0.70795137,1
1,0.7260369,1
1,0.74628174,1
1,0.7805887,1
1,0.81726503,1
1,0.776406,1
0,0.6697732,1
1,0.8096275,1
0,0.59457034,1
1,0.6230353,1
0,0.5825009,1
0,0.65691835,1
0,0.5127591,1
0,0.53553766,1
1,0.38236758,0
1,0.7448852,1
1,0.5313278,1
0,0.57208127,1
0,0.62606287,1
0,0.5195346,1
0,0.48249578,0
1,0.59359807,1
0,0.37403712,0
0,0.36954132,0
0,0.36388952,0
1,0.41514215,0
1,0.3709455,0
1,0.24752265,0
0,0.26055753,0
0,0.35158822,0
0,0.26719913,0
1,0.28028557,0
0,0.38936448,0
1,0.29462662,0
0,0.2609297,0
0,0.32572055,0
1,0.79384345,1
1,0.75662977,1
1,0.75783354,1
0,0.33642447,0
1,0.85018593,1
0,0.836208,1
0,0.22460744,0
1,0.8284115,1
0,0.44294867,0
0,0.40272292,0
1,0.8090022,1
0,0.6953132,1
1,0.8140061,1
0,0.35087696,0
0,0.21450531,0
0,0.1531873,0
0,0.41892585,0
0,0.18189141,0
0,0.2055262,0
0,0.3327939,0
0,0.42207605,0
0,0.10506345,0
1,0.32809195,0
0,0.2573475,0
0,0.44029787,0
0,0.26767027,0
1,0.3587929,0
0,0.61184627,1
0,0.58755803,1
0,0.48160005,0
1,0.52253515,1
0,0.5682371,1
1,0.590378,1
0,0.38394484,0
0,0.47366998,0
1,0.60014284,1
1,0.49074668,0
0,0.2910277,0
0,0.3982793,0
1,0.32077923,0
0,0.7165381,1
0,0.26301873,0
0,0.14368331,0
0,0.26267964,0
1,0.30940953,0
0,0.07530747,0
1,0.63182884,1
0,0.767618,1
1,0.7572847,1
1,0.7615393,1
0,0.76021254,1
1,0.6788347,1
0,0.6832782,1
1,0.5055883,1
1,0.79372317,1
1,0.65114164,1
1,0.413492,0
1,0.5909493,1
1,0.76680714,1
0,0.8449593,1
1,0.79265547,1
1,0.7894565,1
1,0.8314924,1
1,0.77070755,1
1,0.8245473,1
1,0.74165595,1
1,0.63600016,1
1,0.72421134,1
1,0.66405845,1
1,0.7182909,1
1,0.7051721,1
1,0.74981564,1
1,0.84349436,1
1,0.866062,1
1,0.82572395,1
1,0.7827542,1
1,0.8346836,1
1,0.8007059,1
1,0.79536957,1
1,0.80193084,1
0,0.79592294,1
1,0.86069727,1
1,0.7968613,1
0,0.82881296,1
1,0.75917435,1
1,0.75798017,1
1,0.827355,1
1,0.88048685,1
1,0.8444267,1
0,0.7569944,1
1,0.8227025,1
0,0.84455776,1
1,0.8102137,1
1,0.8305599,1
1,0.8185264,1
1,0.84222853,1
1,0.841404,1
1,0.8188854,1
1,0.8138955,1
1,0.8027633,1
1,0.83520013,1
1,0.7893416,1
1,0.8476233,1
1,0.79459614,1
1,0.8163853,1
1,0.7926915,1
0,0.8311489,1
1,0.7057137,1
1,0.8336217,1
1,0.53427714,1
1,0.7814761,1
0,0.66997284,1
0,0.6083741,1
1,0.59591967,1
1,0.5665328,1
1,0.7351954,1
1,0.6491104,1
0,0.2804739,0
0,0.31602436,0
1,0.55096966,1
1,0.25356537,0
1,0.29573485,0
0,0.64603335,1
0,0.46837294,0
0,0.052264486,0
0,0.8064356,1
0,0.8146827,1
0,0.8222789,1
0,0.799969,1
1,0.8551632,1
1,0.81210893,1
1,0.8326993,1
1,0.8894224,1
1,0.8206832,1
1,0.84467894,1
1,0.8675453,1
1,0.8688212,1
0,0.3939529,0
1,0.43353504,0
1,0.7764135,1
1,0.52115417,1
1,0.6050579,1
0,0.58730036,1
0,0.5878341,1
1,0.53116107,1
1,0.56928617,1
1,0.36587602,0
1,0.7120525,1
0,0.5953357,1
1,0.7507009,1
0,0.8449437,1
0,0.4418115,0
1,0.521764,1
0,0.5535634,1
1,0.8130164,1
1,0.4362102,0
1,0.8619192,1
1,0.8526335,1
1,0.83914924,1
1,0.8176294,1
1,0.9220646,1
1,0.8375733,1
1,0.8486541,1
1,0.72813064,1
0,0.6485781,1
0,0.22078492,0
0,0.40432405,0
0,0.6993724,1
1,0.20297454,0
0,0.7985967,1
0,0.7304275,1
1,0.76751316,1
1,0.6724865,1
1,0.56753415,1
1,0.66865164,1
1,0.6730301,1
0,0.6171228,1
0,0.6638425,1
0,0.70311224,1
1,0.35792702,0
1,0.23774047,0
0,0.086284816,0
1,0.3381342,0
0,0.19184627,0
1,0.27307406,0
1,0.72186,1
0,0.41107458,0
1,0.44406322,0
0,0.19586197,0
1,0.7546078,1
1,0.7879522,1
1,0.8401637,1
1,0.8339078,1
1,0.7805301,1
1,0.75878775,1
1,0.80337983,1
1,0.7445252,1
1,0.81368774,1
1,0.66007876,1
1,0.7886979,1
1,0.83558714,1
0,0.45789564,0
0,0.44250894,0
1,0.30627078,0
0,0.37896428,0
1,0.8872883,1
1,0.86517125,1
1,0.8973287,1
1,0.8556327,1
1,0.8394771,1
1,0.89603424,1
0,0.8978369,1
1,0.8673277,1
0,0.79841727,1
0,0.43175045,0
0,0.25699586,0
1,0.21383668,0
1,0.9001361,1
0,0.82221705,1
1,0.9019421,1
1,0.81327754,1
1,0.7803765,1
1,0.80000967,1
1,0.7440101,1
1,0.7562064,1
1,0.73266214,1
1,0.7084292,1
1,0.74810886,1
1,0.64600724,1
1,0.81305915,1
1,0.43943956,0
0,0.51558083,1
1,0.8205261,1
1,0.7430641,1
1,0.51731056,1
1,0.34242547,0
0,0.6406444,1
1,0.82263154,1
1,0.710501,1
1,0.8223959,1
1,0.8301679,1
1,0.6132912,1
0,0.7172095,1
0,0.5758751,1
1,0.65919644,1
1,0.8526325,1
1,0.87733674,1
0,0.781361,1
0,0.38612077,0
1,0.8070742,1
1,0.85442084,1
1,0.82429713,1
1,0.77364314,1
1,0.7120917,1
1,0.5252436,1
1,0.6705107,1
0,0.18202795,0
1,0.28713545,0
0,0.314032,0
0,0.22906226,0
0,0.6994797,1
1,0.23381133,0
0,0.35092458,0
0,0.38070592,0
0,0.31107724,0
1,0.39497855,0
1,0.6629476,1
1,0.34912553,0
0,0.37043262,0
0,0.35382715,0
1,0.28836483,0
1,0.33210403,0
1,0.5930475,1
0,0.345324,0
0,0.26183042,0
0,0.3436469,0
0,0.15488699,0
1,0.2709079,0
1,0.744601,1
1,0.5700939,1
1,0.6841466,1
1,0.8038067,1
0,0.3765845,0
0,0.6872382,1
1,0.69215727,1
1,0.73882693,1
1,0.84566134,1
1,0.8485269,1
1,0.7945297,1
1,0.8150609,1
1,0.85062754,1
1,0.8613046,1
1,0.8608067,1
1,0.82591045,1
1,0.86871487,1
1,0.7966176,1
0,0.6570852,1
1,0.45125633,0
1,0.858183,1
1,0.8292265,1
1,0.8516242,1
1,0.76878977,1
1,0.6453979,1
1,0.722059,1
1,0.64620936,1
1,0.5336394,1
1,0.65450937,1
1,0.82384944,1
1,0.73436296,1
1,0.6426609,1
0,0.3339938,0
0,0.4177879,0
0,0.40360597,0
0,0.33367166,0
0,0.40048596,0
0,0.2710939,0
0,0.3552595,0
1,0.7693767,1
1,0.3949976,0
1,0.66753924,1
1,0.72321814,1
1,0.705707,1
1,0.86032414,1
1,0.87390107,1
1,0.8627589,1
1,0.87072545,1
1,0.8406765,1
1,0.817802,1
1,0.4275903,0
0,0.56581223,1
1,0.69003683,1
0,0.52080476,1
1,0.85840356,1
0,0.41667232,0
0,0.21835461,0
0,0.29881603,0
0,0.23033826,0
0,0.18945968,0
1,0.46745458,0
1,0.82441914,1
1,0.88451684,1
1,0.61992174,1
0,0.28679407,0
0,0.6416654,1
0,0.5053852,1
0,0.44637713,0
0,0.37239715,0
0,0.35535312,0
0,0.78963333,1
0,0.7519697,1
1,0.654674,1
1,0.53031474,1
1,0.6988236,1
1,0.76334584,1
0,0.80654126,1
1,0.39427775,0
1,0.31114554,0
0,0.34772244,0
0,0.2927129,0
0,0.33008304,0
1,0.7592055,1
0,0.5728211,1
1,0.75866395,1
0,0.64227545,1
0,0.6047485,1
1,0.59013456,1
1,0.7549461,1
1,0.8779992,1
1,0.8806697,1
1,0.879511,1
1,0.59845674,1
0,0.75250435,1
0,0.656904,1
1,0.7682537,1
1,0.6851111,1
1,0.727931,1
1,0.8708801,1
1,0.65361077,1
1,0.8529911,1
1,0.547992,1
0,0.5374413,1
1,0.76467645,1
0,0.24624787,0
0,0.3688629,0
0,0.29952234,0
1,0.42962295,0
1,0.5399129,1
0,0.27713665,0
0,0.34462574,0
0,0.10827691,0
0,0.32716486,0
0,0.4564588,0
0,0.6349784,1
0,0.29908127,0
1,0.80476123,1
1,0.8321036,1
1,0.42071527,0
1,0.1760153,0
1,0.6149976,1
1,0.7772164,1
1,0.8776143,1
1,0.7774246,1
1,0.8439587,1
1,0.8352948,1
1,0.7628771,1
1,0.8160669,1
1,0.8712712,1
0,0.8248349,1
1,0.8623448,1
0,0.8231547,1
1,0.83099294,1
1,0.8498203,1
1,0.7722173,1
1,0.47179896,0
0,0.1237402,0
0,0.2390276,0
0,0.3551884,0
0,0.27352822,0
0,0.296241,0
0,0.38005105,0
0,0.33951744,0
0,0.32416502,0
0,0.13822527,0
1,0.6281719,1
0,0.2243107,0
1,0.90500295,1
1,0.90429634,1
1,0.708395,1
1,0.49812853,0
0,0.4314199,0
0,0.5220321,1
0,0.5126214,1
1,0.85296685,1
1,0.44345587,0
1,0.90955496,1
0,0.7255502,1
1,0.7795091,1
1,0.85074466,1
1,0.82970893,1
0,0.27664667,0
1,0.5306096,1
0,0.47404194,0
1,0.42419147,0
1,0.8705865,1
0,0.72027886,1
0,0.68790793,1
0,0.73587316,1
1,0.8700577,1
1,0.49155983,0
0,0.7102025,1
0,0.30666363,0
0,0.57966644,1
1,0.3228722,0
0,0.6334818,1
0,0.61673385,1
1,0.822617,1
1,0.7890984,1
1,0.7750376,1
1,0.7936806,1
0,0.3747567,0
1,0.802187,1
1,0.85828805,1
1,0.7705644,1
1,0.70939684,1
0,0.35708544,0
0,0.7718284,1
1,0.79970014,1
0,0.73344404,1
0,0.66530025,1
0,0.50234425,1
1,0.28127882,0
0,0.5527332,1
1,0.6913549,1
1,0.5434756,1
1,0.4183941,0
1,0.35530293,0
1,0.17532136,0
1,0.15054932,0
0,0.43647847,0
1,0.09702199,0
1,0.23007369,0
0,0.35633543,0
0,0.730615,1
1,0.8944528,1
1,0.9003182,1
1,0.8147052,1
1,0.8573046,1
1,0.83348995,1
1,0.8152968,1
0,0.774565,1
1,0.9504153,1
1,0.84557664,1
0,0.59104156,1
0,0.61579084,1
0,0.76093614,1
1,0.7704858,1
1,0.77258885,1
0,0.4132185,0
0,0.4033025,0
0,0.18936257,0
0,0.19469486,0
0,0.41269594,0
0,0.1385555,0
1,0.6452398,1
1,0.4145637,0
0,0.39214736,0
1,0.68395495,1
1,0.77157724,1
1,0.9483741,1
1,0.81447625,1
1,0.80840355,1
1,0.7321072,1
1,0.76506096,1
1,0.6877939,1
1,0.7256791,1
1,0.787262,1
1,0.82896644,1
1,0.8628916,1
0,0.7655816,1
0,0.8293636,1
0,0.806721,1
0,0.84324706,1
1,0.857452,1
1,0.84434754,1
0,0.85324603,1
1,0.8354425,1
1,0.8149403,1
1,0.79400516,1
1,0.52591693,1
0,0.8626544,1
1,0.77968377,1
1,0.72132236,1
1,0.7678191,1
1,0.75208473,1
1,0.8384221,1
1,0.77330893,1
0,0.873132,1
1,0.7845125,1
1,0.8242666,1
1,0.8967886,1
1,0.82361776,1
1,0.8848831,1
1,0.83568454,1
1,0.8785053,1
1,0.87068033,1
1,0.83537436,1
1,0.8641585,1
1,0.8500867,1
1,0.79311264,1
0,0.76491064,1
1,0.7665782,1
0,0.65370125,1
1,0.7620094,1
1,0.89125794,1
1,0.8673753,1
1,0.7309556,1
1,0.6903294,1
1,0.6463975,1
1,0.66323715,1
0,0.7425146,1
1,0.87469476,1
0,0.43713516,0
0,0.64316183,1
1,0.7652336,1
1,0.72955567,1
1,0.8198232,1
1,0.8959237,1
1,0.77379775,1
1,0.8229876,1
0,0.33498642,0
0,0.35475063,0
0,0.5737201,1
0,0.22352178,0
1,0.82634115,1
0,0.70535153,1
0,0.78986937,1
0,0.8474527,1
1,0.58867055,1
1,0.4382652,0
1,0.19499695,0
0,0.3801855,0
0,0.5301105,1
1,0.34970212,0
1,0.5650925,1
0,0.40413946,0
1,0.88078237,1
0,0.9056746,1
1,0.6442037,1
1,0.81380373,1
1,0.94944555,1
0,0.9029564,1
1,0.9302709,1
1,0.9654328,1
1,0.9445059,1
1,0.9216886,1
0,0.91709495,1
1,0.9203009,1
1,0.8940028,1
1,0.8570114,1
0,0.9170579,1
1,0.9555785,1
1,0.9397678,1
1,0.93503827,1
1,0.904709,1
0,0.8949856,1
0,0.90966415,1
1,0.8986048,1
1,0.8700802,1
1,0.8996924,1
1,0.883764,1
1,0.8851379,1
1,0.9038782,1
1,0.9177149,1
1,0.9375052,1
1,0.8993242,1
1,0.8658217,1
1,0.8433001,1
1,0.81652015,1
1,0.84871376,1
1,0.9216582,1
1,0.76253825,1
0,0.7668417,1
1,0.8349413,1
1,0.84255916,1
0,0.6694969,1
1,0.27782843,0
0,0.5201577,1
0,0.7213746,1
1,0.85423744,1
1,0.7929062,1
1,0.7980407,1
0,0.8179348,1
1,0.8187579,1
1,0.8229439,1
1,0.72520983,1
1,0.83235645,1
0,0.7620928,1
0,0.8283919,1
1,0.8298898,1
1,0.4850084,0
1,0.39934596,0
0,0.37007427,0
0,0.40271297,0
1,0.7927694,1
1,0.7772461,1
1,0.8200765,1
1,0.773275,1
1,0.84572613,1
1,0.7839587,1
1,0.854853,1
1,0.8467332,1
1,0.8263091,1
1,0.80750674,1
1,0.8080256,1
1,0.7635839,1
1,0.80864465,1
1,0.8240069,1
1,0.75943446,1
0,0.8234832,1
1,0.7957946,1
1,0.72203547,1
1,0.789699,1
1,0.7543485,1
1,0.8154193,1
1,0.73576844,1
1,0.81203145,1
1,0.7822302,1
1,0.78026336,1
1,0.6385943,1
1,0.64759594,1
1,0.70516026,1
0,0.6550288,1
0,0.15299979,0
1,0.6014008,1
0,0.65472066,1
0,0.7134859,1
1,0.57195175,1
1,0.7828897,1
1,0.78979003,1
1,0.72292143,1
1,0.7953163,1
1,0.79508156,1
1,0.73264,1
1,0.7042693,1
0,0.75559974,1
1,0.6933981,1
1,0.64749086,1
1,0.8307293,1
0,0.8004376,1
1,0.7792162,1
0,0.7869944,1
0,0.8110851,1
1,0.8336946,1
1,0.72994184,1
0,0.75555164,1
1,0.75990576,1
1,0.7900596,1
1,0.8314799,1
1,0.8429426,1
1,0.8432933,1
1,0.8580833,1
1,0.6638321,1
1,0.8467233,1
1,0.86249435,1
1,0.8326984,1
0,0.8475112,1
1,0.8372641,1
1,0.79937,1
1,0.8378234,1
1,0.84482586,1
1,0.77873194,1
1,0.86667484,1
1,0.79009366,1
1,0.85445476,1
0,0.8060806,1
1,0.8352852,1
1,0.8136008,1
1,0.8547493,1
1,0.8172369,1
1,0.83885676,1
0,0.60726994,1
1,0.66093564,1
0,0.72314703,1
0,0.7700214,1
1,0.61244464,1
1,0.7869587,1
0,0.75478774,1
1,0.7913093,1
1,0.7521631,1
0,0.7948075,1
1,0.8088651,1
1,0.81608444,1
1,0.65763384,1
1,0.784874,1
1,0.8087515,1
1,0.795011,1
1,0.7544135,1
1,0.8194564,1
1,0.76418996,1
1,0.82398903,1
0,0.8015249,1
1,0.8297984,1
1,0.82466304,1
0,0.83244723,1
0,0.8169845,1
1,0.82573825,1
1,0.8282249,1
0,0.7836569,1
1,0.8148668,1
1,0.7716884,1
1,0.8191234,1
1,0.7379496,1
1,0.7754756,1
1,0.79550695,1
1,0.79782045,1
1,0.7571136,1
1,0.80995405,1
1,0.7971217,1
1,0.8121767,1
1,0.7645466,1
1,0.8453302,1
1,0.8537307,1
1,0.8139549,1
1,0.795397,1
1,0.7397877,1
0,0.7712563,1
0,0.55618215,1
0,0.7955032,1
0,0.75520235,1
1,0.7963082,1
0,0.8507406,1
1,0.82276845,1
0,0.87881196,1
1,0.8796271,1
1,0.8726888,1
1,0.7396094,1
1,0.84945536,1
1,0.83191025,1
1,0.80046445,1
1,0.8038755,1
1,0.53677917,1
0,0.109257795,0
1,0.84056246,1
1,0.7645355,1
1,0.72058547,1
1,0.7447259,1
0,0.6170282,1
1,0.746843,1
1,0.7747378,1
1,0.8355674,1
1,0.77995867,1
1,0.8579181,1
1,0.7318089,1
1,0.7571768,1
1,0.8039411,1
1,0.7387552,1
1,0.7764332,1
1,0.3411678,0
0,0.39370307,0
0,0.14966999,0
0,0.29468286,0
0,0.32244834,0
0,0.5364904,1
0,0.36478674,0
1,0.6931943,1
1,0.5970376,1
1,0.8537085,1
1,0.854498,1
1,0.43910912,0
1,0.43955472,0
0,0.45910627,0
1,0.9550218,1
1,0.83919394,1
1,0.88766134,1
1,0.93875253,1
1,0.9265782,1
0,0.8506999,1
1,0.82355934,1
1,0.75906086,1
1,0.80834496,1
1,0.7619238,1
1,0.72161883,1
1,0.8700414,1
1,0.8002099,1
0,0.81172454,1
1,0.80235136,1
1,0.7900379,1
0,0.76579726,1
1,0.79032904,1
1,0.80104595,1
1,0.77309626,1
1,0.8737035,1
1,0.8121352,1
1,0.76155347,1
1,0.66869545,1
0,0.5495183,1
0,0.6397254,1
0,0.71411353,1
0,0.72068703,1
1,0.8336088,1
0,0.7261921,1
0,0.7368053,1
1,0.83264124,1
0,0.8213317,1
0,0.49544773,0
0,0.46269584,0
1,0.6485653,1
0,0.39713332,0
1,0.47033694,0
0,0.6968398,1
1,0.7539091,1
1,0.8392356,1
1,0.79733807,1
1,0.80141133,1
1,0.48424974,0
1,0.50899416,1
1,0.85886496,1
0,0.84204865,1
1,0.8565613,1
0,0.8670427,1
1,0.6745711,1
0,0.8568942,1
1,0.8648916,1
1,0.8104222,1
0,0.63659817,1
1,0.7463701,1
0,0.82776856,1
1,0.79859257,1
1,0.75795376,1
1,0.8370446,1
1,0.9295993,1
1,0.86808795,1
1,0.78080064,1
1,0.77419436,1
1,0.83685,1
1,0.73414487,1
1,0.7626631,1
0,0.8093423,1
1,0.6966203,1
1,0.6108002,1
1,0.7460551,1
1,0.596842,1
0,0.60781693,1
1,0.7514134,1
1,0.6762442,1
0,0.6605401,1
1,0.7158814,1
0,0.61978185,1
0,0.5955029,1
1,0.54429525,1
1,0.6129337,1
0,0.4871358,0
1,0.62113434,1
1,0.5280523,1
0,0.63006526,1
1,0.39703256,0
0,0.4866032,0
1,0.5388397,1
1,0.5416147,1
1,0.6758413,1
1,0.6302152,1
0,0.6133545,1
1,0.75465286,1
1,0.7381447,1
1,0.72783154,1
1,0.7181104,1
1,0.7617596,1
1,0.78113246,1
0,0.807855,1
1,0.81808054,1
1,0.80653435,1
1,0.68564737,1
1,0.69244933,1
1,0.7180933,1
1,0.7861805,1
1,0.7109588,1
1,0.7893904,1
1,0.70158494,1
1,0.26301292,0
1,0.5286455,1
1,0.83041596,1
1,0.8124599,1
1,0.782881,1
1,0.7987526,1
1,0.35899696,0
1,0.6462776,1
1,0.6905071,1
0,0.76921403,1
1,0.5727675,1
1,0.6785882,1
1,0.6910282,1
1,0.53755736,1
1,0.8694641,1
1,0.7940831,1
0,0.84748137,1
1,0.8374965,1
1,0.8363174,1
1,0.52121806,1
0,0.7505331,1
0,0.8679956,1
1,0.8001711,1
1,0.6926228,1
0,0.7175479,1
0,0.6788738,1
1,0.7993884,1
1,0.7640807,1
1,0.7880451,1
1,0.70071125,1
1,0.77768683,1
0,0.62046236,1
0,0.6989494,1
1,0.6245674,1
1,0.7688047,1
0,0.6830681,1
1,0.61447513,1
1,0.74777764,1
1,0.6187441,1
1,0.4820556,0
1,0.5992741,1
1,0.6116737,1
1,0.6828014,1
1,0.70147175,1
0,0.6917042,1
1,0.75084496,1
0,0.7663528,1
0,0.63705844,1
1,0.65552926,1
1,0.7154368,1
0,0.82040274,1
1,0.70625114,1
1,0.7382497,1
1,0.71033794,1
1,0.7926384,1
1,0.8406967,1
1,0.81880325,1
1,0.8164878,1
1,0.8734056,1
1,0.80182606,1
1,0.77813715,1
1,0.61475027,1
1,0.7031385,1
1,0.73620886,1
1,0.7041442,1
1,0.7778928,1
1,0.6852067,1
1,0.6184723,1
1,0.7702323,1
1,0.6336657,1
0,0.7742493,1
1,0.7146337,1
0,0.60944223,1
0,0.8294966,1
1,0.8742229,1
0,0.9161167,1
1,0.7970459,1
0,0.87387407,1
1,0.7945572,1
1,0.7617105,1
1,0.8108645,1
1,0.83889467,1
0,0.75344056,1
1,0.72385824,1
1,0.7794482,1
1,0.71086407,1
1,0.8416651,1
1,0.83683246,1
1,0.778816,1
1,0.7992323,1
1,0.8108409,1
1,0.8072065,1
1,0.8965048,1
1,0.76317734,1
0,0.73350763,1
0,0.7597082,1
0,0.73157364,1
1,0.7349824,1
1,0.6591273,1
1,0.75852114,1
1,0.8684931,1
1,0.84499043,1
1,0.83112174,1
1,0.8181445,1
0,0.8119918,1
1,0.58722407,1
0,0.34864387,0
0,0.4259796,0
0,0.6061656,1
0,0.78559846,1
0,0.45809278,0
1,0.5382708,1
0,0.55282986,1
1,0.60957396,1
0,0.34169376,0
0,0.55667967,1
1,0.45545843,0
1,0.5218401,1
1,0.7743498,1
1,0.7295435,1
1,0.69933915,1
1,0.79273057,1
1,0.7454638,1
0,0.856759,1
1,0.7687148,1
1,0.74160653,1
1,0.7428384,1
0,0.7271717,1
1,0.7313698,1
1,0.7466633,1
0,0.7663098,1
0,0.7791724,1
1,0.78753346,1
1,0.74503446,1
1,0.7425287,1
1,0.7321494,1
0,0.6908002,1
0,0.7274526,1
1,0.6895153,1
1,0.7072339,1
1,0.5675448,1
1,0.4401674,0
1,0.5155096,1
1,0.7399111,1
0,0.7474375,1
0,0.68447465,1
1,0.8199884,1
1,0.81616646,1
1,0.8734573,1
1,0.8914549,1
0,0.8687071,1
1,0.84676635,1
0,0.83572006,1
0,0.82595354,1
1,0.8122874,1
0,0.51407397,1
1,0.80644864,1
1,0.31186074,0
0,0.35777405,0
0,0.25152987,0
0,0.31712154,0
1,0.19885099,0
0,0.29373255,0
1,0.32382995,0
0,0.23465024,0
0,0.1281807,0
0,0.12491932,0
0,0.19650899,0
1,0.63541543,1
1,0.4144354,0
1,0.759788,1
0,0.79035586,1
1,0.35242894,0
1,0.7707887,1
1,0.59794813,1
0,0.22207609,0
0,0.44613856,0
0,0.33775708,0
0,0.2612957,0
0,0.19432311,0
0,0.17012085,0
0,0.15563975,0
1,0.4730793,0
1,0.23385331,0
1,0.779195,1
1,0.78353846,1
1,0.772705,1
0,0.7648197,1
1,0.78665745,1
1,0.84293437,1
1,0.8360723,1
1,0.7611872,1
1,0.76971674,1
1,0.7930945,1
0,0.78813064,1
1,0.7772287,1
1,0.71216035,1
1,0.70739245,1
1,0.685125,1
0,0.6951759,1
0,0.7484175,1
1,0.5211971,1
1,0.7571896,1
1,0.6643787,1
1,0.5183009,1
1,0.64334506,1
1,0.7113358,1
1,0.6817533,1
1,0.7010904,1
0,0.76130736,1
0,0.75428,1
1,0.6488888,1
1,0.74698925,1
1,0.7606367,1
1,0.7509198,1
1,0.7703765,1
0,0.69124216,1
1,0.72300476,1
1,0.7424301,1
1,0.73773104,1
1,0.70589477,1
1,0.7247443,1
1,0.747217,1
1,0.80462307,1
0,0.75290954,1
1,0.7505992,1
1,0.72782665,1
1,0.80504364,1
1,0.8110212,1
1,0.8161439,1
1,0.73260605,1
1,0.7656096,1
1,0.7579818,1
1,0.7032018,1
1,0.49955538,0
1,0.79864603,1
1,0.7731763,1
0,0.9370315,1
0,0.88917506,1
1,0.78674734,1
1,0.81596464,1
0,0.4127563,0
1,0.33845872,0
1,0.87897265,1
0,0.88214564,1
0,0.89033496,1
1,0.86301565,1
1,0.85015047,1
1,0.8453745,1
1,0.7992505,1
0,0.80283,1
1,0.85612017,1
1,0.8303884,1
1,0.8275755,1
0,0.8614692,1
0,0.8655927,1
0,0.86985785,1
1,0.8804018,1
1,0.7346457,1
1,0.85485506,1
1,0.8377345,1
1,0.79232556,1
1,0.7599103,1
1,0.7188847,1
1,0.64768386,1
1,0.74385315,1
0,0.69642276,1
0,0.6749061,1
1,0.6631527,1
0,0.82230616,1
0,0.7010454,1
1,0.7702871,1
1,0.82882893,1
0,0.85144293,1
1,0.8068067,1
1,0.83749217,1
0,0.84860086,1
1,0.88500524,1
1,0.8512812,1
1,0.79007375,1
1,0.83410335,1
0,0.8010195,1
1,0.74615365,1
0,0.8040351,1
1,0.8115937,1
0,0.7651612,1
1,0.72190285,1
1,0.7857589,1
0,0.54221785,1
1,0.5034521,1
0,0.55738306,1
0,0.6179276,1
1,0.86597526,1
0,0.5655042,1
1,0.5672182,1
0,0.728288,1
0,0.4760992,0
0,0.58812106,1
1,0.8230947,1
1,0.639642,1
0,0.8037443,1
1,0.7141974,1
0,0.42715964,0
0,0.7899381,1
1,0.747345,1
1,0.8123593,1
1,0.6313673,1
1,0.80082077,1
1,0.87523687,1
1,0.8584334,1
1,0.8096345,1
0,0.8348652,1
1,0.801933,1
1,0.79310167,1
1,0.7747885,1
1,0.38141283,0
0,0.6720642,1
0,0.64470565,1
1,0.41132942,0
0,0.18489887,0
1,0.24088976,0
0,0.2564137,0
0,0.35744494,0
1,0.6445092,1
0,0.78527576,1
1,0.7901322,1
1,0.6015711,1
0,0.33443323,0
0,0.3229284,0
0,0.13351412,0
0,0.3113464,0
1,0.25139672,0
1,0.31442755,0
0,0.2488316,0
1,0.80947345,1
1,0.35704416,0
1,0.89520675,1
1,0.7808041,1
1,0.7728635,1
1,0.8530974,1
0,0.7449217,1
1,0.23499055,0
0,0.16181871,0
0,0.38565475,0
1,0.12742007,0
0,0.42405197,0
1,0.5320083,1
1,0.8530501,1
1,0.8141085,1
1,0.85137147,1
1,0.7965522,1
1,0.7218018,1
1,0.8383254,1
1,0.844318,1
1,0.8335656,1
1,0.7366517,1
0,0.7751432,1
0,0.76596874,1
1,0.7815994,1
0,0.74634266,1
1,0.78698546,1
1,0.8693037,1
1,0.8393364,1
1,0.752608,1
0,0.8369955,1
1,0.73312855,1
1,0.7262408,1
1,0.8265206,1
1,0.8346949,1
1,0.83579594,1
1,0.7805617,1
1,0.8719592,1
1,0.71637803,1
1,0.87904966,1
1,0.7569444,1
1,0.7407413,1
1,0.741274,1
0,0.8248691,1
0,0.83188736,1
1,0.80212086,1
1,0.69130373,1
1,0.8932332,1
0,0.7761077,1
0,0.7918823,1
1,0.80013394,1
1,0.7953,1
1,0.80681145,1
1,0.7930772,1
1,0.7976711,1
1,0.7542835,1
1,0.29598278,0
1,0.27327055,0
1,0.2572141,0
0,0.46650666,0
0,0.6568082,1
1,0.78250974,1
1,0.8326682,1
1,0.85051143,1
1,0.7262788,1
1,0.42709705,0
1,0.91079384,1
0,0.7926025,1
0,0.6463629,1
1,0.8796129,1
1,0.6562167,1
1,0.7992898,1
1,0.66767496,1
1,0.7558353,1
1,0.82309586,1
1,0.74399,1
1,0.826389,1
1,0.84337914,1
1,0.84692234,1
1,0.896695,1
1,0.80781364,1
0,0.30546635,0
1,0.70987266,1
1,0.70851743,1
1,0.8187414,1
1,0.7720576,1
1,0.7492172,1
0,0.8461866,1
1,0.95967954,1
1,0.87653023,1
1,0.91265786,1
0,0.8734798,1
0,0.81576264,1
1,0.88730735,1
1,0.8706868,1
1,0.859257,1
1,0.8232646,1
1,0.76587623,1
1,0.8710667,1
0,0.7368015,1
1,0.80267876,1
1,0.77862966,1
1,0.81104857,1
1,0.8019261,1
1,0.6429874,1
1,0.38939223,0
0,0.77129906,1
1,0.581239,1
1,0.6968365,1
1,0.767506,1
1,0.5272922,1
0,0.24246097,0
0,0.6482394,1
1,0.65419286,1
1,0.78045326,1
1,0.93024904,1
1,0.914453,1
0,0.90472895,1
0,0.92519957,1
1,0.91998136,1
1,0.89389735,1
0,0.21765445,0
0,0.56685483,1
1,0.6180874,1
1,0.70552003,1
1,0.49238524,0
1,0.6521723,1
0,0.73935956,1
0,0.71543413,1
1,0.7596189,1
1,0.585561,1
0,0.6440613,1
1,0.5603189,1
0,0.53013885,1
0,0.5320274,1
0,0.41916725,0
1,0.58748853,1
0,0.37874493,0
0,0.2983867,0
1,0.4149256,0
0,0.45462906,0
1,0.6872452,1
0,0.45419952,0
1,0.4977437,0
1,0.5345889,1
1,0.5028911,1
1,0.5861906,1
1,0.60246575,1
1,0.57545274,1
0,0.58742315,1
1,0.57197696,1
0,0.63516873,1
1,0.59383005,1
0,0.13460241,0
0,0.04284673,0
0,0.1333442,0
0,0.021512732,0
0,0.114284605,0
0,0.26811808,0
0,0.22243808,0
0,0.36997205,0
0,0.16227166,0
0,0.10772131,0
0,0.2786413,0
0,0.13338563,0
0,0.15562484,0
0,0.07138738,0
0,0.18138112,0
0,0.21112747,0
1,0.4825975,0
1,0.46861354,0
0,0.39216423,0
0,0.3142367,0
0,0.31280565,0
1,0.40039384,0
1,0.30816403,0
0,0.4046959,0
1,0.44484133,0
1,0.50593984,1
0,0.62986255,1
0,0.5737577,1
0,0.60213643,1
0,0.48421508,0
0,0.5898564,1
0,0.641232,1
0,0.67609954,1
1,0.42894912,0
1,0.54661775,1
1,0.49270985,0
1,0.6516125,1
0,0.6540988,1
1,0.81754625,1
1,0.82302576,1
1,0.8037885,1
1,0.7098413,1
0,0.74359435,1
1,0.6166111,1
0,0.6961838,1
1,0.7340718,1
0,0.7126172,1
1,0.69129854,1
1,0.82657516,1
1,0.68348235,1
0,0.6830558,1
0,0.49262664,0
1,0.65789855,1
1,0.70919585,1
1,0.67893755,1
1,0.7683985,1
1,0.7560453,1
1,0.60042894,1
1,0.780835,1
1,0.66250235,1
0,0.7445046,1
0,0.7695238,1
1,0.70797926,1
1,0.82591635,1
0,0.76589507,1
1,0.76368254,1
1,0.74324685,1
1,0.791936,1
0,0.6802395,1
1,0.8292116,1
1,0.8041934,1
1,0.7664905,1
1,0.81790674,1
1,0.7142924,1
0,0.67773134,1
1,0.7186197,1
1,0.7679593,1
0,0.65002906,1
1,0.7498129,1
1,0.7767789,1
0,0.7466639,1
1,0.8143282,1
0,0.77561253,1
1,0.75738275,1
1,0.79138803,1
0,0.79531854,1
0,0.84266865,1
1,0.82908064,1
1,0.7691707,1
1,0.49289513,0
1,0.7429774,1
1,0.6923876,1
0,0.6920243,1
1,0.77192336,1
1,0.7943997,1
1,0.82806104,1
0,0.7458381,1
1,0.8129161,1
0,0.7986434,1
0,0.70184845,1
1,0.7086781,1
1,0.72707087,1
1,0.75405985,1
1,0.7522647,1
1,0.7769445,1
1,0.7366635,1
1,0.8214209,1
1,0.9046859,1
1,0.886121,1
1,0.8807607,1
1,0.6084033,1
0,0.588955,1
0,0.743426,1
1,0.7862145,1
1,0.82887477,1
1,0.7953674,1
0,0.7937435,1
1,0.9108714,1
1,0.8648651,1
1,0.9177081,1
1,0.88048446,1
1,0.799162,1
1,0.6614431,1
1,0.6729751,1
1,0.7395713,1
1,0.3341888,0
1,0.6209305,1
1,0.67979115,1
1,0.7454296,1
1,0.81134695,1
1,0.71213824,1
1,0.7062354,1
1,0.68999416,1
1,0.73055696,1
1,0.66751146,1
1,0.64400274,1
0,0.64219785,1
1,0.78604645,1
0,0.67438877,1
0,0.68498397,1
1,0.6635614,1
1,0.642441,1
1,0.63818765,1
0,0.6584673,1
1,0.6564831,1
0,0.62479764,1
1,0.68680674,1
1,0.80575407,1
1,0.65581924,1
1,0.7342848,1
1,0.7150359,1
1,0.70333856,1
0,0.27408975,0
1,0.7878025,1
1,0.7534564,1
0,0.7785709,1
0,0.7515438,1
0,0.7723829,1
0,0.7983275,1
0,0.7675012,1
1,0.78359646,1
1,0.7625665,1
1,0.7452636,1
1,0.7545652,1
1,0.70772034,1
1,0.67255324,1
1,0.7587851,1
1,0.8017853,1
1,0.79524094,1
1,0.7637767,1
1,0.7094787,1
1,0.7826342,1
1,0.8244093,1
1,0.6951568,1
1,0.7523532,1
1,0.7406939,1
0,0.78216815,1
0,0.7003299,1
0,0.7349232,1
0,0.74793756,1
1,0.7848943,1
0,0.6750764,1
1,0.81055564,1
1,0.7916704,1
1,0.77410376,1
1,0.7873417,1
0,0.82578677,1
1,0.7661437,1
1,0.76554066,1
1,0.77615744,1
1,0.8193708,1
1,0.8749712,1
0,0.8055925,1
1,0.728244,1
1,0.8034231,1
1,0.58964103,1
1,0.7538864,1
0,0.6784489,1
1,0.75469565,1
1,0.7671974,1
1,0.76774645,1
1,0.80746603,1
1,0.73193085,1
1,0.7181923,1
1,0.75607145,1
1,0.7867335,1
0,0.842776,1
0,0.6836939,1
1,0.7009183,1
1,0.7710788,1
1,0.81779385,1
1,0.7582516,1
0,0.7524944,1
1,0.77377397,1
1,0.7963886,1
1,0.76983386,1
0,0.7423083,1
1,0.8643644,1
1,0.8239806,1
1,0.77098906,1
0,0.75295794,1
1,0.77735794,1
1,0.60606134,1
1,0.49186194,0
0,0.8749532,1
1,0.94247264,1
1,0.88208294,1
1,0.89057326,1
1,0.90804476,1
1,0.8515909,1
1,0.8734087,1
1,0.88411224,1
1,0.87174374,1
1,0.82791084,1
1,0.8547374,1
1,0.8178456,1
1,0.8138558,1
1,0.8368595,1
1,0.8590568,1
1,0.87623364,1
1,0.8489015,1
0,0.861355,1
1,0.81199473,1
1,0.89775276,1
1,0.8833823,1
1,0.8787037,1
0,0.8988658,1
1,0.32684946,0
1,0.7979314,1
0,0.44963992,0
0,0.10964189,0
1,0.23082942,0
1,0.27542004,0
0,0.3508025,0
1,0.50328356,1
1,0.3766549,0
1,0.32341868,0
1,0.3973059,0
0,0.4381783,0
1,0.3358934,0
1,0.25813887,0
0,0.030415138,0
1,0.34483874,0
1,0.88295186,1
1,0.8692931,1
1,0.849483,1
1,0.8507201,1
0,0.80469334,1
1,0.8543353,1
0,0.8024191,1
0,0.8131165,1
0,0.72437865,1
0,0.8094638,1
0,0.7276975,1
1,0.73609185,1
0,0.79403085,1
1,0.71350324,1
1,0.7961321,1
1,0.8353179,1
1,0.8764736,1
1,0.7938901,1
1,0.7982822,1
1,0.7715239,1
1,0.8133174,1
1,0.8288209,1
0,0.79024386,1
0,0.8049123,1
0,0.7482087,1
0,0.80405945,1
0,0.75568724,1
0,0.7433596,1
0,0.6728178,1
1,0.75361663,1
0,0.77111787,1
0,0.79491067,1
1,0.7853419,1
1,0.66865295,1
1,0.7879029,1
1,0.70900804,1
1,0.71412295,1
0,0.7024989,1
1,0.8068846,1
0,0.7881545,1
1,0.79576564,1
0,0.6276646,1
0,0.42269245,0
1,0.65709317,1
1,0.8725994,1
1,0.80800307,1
1,0.70434535,1
0,0.2979232,0
0,0.22377384,0
0,0.08925361,0
0,0.087138616,0
0,0.2170768,0
0,0.06432248,0
0,0.10360018,0
0,0.29172358,0
0,0.12074154,0
1,0.25369364,0
0,0.25337508,0
0,0.2414861,0
1,0.26669574,0
0,0.23280643,0
1,0.33581194,0
0,0.3218209,0
0,0.12170187,0
0,0.31527793,0
0,0.33996242,0
1,0.7083078,1
1,0.8999921,1
1,0.8488528,1
1,0.83290666,1
1,0.9250421,1
1,0.8929882,1
1,0.4771817,0
1,0.8560738,1
1,0.47004077,0
1,0.46973518,0
1,0.56699836,1
1,0.6397659,1
1,0.3872285,0
1,0.37475517,0
0,0.4914823,0
1,0.42892754,0
0,0.29525295,0
0,0.107385054,0
0,0.24993022,0
0,0.3540996,0
0,0.32817805,0
1,0.35363117,0
0,0.44228593,0
0,0.087101296,0
1,0.7254065,1
1,0.72248816,1
1,0.8639593,1
1,0.68011284,1
1,0.81179434,1
0,0.51508504,1
1,0.8198815,1
1,0.77803105,1
1,0.79929566,1
1,0.70836884,1
1,0.78582,1
0,0.7308135,1
1,0.683281,1
1,0.78032786,1
0,0.7378027,1
1,0.7839366,1
1,0.72704554,1
1,0.76006496,1
1,0.74595124,1
1,0.814234,1
1,0.7973213,1
1,0.73786277,1
0,0.8289382,1
1,0.83448786,1
1,0.8551208,1
1,0.8166253,1
1,0.78825617,1
1,0.8249092,1
1,0.8515223,1
1,0.82078844,1
1,0.7862943,1
0,0.8321047,1
1,0.8531646,1
1,0.72425914,1
1,0.7250235,1
0,0.75522536,1
1,0.8468087,1
1,0.8452244,1
1,0.865624,1
1,0.8748196,1
0,0.79782695,1
0,0.7772652,1
0,0.75769997,1
0,0.72670877,1
1,0.72740376,1
0,0.7502352,1
1,0.8739861,1
1,0.8112437,1
1,0.6950166,1
1,0.87190205,1
1,0.7796773,1
1,0.74560153,1
1,0.6706503,1
1,0.777418,1
1,0.6985174,1
1,0.6827555,1
1,0.7023722,1
0,0.8428628,1
1,0.6773061,1
1,0.68547493,1
1,0.6774322,1
1,0.81228536,1
1,0.80823755,1
1,0.7462119,1
1,0.7375152,1
1,0.78558457,1
1,0.791272,1
1,0.42173114,0
1,0.44615424,0
1,0.6666303,1
1,0.4592883,0
0,0.70287144,1
0,0.71809083,1
1,0.738782,1
1,0.7264833,1
0,0.7873971,1
0,0.6945092,1
0,0.7262548,1
0,0.85484767,1
1,0.82098407,1
1,0.82045585,1
1,0.8608076,1
0,0.8610301,1
1,0.8745567,1
1,0.7836365,1
1,0.84335005,1
1,0.8361956,1
1,0.75013196,1
1,0.79813343,1
1,0.8490179,1
1,0.8709246,1
1,0.7366388,1
1,0.7659831,1
1,0.85419124,1
1,0.73632663,1
1,0.7958337,1
0,0.8169506,1
0,0.7527501,1
1,0.79092324,1
0,0.82813954,1
1,0.778321,1
1,0.81503713,1
0,0.79743016,1
1,0.7983267,1
1,0.77537215,1
1,0.78630763,1
1,0.7341893,1
0,0.83571243,1
0,0.91896594,1
1,0.8904486,1
1,0.785384,1
1,0.84999645,1
1,0.8789477,1
1,0.85155344,1
1,0.81241804,1
0,0.77169883,1
0,0.8465704,1
1,0.86482644,1
1,0.8360205,1
1,0.86713815,1
1,0.8228874,1
1,0.8336984,1
0,0.8101787,1
1,0.7944603,1
1,0.83495635,1
1,0.75767857,1
1,0.8184847,1
0,0.8277954,1
1,0.80107635,1
1,0.7895487,1
1,0.7861505,1
1,0.77729976,1
1,0.8703555,1
1,0.81980366,1
0,0.80852246,1
0,0.81341934,1
0,0.8086644,1
1,0.7744525,1
1,0.80002105,1
1,0.7926063,1
1,0.771188,1
1,0.7853,1
1,0.8114331,1
1,0.81212705,1
1,0.8237043,1
1,0.78573775,1
0,0.7680656,1
1,0.8152768,1
1,0.804742,1
1,0.7778449,1
1,0.8054418,1
1,0.8382188,1
1,0.6339381,1
1,0.82927585,1
0,0.5103889,1
1,0.5695293,1
1,0.5635316,1
1,0.6493089,1
1,0.7989315,1
1,0.66390485,1
0,0.6499476,1
0,0.72859716,1
0,0.5641949,1
1,0.5249371,1
1,0.4659262,0
0,0.67218584,1
0,0.41135913,0
1,0.7582737,1
1,0.805101,1
1,0.68205655,1
1,0.8160806,1
1,0.80458254,1
0,0.8470558,1
1,0.727438,1
1,0.7519721,1
1,0.597238,1
0,0.7000438,1
0,0.4477819,0
1,0.5543083,1
1,0.71659493,1
1,0.6940589,1
1,0.76580685,1
1,0.80611503,1
1,0.8293181,1
1,0.81855416,1
1,0.82795554,1
1,0.84477705,1
1,0.8077926,1
0,0.20358692,0
1,0.3622227,0
0,0.2533279,0
0,0.17494151,0
1,0.18565115,0
1,0.44432616,0
0,0.55772203,1
0,0.8085058,1
0,0.77750736,1
1,0.75344217,1
1,0.21901959,0
0,0.20782985,0
0,0.4664769,0
1,0.5743892,1
1,0.25414252,0
1,0.2615868,0
0,0.8596444,1
1,0.9261614,1
1,0.84232104,1
1,0.869082,1
1,0.82960546,1
1,0.91291136,1
1,0.8923588,1
1,0.9065537,1
0,0.8350463,1
0,0.87981784,1
0,0.7729747,1
1,0.78982407,1
1,0.7335359,1
0,0.8031427,1
1,0.7797823,1
1,0.7791636,1
0,0.78655136,1
1,0.7595939,1
1,0.7966986,1
1,0.79340714,1
1,0.881352,1
0,0.74535584,1
1,0.8411916,1
1,0.83038783,1
0,0.43097925,0
1,0.38476264,0
1,0.33391076,0
1,0.5879941,1
1,0.7050791,1
1,0.7296689,1
1,0.6776434,1
1,0.4590742,0
0,0.29793447,0
1,0.60351694,1
1,0.6470986,1
0,0.65217304,1
1,0.87082297,1
0,0.6652737,1
0,0.51374334,1
1,0.5210595,1
0,0.5456622,1
0,0.6198145,1
0,0.2969477,0
0,0.7362246,1
0,0.4553016,0
0,0.5587328,1
0,0.26476744,0
1,0.4896361,0
1,0.48779836,0
0,0.42798617,0
1,0.5105,1
0,0.4581787,0
0,0.29771453,0
0,0.5212306,1
0,0.26318958,0
0,0.33536586,0
1,0.6528317,1
1,0.7008545,1
1,0.68573797,1
1,0.7884926,1
1,0.75161076,1
1,0.5523383,1
0,0.68386376,1
1,0.8398789,1
0,0.7534204,1
1,0.8403521,1
1,0.8528395,1
1,0.9302074,1
0,0.8140576,1
0,0.8381318,1
1,0.87540156,1
1,0.83762956,1
1,0.8342791,1
1,0.77044505,1
1,0.85089517,1
1,0.7920897,1
0,0.19006108,0
0,0.18966943,0
0,0.35152683,0
1,0.5218374,1
1,0.78915554,1
1,0.7504584,1
1,0.748097,1
1,0.741774,1
1,0.74019474,1
1,0.66649914,1
1,0.68208474,1
1,0.79786223,1
1,0.8178177,1
1,0.6947429,1
0,0.67590225,1
0,0.7371261,1
0,0.76363915,1
0,0.7401579,1
0,0.653729,1
1,0.816346,1
1,0.78775185,1
1,0.7519959,1
0,0.7469713,1
1,0.77167875,1
1,0.6672339,1
1,0.27742904,0
1,0.75889724,1
1,0.42689952,0
1,0.49679798,0
1,0.8839266,1
0,0.93741035,1
1,0.8650823,1
1,0.821135,1
1,0.89670175,1
1,0.83133125,1
1,0.80126923,1
1,0.84274554,1
1,0.8857467,1
1,0.8680933,1
1,0.89554214,1
1,0.9019498,1
1,0.90092915,1
1,0.8910049,1
0,0.8469328,1
1,0.9095245,1
0,0.5518759,1
0,0.6143739,1
1,0.70000625,1
0,0.64366066,1
1,0.5903968,1
0,0.5940182,1
1,0.5532715,1
1,0.65351725,1
0,0.6443211,1
0,0.538233,1
1,0.55975336,1
0,0.49126124,0
0,0.58986866,1
0,0.5505684,1
0,0.4436005,0
1,0.50541395,1
0,0.5262323,1
0,0.5044422,1
0,0.5345208,1
1,0.5577549,1
0,0.40719426,0
1,0.620742,1
0,0.5686999,1
1,0.5172215,1
0,0.5241398,1
0,0.43645072,0
1,0.73643684,1
1,0.6558881,1
1,0.563802,1
1,0.5773558,1
1,0.65023375,1
1,0.7130776,1
0,0.5393133,1
0,0.56237847,1
1,0.39721045,0
1,0.60218084,1
1,0.68996364,1
1,0.85916495,1
1,0.862361,1
1,0.786052,1
1,0.6162692,1
1,0.7101954,1
1,0.7633909,1
0,0.82547945,1
1,0.80491155,1
1,0.82396114,1
1,0.7855489,1
0,0.84457237,1
1,0.8799377,1
1,0.77999216,1
0,0.84863985,1
1,0.30400068,0
0,0.24144481,0
0,0.3450134,0
1,0.40615776,0
0,0.3759578,0
1,0.6366234,1
0,0.47059557,0
0,0.8102728,1
1,0.3535998,0
0,0.59604007,1
0,0.68453664,1
1,0.75478053,1
0,0.3853247,0
1,0.90864354,1
0,0.36912146,0
0,0.58739775,1
0,0.4101659,0
0,0.47150025,0
1,0.4778641,0
0,0.3960939,0
0,0.35870403,0
0,0.50306225,1
0,0.6158991,1
1,0.3841231,0
1,0.69193965,1
1,0.78846824,1
1,0.6502188,1
1,0.8977175,1
1,0.86689854,1
1,0.8635022,1
1,0.884446,1
1,0.855481,1
1,0.89368725,1
1,0.887962,1
1,0.8668372,1
1,0.8874016,1
1,0.90284693,1
0,0.91338724,1
1,0.9038526,1
1,0.854082,1
1,0.9092583,1
1,0.83261245,1
1,0.90693027,1
1,0.86650115,1
1,0.8701817,1
1,0.8228806,1
1,0.8749314,1
0,0.8359469,1
1,0.8067211,1
1,0.8264488,1
1,0.85559493,1
0,0.80472624,1
1,0.8049799,1
1,0.5581495,1
1,0.2985773,0
1,0.5224466,1
1,0.38788545,0
1,0.5565687,1
1,0.7362758,1
1,0.8623037,1
0,0.44255617,0
1,0.77622706,1
0,0.7028591,1
1,0.71220994,1
1,0.65158856,1
1,0.773811,1
1,0.79730654,1
1,0.75033337,1
0,0.78343594,1
1,0.6625231,1
0,0.6761229,1
1,0.75979376,1
0,0.6386946,1
1,0.822203,1
0,0.75353754,1
1,0.8248054,1
1,0.7202982,1
1,0.68596476,1
0,0.37873814,0
0,0.37609285,0
1,0.8919803,1
1,0.89639187,1
1,0.82058936,1
1,0.89587206,1
1,0.8714186,1
1,0.65533614,1
0,0.84809846,1
1,0.80618566,1
1,0.8790337,1
1,0.87513477,1
1,0.80908453,1
1,0.784836,1
1,0.8292524,1
1,0.91618806,1
1,0.7461156,1
0,0.39429215,0
0,0.44456768,0
0,0.44867235,0
1,0.7994538,1
1,0.83362365,1
1,0.831561,1
1,0.50707966,1
1,0.7168652,1
1,0.84451157,1
1,0.8363605,1
1,0.46568006,0
0,0.36546785,0
1,0.6909532,1
0,0.69002765,1
1,0.80637276,1
0,0.84483266,1
1,0.83836776,1
1,0.8305128,1
1,0.7815684,1
0,0.7678638,1
1,0.74173623,1
0,0.36666253,0
1,0.6999339,1
1,0.6717896,1
0,0.45835117,0
0,0.66861176,1
1,0.34054482,0
1,0.8365149,1
1,0.770066,1
0,0.6163463,1
1,0.77900046,1
1,0.8479807,1
1,0.7419883,1
0,0.7391026,1
0,0.7692089,1
0,0.75923103,1
1,0.7111511,1
0,0.6903727,1
1,0.89175934,1
0,0.7799923,1
1,0.8172619,1
1,0.80575925,1
1,0.8366174,1
1,0.80110353,1
0,0.75984937,1
1,0.74744093,1
1,0.3689629,0
0,0.33190763,0
1,0.80635375,1
1,0.8355154,1
1,0.334954,0
1,0.8400588,1
0,0.49990276,0
0,0.5295135,1
1,0.81721556,1
1,0.81371325,1
1,0.8221329,1
1,0.87273604,1
1,0.8373442,1
1,0.8657657,1
1,0.7895538,1
1,0.8534878,1
1,0.86765677,1
1,0.819336,1
1,0.76221794,1
1,0.76155955,1
1,0.7283939,1
0,0.6851452,1
1,0.6865939,1
1,0.7325967,1
0,0.7060641,1
1,0.78793484,1
0,0.7962084,1
1,0.7408259,1
1,0.79083824,1
0,0.71873266,1
1,0.77272916,1
1,0.79897076,1
1,0.7294153,1
1,0.73146164,1
1,0.72959477,1
1,0.7373566,1
1,0.73218,1
1,0.79674935,1
1,0.79503995,1
1,0.73445934,1
1,0.77919126,1
1,0.8261354,1
1,0.74624836,1
1,0.8026316,1
1,0.82397157,1
1,0.75194615,1
1,0.7842092,1
1,0.8316502,1
1,0.8349989,1
1,0.75910425,1
1,0.7480874,1
0,0.59264046,1
0,0.5115789,1
1,0.7676845,1
1,0.7338914,1
1,0.77301514,1
1,0.75925213,1
0,0.7334084,1
0,0.7500564,1
1,0.7180596,1
0,0.7086863,1
1,0.72330964,1
1,0.7107072,1
0,0.7000977,1
1,0.7615874,1
0,0.7601893,1
1,0.48074356,0
0,0.6783712,1
0,0.6515979,1
0,0.7987414,1
1,0.6666137,1
0,0.65094984,1
1,0.77304596,1
1,0.42473307,0
1,0.43735975,0
0,0.35920367,0
0,0.14844215,0
0,0.1491575,0
0,0.05664334,0
1,0.44897243,0
0,0.7388656,1
1,0.5068489,1
1,0.8063933,1
0,0.86526614,1
0,0.7864944,1
1,0.9323576,1
0,0.9021069,1
1,0.848453,1
0,0.7726209,1
1,0.74314576,1
1,0.51759976,1
0,0.6668901,1
0,0.7052053,1
1,0.65102345,1
0,0.6280081,1
0,0.7283331,1
0,0.64426136,1
0,0.5897782,1
0,0.5174777,1
1,0.5254991,1
0,0.56193954,1
1,0.6440437,1
0,0.62858486,1
0,0.6072907,1
0,0.601097,1
0,0.66188735,1
0,0.6700098,1
0,0.57317996,1
0,0.59931564,1
1,0.5237811,1
1,0.73989755,1
1,0.48254374,0
0,0.6833568,1
1,0.7015009,1
1,0.601917,1
0,0.5575185,1
0,0.67678,1
0,0.7688586,1
0,0.7190569,1
0,0.6660204,1
1,0.71010107,1
0,0.7931871,1
0,0.63688046,1
1,0.29637226,0
1,0.47433034,0
1,0.33616045,0
0,0.37668854,0
1,0.36342978,0
0,0.13547356,0
0,0.34504417,0
1,0.8295658,1
1,0.85885626,1
0,0.3842279,0
1,0.25005972,0
1,0.7036933,1
1,0.8845378,1
1,0.4146649,0
1,0.17827754,0
1,0.23555274,0
1,0.3825017,0
0,0.2995474,0
1,0.707797,1
1,0.6997568,1
0,0.8439287,1
0,0.7585384,1
1,0.80247545,1
1,0.6071081,1
1,0.56636614,1
1,0.56934094,1
1,0.85243523,1
0,0.4525124,0
1,0.47119635,0
1,0.82366174,1
1,0.8548764,1
0,0.5687001,1
1,0.80191404,1
0,0.49263486,0
0,0.31165496,0
0,0.8963654,1
1,0.8817423,1
1,0.5501258,1
1,0.8191179,1
0,0.81783754,1
1,0.87012327,1
0,0.31726632,0
0,0.123600386,0
0,0.5834315,1
0,0.56354976,1
0,0.79952466,1
1,0.66635644,1
1,0.8304722,1
0,0.48352614,0
1,0.2892319,0
1,0.6912444,1
1,0.894082,1
1,0.5334474,1
1,0.18082239,0
0,0.73432624,1
0,0.35450885,0
0,0.15328191,0
1,0.72650254,1
1,0.8092864,1
0,0.7680634,1
1,0.83628803,1
1,0.8298878,1
1,0.86883354,1
1,0.84641343,1
1,0.9062923,1
0,0.8468356,1
1,0.8746662,1
1,0.8575633,1
1,0.8638428,1
1,0.9107661,1
0,0.73160577,1
1,0.7868888,1
1,0.7772377,1
1,0.8556746,1
1,0.8700707,1
1,0.8570655,1
1,0.8619637,1
0,0.26752827,0
1,0.48889905,0
1,0.66462725,1
1,0.88440555,1
1,0.8535703,1
1,0.91887385,1
1,0.88204825,1
1,0.88955444,1
1,0.87796444,1
1,0.8872562,1
1,0.8958417,1
1,0.8830962,1
1,0.8992519,1
1,0.92924154,1
0,0.8684342,1
1,0.8799353,1
0,0.3752552,0
0,0.1954234,0
1,0.38189983,0
1,0.35169205,0
1,0.30568337,0
0,0.44061384,0
1,0.30073655,0
0,0.15303695,0
0,0.06614685,0
1,0.8391857,1
1,0.8002719,1
0,0.6779172,1
1,0.8917378,1
0,0.88733304,1
1,0.85014504,1
1,0.8439116,1
1,0.808491,1
1,0.89766747,1
1,0.8588205,1
1,0.7505207,1
1,0.7567883,1
1,0.81255716,1
1,0.822706,1
1,0.87526,1
0,0.8195905,1
1,0.8289112,1
1,0.7514822,1
1,0.8302574,1
1,0.8483398,1
1,0.88046527,1
1,0.8082855,1
1,0.74007463,1
0,0.78483593,1
1,0.7308408,1
1,0.82520026,1
1,0.8565683,1
1,0.7939959,1
0,0.875094,1
1,0.9087289,1
1,0.8610047,1
1,0.8581869,1
0,0.83063203,1
1,0.8393834,1
1,0.8154663,1
1,0.83851063,1
1,0.8544708,1
1,0.8638709,1
1,0.9176148,1
1,0.88410467,1
1,0.84410053,1
1,0.87189335,1
1,0.8615712,1
1,0.8652569,1
1,0.9045187,1
1,0.8669671,1
1,0.8535372,1
1,0.88891715,1
1,0.83097714,1
1,0.8252318,1
1,0.80231017,1
1,0.76860833,1
1,0.7913799,1
1,0.81760234,1
1,0.8266454,1
1,0.8599377,1
1,0.891206,1
1,0.7801477,1
1,0.7536529,1
1,0.81588703,1
1,0.61458886,1
1,0.8014438,1
0,0.7467781,1
0,0.7785409,1
0,0.74681085,1
1,0.84467554,1
1,0.8767213,1
1,0.7145222,1
1,0.8248318,1
1,0.673732,1
1,0.7389385,1
1,0.65021366,1
1,0.8345188,1
1,0.6752955,1
1,0.82682747,1
0,0.70883256,1
0,0.4600492,0
0,0.6527369,1
1,0.6754363,1
0,0.6576582,1
1,0.73631716,1
1,0.5350195,1
1,0.71154237,1
1,0.3708886,0
1,0.35610905,0
1,0.4059996,0
0,0.3048902,0
0,0.6444263,1
1,0.7691285,1
1,0.8370176,1
1,0.50314164,1
1,0.8690059,1
1,0.79367405,1
1,0.7756069,1
0,0.8164755,1
1,0.8399739,1
1,0.8552884,1
1,0.8346459,1
1,0.8675611,1
1,0.85631436,1
1,0.888967,1
1,0.8643651,1
1,0.87424254,1
0,0.8981598,1
0,0.8982967,1
0,0.84957314,1
0,0.87062275,1
1,0.850549,1
1,0.79923385,1
1,0.8320486,1
1,0.8228693,1
1,0.83391875,1
1,0.86928463,1
1,0.8504762,1
1,0.63110036,1
1,0.23944618,0
0,0.69837785,1
0,0.7662087,1
0,0.7350823,1
1,0.48829857,0
1,0.72444,1
1,0.7329475,1
1,0.5332755,1
1,0.75518465,1
0,0.7421947,1
1,0.8700183,1
1,0.87683845,1
1,0.83837086,1
1,0.81872714,1
1,0.82158184,1
1,0.8139827,1
1,0.8792336,1
1,0.54698575,1
0,0.7702038,1
0,0.81388533,1
1,0.8571072,1
1,0.61000764,1
0,0.660667,1
1,0.58488697,1
1,0.8093862,1
1,0.86218727,1
1,0.8100439,1
0,0.83987623,1
1,0.8966387,1
1,0.8388069,1
1,0.7997704,1
1,0.8650182,1
1,0.68092895,1
1,0.77396035,1
1,0.8141165,1
1,0.8225502,1
0,0.6584792,1
0,0.82545096,1
1,0.87230223,1
1,0.9086942,1
1,0.93163484,1
1,0.9351052,1
1,0.9222473,1
1,0.9428481,1
1,0.8791345,1
1,0.7540963,1
1,0.7440845,1
1,0.810151,1
1,0.7084554,1
0,0.7891114,1
1,0.7193347,1
1,0.82051754,1
1,0.7415033,1
0,0.821424,1
1,0.7698842,1
0,0.87001634,1
1,0.8080142,1
1,0.81364876,1
0,0.85000485,1
0,0.8507066,1
1,0.7714728,1
1,0.77717835,1
1,0.8387793,1
1,0.87242407,1
1,0.8103535,1
0,0.8560515,1
1,0.88196546,1
1,0.7882892,1
1,0.80358416,1
1,0.8018907,1
0,0.7960204,1
1,0.8637295,1
1,0.849169,1
1,0.8605103,1
1,0.87631184,1
1,0.88148075,1
1,0.7947981,1
1,0.83103716,1
0,0.8583698,1
1,0.8412743,1
1,0.8312462,1
1,0.8760259,1
0,0.33461863,0
1,0.8544377,1
1,0.6509287,1
1,0.68557525,1
0,0.6168204,1
1,0.55974376,1
0,0.486752,0
1,0.8335206,1
1,0.8203472,1
0,0.8271309,1
1,0.8479613,1
1,0.86523277,1
1,0.8206053,1
1,0.83623576,1
1,0.57685643,1
0,0.8018871,1
0,0.85745454,1
1,0.88222027,1
1,0.8329743,1
1,0.7846301,1
0,0.8369401,1
0,0.537578,1
0,0.1387808,0
0,0.3926463,0
1,0.3378285,0
0,0.058115534,0
1,0.5144939,1
0,0.46390292,0
1,0.7533382,1
1,0.77607316,1
1,0.7801221,1
1,0.74469453,1
1,0.7538476,1
1,0.7724272,1
1,0.76042384,1
1,0.6724181,1
1,0.816395,1
0,0.7818029,1
0,0.833197,1
1,0.8575385,1
1,0.8683859,1
0,0.8687829,1
1,0.8495875,1
1,0.8520752,1
0,0.85776377,1
1,0.7590895,1
1,0.75632244,1
1,0.84872895,1
0,0.8598222,1
1,0.88035196,1
0,0.8388897,1
1,0.6742581,1
1,0.82571256,1
1,0.8151796,1
1,0.8790467,1
1,0.8535631,1
1,0.8565982,1
1,0.86762273,1
1,0.7523167,1
1,0.83852726,1
1,0.7620204,1
1,0.24873176,0
1,0.3972909,0
1,0.70801693,1
0,0.24119578,0
1,0.45659146,0
1,0.7514722,1
1,0.18387412,0
0,0.6775697,1
0,0.2686602,0
0,0.6398521,1
1,0.84804845,1
1,0.77755105,1
1,0.8294366,1
1,0.87813336,1
1,0.9052717,1
1,0.8590582,1
0,0.8030802,1
1,0.9398999,1
0,0.81089896,1
1,0.70158803,1
1,0.8118114,1
1,0.82161194,1
1,0.86674404,1
1,0.7978588,1
1,0.86707115,1
0,0.8008545,1
0,0.8985792,1
0,0.8777234,1
0,0.85570717,1
0,0.74221385,1
0,0.8428313,1
0,0.81694454,1
1,0.8455458,1
1,0.84626025,1
1,0.8783067,1
1,0.77881634,1
0,0.8490045,1
1,0.877102,1
1,0.7201766,1
1,0.7259653,1
1,0.79147816,1
1,0.79455435,1
1,0.7968213,1
0,0.6986438,1
1,0.8218772,1
0,0.7435876,1
1,0.8035627,1
1,0.71157146,1
0,0.7708828,1
0,0.7892937,1
0,0.8352816,1
0,0.8050108,1
1,0.88357884,1
1,0.7582552,1
1,0.8501827,1
0,0.72602856,1
1,0.7249714,1
1,0.8431673,1
1,0.6274148,1
1,0.86073625,1
1,0.83469415,1
1,0.736246,1
1,0.70461774,1
1,0.6715511,1
1,0.8508934,1
1,0.8491587,1
0,0.5479667,1
0,0.71954066,1
0,0.5494686,1
1,0.6465673,1
0,0.7430689,1
1,0.7564202,1
0,0.5892767,1
0,0.5396425,1
1,0.64800966,1
1,0.7446236,1
1,0.8729933,1
1,0.86754405,1
1,0.9323461,1
1,0.8698349,1
1,0.8887439,1
1,0.79408145,1
1,0.77341086,1
1,0.82343507,1
1,0.6529694,1
0,0.88494986,1
1,0.77960396,1
0,0.5822005,1
1,0.87553877,1
1,0.86090285,1
1,0.8700371,1
1,0.8605646,1
1,0.87464917,1
1,0.8787075,1
1,0.89410716,1
1,0.9049766,1
1,0.923672,1
1,0.91656095,1
1,0.89667594,1
1,0.92565536,1
1,0.88211215,1
0,0.88302577,1
0,0.87674046,1
1,0.89015615,1
1,0.8335342,1
0,0.650977,1
1,0.7553348,1
0,0.82463664,1
0,0.88659716,1
1,0.9135639,1
0,0.82499737,1
1,0.8635944,1
1,0.8785544,1
1,0.7996614,1
1,0.9194076,1
0,0.91626287,1
1,0.62340635,1
1,0.6777195,1
1,0.6344958,1
1,0.81610495,1
1,0.7804079,1
1,0.78173953,1
0,0.74327135,1
0,0.736705,1
0,0.71904135,1
0,0.73254246,1
0,0.7589868,1
1,0.69081044,1
1,0.74278075,1
1,0.71895826,1
1,0.72147936,1
0,0.7323081,1
0,0.7175835,1
0,0.8272399,1
0,0.7997616,1
0,0.73322564,1
0,0.7683036,1
1,0.80190146,1
1,0.86784583,1
0,0.8430967,1
1,0.8433041,1
1,0.8165975,1
1,0.82121485,1
1,0.81980044,1
1,0.83220476,1
0,0.84648854,1
1,0.78935915,1
1,0.82638085,1
1,0.79507995,1
0,0.8380625,1
1,0.70958513,1
1,0.7581864,1
1,0.7624049,1
1,0.8458001,1
1,0.85402894,1
1,0.7879628,1
1,0.8405518,1
1,0.86506265,1
0,0.8309479,1
1,0.8762011,1
1,0.79593354,1
1,0.82276756,1
1,0.7854856,1
1,0.8476058,1
1,0.82372695,1
1,0.7833704,1
1,0.4027922,0
1,0.38863707,0
1,0.97074324,1
1,0.9148179,1
1,0.92068726,1
1,0.7894644,1
1,0.9318306,1
1,0.82732743,1
1,0.3992155,0
0,0.63444984,1
1,0.82261014,1
1,0.8682378,1
1,0.7851854,1
1,0.76580983,1
1,0.7899572,1
0,0.82598096,1
0,0.46182442,0
1,0.79348093,1
0,0.7096671,1
0,0.7716199,1
1,0.65017295,1
0,0.8172479,1
0,0.77032614,1
0,0.85661685,1
1,0.8476297,1
1,0.8262214,1
1,0.89672714,1
1,0.8579341,1
1,0.8396266,1
1,0.89992106,1
1,0.7566024,1
1,0.81940085,1
1,0.82017124,1
0,0.89147276,1
1,0.8550221,1
1,0.83402294,1
1,0.85332143,1
0,0.86115116,1
1,0.8378445,1
1,0.89046264,1
1,0.8309106,1
1,0.83433825,1
1,0.84048355,1
1,0.82553434,1
1,0.86363536,1
1,0.77842253,1
1,0.77304554,1
1,0.8386569,1
1,0.7500306,1
1,0.82631886,1
1,0.8134074,1
1,0.8217628,1
1,0.814688,1
1,0.7874722,1
0,0.8102964,1
0,0.75687844,1
1,0.8635329,1
1,0.82467675,1
1,0.78796947,1
1,0.8251933,1
1,0.74582845,1
1,0.8171053,1
0,0.77571094,1
0,0.7209515,1
1,0.73333085,1
0,0.68225014,1
1,0.77164364,1
1,0.8593594,1
1,0.8464115,1
1,0.8265242,1
1,0.79990625,1
1,0.814608,1
1,0.8655161,1
1,0.87266594,1
1,0.83151454,1
1,0.81883186,1
1,0.8603653,1
1,0.8539929,1
1,0.81415534,1
1,0.7982372,1
1,0.8581489,1
1,0.8189036,1
0,0.4603483,0
1,0.35284585,0
0,0.42125872,0
1,0.34164444,0
0,0.2123752,0
0,0.34585196,0
0,0.35187143,0
1,0.18035355,0
0,0.36830962,0
0,0.6173774,1
1,0.6845959,1
1,0.88660866,1
1,0.84781903,1
0,0.91445607,1
0,0.4927406,0
0,0.6773675,1
0,0.72810525,1
1,0.83738685,1
1,0.90791893,1
1,0.87447226,1
1,0.87783897,1
1,0.92458093,1
1,0.7275286,1
1,0.6814609,1
1,0.9297296,1
0,0.48898682,0
1,0.42246887,0
1,0.50294214,1
1,0.5720746,1
1,0.33504277,0
1,0.598063,1
0,0.34862208,0
1,0.3624031,0
1,0.7162585,1
1,0.5276011,1
1,0.3995788,0
0,0.33061352,0
1,0.661711,1
1,0.2904146,0
1,0.508034,1
1,0.6928113,1
1,0.7342351,1
1,0.52003324,1
1,0.3268205,0
1,0.62255967,1
1,0.5510927,1
1,0.48381504,0
0,0.38259926,0
1,0.425091,0
0,0.3687283,0
1,0.38722035,0
0,0.36200914,0
0,0.5794548,1
1,0.3914677,0
1,0.6470049,1
1,0.4161584,0
1,0.8420575,1
0,0.7601349,1
1,0.47117758,0
0,0.27890712,0
1,0.161734,0
0,0.40592188,0
1,0.43058953,0
1,0.34390652,0
0,0.3690007,0
1,0.83489513,1
1,0.6788422,1
0,0.3617487,0
0,0.379057,0
1,0.5280004,1
1,0.6944554,1
0,0.7691176,1
0,0.7197017,1
0,0.7933524,1
1,0.87019134,1
1,0.70598984,1
1,0.7690423,1
1,0.67890924,1
1,0.826642,1
1,0.79222596,1
1,0.6333858,1
1,0.515783,1
1,0.6583607,1
1,0.71176535,1
0,0.77658933,1
1,0.82858354,1
0,0.8206906,1
0,0.8485116,1
0,0.83379775,1
0,0.84614646,1
1,0.82179236,1
1,0.8058388,1
0,0.73939866,1
1,0.7006006,1
1,0.6888434,1
1,0.70851797,1
1,0.64986974,1
1,0.7331673,1
1,0.70780337,1
1,0.66658413,1
1,0.6698841,1
1,0.64891815,1
0,0.16906907,0
0,0.27864704,0
0,0.3950938,0
1,0.3294348,0
1,0.6288785,1
1,0.84287465,1
1,0.7660608,1
1,0.69203436,1
1,0.8169424,1
1,0.79114807,1
1,0.8352348,1
1,0.8157137,1
1,0.87786686,1
0,0.8139292,1
1,0.8248176,1
1,0.82776296,1
0,0.7943115,1
1,0.7760313,1
0,0.8267293,1
1,0.8317099,1
0,0.84109545,1
1,0.85462886,1
1,0.8593196,1
0,0.7890899,1
1,0.81939507,1
0,0.7584832,1
0,0.79877365,1
0,0.81767714,1
1,0.78129447,1
1,0.7699469,1
1,0.8256669,1
0,0.72841793,1
1,0.82747084,1
0,0.78887707,1
0,0.81413424,1
0,0.80401224,1
1,0.82867324,1
1,0.7471606,1
0,0.7535332,1
0,0.78996444,1
1,0.7222721,1
1,0.6798944,1
1,0.7007287,1
0,0.86002386,1
0,0.6671113,1
0,0.6786554,1
0,0.7284067,1
1,0.5033302,1
0,0.5991995,1
1,0.72462946,1
1,0.6853369,1
1,0.74801844,1
1,0.7321989,1
1,0.6778064,1
1,0.71858025,1
1,0.4303298,0
1,0.83654714,1
0,0.64738363,1
1,0.7891223,1
1,0.82785136,1
1,0.8024236,1
1,0.7851381,1
1,0.81190056,1
1,0.77689976,1
0,0.7659242,1
1,0.81781137,1
0,0.80043906,1
1,0.79321116,1
1,0.7943613,1
1,0.7457995,1
0,0.8384694,1
1,0.8390557,1
1,0.9025253,1
1,0.8104598,1
1,0.8404553,1
0,0.80749846,1
1,0.86967903,1
1,0.8245524,1
1,0.8111594,1
1,0.7803815,1
1,0.74485916,1
0,0.65283424,1
0,0.7600391,1
1,0.7621501,1
0,0.80000097,1
0,0.7604354,1
1,0.716257,1
0,0.74035203,1
0,0.8571922,1
1,0.74999595,1
1,0.7236631,1
0,0.8008351,1
0,0.82915044,1
0,0.7767232,1
1,0.816593,1
0,0.8083188,1
0,0.74942046,1
0,0.7648816,1
0,0.7295941,1
0,0.76773,1
0,0.73113847,1
1,0.6901865,1
0,0.76888365,1
1,0.6568351,1
1,0.73445815,1
0,0.72773063,1
1,0.6363905,1
1,0.50729996,1
0,0.46286175,0
1,0.8243962,1
1,0.8321137,1
1,0.27594894,0
1,0.57912344,1
1,0.6178647,1
0,0.88715065,1
0,0.10606855,0
1,0.31411228,0
1,0.18100946,0
1,0.10649088,0
0,0.17577623,0
1,0.35861742,0
0,0.5183935,1
0,0.5002023,1
0,0.58261305,1
1,0.6037029,1
0,0.6000904,1
1,0.5844907,1
1,0.705426,1
1,0.63759416,1
1,0.82379496,1
1,0.5864686,1
1,0.722882,1
0,0.6053364,1
1,0.6453984,1
0,0.6740524,1
1,0.69082254,1
0,0.6903399,1
0,0.71913624,1
1,0.7228855,1
1,0.2902343,0
0,0.47886813,0
0,0.36827642,0
1,0.78351694,1
1,0.8687758,1
0,0.4364998,0
0,0.833195,1
0,0.84634143,1
1,0.8624798,1
1,0.8875956,1
1,0.8475155,1
1,0.85807395,1
1,0.6893258,1
1,0.83129865,1
1,0.7574363,1
1,0.7784747,1
1,0.7825652,1
1,0.7682023,1
0,0.7473345,1
1,0.7553653,1
1,0.8462184,1
1,0.8094673,1
0,0.22257155,0
0,0.40138382,0
0,0.30404067,0
1,0.7116474,1
0,0.38368708,0
0,0.44085878,0
0,0.5994841,1
1,0.813123,1
1,0.82483673,1
1,0.5261999,1
1,0.47810978,0
1,0.4089898,0
1,0.6065219,1
1,0.29479596,0
1,0.28723222,0
0,0.5666681,1
0,0.1966952,0
1,0.64646304,1
1,0.4208723,0
0,0.3774883,0
1,0.81182003,1
1,0.7922136,1
1,0.79020935,1
0,0.76273423,1
0,0.7586825,1
0,0.77499914,1
1,0.78617406,1
1,0.8607585,1
1,0.86344856,1
1,0.717341,1
1,0.8990863,1
0,0.6380681,1
0,0.5315374,1
0,0.7342894,1
0,0.6411262,1
1,0.6712827,1
1,0.7301652,1
1,0.69339305,1
1,0.7643885,1
1,0.7844146,1
1,0.8252644,1
1,0.80877805,1
1,0.83556277,1
0,0.75677747,1
0,0.6601803,1
1,0.68627214,1
1,0.7505129,1
1,0.7286006,1
1,0.67340153,1
1,0.73722184,1
1,0.8023842,1
1,0.7394812,1
1,0.3503285,0
1,0.28842756,0
0,0.3367268,0
1,0.2748156,0
0,0.34991345,0
0,0.2681207,0
1,0.76899856,1
1,0.75705326,1
1,0.8292721,1
1,0.82971233,1
1,0.8401385,1
1,0.8570196,1
1,0.843649,1
1,0.7662423,1
1,0.5573108,1
1,0.7748194,1
1,0.8284271,1
1,0.8209027,1
1,0.89665747,1
1,0.8210056,1
0,0.80796206,1
0,0.8326334,1
0,0.7997634,1
0,0.69636834,1
1,0.63576233,1
0,0.7917471,1
0,0.7934777,1
1,0.771333,1
1,0.7485794,1
0,0.7241217,1
0,0.6865359,1
0,0.7473277,1
0,0.74932367,1
1,0.6221847,1
1,0.7936771,1
1,0.73636764,1
1,0.7062814,1
1,0.9145633,1
1,0.8795282,1
1,0.73692816,1
1,0.532699,1
0,0.7299356,1
1,0.80323267,1
1,0.65568346,1
1,0.8400574,1
1,0.789168,1
1,0.8489817,1
1,0.84074575,1
1,0.82171345,1
1,0.8678817,1
1,0.8637815,1
1,0.89293814,1
1,0.85411745,1
1,0.8724202,1
1,0.65372825,1
1,0.75808346,1
1,0.8763026,1
0,0.775404,1
1,0.7720617,1
1,0.84410894,1
1,0.8489419,1
1,0.81369245,1
1,0.86690444,1
1,0.8064377,1
1,0.8340557,1
1,0.840896,1
1,0.8256631,1
1,0.5721238,1
1,0.21410653,0
0,0.8610419,1
0,0.88971275,1
1,0.9119535,1
1,0.856135,1
1,0.8978862,1
1,0.8968502,1
1,0.73118395,1
1,0.4717027,0
0,0.27323708,0
0,0.16730905,0
1,0.7673649,1
1,0.7141598,1
0,0.64492583,1
1,0.87784815,1
0,0.7360431,1
0,0.8218567,1
0,0.8332978,1
1,0.7165909,1
1,0.808297,1
0,0.81128937,1
0,0.8071886,1
1,0.85199803,1
0,0.82834244,1
0,0.8084101,1
1,0.80880326,1
1,0.7494534,1
1,0.80960834,1
1,0.78092957,1
0,0.7549729,1
1,0.7788281,1
1,0.8175901,1
1,0.7405079,1
1,0.7645446,1
0,0.50986016,1
1,0.7058234,1
1,0.6953735,1
1,0.66604406,1
1,0.75088733,1
0,0.82805836,1
1,0.76673776,1
1,0.80922216,1
1,0.8307748,1
1,0.6832219,1
1,0.6086264,1
1,0.6623698,1
1,0.71265227,1
1,0.8048883,1
1,0.8294159,1
1,0.7962226,1
1,0.2513066,0
0,0.2803152,0
0,0.039253857,0
1,0.775241,1
1,0.80341846,1
1,0.5306107,1
0,0.65894705,1
1,0.79279256,1
1,0.77022177,1
1,0.8040722,1
1,0.85858786,1
1,0.8030301,1
1,0.7896337,1
1,0.8001547,1
1,0.77477,1
1,0.7584,1
1,0.7626377,1
1,0.83973724,1
1,0.7572488,1
0,0.79173756,1
0,0.7857232,1
0,0.79544103,1
0,0.7813679,1
0,0.76594126,1
1,0.33551043,0
1,0.5280714,1
1,0.6793611,1
1,0.84140164,1
0,0.853136,1
1,0.84925777,1
0,0.852773,1
0,0.84031624,1
1,0.8462293,1
1,0.8732118,1
1,0.8644237,1
1,0.84795445,1
0,0.76667637,1
1,0.8034407,1
1,0.8349133,1
1,0.88109106,1
1,0.85045135,1
1,0.82523906,1
0,0.82299614,1
1,0.85978013,1
1,0.8574951,1
0,0.42151,0
1,0.551454,1
1,0.57507825,1
0,0.40695614,0
1,0.6354321,1
0,0.44573084,0
1,0.36295107,0
1,0.49117628,0
0,0.23417234,0
1,0.5699971,1
1,0.23010963,0
1,0.42177862,0
1,0.5567158,1
1,0.6563154,1
1,0.6411569,1
1,0.74646217,1
1,0.8381497,1
1,0.8460599,1
1,0.794165,1
1,0.79625976,1
1,0.6944858,1
1,0.7037118,1
0,0.8306551,1
1,0.7923014,1
1,0.873244,1
1,0.83354247,1
0,0.7701435,1
1,0.5988553,1
1,0.7940089,1
0,0.76827306,1
0,0.5369531,1
0,0.7403105,1
1,0.51902294,1
1,0.746205,1
1,0.69344807,1
1,0.07740568,0
0,0.25178447,0
1,0.49012902,0
1,0.52070606,1
1,0.36670503,0
1,0.52702135,1
1,0.71471226,1
1,0.60194004,1
1,0.42285004,0
0,0.5983838,1
0,0.862083,1
1,0.88300645,1
1,0.88781095,1
1,0.78490156,1
1,0.8060781,1
0,0.69733316,1
1,0.6445463,1
1,0.73010904,1
1,0.54961205,1
1,0.8235233,1
1,0.7114483,1
1,0.77764374,1
1,0.7382825,1
1,0.7179403,1
1,0.72760326,1
1,0.5918398,1
1,0.7204052,1
1,0.6171423,1
0,0.23313025,0
1,0.37455043,0
1,0.36975917,0
0,0.46304497,0
0,0.31186044,0
0,0.36648363,0
1,0.5813957,1
0,0.464348,0
1,0.60269785,1
0,0.36565205,0
1,0.31572855,0
1,0.3989489,0
1,0.4305976,0
1,0.4096231,0
0,0.2988781,0
0,0.3874464,0
0,0.3869838,0
1,0.47322297,0
0,0.37114295,0
0,0.5525808,1
0,0.38476464,0
0,0.40365997,0
0,0.10579771,0
1,0.16110046,0
0,0.44503495,0
1,0.8203492,1
0,0.60962975,1
0,0.5302454,1
1,0.4369713,0
0,0.3069586,0
1,0.69820315,1
1,0.8032374,1
1,0.2760207,0
0,0.2997301,0
1,0.3767768,0
1,0.4202105,0
1,0.41727605,0
1,0.8663898,1
1,0.29418027,0
1,0.3604011,0
1,0.7720793,1
1,0.70857733,1
0,0.7435515,1
1,0.7842751,1
1,0.69247985,1
1,0.80956984,1
1,0.7061199,1
1,0.7119476,1
0,0.7624406,1
1,0.74310106,1
1,0.45019898,0
0,0.43888128,0
0,0.44226795,0
0,0.4405502,0
0,0.41620123,0
0,0.35938126,0
0,0.3609643,0
1,0.65650696,1
1,0.34036657,0
0,0.23336972,0
1,0.68391496,1
1,0.21890464,0
1,0.37607288,0
0,0.26958725,0
0,0.31310657,0
0,0.25053325,0
0,0.3923279,0
1,0.86059546,1
1,0.8864609,1
1,0.8549035,1
1,0.91376054,1
1,0.88269556,1
0,0.8614777,1
0,0.28953153,0
0,0.318162,0
0,0.55236787,1
1,0.8511966,1
1,0.8591727,1
0,0.8548766,1
1,0.831482,1
1,0.8674858,1
0,0.8571305,1
1,0.8392905,1
1,0.8575804,1
0,0.8693871,1
0,0.85158026,1
0,0.85738015,1
0,0.8534553,1
1,0.8957739,1
0,0.74277323,1
1,0.85482436,1
1,0.9022684,1
1,0.83682156,1
1,0.8491544,1
1,0.90106237,1
1,0.8249991,1
1,0.9343392,1
1,0.90696263,1
0,0.84712607,1
0,0.9135041,1
1,0.82929826,1
0,0.8539038,1
1,0.77912813,1
1,0.73067886,1
1,0.77118236,1
1,0.85049844,1
1,0.8301355,1
1,0.8431815,1
1,0.78918684,1
1,0.7932857,1
1,0.6104251,1
1,0.84471476,1
1,0.86996853,1
1,0.8481301,1
1,0.8533501,1
1,0.7397057,1
1,0.70258087,1
0,0.73424745,1
1,0.85740703,1
1,0.8524328,1
1,0.56249815,1
1,0.8096493,1
0,0.7936531,1
1,0.8159104,1
1,0.82552606,1
1,0.9079756,1
1,0.90966403,1
1,0.80263317,1
1,0.81184936,1
1,0.8716063,1
1,0.7910397,1
1,0.71526515,1
1,0.73112696,1
1,0.6385105,1
1,0.8855803,1
1,0.91366893,1
1,0.881969,1
1,0.8741236,1
1,0.9005511,1
1,0.8852006,1
1,0.912791,1
1,0.9042048,1
0,0.9003113,1
1,0.91540474,1
1,0.9092519,1
1,0.8543131,1
1,0.8804755,1
1,0.90529513,1
0,0.8911197,1
0,0.89849025,1
0,0.8944018,1
0,0.878226,1
0,0.85541785,1
1,0.86055493,1
1,0.856551,1
1,0.846149,1
1,0.87636346,1
1,0.8533832,1
1,0.8966584,1
1,0.8910986,1
1,0.57767147,1
0,0.05818963,0
0,0.1544657,0
0,0.4499419,0
0,0.73171836,1
1,0.6367962,1
0,0.7365965,1
1,0.5787821,1
1,0.31190193,0
1,0.61438143,1
1,0.8524434,1
1,0.8169164,1
0,0.82915187,1
1,0.6350085,1
1,0.3912264,0
1,0.7974557,1
0,0.80342335,1
1,0.8367744,1
1,0.6035616,1
1,0.7590661,1
1,0.7914547,1
0,0.8649388,1
1,0.87250084,1
1,0.8895484,1
1,0.8678638,1
1,0.88056,1
1,0.83362085,1
1,0.8294715,1
1,0.85247654,1
1,0.85412,1
0,0.78759027,1
1,0.8106781,1
1,0.79884523,1
1,0.8025272,1
1,0.78373915,1
0,0.8387457,1
0,0.87103754,1
1,0.83958924,1
1,0.84361815,1
1,0.7435172,1
1,0.40210885,0
1,0.43292418,0
0,0.3232744,0
1,0.85348135,1
1,0.7950199,1
1,0.79786414,1
0,0.890946,1
1,0.86437047,1
0,0.84366715,1
1,0.88451755,1
1,0.773781,1
1,0.89633584,1
1,0.24856707,0
1,0.33156365,0
0,0.3797199,0
0,0.23978682,0
0,0.48088065,0
1,0.8588305,1
1,0.6413244,1
0,0.76751906,1
1,0.7884199,1
0,0.88299197,1
1,0.8471782,1
1,0.87468946,1
0,0.85592204,1
1,0.8598104,1
0,0.80879265,1
1,0.8200353,1
1,0.8583767,1
1,0.8375862,1
1,0.90436035,1
1,0.90436816,1
0,0.82204103,1
1,0.84835047,1
1,0.9406784,1
1,0.887724,1
1,0.90437263,1
1,0.8973622,1
1,0.88127255,1
1,0.84836423,1
0,0.87904805,1
1,0.6784877,1
1,0.8610903,1
1,0.91333055,1
1,0.703658,1
1,0.80569583,1
1,0.74871624,1
1,0.6574001,1
0,0.7000341,1
1,0.6578311,1
1,0.7703459,1
1,0.5062605,1
1,0.7815425,1
0,0.32975343,0
1,0.33336625,0
1,0.67486733,1
1,0.6293777,1
0,0.6125977,1
0,0.4162957,0
1,0.47708324,0
1,0.72105116,1
1,0.75374293,1
0,0.60226816,1
0,0.7065284,1
0,0.34279165,0
1,0.82291645,1
1,0.726764,1
1,0.7907617,1
1,0.76894087,1
0,0.8448482,1
1,0.85983354,1
0,0.81171745,1
1,0.77616125,1
1,0.83596194,1
1,0.8806189,1
1,0.83014476,1
0,0.7796124,1
1,0.77985895,1
1,0.7127337,1
1,0.70425856,1
1,0.7315152,1
0,0.79053044,1
0,0.7523133,1
1,0.7365848,1
1,0.8132199,1
1,0.8094332,1
0,0.826834,1
1,0.84578496,1
1,0.8632252,1
1,0.86942995,1
0,0.8531935,1
1,0.87236184,1
1,0.8139106,1
0,0.84409803,1
1,0.8104047,1
1,0.8593331,1
1,0.8327424,1
1,0.7043053,1
0,0.7784564,1
1,0.84900886,1
0,0.85736513,1
1,0.8550969,1
1,0.84144765,1
1,0.8026623,1
0,0.85109174,1
1,0.8719485,1
1,0.8838347,1
1,0.85154825,1
1,0.7914979,1
1,0.6557258,1
1,0.8424072,1
1,0.41006145,0
0,0.5625535,1
0,0.31790185,0
1,0.56355834,1
1,0.60640675,1
0,0.6365881,1
1,0.89162844,1
1,0.9080666,1
1,0.8915694,1
1,0.89171726,1
1,0.825378,1
1,0.8751765,1
1,0.8458973,1
1,0.8542429,1
1,0.8325378,1
0,0.84936583,1
1,0.8673824,1
0,0.7552689,1
1,0.82658654,1
0,0.86273086,1
1,0.8654018,1
1,0.8568577,1
1,0.8418927,1
1,0.75313705,1
0,0.6689646,1
0,0.6646486,1
0,0.72509897,1
1,0.6958102,1
1,0.409248,0
1,0.7899586,1
1,0.61450535,1
1,0.81744367,1
1,0.82910603,1
1,0.8314224,1
1,0.7972884,1
1,0.78500503,1
0,0.8213706,1
1,0.7945015,1
1,0.8309034,1
1,0.78190935,1
1,0.79679495,1
1,0.81122,1
1,0.8387952,1
1,0.8279386,1
1,0.8125298,1
1,0.78163743,1
1,0.8475398,1
1,0.8003198,1
1,0.72467744,1
1,0.7911273,1
0,0.8322233,1
1,0.82147574,1
0,0.8654034,1
1,0.8938507,1
1,0.85659045,1
1,0.8624894,1
1,0.8971924,1
1,0.9127796,1
1,0.8662243,1
1,0.887592,1
1,0.88453805,1
1,0.8699931,1
1,0.7618698,1
1,0.8852758,1
1,0.91473925,1
1,0.8486213,1
1,0.8194119,1
1,0.87516236,1
1,0.8434853,1
0,0.83837235,1
1,0.8755577,1
1,0.9033785,1
1,0.86419404,1
1,0.8228895,1
1,0.8373441,1
1,0.867374,1
0,0.89284766,1
0,0.89860123,1
0,0.86981136,1
0,0.8463153,1
1,0.8667,1
1,0.8815321,1
1,0.87819886,1
0,0.89575225,1
0,0.8560101,1
1,0.90983975,1
0,0.84993255,1
1,0.8830321,1
1,0.88110346,1
1,0.91821533,1
1,0.9002737,1
1,0.8485919,1
1,0.89682025,1
1,0.8719241,1
1,0.88757265,1
1,0.8490895,1
1,0.83831507,1
1,0.8886594,1
0,0.8886796,1
0,0.8890017,1
0,0.873625,1
1,0.81020445,1
1,0.7919045,1
1,0.81267196,1
1,0.73186743,1
1,0.7736607,1
1,0.687308,1
1,0.7624785,1
1,0.82388675,1
1,0.81310844,1
1,0.87828046,1
1,0.7862092,1
1,0.86120164,1
1,0.85769814,1
1,0.81728816,1
1,0.8484809,1
1,0.88710356,1
0,0.8956314,1
1,0.8626844,1
0,0.8943417,1
1,0.8907939,1
1,0.5930575,1
1,0.723029,1
0,0.3686244,0
0,0.6165925,1
0,0.61155814,1
1,0.7294621,1
1,0.8341553,1
0,0.804231,1
0,0.7524036,1
1,0.8293793,1
1,0.8367407,1
1,0.8051977,1
0,0.51610035,1
0,0.63444763,1
0,0.7654214,1
1,0.7632459,1
1,0.7451236,1
1,0.7386821,1
1,0.7185657,1
1,0.78573424,1
1,0.7292242,1
1,0.7798139,1
1,0.7726951,1
1,0.8078829,1
1,0.49069077,0
1,0.6380226,1
1,0.5787647,1
1,0.6753275,1
1,0.6567586,1
1,0.6921853,1
1,0.6973337,1
1,0.6474857,1
1,0.6875552,1
1,0.69084674,1
1,0.7043756,1
1,0.55823773,1
1,0.6716612,1
1,0.59088355,1
1,0.8091824,1
0,0.6188073,1
1,0.7128228,1
1,0.7994009,1
0,0.7877902,1
0,0.75397515,1
0,0.6967557,1
1,0.74130154,1
0,0.78891855,1
1,0.7282284,1
0,0.66628903,1
0,0.62178874,1
1,0.7240611,1
0,0.6724548,1
1,0.73729134,1
1,0.7020067,1
0,0.55984735,1
0,0.575119,1
1,0.91938275,1
1,0.6364599,1
1,0.89495134,1
1,0.4066688,0
1,0.83204496,1
0,0.80717504,1
1,0.78770244,1
1,0.8235691,1
0,0.817522,1
1,0.84783334,1
1,0.8959254,1
1,0.810506,1
1,0.8551911,1
1,0.42031643,0
1,0.75395614,1
1,0.58686876,1
1,0.7062355,1
1,0.8527593,1
1,0.7733158,1
0,0.7025235,1
1,0.6779886,1
0,0.36468583,0
1,0.6310122,1
0,0.799925,1
1,0.9072745,1
1,0.90397686,1
1,0.9169739,1
0,0.9176092,1
1,0.9039904,1
0,0.8633536,1
1,0.9068545,1
1,0.88659096,1
1,0.84944546,1
1,0.8923668,1
1,0.9117182,1
1,0.928847,1
0,0.8609628,1
1,0.89995253,1
1,0.94235015,1
1,0.91862875,1
1,0.9061959,1
1,0.93076617,1
1,0.9042674,1
1,0.9081564,1
1,0.82917356,1
1,0.8806993,1
1,0.90576553,1
1,0.8970458,1
1,0.8895235,1
1,0.8942986,1
0,0.8918257,1
1,0.900267,1
1,0.8607555,1
0,0.61527574,1
1,0.52845216,1
1,0.6579439,1
1,0.80033123,1
1,0.79520017,1
0,0.7922228,1
0,0.83734435,1
1,0.87766767,1
1,0.8760207,1
1,0.874804,1
1,0.8254114,1
1,0.9256875,1
1,0.9021469,1
1,0.8634378,1
1,0.8858096,1
1,0.92526114,1
1,0.90146744,1
1,0.91653174,1
1,0.80305207,1
1,0.8638305,1
1,0.7902997,1
1,0.8688455,1
1,0.8586123,1
1,0.8832289,1
1,0.79285157,1
1,0.7976598,1
1,0.7893557,1
0,0.74312717,1
0,0.83205676,1
1,0.78860766,1
0,0.802788,1
1,0.8326118,1
1,0.82526284,1
1,0.82955056,1
1,0.82150894,1
1,0.864218,1
1,0.84017116,1
0,0.5111186,1
0,0.7102882,1
1,0.8416822,1
1,0.4341206,0
1,0.4681059,0
1,0.815011,1
1,0.7212652,1
1,0.76141304,1
1,0.5068765,1
0,0.68503565,1
0,0.4713343,0
0,0.7948747,1
0,0.64938533,1
1,0.70877266,1
1,0.37358117,0
0,0.46057525,0
1,0.6519506,1
1,0.5274821,1
1,0.68845874,1
0,0.6534909,1
1,0.6859458,1
1,0.75644654,1
1,0.7111926,1
1,0.83562535,1
1,0.6322989,1
1,0.70922357,1
1,0.8358677,1
0,0.7682549,1
0,0.07121172,0
0,0.03626426,0
0,0.08213631,0
0,0.043821562,0
0,0.027922673,0
0,0.030577011,0
0,0.05007398,0
0,0.061067194,0
0,0.051456995,0
0,0.040335286,0
0,0.12547512,0
1,0.17932908,0
0,0.30565116,0
0,0.29192975,0
0,0.333505,0
1,0.79233235,1
0,0.45281088,0
0,0.13944143,0
1,0.8686408,1
1,0.8387894,1
1,0.83466804,1
1,0.82736605,1
1,0.8406327,1
1,0.85780895,1
1,0.77050203,1
1,0.8159366,1
0,0.81810033,1
1,0.7915881,1
1,0.83057284,1
1,0.8379482,1
1,0.80175716,1
1,0.78958315,1
1,0.7925345,1
1,0.8487988,1
1,0.7884515,1
1,0.81245804,1
1,0.7933874,1
1,0.7654735,1
1,0.7716338,1
1,0.7352853,1
0,0.76974416,1
1,0.4566547,0
1,0.76111156,1
1,0.8144436,1
0,0.7264816,1
1,0.8000216,1
0,0.77059096,1
1,0.79703027,1
1,0.83635664,1
1,0.7887316,1
0,0.14926551,0
1,0.23966755,0
1,0.7895413,1
1,0.8750811,1
1,0.82577163,1
1,0.87649256,1
0,0.85169,1
1,0.82154334,1
0,0.84532756,1
1,0.8174393,1
1,0.8733516,1
1,0.85578,1
1,0.7897867,1
1,0.82489663,1
1,0.89280677,1
1,0.43240166,0
0,0.21021377,0
1,0.49795455,0
0,0.19444236,0
0,0.44418794,0
0,0.33892733,0
0,0.72855806,1
0,0.24042197,0
0,0.30782682,0
0,0.14987499,0
0,0.21029513,0
0,0.10486236,0
1,0.18170181,0
0,0.7368924,1
0,0.06850293,0
1,0.4032472,0
1,0.6898008,1
1,0.34364656,0
1,0.57960445,1
1,0.8986106,1
1,0.89931,1
0,0.32699805,0
1,0.22376753,0
0,0.30411348,0
1,0.41523907,0
0,0.7875236,1
1,0.83268064,1
1,0.8432636,1
1,0.84890914,1
1,0.81466126,1
1,0.7890769,1
1,0.8230774,1
1,0.8254598,1
1,0.8195732,1
0,0.8149033,1
0,0.87722,1
1,0.81032217,1
1,0.8318614,1
1,0.82785404,1
1,0.8180392,1
1,0.7929026,1
1,0.8511394,1
1,0.8881266,1
1,0.8420267,1
1,0.8260335,1
1,0.52533644,1
0,0.56550986,1
0,0.3693299,0
1,0.77780706,1
0,0.7546379,1
0,0.25086918,0
1,0.47142446,0
0,0.3084587,0
0,0.37207854,0
1,0.58718216,1
1,0.6488754,1
1,0.71397716,1
1,0.3085616,0
1,0.4162932,0
0,0.020618428,0
0,0.031536475,0
0,0.07817109,0
0,0.347722,0
0,0.14064461,0
1,0.37942395,0
1,0.61152345,1
1,0.6572258,1
1,0.8382752,1
0,0.8037375,1
0,0.83286023,1
1,0.807971,1
1,0.8824745,1
1,0.18727483,0
0,0.38697454,0
1,0.5036497,1
1,0.43927228,0
0,0.6851507,1
0,0.45578018,0
1,0.1967024,0
0,0.41703764,0
0,0.32063606,0
0,0.49008268,0
1,0.65144765,1
1,0.49276698,0
1,0.81867856,1
0,0.4985683,0
0,0.6076731,1
0,0.60810703,1
0,0.38704634,0
0,0.22146755,0
0,0.3131102,0
0,0.5831503,1
0,0.33718503,0
0,0.38273242,0
0,0.22432734,0
1,0.21825686,0
1,0.30702522,0
1,0.7101495,1
1,0.76911616,1
0,0.9064919,1
1,0.80669045,1
0,0.8993676,1
1,0.8613658,1
1,0.9247782,1
1,0.8596838,1
1,0.95052516,1
1,0.87238175,1
1,0.9169729,1
1,0.886644,1
1,0.91326785,1
1,0.9105802,1
0,0.9102242,1
1,0.8552605,1
1,0.5797926,1
1,0.88559526,1
1,0.82553065,1
1,0.671523,1
1,0.65841013,1
1,0.6513638,1
1,0.6740491,1
1,0.7379039,1
0,0.7670107,1
1,0.7605834,1
0,0.42496124,0
0,0.6120166,1
1,0.46765685,0
1,0.70468765,1
1,0.9022338,1
1,0.88960326,1
0,0.765586,1
1,0.78344464,1
1,0.87439054,1
1,0.51955664,1
1,0.7003862,1
1,0.6018349,1
1,0.682871,1
1,0.59381104,1
1,0.6205609,1
1,0.8388962,1
0,0.8229685,1
1,0.7950131,1
1,0.7387601,1
1,0.8792268,1
1,0.81100464,1
1,0.8782653,1
1,0.92752147,1
1,0.87897015,1
1,0.8562432,1
1,0.8018755,1
1,0.88355786,1
1,0.8429229,1
1,0.8444993,1
1,0.8417947,1
1,0.8690765,1
1,0.85284775,1
1,0.85098106,1
1,0.83692276,1
0,0.8251684,1
1,0.82311726,1
0,0.8383956,1
1,0.8655843,1
1,0.87505025,1
1,0.86673313,1
1,0.85255,1
1,0.8085288,1
1,0.82423735,1
1,0.7534246,1
1,0.8651043,1
1,0.8018186,1
1,0.77905405,1
0,0.7424329,1
0,0.8137746,1
1,0.8051259,1
1,0.82394284,1
1,0.82865584,1
1,0.86337966,1
1,0.83787984,1
1,0.81667405,1
1,0.9200488,1
1,0.88873786,1
0,0.61720043,1
1,0.69124323,1
1,0.6789149,1
1,0.65848404,1
1,0.67981064,1
1,0.7359244,1
1,0.7985186,1
1,0.6460416,1
0,0.6992608,1
1,0.675403,1
0,0.7689331,1
1,0.7590404,1
0,0.72855234,1
1,0.8586615,1
0,0.8591101,1
0,0.8300742,1
1,0.85901034,1
0,0.84567356,1
1,0.829031,1
1,0.8635497,1
1,0.84385705,1
1,0.8725631,1
1,0.8075196,1
1,0.86552763,1
1,0.80956227,1
1,0.8697738,1
1,0.73079205,1
1,0.8691824,1
1,0.89889014,1
1,0.8556314,1
1,0.8780647,1
1,0.86546046,1
0,0.8726364,1
1,0.87557846,1
1,0.79330194,1
0,0.4057203,0
1,0.44866574,0
0,0.41070822,0
0,0.50103784,1
1,0.30730718,0
0,0.3673062,0
1,0.5203939,1
1,0.29153103,0
1,0.7207937,1
1,0.8223385,1
1,0.73376024,1
1,0.9197452,1
1,0.8723823,1
0,0.25699764,0
0,0.49016836,0
1,0.70539135,1
1,0.8785766,1
1,0.8557128,1
1,0.89254165,1
1,0.72873646,1
1,0.91357696,1
1,0.8866807,1
1,0.84363365,1
1,0.77304906,1
1,0.90967816,1
1,0.87441397,1
1,0.8428913,1
1,0.8704985,1
1,0.78041804,1
1,0.85178226,1
1,0.8457415,1
1,0.76013875,1
1,0.8567517,1
1,0.8086758,1
1,0.8729779,1
1,0.8711047,1
1,0.8794761,1
1,0.8600025,1
1,0.8331461,1
0,0.8819653,1
1,0.79136646,1
1,0.879662,1
0,0.8443419,1
0,0.865606,1
1,0.848802,1
1,0.8632271,1
1,0.84569937,1
0,0.8899167,1
1,0.81732064,1
1,0.803908,1
0,0.7780926,1
1,0.82914716,1
1,0.7786589,1
1,0.847542,1
1,0.7531506,1
1,0.8890723,1
1,0.8822483,1
1,0.7696223,1
1,0.7499701,1
1,0.82199866,1
1,0.86640084,1
1,0.9160726,1
0,0.9304266,1
0,0.77281153,1
1,0.8690178,1
1,0.8208479,1
1,0.87328,1
0,0.85631055,1
1,0.80443996,1
1,0.802541,1
1,0.8070566,1
0,0.822239,1
1,0.861122,1
0,0.8300568,1
1,0.8293049,1
1,0.834791,1
0,0.82850933,1
0,0.84598035,1
0,0.82661957,1
1,0.8746347,1
1,0.8041728,1
1,0.89665747,1
1,0.8819825,1
1,0.86189663,1
1,0.8631296,1
0,0.6912239,1
0,0.72931606,1
1,0.7823473,1
1,0.7272724,1
1,0.6993653,1
0,0.694467,1
1,0.73300034,1
1,0.71779734,1
0,0.78485143,1
1,0.8343631,1
1,0.78407097,1
1,0.81673044,1
1,0.82993436,1
1,0.8167822,1
1,0.603904,1
1,0.78075975,1
0,0.74783665,1
1,0.7144774,1
1,0.7785507,1
1,0.74915946,1
1,0.7659389,1
1,0.8050464,1
1,0.78293383,1
0,0.7804171,1
1,0.8318195,1
0,0.7919516,1
1,0.4038026,0
1,0.5410615,1
1,0.7714768,1
0,0.31604856,0
1,0.89409244,1
1,0.32989442,0
1,0.7986687,1
1,0.7766554,1
1,0.7773996,1
1,0.82874143,1
1,0.81535643,1
0,0.19821012,0
0,0.22437944,0
0,0.743468,1
0,0.5926364,1
1,0.54857594,1
1,0.79209983,1
1,0.87335455,1
1,0.8579774,1
1,0.79215354,1
1,0.8129086,1
1,0.8398822,1
1,0.82146853,1
1,0.8164839,1
0,0.86403745,1
1,0.8277562,1
1,0.83907753,1
1,0.81298214,1
1,0.5637727,1
0,0.7749934,1
1,0.5965329,1
1,0.514512,1
1,0.66397685,1
0,0.70422167,1
1,0.8213736,1
1,0.86960524,1
1,0.8375422,1
1,0.85485905,1
1,0.8500979,1
1,0.77495235,1
1,0.8380824,1
1,0.84403455,1
1,0.7321333,1
1,0.76355404,1
0,0.69519836,1
1,0.71236455,1
0,0.44402796,0
0,0.8303105,1
1,0.8313429,1
1,0.85742664,1
1,0.8494072,1
1,0.79335654,1
1,0.8107008,1
1,0.72526157,1
1,0.80810463,1
0,0.86624396,1
1,0.8232395,1
0,0.9028061,1
0,0.8208404,1
1,0.89114964,1
1,0.9042814,1
1,0.9121911,1
1,0.860618,1
1,0.87407976,1
0,0.8458578,1
1,0.8559819,1
0,0.81426984,1
1,0.7984992,1
1,0.88209337,1
1,0.8402852,1
1,0.8438015,1
1,0.85098445,1
0,0.8270033,1
0,0.88992447,1
1,0.85994685,1
1,0.8873934,1
1,0.8545669,1
1,0.845066,1
1,0.81995004,1
1,0.8130887,1
1,0.829836,1
1,0.86572653,1
1,0.8313873,1
1,0.8683869,1
1,0.77159154,1
1,0.7968679,1
1,0.8290645,1
1,0.8839147,1
1,0.8083541,1
1,0.7976644,1
0,0.8398086,1
1,0.8279135,1
0,0.8381284,1
0,0.81874496,1
1,0.85659593,1
1,0.7948382,1
0,0.8173885,1
1,0.8050829,1
0,0.8106082,1
1,0.83293116,1
1,0.8628904,1
1,0.7946521,1
1,0.783016,1
1,0.8116473,1
1,0.8841793,1
1,0.8577511,1
1,0.8632351,1
1,0.8275621,1
1,0.76915956,1
1,0.7538249,1
1,0.7637444,1
1,0.59286225,1
0,0.7195066,1
1,0.42851326,0
1,0.5239315,1
0,0.6480875,1
1,0.5742651,1
1,0.76272166,1
1,0.82893723,1
1,0.78750336,1
1,0.7660731,1
1,0.6874159,1
0,0.74939394,1
0,0.7219033,1
0,0.49973074,0
0,0.48204893,0
0,0.6042398,1
0,0.795498,1
1,0.769402,1
1,0.6765815,1
0,0.27292234,0
0,0.5898902,1
1,0.8075554,1
0,0.41968682,0
1,0.66463304,1
0,0.79393053,1
1,0.7398004,1
1,0.85774386,1
1,0.78001523,1
1,0.752946,1
1,0.8411123,1
1,0.82002884,1
1,0.8512969,1
1,0.6870635,1
1,0.69274247,1
1,0.7569939,1
1,0.75520545,1
1,0.8037283,1
1,0.8683206,1
1,0.75391245,1
1,0.40292892,0
0,0.25301808,0
1,0.86292416,1
1,0.836584,1
1,0.82837987,1
0,0.33364955,0
1,0.8473952,1
1,0.8603702,1
0,0.32228553,0
0,0.35806587,0
1,0.7221679,1
1,0.33783877,0
0,0.8284531,1
0,0.41257903,0
0,0.15072693,0
0,0.22233623,0
1,0.5825581,1
1,0.7480975,1
1,0.84685844,1
1,0.8134075,1
1,0.8169408,1
1,0.78392595,1
1,0.8049136,1
1,0.87090385,1
1,0.84052074,1
1,0.85636044,1
1,0.8760635,1
0,0.8818089,1
1,0.8935275,1
1,0.93342537,1
1,0.8520404,1
1,0.8837409,1
1,0.88382083,1
1,0.8810334,1
1,0.6441584,1
1,0.743845,1
0,0.80834967,1
0,0.74876684,1
0,0.8007649,1
1,0.8486507,1
1,0.8195616,1
1,0.8502251,1
1,0.84655744,1
1,0.79198676,1
1,0.82231647,1
0,0.6393958,1
1,0.80166566,1
1,0.74412715,1
0,0.7191782,1
0,0.6898436,1
1,0.70472354,1
1,0.7421563,1
1,0.71120757,1
1,0.85682243,1
1,0.840878,1
1,0.8654794,1
1,0.85002047,1
0,0.7394616,1
0,0.19881484,0
1,0.57199,1
0,0.4189355,0
1,0.40470842,0
1,0.7618284,1
1,0.7876073,1
1,0.81220144,1
1,0.7735049,1
0,0.7144628,1
1,0.7520889,1
1,0.7672549,1
1,0.5287404,1
1,0.81274486,1
0,0.41480795,0
0,0.40363434,0
0,0.8528685,1
0,0.83369064,1
1,0.84181213,1
0,0.8210245,1
1,0.881301,1
1,0.8372063,1
1,0.88710177,1
1,0.8476667,1
1,0.8663116,1
1,0.86595464,1
1,0.60397345,1
1,0.87688106,1
1,0.88454,1
1,0.8919365,1
1,0.85437304,1
1,0.9126325,1
1,0.8559569,1
1,0.90970695,1
0,0.82063204,1
0,0.3643569,0
1,0.54547715,1
1,0.37507197,0
0,0.27745384,0
1,0.64258254,1
1,0.63949466,1
1,0.75177723,1
0,0.7587015,1
1,0.3423224,0
1,0.41657156,0
1,0.8669508,1
1,0.77506137,1
1,0.80864155,1
1,0.8532002,1
1,0.85436827,1
1,0.86825424,1
0,0.8455224,1
1,0.7828605,1
0,0.89419836,1
1,0.8790103,1
0,0.8201777,1
1,0.61392576,1
1,0.6975045,1
0,0.6380715,1
0,0.65732306,1
0,0.7015166,1
0,0.5980064,1
1,0.68427867,1
1,0.7339203,1
1,0.7153073,1
1,0.7087633,1
1,0.6501248,1
0,0.75120646,1
1,0.8059424,1
0,0.7030768,1
0,0.6962029,1
1,0.32495773,0
0,0.3818631,0
0,0.35522282,0
1,0.392652,0
1,0.8056213,1
1,0.85921746,1
0,0.86361617,1
1,0.77615637,1
1,0.88717437,1
1,0.7137227,1
0,0.6205412,1
1,0.12239575,0
0,0.2378806,0
0,0.30088183,0
1,0.37982535,0
0,0.14262542,0
0,0.20950237,0
1,0.2906116,0
1,0.32931998,0
0,0.36815813,0
1,0.79691017,1
0,0.41890952,0
1,0.7641755,1
1,0.8183411,1
1,0.7950648,1
0,0.60471326,1
0,0.72519976,1
0,0.6063966,1
0,0.7312704,1
1,0.68255395,1
1,0.75341916,1
1,0.70990264,1
1,0.8067802,1
1,0.7251816,1
0,0.83446634,1
1,0.71744543,1
1,0.7765948,1
1,0.658259,1
1,0.7358049,1
1,0.6374229,1
1,0.65579927,1
0,0.5034588,1
1,0.6800735,1
0,0.7082068,1
1,0.69321567,1
1,0.6857625,1
1,0.678079,1
1,0.6930339,1
1,0.755658,1
1,0.643579,1
1,0.73300964,1
1,0.8423845,1
1,0.751986,1
1,0.8182755,1
0,0.7664783,1
1,0.67283136,1
0,0.7705489,1
1,0.73029846,1
1,0.6667351,1
0,0.695932,1
0,0.6629925,1
1,0.63144,1
1,0.5817008,1
1,0.63706005,1
1,0.60835207,1
1,0.68366355,1
0,0.6899694,1
0,0.7085044,1
1,0.6549173,1
1,0.67910844,1
1,0.7242646,1
1,0.7818813,1
1,0.5360124,1
1,0.73493105,1
1,0.70634735,1
1,0.67170566,1
1,0.6257705,1
1,0.5669123,1
1,0.6242778,1
1,0.6122101,1
1,0.6986107,1
0,0.6369466,1
1,0.59626806,1
0,0.52519536,1
1,0.55885136,1
1,0.705608,1
1,0.71135074,1
0,0.6344364,1
0,0.6583636,1
0,0.6892381,1
1,0.6087397,1
0,0.59818566,1
1,0.66330755,1
1,0.69717073,1
0,0.6841394,1
0,0.6205315,1
1,0.71545017,1
1,0.6268324,1
0,0.6736088,1
0,0.53617746,1
0,0.6539372,1
0,0.6239275,1
0,0.5730959,1
0,0.64173526,1
0,0.5342266,1
0,0.6465247,1
1,0.72922087,1
1,0.58161134,1
0,0.73495287,1
1,0.6830894,1
0,0.53297436,1
0,0.7081365,1
0,0.47922394,0
1,0.75185937,1
0,0.51280415,1
1,0.81506634,1
1,0.6836661,1
0,0.71283036,1
0,0.6888765,1
0,0.78549594,1
1,0.8666688,1
1,0.8866311,1
1,0.8469807,1
1,0.8822233,1
1,0.88723075,1
1,0.83088696,1
0,0.7923582,1
1,0.77774596,1
1,0.7917598,1
1,0.7560218,1
1,0.59128386,1
1,0.13271016,0
1,0.41085842,0
1,0.37677675,0
1,0.11083461,0
0,0.46748844,0
0,0.40688553,0
0,0.47857887,0
1,0.5375319,1
1,0.8574966,1
0,0.76124597,1
0,0.8185302,1
1,0.7774704,1
1,0.81883574,1
1,0.8211926,1
0,0.41618648,0
1,0.55114126,1
0,0.72640073,1
0,0.69683,1
1,0.803593,1
1,0.67712307,1
0,0.6320533,1
0,0.51805246,1
0,0.73650414,1
1,0.5441205,1
1,0.65484,1
1,0.68343085,1
1,0.5974228,1
1,0.5353203,1
1,0.7069697,1
1,0.6947096,1
1,0.8686836,1
1,0.8408944,1
1,0.7364308,1
1,0.81269103,1
1,0.8593434,1
1,0.8587374,1
1,0.8563771,1
0,0.6761325,1
1,0.8568106,1
1,0.85534954,1
1,0.8240302,1
0,0.64070666,1
1,0.7425758,1
1,0.81044406,1
1,0.73966146,1
1,0.85680556,1
0,0.6747005,1
0,0.8250361,1
0,0.79352164,1
1,0.85173285,1
1,0.8830337,1
1,0.76290834,1
1,0.8682932,1
1,0.896201,1
1,0.88616544,1
1,0.875288,1
1,0.35402283,0
1,0.8312996,1
1,0.81101453,1
1,0.8185267,1
0,0.7424184,1
1,0.6831394,1
1,0.8114978,1
0,0.8126995,1
1,0.6966963,1
0,0.877906,1
0,0.85933197,1
1,0.8525963,1
0,0.8467288,1
1,0.83106744,1
1,0.8609966,1
1,0.8143607,1
1,0.78947747,1
1,0.85263616,1
0,0.8416253,1
1,0.8541441,1
1,0.82718617,1
1,0.7993475,1
1,0.8459774,1
1,0.7893752,1
1,0.84526885,1
1,0.8607645,1
1,0.8349575,1
1,0.77647024,1
1,0.81162876,1
1,0.7868884,1
1,0.7994177,1
1,0.8454801,1
1,0.6442317,1
0,0.49830174,0
0,0.6853414,1
0,0.62199336,1
1,0.6263313,1
0,0.230844,0
0,0.13573153,0
0,0.16144153,0
0,0.44244614,0
0,0.4748421,0
0,0.3292836,0
1,0.78300446,1
1,0.49796802,0
1,0.688635,1
1,0.7911836,1
1,0.7927957,1
1,0.7843258,1
1,0.7028082,1
1,0.6708362,1
0,0.7247421,1
1,0.7917865,1
1,0.7344623,1
1,0.7537384,1
1,0.72295827,1
1,0.85409784,1
1,0.79508805,1
1,0.79509014,1
1,0.85748565,1
1,0.6266607,1
1,0.16877827,0
0,0.26067805,0
0,0.31161812,0
0,0.78177154,1
1,0.6553433,1
1,0.72725636,1
1,0.7071965,1
0,0.71181744,1
1,0.6995844,1
0,0.64869064,1
0,0.8109625,1
0,0.77196944,1
0,0.8294362,1
1,0.8253516,1
0,0.77254224,1
1,0.80663025,1
1,0.82101893,1
1,0.70429707,1
0,0.6839425,1
1,0.77611256,1
0,0.6023449,1
0,0.6212332,1
1,0.866163,1
1,0.8219483,1
1,0.79859,1
1,0.8180627,1
1,0.78837216,1
1,0.8250286,1
1,0.83785814,1
0,0.8641716,1
1,0.7803029,1
1,0.6870126,1
1,0.69845057,1
1,0.6849012,1
0,0.68914586,1
1,0.77007043,1
1,0.833706,1
1,0.8642649,1
1,0.8767452,1
1,0.65865594,1
1,0.8150548,1
1,0.83575314,1
0,0.77883506,1
0,0.60899717,1
1,0.8440045,1
1,0.7663494,1
1,0.7913074,1
1,0.92166686,1
0,0.84524614,1
1,0.867536,1
1,0.9140536,1
1,0.9344225,1
1,0.94763124,1
1,0.8814199,1
0,0.7775398,1
0,0.9377882,1
1,0.8488468,1
0,0.9621976,1
0,0.96013176,1
1,0.93602914,1
1,0.9378775,1
1,0.85854,1
1,0.8778899,1
1,0.89044076,1
0,0.7260584,1
1,0.78305715,1
0,0.8219562,1
1,0.65312743,1
0,0.17027524,0
0,0.11388509,0
0,0.48100775,0
0,0.18778634,0
0,0.15891977,0
1,0.095890015,0
1,0.40028447,0
1,0.85838765,1
1,0.26412207,0
0,0.4124937,0
0,0.8363937,1
1,0.87495434,1
1,0.8531481,1
1,0.8301539,1
1,0.8750985,1
0,0.62180746,1
0,0.68891627,1
1,0.62814176,1
1,0.38868105,0
1,0.61080295,1
1,0.64692986,1
1,0.68463826,1
0,0.6637285,1
1,0.60599667,1
1,0.7330965,1
1,0.6041354,1
0,0.7896363,1
1,0.81111467,1
1,0.8857521,1
0,0.75891817,1
1,0.8193829,1
1,0.8094068,1
0,0.8031081,1
1,0.8621895,1
1,0.8110132,1
1,0.8281879,1
1,0.8525754,1
1,0.72110087,1
0,0.7953142,1
1,0.7726222,1
1,0.737105,1
1,0.72398126,1
1,0.7696642,1
1,0.80444366,1
0,0.78810656,1
1,0.8901639,1
0,0.8105785,1
1,0.8995572,1
1,0.86926085,1
1,0.4520922,0
1,0.64564884,1
1,0.5631964,1
1,0.8843019,1
1,0.8337186,1
0,0.72903657,1
0,0.47143453,0
1,0.68213344,1
1,0.48503524,0
0,0.62510276,1
0,0.31294087,0
0,0.24168935,0
0,0.32622543,0
0,0.6332809,1
1,0.6425559,1
1,0.38779968,0
1,0.90579724,1
1,0.8193495,1
1,0.53532386,1
1,0.7891717,1
1,0.7688616,1
1,0.84487885,1
1,0.82578695,1
0,0.8131466,1
1,0.7415162,1
1,0.8622326,1
1,0.83865225,1
1,0.7977766,1
0,0.70779896,1
1,0.7987693,1
0,0.23439935,0
1,0.38654998,0
1,0.7552237,1
1,0.79786944,1
1,0.8097796,1
0,0.30753636,0
0,0.37129012,0
1,0.4273201,0
1,0.6551582,1
1,0.43553147,0
1,0.7487369,1
1,0.849114,1
1,0.82961893,1
1,0.80385,1
1,0.86473006,1
1,0.812573,1
1,0.849828,1
1,0.8345213,1
1,0.84807074,1
1,0.5559584,1
1,0.7939809,1
0,0.8324881,1
0,0.52655625,1
0,0.575114,1
0,0.523191,1
1,0.693061,1
1,0.79462504,1
1,0.5403672,1
0,0.5812624,1
1,0.6903195,1
0,0.6662402,1
0,0.47365296,0
1,0.6328379,1
1,0.7455223,1
1,0.6887694,1
1,0.6488336,1
1,0.690159,1
0,0.6386054,1
1,0.6191255,1
0,0.70146435,1
0,0.6576509,1
1,0.7391071,1
1,0.762237,1
1,0.8035154,1
1,0.7530584,1
0,0.75879943,1
1,0.83845407,1
0,0.78102005,1
1,0.72283447,1
1,0.84745073,1
1,0.65705955,1
1,0.68592405,1
1,0.76568717,1
1,0.77178997,1
1,0.8076647,1
1,0.83726245,1
1,0.83772904,1
1,0.7660527,1
1,0.8213892,1
0,0.8186594,1
1,0.7928447,1
1,0.8357833,1
1,0.7546325,1
1,0.7138182,1
1,0.82722104,1
1,0.85139036,1
1,0.8761871,1
1,0.8298493,1
1,0.8485265,1
1,0.24282412,0
0,0.81318295,1
1,0.82888764,1
0,0.5037671,1
1,0.73465836,1
1,0.32372805,0
1,0.41771692,0
1,0.6950203,1
1,0.75952196,1
0,0.6646331,1
1,0.43309113,0
1,0.68305814,1
1,0.85442716,1
1,0.8783211,1
1,0.80287844,1
1,0.90768236,1
1,0.8753978,1
1,0.7929186,1
1,0.6664121,1
1,0.6545472,1
0,0.67042726,1
0,0.5147081,1
0,0.6614378,1
1,0.588298,1
1,0.4669922,0
1,0.6886591,1
1,0.6395402,1
1,0.58866745,1
1,0.56525815,1
1,0.7935305,1
1,0.7767527,1
1,0.84765375,1
0,0.7818194,1
1,0.66635644,1
0,0.6500217,1
1,0.735827,1
1,0.7119905,1
1,0.72503895,1
1,0.7298545,1
1,0.8347369,1
1,0.8117389,1
1,0.7394271,1
1,0.6748774,1
1,0.66989267,1
1,0.760163,1
1,0.79783946,1
1,0.7936291,1
0,0.8497684,1
1,0.22136517,0
0,0.15937425,0
0,0.4478802,0
1,0.29233414,0
1,0.5594673,1
1,0.27237573,0
1,0.4511874,0
1,0.45595446,0
1,0.28717303,0
1,0.6990329,1
0,0.46879628,0
1,0.2558031,0
1,0.73780394,1
1,0.7797645,1
1,0.8452118,1
1,0.79422385,1
1,0.43837798,0
0,0.7946965,1
1,0.7702545,1
1,0.8289548,1
1,0.8140224,1
0,0.7966642,1
0,0.829678,1
0,0.8260267,1
0,0.3780818,0
0,0.35585395,0
1,0.83905697,1
1,0.42521882,0
1,0.3960369,0
1,0.49440113,0
1,0.7600552,1
1,0.6638321,1
1,0.6471463,1
1,0.8243847,1
1,0.7994658,1
1,0.75437677,1
0,0.72967845,1
0,0.7894502,1
1,0.8296911,1
1,0.78391,1
1,0.78466403,1
0,0.7957246,1
1,0.76245546,1
1,0.78949076,1
1,0.619917,1
1,0.64540654,1
0,0.61892277,1
0,0.7088326,1
0,0.6910264,1
1,0.739874,1
1,0.7050017,1
0,0.6354672,1
1,0.62939906,1
1,0.63963956,1
1,0.7238915,1
1,0.70355505,1
0,0.6234348,1
0,0.7187125,1
1,0.68476963,1
1,0.6845718,1
0,0.5369379,1
0,0.7448499,1
1,0.68062335,1
0,0.82279605,1
1,0.7527911,1
1,0.5160361,1
0,0.6020473,1
0,0.58841735,1
0,0.524636,1
0,0.6406854,1
0,0.65581435,1
1,0.59913325,1
0,0.5996269,1
0,0.62096846,1
1,0.7501553,1
1,0.63248205,1
0,0.53001356,1
0,0.2217075,0
0,0.30978948,0
1,0.7180216,1
1,0.7852546,1
1,0.6386304,1
0,0.71570987,1
1,0.62975353,1
1,0.5333163,1
1,0.68296653,1
0,0.62258524,1
1,0.39531946,0
0,0.33100364,0
0,0.5185652,1
1,0.8122913,1
1,0.75011086,1
1,0.76254016,1
0,0.7923446,1
1,0.7751338,1
1,0.80141366,1
1,0.7824688,1
1,0.7545745,1
1,0.8405921,1
1,0.27042732,0
0,0.50050026,1
0,0.38512403,0
0,0.3535149,0
1,0.34747702,0
1,0.8460368,1
1,0.868431,1
1,0.20474534,0
1,0.79034233,1
1,0.8618402,1
0,0.6180048,1
1,0.79779327,1
1,0.8236769,1
0,0.80151266,1
1,0.74528635,1
0,0.22806174,0
0,0.7261469,1
0,0.15973637,0
0,0.32668924,0
0,0.38319,0
0,0.18133867,0
0,0.3047571,0
0,0.43289518,0
0,0.373706,0
0,0.28327543,0
0,0.34356785,0
0,0.3010602,0
0,0.3298367,0
0,0.25672916,0
0,0.31414717,0
0,0.44747654,0
0,0.600378,1
0,0.18163143,0
0,0.4669242,0
0,0.43802074,0
0,0.34009445,0
0,0.49137774,0
0,0.40990496,0
0,0.1571026,0
0,0.21776979,0
0,0.33893162,0
0,0.32471475,0
0,0.51855665,1
0,0.46774384,0
0,0.22438166,0
0,0.5116755,1
0,0.29000038,0
0,0.2845506,0
0,0.368598,0
0,0.50674266,1
1,0.43161514,0
1,0.37540898,0
0,0.5663316,1
0,0.72164696,1
0,0.7066008,1
1,0.71433526,1
1,0.7781095,1
0,0.71100265,1
1,0.765699,1
0,0.6311201,1
1,0.6654521,1
1,0.75881493,1
1,0.7215138,1
1,0.7659029,1
1,0.787696,1
0,0.6549166,1
0,0.6526982,1
1,0.6584922,1
1,0.59373194,1
0,0.50627494,1
0,0.3608051,0
0,0.46795896,0
0,0.23849203,0
0,0.14743842,0
0,0.34978586,0
0,0.15944013,0
0,0.15264039,0
0,0.46237224,0
0,0.3225391,0
0,0.14169766,0
0,0.2870209,0
0,0.7456077,1
0,0.33955196,0
0,0.32043892,0
0,0.13910414,0
0,0.20741087,0
0,0.19230531,0
0,0.39926866,0
0,0.32823762,0
1,0.35362193,0
0,0.23986389,0
0,0.4834462,0
0,0.5131492,1
1,0.14247845,0
1,0.3571826,0
0,0.40572116,0
0,0.6275811,1
1,0.6828079,1
1,0.89788663,1
1,0.7483222,1
1,0.7406105,1
1,0.7228999,1
1,0.74005824,1
1,0.64710206,1
1,0.5750791,1
1,0.7074608,1
0,0.5297745,1
0,0.16631818,0
0,0.19815981,0
1,0.72150177,1
1,0.66298497,1
1,0.9440373,1
0,0.8559475,1
0,0.70997095,1
1,0.9322081,1
1,0.91250765,1
1,0.8501582,1
0,0.9260269,1
0,0.3901223,0
0,0.5157878,1
0,0.45907703,0
0,0.3253502,0
0,0.13254,0
0,0.23914616,0
0,0.068662316,0
0,0.13619043,0
0,0.18860725,0
0,0.19220607,0
0,0.30950692,0
0,0.30304396,0
0,0.39219648,0
0,0.26605082,0
0,0.34552518,0
0,0.39416534,0
0,0.3116954,0
0,0.510711,1
0,0.32925963,0
0,0.6484817,1
1,0.3141645,0
1,0.71287876,1
0,0.66534483,1
0,0.72214305,1
1,0.7001952,1
1,0.77630407,1
1,0.82661945,1
1,0.7843404,1
1,0.81694293,1
0,0.76741964,1
0,0.76144004,1
1,0.734341,1
1,0.8406765,1
1,0.85074574,1
1,0.81900406,1
1,0.84668696,1
1,0.7250344,1
1,0.7856266,1
1,0.8011735,1
0,0.8494915,1
1,0.832201,1
1,0.745142,1
1,0.74415344,1
1,0.7147564,1
1,0.8001629,1
1,0.7515874,1
1,0.8670165,1
1,0.8787966,1
1,0.81498533,1
1,0.8581609,1
1,0.7869536,1
1,0.77417976,1
1,0.86391914,1
1,0.9157897,1
0,0.78925514,1
0,0.8629213,1
1,0.9124233,1
0,0.74875534,1
0,0.8911865,1
0,0.8110657,1
1,0.755578,1
0,0.7381201,1
0,0.35819146,0
0,0.33104017,0
0,0.27269304,0
0,0.40864894,0
0,0.16626613,0
0,0.25567713,0
0,0.23629431,0
0,0.224333,0
0,0.33330697,0
0,0.44954643,0
0,0.24464235,0
0,0.5388441,1
0,0.24318206,0
0,0.44043496,0
0,0.7396019,1
0,0.2550517,0
0,0.79979926,1
0,0.21823591,0
0,0.29897147,0
0,0.46334213,0
0,0.121265754,0
0,0.13641717,0
0,0.37341928,0
0,0.48035216,0
0,0.53931993,1
0,0.097221166,0
0,0.3255834,0
0,0.4817726,0
0,0.26405612,0
0,0.13417828,0
0,0.4160193,0
0,0.5409307,1
0,0.7264576,1
0,0.3996668,0
0,0.25712276,0
0,0.21056247,0
0,0.12931217,0
0,0.17904863,0
0,0.15833102,0
0,0.16946207,0
0,0.29725716,0
0,0.14949976,0
0,0.43769026,0
0,0.38039225,0
1,0.59531546,1
1,0.4992166,0
0,0.59116143,1
1,0.7082419,1
1,0.6448316,1
0,0.749946,1
1,0.5929942,1
1,0.60944456,1
0,0.22874308,0
0,0.30843228,0
0,0.2911573,0
0,0.36638677,0
0,0.3352638,0
0,0.31513172,0
0,0.4131395,0
0,0.18369482,0
0,0.41848797,0
0,0.4185136,0
0,0.5039257,1
1,0.5945543,1
0,0.33611125,0
1,0.87852204,1
1,0.706052,1
1,0.70682937,1
1,0.8323381,1
1,0.7954419,1
1,0.56804085,1
0,0.6998589,1
1,0.74227786,1
0,0.27722725,0
0,0.5238132,1
0,0.4960768,0
1,0.7240768,1
1,0.772651,1
1,0.74966836,1
1,0.7355631,1
0,0.18269184,0
0,0.24668546,0
0,0.14035256,0
0,0.40660438,0
0,0.25339776,0
0,0.3798746,0
0,0.2888413,0
0,0.5070253,1
0,0.06421353,0
0,0.23012091,0
0,0.26715732,0
0,0.41944975,0
0,0.42247787,0
0,0.69267833,1
1,0.77842474,1
0,0.7245649,1
0,0.7660534,1
0,0.72530633,1
1,0.8043954,1
1,0.76004523,1
1,0.810343,1
1,0.79867357,1
0,0.70302325,1
1,0.7380359,1
0,0.6042599,1
1,0.58109814,1
1,0.75411016,1
0,0.60555243,1
0,0.49113888,0
0,0.64320534,1
0,0.14323649,0
0,0.6110725,1
1,0.34658125,0
0,0.4254788,0
0,0.31953222,0
0,0.16899844,0
0,0.16242248,0
1,0.72923446,1
1,0.6437238,1
1,0.61490774,1
1,0.7642942,1
1,0.7793821,1
1,0.7304677,1
0,0.9011679,1
1,0.77230823,1
1,0.7942279,1
0,0.8574413,1
1,0.8316616,1
1,0.75031936,1
0,0.1809641,0
0,0.30561954,0
0,0.15731217,0
0,0.17479128,0
0,0.39445895,0
0,0.10544039,0
0,0.60153633,1
0,0.42424387,0
0,0.34667984,0
0,0.62277246,1
0,0.120652676,0
0,0.41427544,0
0,0.4313937,0
0,0.75807214,1
0,0.08298611,0
0,0.20531633,0
0,0.38149992,0
0,0.13059287,0
0,0.25915548,0
0,0.4532752,0
0,0.38082108,0
0,0.22700892,0
0,0.29656738,0
0,0.27021888,0
0,0.24324417,0
0,0.02676104,0
0,0.10685401,0
0,0.16416815,0
0,0.27709445,0
0,0.20675032,0
0,0.37817374,0
0,0.34019858,0
0,0.30187705,0
0,0.26020688,0
0,0.1445782,0
0,0.31423086,0
0,0.5017715,1
0,0.5507182,1
0,0.3674234,0
0,0.33798325,0
0,0.42142916,0
0,0.41724554,0
0,0.8717784,1
1,0.7881575,1
1,0.84348685,1
1,0.81600946,1
0,0.73189163,1
0,0.7720875,1
0,0.27948812,0
0,0.29939777,0
0,0.32459253,0
0,0.16915162,0
0,0.35285342,0
0,0.2950878,0
0,0.813314,1
0,0.35921535,0
0,0.21929091,0
0,0.9450516,1
0,0.2511241,0
0,0.35086253,0
0,0.36634138,0
0,0.34807944,0
0,0.4270226,0
0,0.33370525,0
0,0.40966466,0
0,0.18132928,0
0,0.38587785,0
0,0.5929351,1
0,0.13124394,0
0,0.86154443,1
0,0.33865145,0
0,0.37273112,0
0,0.38543707,0
0,0.39047936,0
0,0.42308715,0
0,0.10954016,0
0,0.8181601,1
0,0.25088006,0
1,0.7449911,1
1,0.7900409,1
1,0.72036076,1
1,0.7267636,1
0,0.6542193,1
1,0.7157894,1
0,0.6624849,1
0,0.59221625,1
0,0.728668,1
0,0.6843849,1
0,0.602283,1
0,0.5666091,1
1,0.7227312,1
1,0.6857275,1
0,0.7180654,1
1,0.75176066,1
0,0.67272556,1
1,0.7912103,1
1,0.7464729,1
1,0.7316213,1
1,0.71693754,1
0,0.24367899,0
0,0.54678625,1
0,0.21609336,0
0,0.65305513,1
0,0.17474714,0
0,0.1935806,0
0,0.39178824,0
0,0.8088139,1
0,0.6296176,1
1,0.7310935,1
1,0.6296208,1
1,0.532915,1
0,0.751294,1
1,0.45100227,0
1,0.848881,1
0,0.76361245,1
0,0.82139957,1
1,0.6311934,1
1,0.8131046,1
0,0.89290524,1
1,0.8562615,1
1,0.6119311,1
1,0.67490757,1
1,0.67093444,1
0,0.70669615,1
0,0.7280799,1
1,0.78473014,1
0,0.38737732,0
0,0.31521964,0
0,0.39986348,0
0,0.32886928,0
0,0.6536289,1
0,0.65435934,1
1,0.5732668,1
0,0.18784681,0
1,0.49206534,0
0,0.5429846,1
1,0.58558285,1
1,0.77385384,1
0,0.84525925,1
1,0.60189146,1
0,0.06287833,0
0,0.07303206,0
0,0.22489686,0
0,0.36619887,0
0,0.4935834,0
0,0.4504465,0
0,0.48648992,0
0,0.32760155,0
0,0.18715861,0
0,0.46685353,0
0,0.6781161,1
0,0.36449197,0
0,0.39228454,0
0,0.38175136,0
0,0.4057803,0
0,0.37328804,0
0,0.7400818,1
0,0.35398364,0
0,0.31793302,0
0,0.37004882,0
0,0.59083635,1
0,0.18155636,0
0,0.8140505,1
0,0.4114279,0
0,0.35589787,0
0,0.2849218,0
0,0.22958395,0
0,0.27194634,0
0,0.13058114,0
1,0.39775482,0
1,0.6258688,1
0,0.47201952,0
1,0.8039292,1
1,0.8650709,1
1,0.90231794,1
0,0.85582656,1
1,0.8319326,1
1,0.8885822,1
1,0.89550346,1
0,0.8861844,1
1,0.8372477,1
1,0.49902865,0
0,0.3604348,0
1,0.91856205,1
1,0.5398632,1
1,0.90332466,1
0,0.20349889,0
0,0.42028552,0
0,0.85959923,1
0,0.56255597,1
0,0.6576085,1
0,0.63996774,1
0,0.2442603,0
1,0.8165793,1
1,0.82834375,1
1,0.87566775,1
1,0.82281333,1
1,0.86544645,1
0,0.81272125,1
0,0.82136095,1
1,0.8531928,1
1,0.8947579,1
1,0.83732414,1
1,0.80906314,1
1,0.862315,1
1,0.8591109,1
1,0.828923,1
1,0.85998034,1
1,0.68970424,1
1,0.6933604,1
0,0.67159015,1
1,0.81074786,1
1,0.8506248,1
0,0.78830963,1
1,0.8150897,1
1,0.8098728,1
0,0.70131725,1
0,0.81113803,1
0,0.82705754,1
1,0.8367687,1
1,0.82603544,1
1,0.8316965,1
0,0.8135365,1
1,0.8421106,1
0,0.863734,1
0,0.8180599,1
1,0.8863738,1
1,0.71405804,1
1,0.80681497,1
1,0.7375678,1
1,0.8033118,1
1,0.8902576,1
1,0.9326074,1
1,0.90942276,1
0,0.51939857,1
0,0.73618823,1
0,0.36860806,0
0,0.4339906,0
0,0.406357,0
0,0.5069136,1
0,0.28177455,0
0,0.4589085,0
0,0.41311356,0
0,0.41207042,0
0,0.45656434,0
0,0.4117227,0
0,0.15430796,0
0,0.6932584,1
1,0.9151643,1
1,0.91073966,1
1,0.81398714,1
0,0.9012353,1
1,0.8784144,1
1,0.91369706,1
1,0.84317786,1
0,0.9376955,1
0,0.91876256,1
1,0.90561944,1
1,0.84572554,1
1,0.82295513,1
1,0.8653452,1
1,0.80043495,1
1,0.8681542,1
1,0.8460012,1
1,0.82463497,1
1,0.76413524,1
1,0.86465377,1
1,0.8754016,1
0,0.8473713,1
1,0.82334274,1
1,0.8763869,1
1,0.8805996,1
0,0.8520616,1
1,0.7769329,1
1,0.86077785,1
1,0.8706733,1
1,0.8521841,1
0,0.12459162,0
0,0.42474422,0
1,0.27442122,0
1,0.68599,1
0,0.7581235,1
1,0.35139716,0
1,0.71808666,1
1,0.6044112,1
1,0.6915592,1
0,0.38380942,0
1,0.77230334,1
1,0.5281291,1
1,0.79619116,1
0,0.8006992,1
0,0.79972917,1
0,0.8521956,1
1,0.77922124,1
1,0.4886237,0
1,0.30632764,0
0,0.34897837,0
0,0.08390908,0
0,0.2302761,0
0,0.13234106,0
0,0.07255814,0
0,0.27339846,0
0,0.28574127,0
0,0.43249914,0
0,0.26361898,0
0,0.17037986,0
0,0.2999088,0
0,0.46504426,0
0,0.43475202,0
0,0.37402302,0
0,0.24553345,0
0,0.20620382,0
0,0.47263145,0
1,0.7208433,1
1,0.5384927,1
0,0.70075095,1
0,0.6966273,1
1,0.6802827,1
1,0.72678727,1
0,0.71417934,1
1,0.65486175,1
1,0.650629,1
0,0.75840145,1
0,0.70035493,1
0,0.24434619,0
0,0.3521969,0
0,0.16095307,0
0,0.592927,1
0,0.40459347,0
0,0.32979438,0
0,0.40744218,0
0,0.4075123,0
0,0.29500413,0
0,0.20506538,0
0,0.4472562,0
0,0.39873758,0
0,0.36749458,0
0,0.38352466,0
0,0.26872995,0
0,0.83650017,1
0,0.39245552,0
0,0.35861215,0
0,0.49101752,0
1,0.55789614,1
0,0.61363214,1
0,0.4244199,0
1,0.8481132,1
0,0.8473838,1
0,0.8561378,1
1,0.90133,1
1,0.90362537,1
1,0.908478,1
1,0.92741597,1
0,0.8744783,1
1,0.92827547,1
1,0.86846316,1
1,0.94690233,1
1,0.88647616,1
1,0.88327634,1
1,0.9101743,1
1,0.7391084,1
0,0.21800894,0
0,0.2721202,0
0,0.3188988,0
0,0.44004574,0
0,0.42324793,0
0,0.19685498,0
0,0.28676885,0
0,0.34073588,0
0,0.12905483,0
0,0.39464962,0
0,0.21659209,0
0,0.333322,0
0,0.47640046,0
0,0.25773966,0
0,0.19334003,0
0,0.45959017,0
0,0.73281574,1
0,0.35905775,0
0,0.20472395,0
0,0.41985753,0
0,0.4441325,0
0,0.39512026,0
0,0.37561688,0
0,0.30234283,0
0,0.3669269,0
0,0.13457584,0
0,0.1504689,0
1,0.5699306,1
0,0.1512919,0
0,0.22430462,0
0,0.17088243,0
0,0.11694281,0
0,0.32341608,0
0,0.28336596,0
0,0.19387737,0
0,0.40766114,0
0,0.2731475,0
0,0.41931665,0
0,0.4248958,0
1,0.96798784,1
1,0.75443447,1
0,0.30754912,0
0,0.10324763,0
1,0.8529229,1
0,0.094829544,0
1,0.8898086,1
1,0.8326107,1
0,0.8227665,1
1,0.84460163,1
1,0.84874254,1
0,0.84980005,1
1,0.89364135,1
1,0.9033954,1
1,0.89369994,1
1,0.8869162,1
1,0.8895568,1
1,0.8810624,1
1,0.873924,1
1,0.90243536,1
1,0.8448201,1
1,0.8815176,1
1,0.85127485,1
1,0.8802086,1
1,0.89429665,1
1,0.87109107,1
1,0.89690316,1
0,0.9141972,1
1,0.88479906,1
0,0.22305173,0
0,0.07469379,0
0,0.2967771,0
0,0.16527702,0
0,0.5059492,1
0,0.4279723,0
0,0.356188,0
0,0.52956563,1
1,0.30058601,0
1,0.53912616,1
1,0.8498536,1
1,0.7837439,1
0,0.5610262,1
0,0.7902803,1
0,0.8244958,1
1,0.8502191,1
1,0.8817207,1
1,0.5182872,1
0,0.14683215,0
0,0.23410542,0
0,0.4024571,0
0,0.24363397,0
0,0.8191218,1
0,0.4174423,0
0,0.39575917,0
0,0.24796557,0
0,0.2548598,0
0,0.2967615,0
0,0.73089576,1
0,0.35373306,0
0,0.09415536,0
0,0.10980974,0
0,0.42949757,0
0,0.5090372,1
0,0.34515595,0
0,0.25411218,0
0,0.21005613,0
0,0.26898926,0
0,0.34350148,0
0,0.38094434,0
0,0.43039984,0
0,0.29269794,0
0,0.3851859,0
0,0.47414893,0
0,0.18790007,0
0,0.47569624,0
0,0.23954125,0
0,0.5085273,1
0,0.4692424,0
1,0.63094425,1
1,0.8376177,1
1,0.8259306,1
1,0.8024056,1
1,0.7927741,1
0,0.81524163,1
0,0.33099952,0
0,0.35725743,0
0,0.6784014,1
0,0.8001823,1
0,0.20977217,0
0,0.23834892,0
0,0.26476645,0
0,0.40002418,0
0,0.33874422,0
0,0.43274537,0
0,0.4433996,0
0,0.28053764,0
0,0.45417535,0
1,0.39682952,0
1,0.3582051,0
1,0.6065477,1
0,0.063313134,0
0,0.3681184,0
0,0.40954593,0
0,0.29416552,0
0,0.49614576,0
0,0.3299906,0
0,0.3478622,0
1,0.5731556,1
1,0.6029237,1
1,0.7412482,1
0,0.4866333,0
0,0.462298,0
0,0.5025563,1
0,0.34914148,0
0,0.33648303,0
0,0.8687772,1
0,0.40017927,0
0,0.4646378,0
0,0.8264186,1
0,0.38221136,0
0,0.38143504,0
0,0.4645408,0
0,0.4157323,0
0,0.36757222,0
0,0.48206323,0
0,0.24767232,0
0,0.40752256,0
0,0.11331622,0
0,0.09891198,0
0,0.16091229,0
0,0.49124157,0
0,0.24867274,0
0,0.32870916,0
0,0.35714605,0
0,0.39323816,0
0,0.49739504,0
0,0.38974828,0
0,0.36534533,0
0,0.2532782,0
0,0.327249,0
0,0.26726758,0
0,0.3723811,0
0,0.74203134,1
0,0.43569583,0
0,0.4587925,0
0,0.33321244,0
0,0.3772072,0
0,0.37377098,0
0,0.44823182,0
0,0.34848332,0
0,0.31524748,0
0,0.33909708,0
0,0.3882131,0
0,0.25728703,0
0,0.44974652,0
0,0.093068846,0
0,0.3652562,0
0,0.4237288,0
0,0.24988443,0
0,0.3234324,0
1,0.81998444,1
0,0.84265953,1
1,0.857689,1
1,0.8381706,1
0,0.82006466,1
0,0.8477615,1
0,0.77928805,1
0,0.84691703,1
0,0.77882075,1
0,0.7910639,1
1,0.7842302,1
0,0.8028394,1
1,0.773044,1
1,0.8329788,1
1,0.815151,1
1,0.8520036,1
1,0.80306274,1
0,0.7975774,1
1,0.79768777,1
1,0.81230116,1
0,0.8003337,1
1,0.81890965,1
0,0.7710063,1
1,0.83007544,1
1,0.7715676,1
1,0.75189465,1
0,0.74587667,1
1,0.6873453,1
1,0.6454009,1
1,0.8025719,1
1,0.8223163,1
1,0.8283088,1
1,0.8522255,1
1,0.7688817,1
1,0.71066594,1
1,0.5213896,1
1,0.75239766,1
0,0.48383877,0
1,0.7519799,1
1,0.7035133,1
0,0.8084536,1
1,0.72538084,1
1,0.37268937,0
0,0.4591231,0
0,0.30271462,0
0,0.49541825,0
1,0.84431905,1
1,0.80161816,1
1,0.7911859,1
0,0.8885633,1
1,0.5153977,1
0,0.38209227,0
0,0.5455297,1
0,0.39009503,0
0,0.46311814,0
0,0.4783188,0
0,0.4012074,0
0,0.4488894,0
0,0.27919507,0
0,0.10716751,0
1,0.27304372,0
1,0.2847751,0
1,0.21519166,0
0,0.44039825,0
0,0.29405203,0
0,0.47243768,0
0,0.4785295,0
0,0.46087596,0
0,0.39737776,0
0,0.38950655,0
0,0.44649282,0
0,0.32258174,0
0,0.59408855,1
0,0.31225505,0
0,0.35153,0
0,0.36283076,0
0,0.4277073,0
0,0.42259306,0
0,0.32418537,0
0,0.4857334,0
0,0.34066296,0
0,0.35644627,0
0,0.35768607,0
0,0.43429178,0
0,0.3683483,0
0,0.43648413,0
0,0.4124095,0
0,0.34500864,0
0,0.5324863,1
0,0.33540773,0
0,0.540886,1
0,0.42417908,0
0,0.66642743,1
0,0.5126155,1
0,0.8089399,1
0,0.4561166,0
0,0.46822757,0
0,0.37856367,0
0,0.32464758,0
1,0.81002796,1
1,0.883777,1
1,0.8368183,1
1,0.8682091,1
0,0.8159338,1
0,0.90421504,1
1,0.8947441,1
0,0.9369543,1
1,0.90506506,1
1,0.8972282,1
1,0.8755946,1
1,0.84098667,1
1,0.88830143,1
1,0.8399375,1
0,0.8385908,1
1,0.82876414,1
0,0.82332224,1
0,0.73373145,1
1,0.85114825,1
1,0.7989447,1
1,0.7880586,1
1,0.82162976,1
1,0.84147,1
1,0.8729088,1
1,0.8639653,1
1,0.86087793,1
1,0.8590759,1
1,0.80594707,1
1,0.7726753,1
1,0.8269491,1
1,0.79841363,1
1,0.853553,1
1,0.8622615,1
0,0.8846749,1
1,0.87098306,1
0,0.4076717,0
0,0.35763702,0
0,0.45667067,0
0,0.36391306,0
0,0.68943864,1
0,0.73375624,1
0,0.4737201,0
1,0.3480276,0
1,0.7357152,1
1,0.8685519,1
1,0.807287,1
0,0.73027426,1
0,0.7849102,1
1,0.7809643,1
1,0.6781969,1
0,0.7664776,1
0,0.7022726,1
0,0.38085806,0
0,0.33057192,0
0,0.0377381,0
0,0.43334073,0
1,0.50109047,1
1,0.6197982,1
0,0.8900174,1
0,0.73151004,1
0,0.77997994,1
0,0.7330485,1
1,0.81489885,1
0,0.80892974,1
1,0.75998807,1
1,0.7643422,1
1,0.75657445,1
1,0.74039024,1
0,0.7268651,1
1,0.75503105,1
0,0.75519705,1
1,0.7491196,1
1,0.77304256,1
0,0.50119257,1
0,0.30876085,0
0,0.72714496,1
0,0.7458788,1
0,0.4751795,0
0,0.45487627,0
0,0.3247701,0
0,0.45026025,0
1,0.5084534,1
1,0.6650737,1
1,0.5229219,1
1,0.7590613,1
1,0.42670324,0
1,0.65274817,1
1,0.43647528,0
0,0.15902826,0
0,0.3579655,0
0,0.37792823,0
0,0.2929216,0
0,0.50025815,1
0,0.5802099,1
1,0.7754737,1
1,0.8380861,1
1,0.8657048,1
1,0.8405173,1
1,0.89099944,1
0,0.9124205,1
0,0.88630366,1
0,0.8501996,1
1,0.92943704,1
1,0.76625913,1
0,0.86420625,1
1,0.8535197,1
0,0.7592644,1
1,0.7336562,1
1,0.71322095,1
1,0.71414405,1
1,0.7447551,1
1,0.656157,1
1,0.6590342,1
0,0.759073,1
1,0.70882326,1
0,0.834904,1
1,0.75415456,1
1,0.82925177,1
1,0.80323523,1
1,0.8038678,1
1,0.80542594,1
1,0.7935117,1
1,0.8298506,1
0,0.8234222,1
1,0.8128093,1
1,0.818075,1
1,0.8340029,1
1,0.84074837,1
1,0.77213085,1
1,0.85557044,1
1,0.8776034,1
0,0.89209384,1
1,0.8861644,1
1,0.83537793,1
1,0.5937887,1
1,0.7671328,1
1,0.7184071,1
1,0.8425241,1
1,0.79739743,1
1,0.81607157,1
1,0.847394,1
1,0.8846169,1
1,0.81395644,1
0,0.7814486,1
1,0.7656055,1
1,0.75849515,1
0,0.7567401,1
1,0.71265066,1
1,0.7952321,1
0,0.71421087,1
0,0.7247691,1
1,0.8005542,1
1,0.76513505,1
0,0.8232082,1
0,0.7366409,1
0,0.7016077,1
1,0.84306,1
1,0.7977815,1
1,0.7861643,1
1,0.7951408,1
1,0.8067021,1
0,0.785945,1
1,0.79130185,1
0,0.81550664,1
0,0.32273132,0
0,0.4314455,0
0,0.41144374,0
0,0.10965888,0
0,0.38322857,0
0,0.37161717,0
0,0.3055055,0
0,0.31485882,0
0,0.36199316,0
0,0.3859642,0
0,0.35704336,0
0,0.30928028,0
0,0.6418536,1
0,0.33748728,0
0,0.35100007,0
0,0.3842265,0
0,0.10811727,0
0,0.46706527,0
0,0.51608974,1
0,0.3603926,0
0,0.5236626,1
0,0.39255476,0
0,0.46669325,0
0,0.418755,0
0,0.07649203,0
0,0.09276612,0
0,0.48414677,0
0,0.53033507,1
0,0.40331098,0
0,0.12686568,0
0,0.03983969,0
0,0.088187225,0
0,0.06895785,0
0,0.14562182,0
0,0.113398775,0
0,0.109656185,0
0,0.111615136,0
0,0.5314481,1
0,0.429051,0
0,0.50446975,1
0,0.48792458,0
1,0.57958204,1
1,0.65414613,1
1,0.64364237,1
1,0.6477681,1
1,0.6210629,1
1,0.5545922,1
1,0.696692,1
1,0.5689365,1
1,0.62142146,1
1,0.5619712,1
0,0.6652817,1
1,0.65975726,1
0,0.27772442,0
0,0.28256816,0
0,0.35461715,0
0,0.3593951,0
0,0.14051265,0
0,0.09429388,0
0,0.3175962,0
0,0.48275384,0
0,0.3778009,0
0,0.38420412,0
0,0.46122992,0
0,0.47118852,0
0,0.35966194,0
0,0.39332563,0
0,0.41512576,0
0,0.45013434,0
0,0.2273011,0
0,0.42266038,0
0,0.37303877,0
0,0.4618168,0
0,0.18366979,0
0,0.13891847,0
0,0.29952514,0
0,0.42733464,0
0,0.34709296,0
0,0.32886377,0
0,0.3505216,0
0,0.5733555,1
0,0.3742774,0
0,0.070873864,0
0,0.487349,0
0,0.549985,1
0,0.31318796,0
0,0.16234407,0
0,0.353398,0
0,0.44382867,0
0,0.35597184,0
0,0.89619946,1
0,0.72343737,1
1,0.80394536,1
0,0.45475504,0
0,0.39890078,0
1,0.78783184,1
1,0.8394832,1
1,0.8910175,1
0,0.8169669,1
1,0.832343,1
1,0.78377014,1
1,0.86859435,1
1,0.85005707,1
1,0.8802727,1
1,0.81403154,1
1,0.8466658,1
1,0.8852359,1
1,0.8539506,1
1,0.8198988,1
1,0.78361595,1
1,0.84901685,1
1,0.75455487,1
1,0.76574236,1
1,0.82954174,1
0,0.80321014,1
1,0.83033526,1
1,0.8109964,1
1,0.7932514,1
1,0.8361185,1
1,0.8751189,1
0,0.6655129,1
0,0.71746653,1
0,0.31302732,0
0,0.7118661,1
0,0.4464365,0
0,0.7013925,1
0,0.3315193,0
0,0.56983846,1
0,0.6065848,1
0,0.41680685,0
0,0.45314062,0
0,0.43965593,0
0,0.17114824,0
0,0.7622025,1
0,0.48957974,0
0,0.44131565,0
0,0.45754668,0
0,0.5333241,1
0,0.6496704,1
0,0.36613005,0
0,0.31609902,0
0,0.42241356,0
0,0.36262992,0
0,0.49008292,0
0,0.3500036,0
0,0.26039144,0
0,0.30896997,0
0,0.16683772,0
0,0.29927847,0
0,0.46866977,0
0,0.30079657,0
0,0.36028075,0
0,0.41470098,0
0,0.39409676,0
0,0.44365925,0
0,0.15027504,0
0,0.35509142,0
0,0.6330496,1
0,0.3545739,0
0,0.13057254,0
0,0.45738044,0
0,0.7424262,1
0,0.75869626,1
0,0.39030585,0
1,0.83724535,1
0,0.7961438,1
1,0.81597984,1
1,0.7817815,1
0,0.8061269,1
1,0.81233263,1
0,0.85256875,1
1,0.82418567,1
0,0.856804,1
1,0.8638352,1
1,0.8319606,1
1,0.83130854,1
1,0.81170505,1
1,0.83323646,1
1,0.8552358,1
1,0.81092244,1
1,0.8485574,1
1,0.80813104,1
1,0.8372105,1
1,0.8682493,1
1,0.89821655,1
1,0.86785156,1
0,0.8739924,1
0,0.36667395,0
0,0.40938875,0
0,0.3263861,0
0,0.35317904,0
0,0.46816444,0
0,0.44039237,0
0,0.43053794,0
0,0.3661187,0
0,0.43297464,0
0,0.39342773,0
0,0.04573862,0
0,0.12663746,0
0,0.058433145,0
0,0.06288295,0
0,0.036595423,0
0,0.04347575,0
0,0.42397135,0
0,0.5374304,1
0,0.35981125,0
0,0.3146427,0
0,0.23957612,0
0,0.5983594,1
0,0.3732833,0
0,0.3750409,0
0,0.562968,1
0,0.38510308,0
0,0.34775987,0
0,0.32600635,0
0,0.3073264,0
1,0.87826216,1
1,0.8357297,1
1,0.8574866,1
0,0.8091977,1
1,0.78393114,1
0,0.8622653,1
1,0.83197635,1
1,0.6728153,1
0,0.79241383,1
0,0.7345394,1
1,0.7717336,1
0,0.8277433,1
1,0.69457877,1
1,0.77212846,1
1,0.67448866,1
1,0.647769,1
1,0.81002635,1
1,0.83677804,1
1,0.5928769,1
0,0.5003246,1
0,0.28599703,0
0,0.38901356,0
0,0.43826514,0
0,0.2732731,0
0,0.38721898,0
0,0.29766285,0
0,0.73860264,1
0,0.39508855,0
0,0.34903076,0
0,0.25690302,0
0,0.3769438,0
0,0.40670455,0
1,0.79836196,1
1,0.7536776,1
1,0.8656918,1
1,0.7549774,1
1,0.8433188,1
0,0.7572353,1
0,0.7089597,1
1,0.77287406,1
1,0.769436,1
1,0.7704843,1
1,0.734327,1
1,0.79384553,1
1,0.764545,1
1,0.8542189,1
1,0.70667773,1
0,0.7436604,1
1,0.5520658,1
0,0.73694414,1
0,0.3832308,0
0,0.69788617,1
0,0.675277,1
1,0.5549289,1
1,0.5899598,1
1,0.43221986,0
0,0.5062462,1
0,0.68589306,1
0,0.5717472,1
0,0.69366884,1
0,0.2861347,0
0,0.22776686,0
0,0.5459102,1
0,0.3514143,0
0,0.3017305,0
0,0.36764023,0
0,0.41334945,0
0,0.13670956,0
0,0.32400107,0
0,0.80134153,1
0,0.28894177,0
0,0.4617339,0
0,0.23780787,0
0,0.13372204,0
0,0.2647089,0
0,0.3164215,0
0,0.37655634,0
0,0.58331895,1
0,0.63727635,1
1,0.885859,1
1,0.8780571,1
0,0.47269025,0
1,0.90201986,1
0,0.94744897,1
1,0.86680907,1
1,0.79284215,1
1,0.83275163,1
1,0.73231816,1
1,0.8003287,1
1,0.80133647,1
0,0.77077276,1
0,0.7838803,1
1,0.74600947,1
1,0.82732016,1
1,0.85461205,1
1,0.8133576,1
1,0.82718647,1
0,0.75205135,1
0,0.8149955,1
0,0.7888021,1
0,0.7595682,1
1,0.7767631,1
1,0.6801434,1
0,0.7741747,1
0,0.7664021,1
1,0.7961963,1
0,0.7439603,1
1,0.60108376,1
0,0.4658137,0
0,0.42211717,0
0,0.35331866,0
0,0.47322217,0
0,0.3010378,0
0,0.41441196,0
0,0.57045174,1
0,0.5107116,1
0,0.3391644,0
0,0.27193218,0
0,0.18808216,0
0,0.45146355,0
0,0.31092352,0
0,0.37264523,0
0,0.36245206,0
0,0.7826447,1
0,0.72869277,1
0,0.75196594,1
0,0.41583896,0
0,0.41768172,0
0,0.22987567,0
0,0.4575476,0
0,0.47238335,0
0,0.18589713,0
0,0.40905872,0
0,0.50416964,1
0,0.44514784,0
0,0.7499706,1
0,0.735454,1
0,0.36412567,0
0,0.6554592,1
0,0.61443704,1
1,0.65001607,1
1,0.78109604,1
0,0.7903452,1
1,0.79165834,1
1,0.88563687,1
1,0.7880955,1
1,0.8066011,1
1,0.82928604,1
1,0.81106836,1
1,0.8135898,1
1,0.79065615,1
1,0.7036564,1
1,0.8415946,1
1,0.803573,1
1,0.8397565,1
0,0.773899,1
1,0.83078754,1
1,0.82669896,1
1,0.8170401,1
1,0.79899913,1
1,0.70622873,1
0,0.7953911,1
0,0.80676633,1
1,0.88160443,1
1,0.92641395,1
1,0.846945,1
1,0.8112055,1
0,0.61900526,1
0,0.3662164,0
0,0.4092997,0
0,0.37785432,0
0,0.25840828,0
0,0.3301309,0
0,0.36848423,0
0,0.5219294,1
0,0.2875101,0
0,0.38134828,0
0,0.42330125,0
0,0.31614423,0
0,0.45539168,0
0,0.3817698,0
0,0.79035056,1
0,0.5824953,1
1,0.51680547,1
0,0.4532304,0
0,0.40392727,0
0,0.35990727,0
0,0.4252759,0
0,0.3981231,0
0,0.40322658,0
0,0.3808171,0
0,0.4212994,0
0,0.40976822,0
0,0.46541333,0
0,0.67560285,1
0,0.5993938,1
0,0.7002037,1
1,0.7332102,1
0,0.6943854,1
0,0.5677833,1
1,0.8206459,1
0,0.4802836,0
0,0.48831823,0
0,0.34464997,0
0,0.4050429,0
0,0.3631941,0
0,0.40621588,0
0,0.38314763,0
0,0.41089633,0
0,0.46733204,0
0,0.43173093,0
0,0.13758393,0
0,0.45886478,0
0,0.32452467,0
0,0.39976028,0
0,0.47039416,0
0,0.1179818,0
0,0.09246628,0
0,0.04821822,0
0,0.107048005,0
0,0.110053405,0
0,0.13530366,0
0,0.25116822,0
0,0.152813,0
0,0.41126627,0
0,0.41333845,0
0,0.39305744,0
0,0.41850215,0
0,0.20130347,0
0,0.20123723,0
0,0.73982185,1
0,0.52838385,1
0,0.2644515,0
0,0.46516898,0
0,0.27055797,0
0,0.30935743,0
0,0.08556821,0
0,0.38628322,0
0,0.273766,0
0,0.10992402,0
0,0.257372,0
0,0.41100594,0
0,0.4319131,0
1,0.5828188,1
0,0.36276516,0
1,0.51051354,1
1,0.38442376,0
0,0.3377417,0
0,0.42384392,0
0,0.38956293,0
0,0.445207,0
0,0.36291972,0
0,0.3623645,0
0,0.45324895,0
0,0.3471703,0
0,0.41384858,0
1,0.7681719,1
1,0.34923586,0
1,0.74991566,1
1,0.7824054,1
0,0.75413597,1
0,0.770369,1
1,0.8086025,1
1,0.8454871,1
1,0.82718086,1
1,0.8167526,1
0,0.7817273,1
1,0.7776942,1
0,0.5469115,1
1,0.8041255,1
1,0.81348103,1
1,0.8213796,1
0,0.5478536,1
1,0.71912885,1
1,0.8987388,1
1,0.86787724,1
1,0.7912979,1
0,0.7803821,1
1,0.7846788,1
1,0.8215524,1
0,0.7898864,1
1,0.79969746,1
0,0.7461809,1
1,0.7456119,1
1,0.76099366,1
1,0.8087322,1
0,0.51821697,1
0,0.21918938,0
0,0.47043252,0
1,0.42274514,0
1,0.44652867,0
0,0.3598788,0
0,0.31252342,0
0,0.5958473,1
0,0.3827455,0
0,0.4210044,0
0,0.40467992,0
1,0.6506711,1
0,0.4237693,0
0,0.6538477,1
0,0.106346935,0
0,0.1973842,0
0,0.4828652,0
0,0.44316855,0
0,0.51193553,1
0,0.59855634,1
0,0.3116502,0
0,0.45058125,0
0,0.4168375,0
0,0.43413606,0
0,0.5681797,1
0,0.30790386,0
0,0.32315445,0
0,0.28474775,0
0,0.43027002,0
0,0.42710096,0
0,0.42021745,0
0,0.37157017,0
0,0.4154199,0
0,0.3983156,0
0,0.34918645,0
0,0.21014011,0
0,0.44398415,0
0,0.4895481,0
0,0.44552043,0
0,0.4390346,0
0,0.19887109,0
0,0.3406971,0
0,0.07550823,0
0,0.060139004,0
0,0.4098245,0
0,0.6676496,1
0,0.3586893,0
0,0.47873214,0
0,0.3524451,0
0,0.38309717,0
0,0.4550096,0
0,0.54403216,1
0,0.7013819,1
0,0.67808765,1
0,0.41096357,0
0,0.38104978,0
0,0.4831258,0
0,0.5199866,1
0,0.15750903,0
0,0.28205273,0
0,0.2361587,0
0,0.3034222,0
0,0.15016471,0
0,0.21797276,0
0,0.21226731,0
0,0.2701245,0
0,0.34647474,0
0,0.33330858,0
0,0.46030855,0
0,0.35619146,0
0,0.6952605,1
0,0.57985157,1
0,0.4443678,0
0,0.5527153,1
0,0.4998022,0
0,0.41691235,0
0,0.41748375,0
0,0.37687287,0
0,0.43515038,0
0,0.44583863,0
0,0.66516775,1
0,0.7652032,1
0,0.5198538,1
0,0.3206006,0
0,0.43253455,0
0,0.5300788,1
0,0.41652805,0
0,0.26854694,0
0,0.42909983,0
0,0.23383135,0
0,0.32610628,0
0,0.07628122,0
0,0.41058734,0
0,0.7747711,1
0,0.7915811,1
0,0.73214245,1
0,0.38680938,0
0,0.33751073,0
0,0.38615125,0
0,0.44373524,0
0,0.39442044,0
0,0.42121267,0
0,0.34771162,0
0,0.37990212,0
0,0.3120206,0
0,0.1530511,0
0,0.20435368,0
0,0.32186103,0
0,0.49338356,0
0,0.4287546,0
0,0.4303201,0
0,0.36871326,0
0,0.39686143,0
1,0.5661484,1
0,0.62727267,1
0,0.35328355,0
0,0.33935088,0
0,0.3916045,0
0,0.40130076,0
0,0.4046718,0
0,0.45008937,0
0,0.36144054,0
0,0.4000335,0
0,0.518375,1
0,0.3441499,0
1,0.80230546,1
0,0.8399893,1
0,0.63193893,1
1,0.7662032,1
1,0.84984326,1
0,0.875078,1
1,0.80008674,1
1,0.82147396,1
1,0.8020707,1
1,0.81470007,1
1,0.79110914,1
1,0.8559811,1
0,0.5718799,1
0,0.584175,1
0,0.2816928,0
0,0.39280075,0
0,0.22210562,0
0,0.4099737,0
0,0.53814816,1
0,0.31113198,0
0,0.50796366,1
0,0.47064304,0
0,0.44225556,0
0,0.23349446,0
0,0.4309294,0
0,0.38304004,0
0,0.8236118,1
0,0.26850653,0
1,0.82847506,1
1,0.45492935,0
0,0.4121791,0
1,0.4167705,0
0,0.5077638,1
0,0.44424316,0
0,0.4129793,0
0,0.38818154,0
0,0.3383451,0
0,0.43150005,0
0,0.49095985,0
0,0.3912933,0
0,0.43519413,0
0,0.2215384,0
0,0.37397894,0
0,0.39932695,0
0,0.36667088,0
0,0.3742731,0
0,0.42709127,0
1,0.5568292,1
1,0.47692525,0
1,0.41186085,0
1,0.68867755,1
1,0.24970043,0
1,0.28668696,0
0,0.6127702,1
0,0.534626,1
0,0.41939405,0
1,0.70473534,1
1,0.8430001,1
1,0.6790186,1
1,0.71666664,1
1,0.7084473,1
1,0.7649243,1
1,0.772511,1
1,0.7626258,1
1,0.7096817,1
1,0.69161797,1
1,0.7512774,1
1,0.77278256,1
1,0.5887801,1
1,0.5738426,1
1,0.8168768,1
1,0.87733394,1
0,0.35801384,0
0,0.5201225,1
1,0.70591164,1
1,0.86009544,1
1,0.8878386,1
1,0.762246,1
1,0.8841356,1
1,0.8333187,1
1,0.79438645,1
0,0.84030956,1
1,0.7957574,1
0,0.69855005,1
1,0.83612067,1
1,0.8414791,1
1,0.9066935,1
1,0.844184,1
1,0.61351454,1
1,0.78427666,1
1,0.7053124,1
1,0.78486234,1
0,0.54300696,1
0,0.38125807,0
0,0.35756582,0
0,0.44275677,0
0,0.8373842,1
0,0.5318975,1
0,0.518375,1
0,0.78262335,1
1,0.7358516,1
1,0.68974364,1
0,0.7827351,1
0,0.6707816,1
1,0.912385,1
1,0.7737904,1
1,0.7816091,1
1,0.77755797,1
1,0.84909564,1
1,0.8545192,1
1,0.9167503,1
1,0.83934486,1
1,0.8653733,1
0,0.35357884,0
0,0.6036457,1
0,0.16496854,0
0,0.80479354,1
0,0.40546262,0
0,0.42611262,0
0,0.10330368,0
0,0.25440052,0
0,0.28541535,0
0,0.2338884,0
0,0.40801615,0
0,0.34711877,0
0,0.37082374,0
0,0.42688778,0
0,0.5265968,1
0,0.48660454,0
0,0.26180544,0
1,0.58244735,1
1,0.80969346,1
1,0.83556825,1
0,0.8564608,1
1,0.8218571,1
1,0.9634226,1
1,0.87779856,1
0,0.46760228,0
0,0.3504706,0
0,0.38868746,0
0,0.37079567,0
0,0.4210188,0
0,0.10106502,0
0,0.1936763,0
0,0.23843291,0
0,0.16367443,0
0,0.13396531,0
0,0.05799886,0
0,0.12214615,0
0,0.3712401,0
0,0.22460157,0
0,0.37117463,0
0,0.3919491,0
0,0.3299792,0
0,0.8389026,1
0,0.39490902,0
0,0.09186123,0
0,0.3870466,0
0,0.2940793,0
0,0.48269314,0
0,0.3602396,0
1,0.59945154,1
1,0.60110176,1
1,0.7712127,1
1,0.5295717,1
0,0.6444564,1
1,0.72455186,1
0,0.7390968,1
1,0.6811189,1
0,0.68603355,1
0,0.7999464,1
1,0.8212862,1
0,0.7131819,1
1,0.7800049,1
0,0.56406844,1
1,0.71189755,1
0,0.72813594,1
0,0.81707263,1
0,0.755165,1
0,0.8289923,1
1,0.74501467,1
0,0.6651425,1
0,0.67268693,1
1,0.6745151,1
0,0.7174429,1
1,0.75247246,1
1,0.8169342,1
0,0.4865758,0
0,0.40907165,0
0,0.7255002,1
0,0.4371443,0
0,0.42453852,0
0,0.34401977,0
0,0.7969297,1
0,0.40016043,0
0,0.3477188,0
0,0.7209799,1
1,0.6270577,1
0,0.8146991,1
0,0.73969173,1
0,0.7788258,1
0,0.795984,1
0,0.71415746,1
1,0.69381404,1
1,0.76384884,1
1,0.84513944,1
1,0.7985194,1
0,0.54328865,1
0,0.7901151,1
1,0.87242174,1
1,0.90782607,1
1,0.9159658,1
1,0.9050778,1
1,0.85780525,1
0,0.83687407,1
1,0.8454472,1
1,0.8758031,1
1,0.8311183,1
1,0.80404156,1
0,0.33607587,0
0,0.37004143,0
0,0.41712973,0
0,0.37828714,0
0,0.38768068,0
0,0.4225472,0
0,0.41824567,0
0,0.39373863,0
0,0.5073968,1
0,0.6309315,1
0,0.42107847,0
0,0.48234296,0
1,0.9083593,1
1,0.9284717,1
1,0.92666584,1
1,0.90435225,1
1,0.84095645,1
1,0.8798264,1
0,0.8981755,1
1,0.8606428,1
1,0.8895888,1
0,0.90230757,1
0,0.9110707,1
0,0.777017,1
0,0.43043506,0
0,0.3804229,0
0,0.45519942,0
0,0.41720667,0
0,0.5761934,1
1,0.80890316,1
1,0.7498635,1
1,0.66003,1
0,0.6656028,1
1,0.6656374,1
1,0.7707067,1
1,0.6942683,1
0,0.65567565,1
1,0.7361197,1
1,0.7316805,1
0,0.5641763,1
0,0.7536706,1
1,0.718879,1
0,0.78113943,1
1,0.80987364,1
1,0.82091445,1
0,0.23577419,0
0,0.43391854,0
0,0.3886813,0
0,0.42484248,0
0,0.4105411,0
0,0.7987515,1
1,0.7390827,1
1,0.85257787,1
1,0.8289682,1
1,0.82879806,1
1,0.85468006,1
0,0.24814092,0
0,0.3382218,0
0,0.3907358,0
0,0.4472951,0
0,0.36387473,0
0,0.5193454,1
0,0.4610178,0
0,0.22590558,0
0,0.44260567,0
1,0.81698,1
1,0.8619739,1
1,0.8412012,1
0,0.88826704,1
1,0.89411104,1
1,0.88343275,1
1,0.9069741,1
0,0.8550803,1
1,0.70491165,1
1,0.824062,1
1,0.7873549,1
0,0.86679983,1
1,0.86066675,1
1,0.87978256,1
1,0.90767217,1
1,0.8596719,1
0,0.8630367,1
0,0.896596,1
1,0.90871865,1
1,0.83163434,1
1,0.8656785,1
1,0.8845144,1
1,0.8870699,1
1,0.722495,1
1,0.70761067,1
1,0.2227943,0
0,0.37776425,0
0,0.44456267,0
0,0.78904784,1
0,0.4598513,0
0,0.3973134,0
0,0.35820204,0
0,0.76504624,1
0,0.4941329,0
0,0.3236531,0
0,0.5060353,1
0,0.5175658,1
0,0.36392587,0
0,0.4020747,0
0,0.502152,1
0,0.79516006,1
0,0.73081213,1
0,0.42240518,0
1,0.496725,0
1,0.70817274,1
1,0.6693989,1
0,0.7032092,1
1,0.7506604,1
1,0.7720466,1
1,0.8372774,1
1,0.7904704,1
1,0.8721876,1
1,0.7577044,1
0,0.4706293,0
0,0.3900234,0
0,0.35302475,0
0,0.4265024,0
0,0.41867787,0
0,0.24950415,0
0,0.1812455,0
0,0.41367126,0
1,0.40905577,0
0,0.6950113,1
1,0.8346431,1
1,0.8666121,1
1,0.81061304,1
1,0.82875127,1
1,0.8521076,1
0,0.8028822,1
0,0.77702665,1
1,0.8363625,1
0,0.83634776,1
1,0.8383918,1
1,0.85792994,1
0,0.40209404,0
0,0.1503389,0
0,0.4875125,0
0,0.39128014,0
0,0.42649287,0
0,0.3717192,0
0,0.37651438,0
0,0.38278878,0
0,0.2822729,0
0,0.42404443,0
0,0.39171195,0
0,0.51912475,1
1,0.48922893,0
1,0.67240125,1
0,0.26965392,0
0,0.36761165,0
0,0.44279778,0
0,0.40868837,0
0,0.20365864,0
0,0.6320559,1
0,0.123854004,0
0,0.39479846,0
0,0.4242342,0
0,0.4244732,0
0,0.3682533,0
0,0.45555687,0
1,0.27849865,0
1,0.906022,1
1,0.86990654,1
1,0.77246994,1
1,0.7578868,1
1,0.7941238,1
0,0.6294367,1
0,0.51884633,1
0,0.4844042,0
0,0.33913985,0
0,0.35275498,0
0,0.41957074,0
0,0.20857166,0
0,0.20582666,0
0,0.095418654,0
0,0.21022116,0
0,0.28318742,0
0,0.1659971,0
0,0.4387763,0
0,0.27819738,0
0,0.29546225,0
0,0.29956922,0
0,0.38994128,0
0,0.4524636,0
0,0.581216,1
0,0.5015039,1
0,0.36792564,0
0,0.45494273,0
0,0.3627837,0
0,0.4041769,0
0,0.3834863,0
0,0.41186672,0
0,0.44769964,0
0,0.43460864,0
0,0.4667956,0
0,0.5121868,1
0,0.8285198,1
0,0.38334358,0
0,0.39446843,0
0,0.35344443,0
0,0.36506468,0
0,0.53078467,1
0,0.51873124,1
0,0.44990787,0
0,0.34532288,0
0,0.5705439,1
0,0.5075885,1
0,0.39598784,0
0,0.36891067,0
0,0.19284123,0
0,0.41308597,0
0,0.37350458,0
0,0.37666777,0
0,0.42931268,0
0,0.35143933,0
0,0.34356388,0
0,0.4332265,0
0,0.5857262,1
0,0.3539538,0
0,0.39292789,0
0,0.888291,1
0,0.52619505,1
0,0.3287457,0
0,0.35795918,0
0,0.39541847,0
0,0.44853953,0
0,0.66072756,1
0,0.46939823,0
0,0.43048722,0
0,0.5290508,1
0,0.24896622,0
0,0.47692576,0
0,0.41106576,0
0,0.37858948,0
1,0.85533977,1
0,0.43091962,0
0,0.10557355,0
0,0.37518895,0
0,0.43106395,0
0,0.39952058,0
0,0.59022355,1
0,0.31046242,0
0,0.33944675,0
0,0.352122,0
0,0.4156739,0
0,0.39647403,0
0,0.42195666,0
0,0.34208226,0
0,0.34372383,0
0,0.47941554,0
0,0.37782106,0
0,0.33603764,0
0,0.43597975,0
0,0.47033706,0
0,0.37065503,0
0,0.43685207,0
0,0.2916245,0
0,0.41596243,0
0,0.41506922,0
0,0.3689796,0
0,0.42350802,0
1,0.65202576,1
1,0.45825136,0
1,0.61095905,1
1,0.81390595,1
1,0.7593656,1
1,0.8278721,1
1,0.8562894,1
1,0.8587987,1
0,0.4728715,0
1,0.7730348,1
1,0.7749446,1
1,0.87218434,1
0,0.7920374,1
1,0.86784446,1
1,0.71327466,1
1,0.8410768,1
0,0.9004098,1
1,0.8466028,1
1,0.82688177,1
0,0.7899264,1
1,0.42077604,0
0,0.29063684,0
0,0.32124674,0
0,0.5017315,1
0,0.46193224,0
0,0.3004775,0
0,0.35117543,0
0,0.5917877,1
1,0.7481047,1
1,0.76566905,1
1,0.8310535,1
1,0.73591405,1
1,0.7660006,1
1,0.74750376,1
1,0.80490065,1
0,0.39735848,0
1,0.21914507,0
0,0.40025797,0
0,0.41969717,0
0,0.25245726,0
0,0.27392206,0
0,0.36642614,0
0,0.51026404,1
0,0.5052123,1
1,0.9477671,1
0,0.7512457,1
0,0.8240566,1
1,0.85010624,1
0,0.8396568,1
1,0.91557807,1
1,0.82555574,1
1,0.72268414,1
1,0.25883135,0
1,0.83593863,1
1,0.87292343,1
1,0.8588041,1
0,0.8984333,1
0,0.8910437,1
1,0.8914186,1
0,0.8217601,1
1,0.86997944,1
1,0.8411518,1
1,0.8173804,1
1,0.846222,1
1,0.752369,1
0,0.8685171,1
0,0.7996489,1
1,0.7262784,1
1,0.8577016,1
0,0.81029946,1
0,0.7673075,1
1,0.76608723,1
1,0.8662425,1
1,0.849841,1
1,0.8197308,1
1,0.85542166,1
1,0.8124855,1
1,0.78420866,1
1,0.8446385,1
1,0.83870614,1
1,0.81362027,1
1,0.812877,1
1,0.7659275,1
0,0.37203968,0
0,0.4595164,0
0,0.4137568,0
1,0.3931867,0
1,0.89036095,1
1,0.32057965,0
1,0.8082871,1
1,0.84857875,1
1,0.7642628,1
1,0.7484645,1
1,0.6606222,1
1,0.7119666,1
0,0.7490405,1
1,0.74657226,1
1,0.8304103,1
1,0.80720323,1
1,0.844281,1
1,0.7522751,1
0,0.3954111,0
1,0.6842967,1
0,0.3937644,0
1,0.8511814,1
1,0.3699582,0
0,0.38850844,0
0,0.2931861,0
1,0.47938323,0
1,0.40724576,0
1,0.3223185,0
0,0.33281878,0
0,0.35473746,0
0,0.08306285,0
0,0.1967556,0
0,0.2551793,0
0,0.36820504,0
0,0.35884297,0
1,0.37170067,0
1,0.5335536,1
0,0.39957097,0
0,0.37194026,0
0,0.15976597,0
0,0.60981816,1
0,0.49355775,0
0,0.405087,0
0,0.38231963,0
0,0.4477204,0
0,0.39482528,0
0,0.25766107,0
0,0.35070968,0
0,0.35148078,0
0,0.596523,1
0,0.3821647,0
0,0.29150906,0
0,0.47465467,0
0,0.41283804,0
0,0.41248867,0
1,0.8689851,1
1,0.7728748,1
0,0.8969666,1
1,0.7543888,1
1,0.813815,1
0,0.23272449,0
0,0.40541172,0
0,0.37194335,0
0,0.49879462,0
0,0.43214175,0
0,0.2855906,0
0,0.39848375,0
0,0.47862732,0
0,0.35475293,0
0,0.44846386,0
0,0.37094906,0
1,0.75805485,1
1,0.54523695,1
1,0.7025176,1
1,0.8413141,1
0,0.8648121,1
0,0.87866384,1
1,0.8906323,1
0,0.8156465,1
0,0.7875363,1
1,0.79507685,1
1,0.74744534,1
0,0.8457413,1
1,0.87991816,1
1,0.8828055,1
1,0.87198216,1
0,0.8593437,1
0,0.3781268,0
0,0.60755235,1
0,0.42866898,0
0,0.3429687,0
0,0.46189815,0
0,0.45116198,0
0,0.37394807,0
0,0.29453284,0
0,0.40479293,0
0,0.44033182,0
0,0.409983,0
1,0.82406,1
1,0.8344907,1
0,0.79118425,1
1,0.73239034,1
0,0.78726804,1
0,0.79393256,1
0,0.790676,1
1,0.6485602,1
1,0.7796477,1
1,0.8269026,1
0,0.8043686,1
1,0.81671,1
1,0.824184,1
0,0.4061671,0
0,0.41223824,0
0,0.40449905,0
0,0.27863297,0
0,0.29858473,0
0,0.36408404,0
0,0.37513205,0
0,0.3834499,0
0,0.41009894,0
0,0.38118744,0
0,0.36006138,0
1,0.95680326,1
0,0.52973133,1
1,0.7924935,1
0,0.29268694,0
0,0.5088711,1
1,0.81032497,1
0,0.39314654,0
0,0.397095,0
1,0.48806116,0
0,0.66848737,1
1,0.8452717,1
1,0.7980589,1
1,0.82135445,1
0,0.5464515,1
0,0.4576876,0
0,0.4369234,0
0,0.3382022,0
0,0.4327794,0
0,0.44727,0
0,0.38498855,0
0,0.42301163,0
1,0.67600566,1
1,0.8343907,1
0,0.5726141,1
0,0.6017845,1
0,0.36416358,0
0,0.3869062,0
0,0.33630064,0
0,0.29526567,0
0,0.32977876,0
0,0.36715674,0
0,0.27996567,0
0,0.16765833,0
0,0.11187895,0
0,0.123011254,0
0,0.3165885,0
0,0.24613588,0
0,0.45037523,0
0,0.3267164,0
0,0.14201656,0
0,0.32269993,0
0,0.29194725,0
1,0.52627146,1
0,0.6763842,1
1,0.76420456,1
1,0.80272394,1
0,0.2225028,0
1,0.70550627,1
1,0.7125251,1
1,0.8663851,1
1,0.7847296,1
1,0.85491186,1
1,0.87165266,1
1,0.8285273,1
1,0.84392077,1
1,0.7988509,1
0,0.84975976,1
1,0.8212639,1
1,0.80640155,1
1,0.8840193,1
1,0.8239747,1
1,0.87797713,1
1,0.82685786,1
1,0.73170704,1
1,0.8676548,1
1,0.86472934,1
1,0.89844304,1
1,0.88599163,1
0,0.8707682,1
1,0.86312455,1
0,0.8300832,1
0,0.8684538,1
1,0.863204,1
1,0.8935611,1
1,0.86903286,1
1,0.9133164,1
1,0.7946673,1
1,0.8757058,1
1,0.8727213,1
0,0.8895703,1
1,0.8738629,1
1,0.8229603,1
1,0.88086796,1
1,0.7368798,1
1,0.83898664,1
0,0.7482334,1
1,0.80587906,1
0,0.4331949,0
0,0.3109688,0
0,0.3746625,0
0,0.44195518,0
0,0.36048815,0
0,0.39893848,0
1,0.4568078,0
0,0.65894085,1
1,0.24015032,0
1,0.8662207,1
1,0.64658964,1
1,0.7583856,1
1,0.5180165,1
1,0.6811186,1
0,0.8075314,1
1,0.7032767,1
1,0.35534868,0
1,0.72499293,1
1,0.6839636,1
1,0.8089999,1
1,0.7157465,1
1,0.77773446,1
1,0.63138026,1
1,0.6288524,1
1,0.72288007,1
0,0.66974443,1
1,0.7446715,1
0,0.526326,1
0,0.36775416,0
0,0.32676926,0
0,0.4693032,0
0,0.35601968,0
0,0.37340942,0
0,0.38142538,0
0,0.4388785,0
0,0.3684648,0
0,0.49891126,0
0,0.27607173,0
0,0.46928415,0
0,0.4595866,0
0,0.43225282,0
1,0.21753475,0
0,0.2962254,0
0,0.49356088,0
0,0.3865592,0
0,0.3688856,0
0,0.48491508,0
0,0.27526063,0
0,0.39019424,0
0,0.4193285,0
0,0.17340285,0
1,0.7566798,1
0,0.8633541,1
0,0.5793424,1
0,0.60411054,1
0,0.7019376,1
1,0.62916285,1
1,0.68683213,1
1,0.64563364,1
1,0.71940404,1
0,0.4880564,0
0,0.58231926,1
0,0.8217353,1
0,0.409031,0
0,0.33764574,0
0,0.56351054,1
0,0.36095473,0
0,0.37112176,0
0,0.3777406,0
0,0.40735328,0
0,0.37848288,0
0,0.5146728,1
0,0.31896812,0
0,0.38965496,0
0,0.3756077,0
0,0.44565424,0
0,0.7797253,1
0,0.8066928,1
0,0.15382642,0
0,0.36999056,0
0,0.20810929,0
0,0.087598644,0
0,0.51569295,1
0,0.5688112,1
0,0.52101344,1
0,0.14076848,0
0,0.41075706,0
0,0.40212783,0
0,0.41833833,0
0,0.32637307,0
0,0.18048102,0
0,0.2909341,0
0,0.39888564,0
0,0.49780637,0
0,0.29868016,0
0,0.37869105,0
0,0.29375944,0
0,0.4386328,0
0,0.40580392,0
0,0.39445752,0
0,0.49936637,0
0,0.2576425,0
0,0.5760254,1
0,0.36546704,0
1,0.66544545,1
1,0.6676764,1
0,0.6758437,1
0,0.69850814,1
1,0.76585704,1
1,0.8331421,1
1,0.7714293,1
1,0.7799636,1
1,0.77564883,1
1,0.78663796,1
1,0.80877024,1
0,0.8382844,1
1,0.8115525,1
0,0.6933018,1
0,0.72661364,1
1,0.7766383,1
0,0.7251573,1
0,0.78346324,1
1,0.6801602,1
0,0.73250586,1
0,0.688461,1
0,0.49616522,0
0,0.6211177,1
0,0.41053048,0
0,0.043944225,0
0,0.5196714,1
0,0.4308013,0
0,0.2921929,0
1,0.7701221,1
1,0.873067,1
0,0.8146486,1
1,0.5256085,1
1,0.74808335,1
1,0.8285614,1
1,0.8810512,1
1,0.82273525,1
1,0.82521534,1
0,0.5793176,1
0,0.57500243,1
0,0.2866426,0
0,0.4697456,0
0,0.40753233,0
0,0.38528228,0
0,0.4784799,0
0,0.3860659,0
0,0.4678679,0
0,0.43864614,0
0,0.47931096,0
0,0.46935844,0
0,0.39718518,0
0,0.43235597,0
0,0.4659936,0
0,0.44768673,0
0,0.43190217,0
0,0.54242754,1
0,0.41976482,0
0,0.40861306,0
0,0.38619003,0
0,0.325816,0
0,0.38924065,0
1,0.6546624,1
1,0.56360406,1
1,0.8187259,1
0,0.9137494,1
1,0.6529308,1
0,0.7641884,1
1,0.7734916,1
1,0.8163902,1
1,0.8008411,1
1,0.74387616,1
1,0.72237253,1
1,0.7079914,1
0,0.5431753,1
0,0.6753224,1
1,0.7882188,1
1,0.8475347,1
0,0.8156935,1
1,0.95049113,1
1,0.83371323,1
1,0.8485739,1
1,0.9001369,1
1,0.8987026,1
1,0.85230505,1
1,0.8263583,1
1,0.7962056,1
1,0.81693834,1
1,0.8293636,1
1,0.8549123,1
1,0.8549813,1
0,0.76961434,1
1,0.83956635,1
1,0.88552386,1
1,0.8589816,1
1,0.86499864,1
1,0.8353833,1
1,0.79441035,1
1,0.86087245,1
1,0.8229463,1
1,0.87336755,1
1,0.81709933,1
1,0.8698807,1
1,0.8173893,1
0,0.8392194,1
1,0.7327204,1
1,0.7805604,1
0,0.85657763,1
1,0.799856,1
1,0.81016874,1
1,0.7895367,1
0,0.82292193,1
1,0.6899952,1
1,0.75454766,1
1,0.80340606,1
0,0.8330191,1
1,0.76884264,1
1,0.6039236,1
0,0.6866961,1
0,0.5754844,1
0,0.64145505,1
0,0.68067473,1
1,0.8220567,1
1,0.6138546,1
1,0.5633299,1
1,0.5398214,1
0,0.48953527,0
0,0.34865984,0
1,0.729011,1
1,0.7676793,1
1,0.7451814,1
1,0.8269809,1
1,0.790496,1
1,0.79937166,1
0,0.7868695,1
1,0.72612095,1
1,0.78720623,1
0,0.75828564,1
1,0.8123226,1
1,0.8039329,1
1,0.78548914,1
1,0.8323386,1
1,0.81063473,1
0,0.81303525,1
1,0.8519285,1
0,0.8518856,1
0,0.8165288,1
0,0.8473041,1
0,0.49436286,0
0,0.25874266,0
0,0.64457154,1
0,0.4047556,0
0,0.41351748,0
0,0.40186527,0
0,0.3668708,0
0,0.7027449,1
0,0.34520987,0
0,0.60254365,1
0,0.47654226,0
0,0.45130032,0
0,0.24010396,0
0,0.4075449,0
0,0.52856684,1
0,0.54389876,1
0,0.7027357,1
0,0.45189402,0
1,0.2995356,0
0,0.24187179,0
1,0.257287,0
0,0.6316285,1
0,0.42670846,0
1,0.75261146,1
0,0.72550875,1
1,0.8173171,1
0,0.89879745,1
1,0.8233671,1
1,0.7981854,1
1,0.80388993,1
0,0.7736777,1
1,0.753746,1
1,0.7856693,1
0,0.7775854,1
0,0.3731186,0
0,0.38790727,0
0,0.42285708,0
1,0.7602934,1
1,0.7958855,1
1,0.7694506,1
1,0.6476324,1
0,0.7720438,1
1,0.69694036,1
0,0.7716632,1
1,0.7921032,1
1,0.6536325,1
1,0.82746553,1
0,0.76560175,1
1,0.79199016,1
0,0.7044276,1
1,0.7366664,1
0,0.64410317,1
1,0.705846,1
0,0.5461802,1
0,0.63290644,1
0,0.31197613,0
0,0.47176805,0
0,0.44499326,0
0,0.48657203,0
0,0.3008689,0
0,0.36541855,0
0,0.3783302,0
0,0.44124717,0
0,0.25508687,0
0,0.24536692,0
0,0.33698753,0
0,0.37096268,0
0,0.3915731,0
0,0.38573158,0
0,0.39864206,0
0,0.5053982,1
1,0.92994314,1
1,0.88947636,1
0,0.5346028,1
0,0.46274275,0
0,0.33463967,0
0,0.40343827,0
0,0.33579668,0
0,0.26264286,0
0,0.56812423,1
0,0.5517254,1
0,0.47055444,0
0,0.6840462,1
0,0.22906478,0
0,0.37378463,0
0,0.51083386,1
0,0.07182278,0
0,0.56316376,1
0,0.41212168,0
0,0.61955386,1
0,0.40704542,0
0,0.8135187,1
0,0.44742277,0
0,0.14569263,0
0,0.4275332,0
0,0.41665432,0
0,0.59920794,1
0,0.22680166,0
0,0.81277084,1
1,0.6585709,1
1,0.4716923,0
1,0.59607947,1
1,0.686006,1
1,0.5944176,1
1,0.69526565,1
0,0.7052209,1
1,0.68986225,1
1,0.61787695,1
1,0.6111691,1
1,0.61433786,1
1,0.73117864,1
0,0.7782499,1
1,0.78599167,1
1,0.7297885,1
1,0.65673095,1
0,0.7906582,1
0,0.78073853,1
1,0.72275794,1
0,0.7147269,1
0,0.82463187,1
0,0.865843,1
1,0.84121436,1
0,0.8160074,1
1,0.70799357,1
1,0.7300814,1
1,0.7961,1
1,0.8104452,1
1,0.6512155,1
1,0.7152185,1
1,0.85986805,1
1,0.68241054,1
1,0.60367405,1
1,0.7183527,1
0,0.44608852,0
0,0.299667,0
0,0.304061,0
0,0.45266986,0
0,0.38095802,0
0,0.41952413,0
0,0.1810508,0
0,0.36820692,0
0,0.54177326,1
0,0.53536373,1
0,0.42628407,0
0,0.35394743,0
0,0.45699623,0
0,0.44663247,0
0,0.5239168,1
0,0.43035293,0
0,0.17276697,0
0,0.19997126,0
0,0.25713208,0
0,0.34615827,0
0,0.4384842,0
0,0.1534935,0
0,0.29701787,0
0,0.3202126,0
0,0.33268377,0
0,0.23419742,0
0,0.37690958,0
0,0.25483257,0
1,0.3038253,0
0,0.2816806,0
1,0.5234955,1
0,0.4995928,0
0,0.37317035,0
1,0.3144049,0
1,0.36975434,0
1,0.6559484,1
1,0.59713787,1
1,0.6621625,1
1,0.78120303,1
0,0.17479807,0
1,0.8280214,1
1,0.6787379,1
1,0.8297014,1
1,0.77329725,1
0,0.19734895,0
1,0.40688863,0
1,0.20172682,0
0,0.5741473,1
1,0.4335688,0
0,0.3448912,0
0,0.503598,1
0,0.39280668,0
0,0.565817,1
0,0.25368136,0
0,0.20635943,0
0,0.5115208,1
0,0.12978546,0
0,0.6347689,1
0,0.35130608,0
0,0.7236562,1
0,0.4073331,0
0,0.35145953,0
0,0.3850412,0
0,0.4249872,0
0,0.30538493,0
0,0.11998272,0
0,0.28407964,0
0,0.3984451,0
0,0.33483514,0
0,0.21417168,0
0,0.41673744,0
0,0.51293945,1
0,0.37982154,0
0,0.46723816,0
0,0.4304038,0
0,0.5402544,1
0,0.5664128,1
0,0.5013694,1
0,0.43767178,0
0,0.30974537,0
0,0.32813948,0
0,0.6282574,1
0,0.44480595,0
0,0.22004597,0
0,0.15751909,0
0,0.37590387,0
0,0.5042058,1
1,0.52601576,1
1,0.6118721,1
0,0.699322,1
1,0.4453575,0
1,0.80303794,1
1,0.83731747,1
1,0.83209807,1
0,0.8460986,1
0,0.84160924,1
1,0.7931908,1
1,0.8570747,1
1,0.83218896,1
1,0.84205246,1
0,0.4627454,0
0,0.40022916,0
0,0.4892154,0
0,0.7151655,1
0,0.3448631,0
0,0.35355914,0
0,0.36133698,0
0,0.34809235,0
0,0.40966845,0
0,0.37411797,0
0,0.380829,0
0,0.43797934,0
0,0.4582976,0
0,0.3612477,0
1,0.7029785,1
0,0.70995605,1
1,0.7079846,1
0,0.8647065,1
1,0.7433678,1
1,0.77794963,1
1,0.7713269,1
1,0.72537065,1
1,0.75456244,1
1,0.8530678,1
1,0.7444515,1
1,0.74458236,1
0,0.8065508,1
0,0.60021245,1
0,0.42696837,0
0,0.3632933,0
0,0.86320543,1
0,0.12858242,0
0,0.5213248,1
0,0.25371075,0
0,0.532971,1
0,0.20550776,0
0,0.31842163,0
0,0.24918678,0
0,0.42915374,0
0,0.19373012,0
0,0.39239573,0
0,0.38107538,0
0,0.30185556,0
0,0.6473563,1
0,0.39548117,0
0,0.4474418,0
0,0.43145612,0
0,0.43052533,0
0,0.41521695,0
0,0.4234231,0
0,0.43802723,0
0,0.34162766,0
0,0.3431309,0
0,0.6015925,1
0,0.25377843,0
0,0.51044005,1
0,0.47503108,0
0,0.43154216,0
0,0.2240336,0
0,0.6282708,1
0,0.63040036,1
0,0.28617045,0
0,0.36524168,0
0,0.47830355,0
0,0.42226762,0
1,0.6929471,1
0,0.73403597,1
1,0.8808408,1
1,0.79663354,1
1,0.77512264,1
1,0.8930849,1
0,0.74579114,1
1,0.85329777,1
1,0.8345699,1
1,0.8199999,1
1,0.857683,1
0,0.62828624,1
1,0.7004194,1
0,0.5767853,1
0,0.48990744,0
1,0.75828403,1
1,0.5953782,1
1,0.84018815,1
1,0.8463116,1
1,0.8472988,1
1,0.8242259,1
1,0.88911253,1
1,0.84810585,1
1,0.8142795,1
1,0.8300166,1
1,0.74547255,1
0,0.7053364,1
1,0.7011406,1
1,0.7056771,1
1,0.72041667,1
1,0.660265,1
1,0.65793097,1
1,0.7362884,1
0,0.7486968,1
1,0.73847693,1
1,0.76600283,1
0,0.7126779,1
0,0.7855808,1
0,0.72521186,1
0,0.7349879,1
0,0.72751,1
1,0.7546751,1
1,0.6689891,1
0,0.706835,1
1,0.7591057,1
1,0.69175833,1
0,0.71460944,1
1,0.7836608,1
1,0.8489682,1
0,0.84410155,1
0,0.7947619,1
1,0.80025065,1
1,0.8367182,1
1,0.8493272,1
1,0.8282858,1
0,0.82932556,1
0,0.3317604,0
0,0.41360465,0
0,0.3797537,0
0,0.48644552,0
0,0.34824866,0
0,0.24686861,0
0,0.30394113,0
0,0.49301612,0
0,0.27075315,0
0,0.21304825,0
0,0.42687455,0
0,0.2425501,0
0,0.32426512,0
0,0.3787356,0
0,0.2762919,0
0,0.45806837,0
0,0.5592253,1
0,0.43241784,0
0,0.31830904,0
0,0.29463056,0
0,0.37977841,0
0,0.8207753,1
0,0.43519622,0
0,0.3442191,0
0,0.54556847,1
0,0.35201147,0
0,0.4574803,0
0,0.3974572,0
0,0.51710814,1
0,0.41345567,0
0,0.17091833,0
0,0.16434945,0
0,0.17940569,0
0,0.17993285,0
0,0.42683938,0
0,0.45445073,0
0,0.43567824,0
0,0.40820563,0
0,0.36005634,0
0,0.6610087,1
0,0.3821475,0
0,0.4613326,0
0,0.34356955,0
0,0.26943985,0
0,0.3707034,0
0,0.38655713,0
0,0.33830222,0
0,0.5602924,1
1,0.56025946,1
1,0.5105676,1
1,0.5324079,1
0,0.36279133,0
0,0.75060236,1
1,0.6723462,1
0,0.42018455,0
0,0.38622773,0
0,0.37581864,0
0,0.309533,0
0,0.3820543,0
0,0.4171837,0
0,0.809017,1
0,0.3041282,0
0,0.35530007,0
0,0.24629197,0
0,0.05032056,0
0,0.5491543,1
0,0.5980876,1
1,0.6752664,1
0,0.7120437,1
1,0.6114248,1
0,0.61120296,1
0,0.7002204,1
1,0.77900517,1
1,0.68767744,1
1,0.7386622,1
1,0.6478943,1
1,0.5504549,1
1,0.6886786,1
1,0.6049531,1
1,0.74626386,1
1,0.8062205,1
0,0.5540761,1
0,0.38708642,0
0,0.43945542,0
1,0.72998536,1
1,0.69342405,1
0,0.64341015,1
0,0.6236198,1
0,0.6158934,1
0,0.45866227,0
0,0.51120096,1
0,0.38389108,0
0,0.39404604,0
0,0.46623012,0
0,0.3541734,0
0,0.5058044,1
0,0.44285154,0
1,0.8995884,1
0,0.725967,1
0,0.8052869,1
1,0.75004,1
1,0.5412934,1
1,0.8025671,1
1,0.83745795,1
1,0.83902276,1
1,0.8306675,1
1,0.789209,1
0,0.78615654,1
1,0.8214453,1
1,0.8816491,1
1,0.8337575,1
1,0.8682948,1
1,0.83427346,1
1,0.87823945,1
1,0.8356109,1
1,0.76015115,1
0,0.39883316,0
0,0.516252,1
1,0.7718622,1
1,0.6913489,1
1,0.63610035,1
0,0.77116543,1
1,0.45344326,0
0,0.34439245,0
0,0.5710865,1
1,0.5847716,1
0,0.42742383,0
0,0.36582494,0
0,0.6061946,1
0,0.17833956,0
0,0.23375082,0
0,0.48396075,0
0,0.49689353,0
0,0.2635396,0
0,0.3804347,0
0,0.3920235,0
0,0.40087023,0
0,0.32294777,0
0,0.39996135,0
0,0.4153189,0
0,0.42789894,0
0,0.61509544,1
0,0.49062213,0
0,0.40432185,0
0,0.34822068,0
0,0.28582898,0
1,0.34477156,0
1,0.30842778,0
0,0.34316567,0
0,0.44918475,0
0,0.42261225,0
0,0.42454395,0
1,0.3614539,0
1,0.3540548,0
1,0.44991657,0
1,0.62193865,1
1,0.7152661,1
0,0.6129164,1
1,0.39769125,0
0,0.49272618,0
0,0.39515606,0
0,0.33870617,0
0,0.39134002,0
0,0.783534,1
0,0.36992806,0
0,0.45314687,0
0,0.54941314,1
0,0.41829824,0
0,0.03195612,0
0,0.09729093,0
0,0.4394529,0
0,0.3514421,0
0,0.4343585,0
1,0.8523347,1
0,0.49618167,0
0,0.47490284,0
0,0.14394274,0
0,0.5325066,1
0,0.45173767,0
0,0.3624815,0
0,0.17614618,0
0,0.33144996,0
0,0.415677,0
0,0.29606166,0
0,0.45200345,0
0,0.50346506,1
0,0.4314143,0
0,0.3740795,0
0,0.451559,0
0,0.3100671,0
0,0.34289563,0
0,0.42574176,0
0,0.5005902,1
0,0.31666893,0
0,0.31816924,0
0,0.4212526,0
0,0.37402058,0
0,0.47192255,0
0,0.418596,0
0,0.42992014,0
0,0.39161512,0
0,0.15256758,0
0,0.35389522,0
0,0.20626898,0
0,0.8116845,1
0,0.36792347,0
0,0.35212916,0
0,0.17069784,0
0,0.33314893,0
0,0.4217184,0
0,0.44485635,0
0,0.430826,0
0,0.39698276,0
0,0.33748114,0
0,0.31142542,0
0,0.3318659,0
0,0.38205212,0
0,0.50068647,1
0,0.4901317,0
0,0.198222,0
0,0.19486056,0
0,0.39747965,0
0,0.373017,0
0,0.23256896,0
0,0.53994775,1
0,0.27920827,0
0,0.0814627,0
0,0.3418921,0
0,0.053656887,0
0,0.18574533,0
0,0.36988348,0
0,0.49734813,0
0,0.22135165,0
0,0.40469873,0
0,0.3906143,0
0,0.25355855,0
0,0.32964456,0
0,0.3907125,0
0,0.5116423,1
0,0.42637104,0
0,0.14334743,0
0,0.35651222,0
0,0.45063862,0
1,0.3482932,0
1,0.26882702,0
0,0.21396092,0
0,0.3446973,0
0,0.49337944,0
0,0.15600255,0
0,0.38300103,0
0,0.45206642,0
0,0.40487257,0
0,0.49921018,0
0,0.35870385,0
0,0.4285643,0
0,0.40795454,0
0,0.55112433,1
0,0.44767317,0
0,0.17242604,0
0,0.3202591,0
0,0.48666707,0
0,0.3581327,0
0,0.43798575,0
0,0.42117342,0
0,0.31283894,0
0,0.37030113,0
0,0.25975728,0
0,0.38550568,0
0,0.6496252,1
0,0.3864824,0
0,0.40856585,0
0,0.4138989,0
1,0.6243564,1
1,0.6524891,1
1,0.81978804,1
1,0.7631328,1
0,0.80974895,1
0,0.8536913,1
0,0.84665555,1
1,0.86953306,1
1,0.73777044,1
0,0.7915949,1
0,0.7200839,1
1,0.8050622,1
1,0.58480275,1
0,0.33675307,0
1,0.43253896,0
0,0.45856968,0
1,0.7582286,1
1,0.8215264,1
1,0.73158294,1
1,0.3688678,0
0,0.6775005,1
0,0.43970272,0
0,0.33310187,0
0,0.5025955,1
0,0.39769307,0
0,0.4223448,0
0,0.3838636,0
0,0.50489175,1
0,0.35410085,0
0,0.47549272,0
0,0.22734341,0
0,0.3904176,0
0,0.27104992,0
0,0.44235155,0
0,0.74206513,1
0,0.4298623,0
0,0.3643094,0
0,0.5725919,1
0,0.36744747,0
0,0.1149415,0
0,0.14023274,0
1,0.6571686,1
1,0.8396891,1
1,0.8431648,1
1,0.8154813,1
0,0.82567686,1
1,0.7930074,1
1,0.8984747,1
1,0.7370511,1
1,0.7306023,1
1,0.74876845,1
1,0.83045274,1
0,0.77404445,1
0,0.72179466,1
1,0.8277268,1
1,0.7448305,1
0,0.7004665,1
0,0.81052405,1
0,0.742628,1
0,0.77238446,1
0,0.71083033,1
1,0.18739319,0
1,0.119199164,0
0,0.16704811,0
0,0.1377986,0
0,0.20563269,0
0,0.39245808,0
0,0.3133581,0
0,0.14177835,0
0,0.41397846,0
0,0.4456371,0
0,0.3380099,0
0,0.4827209,0
0,0.46150732,0
0,0.36831725,0
0,0.38666776,0
0,0.3876364,0
0,0.37525213,0
0,0.444051,0
0,0.4999121,0
0,0.26697457,0
0,0.21654236,0
1,0.7370197,1
0,0.6264151,1
1,0.7788237,1
1,0.66417223,1
1,0.74081993,1
1,0.78313494,1
0,0.6124562,1
1,0.8323685,1
1,0.850411,1
1,0.73328614,1
1,0.55298376,1
1,0.62875867,1
1,0.7840446,1
1,0.7967625,1
1,0.7882689,1
1,0.8089394,1
1,0.81566435,1
1,0.8917539,1
1,0.86367387,1
0,0.7648501,1
0,0.86800563,1
1,0.8835814,1
1,0.8466319,1
1,0.8534568,1
1,0.8231113,1
1,0.7944817,1
1,0.8569601,1
1,0.8681356,1
0,0.83929265,1
0,0.88428867,1
1,0.8278643,1
0,0.7402959,1
0,0.8296068,1
0,0.80018866,1
1,0.82575727,1
1,0.85985565,1
0,0.6545021,1
1,0.78202677,1
1,0.52155733,1
1,0.73856866,1
1,0.75878227,1
1,0.7826431,1
1,0.8373919,1
0,0.73332816,1
1,0.77645195,1
1,0.8384595,1
1,0.8050165,1
1,0.82877314,1
1,0.78878903,1
1,0.84089947,1
1,0.80222106,1
0,0.8332398,1
0,0.84682757,1
0,0.87798846,1
1,0.8547027,1
1,0.83349526,1
1,0.8367002,1
1,0.8132709,1
0,0.8395677,1
0,0.82046443,1
1,0.8259572,1
1,0.8373655,1
0,0.871922,1
0,0.23627569,0
0,0.13763487,0
0,0.37826398,0
0,0.34908906,0
0,0.53485537,1
0,0.5867217,1
0,0.43183404,0
0,0.36547834,0
0,0.383668,0
0,0.54074,1
0,0.8732433,1
0,0.3861889,0
0,0.2641633,0
0,0.41954988,0
0,0.9646295,1
0,0.2969801,0
0,0.18604055,0
0,0.4469303,0
0,0.6088869,1
0,0.09311475,0
0,0.42908335,0
0,0.3215737,0
0,0.48301074,0
0,0.4070348,0
0,0.29013503,0
0,0.3916373,0
0,0.41683552,0
0,0.33743027,0
0,0.48370448,0
1,0.71676636,1
0,0.31637824,0
0,0.4151847,0
1,0.56518954,1
0,0.42469493,0
0,0.063278295,0
0,0.40094963,0
0,0.35454902,0
0,0.4227923,0
0,0.8060832,1
0,0.40349668,0
0,0.2497119,0
0,0.4788518,0
0,0.6385845,1
0,0.4044119,0
0,0.42425302,0
0,0.39171916,0
0,0.55973923,1
1,0.43168482,0
0,0.3721152,0
0,0.3344365,0
0,0.5012419,1
0,0.3763622,0
0,0.41886234,0
0,0.7368681,1
0,0.45890504,0
0,0.40816915,0
0,0.5451616,1
0,0.46669596,0
0,0.59971625,1
0,0.40652582,0
0,0.46715257,0
0,0.42896906,0
0,0.22071394,0
0,0.4511039,0
0,0.75560814,1
0,0.5048271,1
0,0.482475,0
0,0.4890108,0
0,0.4124406,0
0,0.46522325,0
0,0.38924593,0
0,0.3843355,0
0,0.3642583,0
0,0.3650747,0
0,0.4576842,0
0,0.4479019,0
0,0.38393366,0
0,0.372807,0
0,0.39562672,0
0,0.3174949,0
0,0.3969821,0
0,0.44887614,0
0,0.36983058,0
0,0.40615067,0
0,0.40838608,0
0,0.6813349,1
0,0.37194237,0
0,0.35972077,0
0,0.3280454,0
0,0.381877,0
0,0.7208941,1
0,0.45599777,0
0,0.3704402,0
0,0.6302,1
0,0.24792002,0
0,0.8512433,1
0,0.3604168,0
0,0.38946432,0
0,0.34931144,0
0,0.3904586,0
0,0.36826733,0
0,0.283429,0
0,0.39837638,0
0,0.44012767,0
0,0.40990847,0
0,0.45351347,0
0,0.24587472,0
0,0.74436235,1
0,0.41367462,0
0,0.3371814,0
0,0.41130105,0
0,0.55270296,1
0,0.43808448,0
0,0.4102022,0
0,0.11053745,0
0,0.27285787,0
0,0.3432503,0
0,0.29277936,0
0,0.37539005,0
0,0.36536703,0
0,0.10201923,0
0,0.031749982,0
0,0.08913135,0
0,0.06015126,0
0,0.11349348,0
0,0.15521948,0
0,0.03458218,0
