true_label,prob_s3gated,pred_s3gated
1,0.48010617,0
1,0.5477772,1
1,0.74859595,1
1,0.54091984,1
1,0.56208354,1
1,0.5487017,1
1,0.38439018,0
1,0.5217884,1
0,0.7287201,1
1,0.8092846,1
1,0.8098244,1
1,0.7297168,1
1,0.86309755,1
1,0.804605,1
1,0.4961022,0
1,0.7329505,1
0,0.6699738,1
1,0.7521223,1
1,0.76860124,1
1,0.73981786,1
1,0.7404664,1
1,0.7052873,1
0,0.8283682,1
0,0.8306365,1
0,0.8155059,1
0,0.80764204,1
1,0.79558647,1
0,0.78426015,1
1,0.80542845,1
1,0.7368523,1
1,0.7322293,1
1,0.5664907,1
1,0.64808637,1
1,0.7578702,1
1,0.634579,1
1,0.68244255,1
1,0.75069815,1
1,0.7118781,1
1,0.68158513,1
1,0.74382514,1
1,0.7362437,1
1,0.80628014,1
1,0.80153054,1
1,0.81359226,1
1,0.82615244,1
1,0.76844424,1
0,0.7671518,1
1,0.7831786,1
1,0.75531006,1
1,0.71428204,1
1,0.78237396,1
1,0.60378325,1
1,0.66489565,1
1,0.7188015,1
1,0.7926723,1
1,0.6952394,1
1,0.7521,1
0,0.70687085,1
0,0.7402598,1
1,0.7758592,1
0,0.7736299,1
1,0.77500534,1
1,0.75426495,1
0,0.65261894,1
0,0.76669556,1
0,0.71437395,1
1,0.76575935,1
1,0.77744204,1
1,0.6137032,1
1,0.7451287,1
1,0.76261,1
1,0.771235,1
1,0.58260274,1
1,0.68806696,1
0,0.77502984,1
0,0.81465274,1
1,0.7846805,1
0,0.77240723,1
1,0.6902146,1
1,0.6632294,1
0,0.7648087,1
1,0.68493986,1
1,0.64700764,1
1,0.7172557,1
1,0.7994644,1
1,0.7802114,1
1,0.78596914,1
1,0.76778585,1
1,0.7372988,1
1,0.7884791,1
1,0.8276968,1
1,0.80771905,1
1,0.78589153,1
1,0.67082465,1
1,0.6903354,1
1,0.79367137,1
1,0.79885113,1
0,0.7084524,1
1,0.77981114,1
1,0.7455092,1
1,0.7057583,1
0,0.6806546,1
1,0.76666194,1
0,0.7109332,1
0,0.7625416,1
1,0.8058502,1
0,0.8131559,1
1,0.82714236,1
1,0.7954665,1
1,0.80500114,1
1,0.8189186,1
1,0.7518546,1
1,0.71060634,1
1,0.74423873,1
1,0.6931766,1
1,0.7861723,1
1,0.32031783,0
1,0.7263389,1
1,0.7258491,1
0,0.6886942,1
0,0.73191494,1
1,0.67091936,1
1,0.6941177,1
1,0.36259124,0
0,0.8719868,1
1,0.66257256,1
1,0.7636898,1
1,0.78350663,1
1,0.79513925,1
1,0.83077776,1
1,0.780567,1
1,0.7220694,1
1,0.74326634,1
1,0.7766165,1
1,0.7301163,1
1,0.78673285,1
1,0.7085277,1
1,0.8098776,1
1,0.80809164,1
1,0.7397248,1
1,0.7367639,1
1,0.6268935,1
1,0.78847545,1
1,0.7551226,1
1,0.77006704,1
1,0.6947423,1
1,0.68106735,1
1,0.7561096,1
1,0.819497,1
1,0.7879639,1
1,0.76717097,1
1,0.78270996,1
1,0.7454232,1
1,0.7571796,1
1,0.7637983,1
0,0.8225028,1
1,0.7775143,1
1,0.7802494,1
0,0.7842286,1
1,0.82502425,1
1,0.7814173,1
1,0.81251305,1
1,0.7829653,1
1,0.85643286,1
1,0.80347914,1
1,0.8593059,1
0,0.7954626,1
0,0.8191062,1
1,0.77982587,1
1,0.35481998,0
1,0.5493079,1
1,0.6306106,1
0,0.6547849,1
0,0.4343256,0
1,0.55709016,1
0,0.25788185,0
0,0.56995744,1
1,0.46742284,0
1,0.5417956,1
1,0.29726866,0
0,0.4727146,0
0,0.4554342,0
1,0.648923,1
0,0.72666407,1
1,0.5582329,1
1,0.81449145,1
1,0.77091306,1
0,0.43105492,0
0,0.72475016,1
1,0.8781503,1
0,0.7263385,1
1,0.7599329,1
0,0.75879014,1
1,0.84165114,1
1,0.829457,1
1,0.7775842,1
1,0.8668475,1
1,0.8366199,1
1,0.8061194,1
1,0.77734756,1
0,0.756995,1
1,0.77567345,1
0,0.816639,1
1,0.71803266,1
1,0.8061117,1
1,0.8000865,1
1,0.6997081,1
1,0.75265557,1
0,0.7337144,1
1,0.80393463,1
0,0.7701432,1
0,0.7706269,1
0,0.7931621,1
0,0.7590165,1
0,0.78000844,1
0,0.8286798,1
1,0.7631315,1
1,0.74790305,1
1,0.79321086,1
0,0.8313011,1
1,0.79738605,1
1,0.75142306,1
0,0.7743326,1
1,0.65928316,1
1,0.6434304,1
1,0.74924856,1
1,0.7548209,1
0,0.7784183,1
1,0.7336786,1
0,0.7627969,1
1,0.7261946,1
1,0.6729047,1
1,0.6904275,1
1,0.68350327,1
1,0.78030455,1
1,0.73437536,1
1,0.77782804,1
0,0.77153665,1
1,0.8053125,1
0,0.76526594,1
1,0.76643056,1
0,0.69781035,1
1,0.8770247,1
1,0.7930751,1
0,0.80781317,1
0,0.785039,1
1,0.7962247,1
1,0.7564283,1
1,0.7119742,1
1,0.77436846,1
1,0.8164828,1
0,0.63928634,1
0,0.6607504,1
0,0.60762084,1
0,0.329231,0
0,0.5682604,1
0,0.28868908,0
0,0.3892271,0
0,0.6869314,1
0,0.6488041,1
1,0.6868982,1
0,0.47286984,0
0,0.3256056,0
0,0.25093022,0
0,0.64830893,1
0,0.59188825,1
0,0.6066937,1
0,0.40574843,0
0,0.25373417,0
0,0.16977766,0
0,0.19964163,0
0,0.37005964,0
0,0.24911152,0
1,0.7650809,1
1,0.7647669,1
1,0.54024786,1
1,0.26137304,0
0,0.79462993,1
1,0.737048,1
1,0.89230925,1
1,0.84075534,1
1,0.93467903,1
1,0.9035373,1
1,0.93625826,1
1,0.78338176,1
1,0.9050053,1
1,0.8684414,1
1,0.8483413,1
1,0.86125594,1
1,0.75805783,1
1,0.88563067,1
0,0.8110742,1
1,0.7837297,1
1,0.833868,1
0,0.8131678,1
1,0.81074977,1
1,0.842488,1
1,0.786711,1
1,0.71686095,1
1,0.7897363,1
1,0.7907277,1
1,0.89531726,1
1,0.8595165,1
1,0.82341534,1
0,0.88582325,1
1,0.87774783,1
1,0.80949765,1
0,0.8039664,1
1,0.81322527,1
1,0.89681,1
0,0.93111306,1
1,0.8223462,1
1,0.77787524,1
1,0.75100917,1
1,0.83589846,1
1,0.82428384,1
0,0.83237475,1
1,0.7559879,1
1,0.594121,1
1,0.4936235,0
0,0.77944046,1
0,0.7466614,1
1,0.7756375,1
1,0.7872238,1
1,0.64447206,1
0,0.60315174,1
0,0.66665787,1
0,0.21652335,0
1,0.16246225,0
0,0.1817235,0
0,0.18116206,0
0,0.693687,1
1,0.75686467,1
1,0.51773155,1
0,0.81473833,1
1,0.7899581,1
0,0.8537385,1
1,0.8242112,1
1,0.76899964,1
1,0.8402384,1
1,0.83072525,1
1,0.8525057,1
1,0.8245229,1
1,0.80610305,1
1,0.83219576,1
0,0.17910267,0
0,0.074549556,0
1,0.746017,1
1,0.66894585,1
1,0.5529087,1
1,0.66656286,1
1,0.63512623,1
1,0.61847305,1
0,0.54482216,1
1,0.38223213,0
0,0.39288485,0
1,0.6083289,1
1,0.7030224,1
0,0.6639906,1
1,0.7502595,1
1,0.7971209,1
0,0.4105415,0
0,0.5832982,1
1,0.63453597,1
0,0.28405,0
0,0.6039907,1
1,0.45550898,0
1,0.29656598,0
0,0.6495897,1
0,0.4595462,0
0,0.3718792,0
1,0.7067682,1
1,0.59425473,1
0,0.55150217,1
1,0.79275304,1
1,0.83781666,1
1,0.88188976,1
1,0.81563747,1
1,0.5955574,1
1,0.695512,1
0,0.7213279,1
0,0.53672475,1
0,0.6034966,1
0,0.5767099,1
0,0.458741,0
1,0.49946603,0
0,0.6469087,1
1,0.5417256,1
0,0.6810431,1
1,0.67647094,1
1,0.60192263,1
1,0.67711836,1
1,0.85075,1
0,0.83776164,1
1,0.5143604,1
1,0.732742,1
0,0.52143043,1
1,0.6852387,1
1,0.6624107,1
1,0.71624947,1
0,0.62499416,1
0,0.42081526,0
1,0.30153576,0
0,0.5338244,1
1,0.49881014,0
0,0.5244559,1
1,0.8512499,1
1,0.87810975,1
1,0.8563107,1
1,0.7488423,1
1,0.46089956,0
0,0.31958216,0
0,0.4084087,0
1,0.85622424,1
0,0.82004935,1
1,0.8167817,1
1,0.8570429,1
1,0.82378995,1
1,0.8453446,1
1,0.8154579,1
1,0.8310639,1
0,0.8079366,1
0,0.8548975,1
0,0.76664513,1
1,0.8009521,1
1,0.7743268,1
1,0.78707874,1
1,0.83410144,1
1,0.77602935,1
1,0.83005744,1
1,0.8158585,1
1,0.71547157,1
1,0.7974591,1
1,0.70409197,1
1,0.80581355,1
1,0.7885012,1
1,0.75129104,1
1,0.85357064,1
1,0.8315709,1
1,0.691926,1
1,0.7184494,1
1,0.6587454,1
1,0.7210583,1
0,0.69256705,1
1,0.77587396,1
1,0.5671515,1
1,0.73528504,1
1,0.60733104,1
1,0.6233646,1
0,0.6508884,1
1,0.7407021,1
1,0.44865805,0
0,0.5745765,1
0,0.7151786,1
1,0.51673603,1
0,0.62375605,1
1,0.5794917,1
1,0.6709842,1
0,0.5919213,1
1,0.5721371,1
1,0.4019765,0
1,0.73338825,1
1,0.64735645,1
1,0.7471881,1
0,0.5753017,1
1,0.48656723,0
0,0.47674322,0
0,0.577789,1
1,0.70265007,1
1,0.39966717,0
0,0.6089628,1
0,0.18657848,0
0,0.10662651,0
0,0.2623671,0
0,0.18173693,0
1,0.1367312,0
0,0.19586115,0
0,0.42067063,0
0,0.27869308,0
0,0.15167777,0
0,0.33851343,0
0,0.25189984,0
0,0.7708807,1
1,0.28652525,0
0,0.082139805,0
0,0.20421918,0
0,0.37732223,0
0,0.38095793,0
1,0.69062006,1
1,0.5927506,1
0,0.46862444,0
0,0.2243466,0
0,0.726554,1
1,0.7839832,1
0,0.7702376,1
0,0.62494373,1
1,0.6217565,1
0,0.33099952,0
0,0.18315591,0
1,0.17485021,0
1,0.21106105,0
0,0.7649134,1
1,0.79429954,1
1,0.709718,1
0,0.709321,1
1,0.7074149,1
1,0.68080264,1
1,0.85850704,1
1,0.7793182,1
1,0.7309615,1
1,0.77010393,1
0,0.7350027,1
1,0.3380118,0
1,0.70308506,1
1,0.43238786,0
1,0.47892627,0
0,0.6412453,1
0,0.61159813,1
0,0.43238974,0
0,0.74026406,1
0,0.64987046,1
1,0.6273892,1
1,0.76653504,1
0,0.40616953,0
1,0.41062173,0
1,0.40028363,0
0,0.3795511,0
1,0.41268644,0
1,0.3547025,0
1,0.5789445,1
0,0.09856535,0
0,0.7170831,1
1,0.81770337,1
0,0.2595363,0
0,0.5937308,1
0,0.6198802,1
0,0.7032966,1
1,0.8294127,1
1,0.6934308,1
1,0.43569162,0
1,0.7696346,1
1,0.8558069,1
0,0.8038655,1
0,0.8084642,1
0,0.7247725,1
1,0.8163602,1
0,0.84468275,1
1,0.75353724,1
0,0.8325185,1
0,0.8567538,1
0,0.8642317,1
1,0.78825337,1
1,0.7440097,1
1,0.59405285,1
1,0.9054087,1
1,0.771346,1
1,0.74682516,1
0,0.7021684,1
1,0.63391036,1
0,0.7333101,1
1,0.73409516,1
1,0.7542795,1
1,0.73789066,1
1,0.7990341,1
1,0.869463,1
1,0.8820823,1
0,0.82289267,1
1,0.8444378,1
0,0.85504925,1
0,0.77784824,1
1,0.4826835,0
0,0.57724065,1
1,0.50463957,1
0,0.6540648,1
1,0.8736936,1
0,0.73925805,1
0,0.8928274,1
0,0.6014944,1
1,0.7702712,1
1,0.8316417,1
1,0.68956167,1
1,0.6811484,1
1,0.81832707,1
1,0.84229195,1
0,0.5604451,1
1,0.7478823,1
1,0.25866622,0
1,0.55950654,1
0,0.7330708,1
0,0.93327606,1
1,0.8566808,1
1,0.8522452,1
0,0.8587215,1
1,0.40179464,0
1,0.7689768,1
1,0.8732687,1
0,0.7689802,1
1,0.7343695,1
1,0.7648056,1
0,0.7212454,1
0,0.631066,1
1,0.8045535,1
1,0.6645691,1
1,0.7809458,1
1,0.7696845,1
0,0.69824845,1
0,0.815188,1
1,0.80629116,1
0,0.38054883,0
0,0.6970381,1
1,0.84074533,1
1,0.82608163,1
1,0.7828239,1
1,0.74113756,1
1,0.76883703,1
1,0.75198853,1
1,0.7690451,1
1,0.64309734,1
1,0.54940265,1
1,0.87209785,1
1,0.67280257,1
1,0.58300894,1
0,0.7750477,1
1,0.78959394,1
1,0.7685082,1
1,0.7677134,1
1,0.66298956,1
1,0.825822,1
1,0.8535505,1
0,0.8748901,1
1,0.3696788,0
1,0.60656494,1
1,0.54664737,1
1,0.52645576,1
1,0.56738925,1
0,0.11199117,0
0,0.19416185,0
1,0.55199325,1
1,0.7655177,1
1,0.80083996,1
1,0.7940609,1
1,0.7686875,1
1,0.79075605,1
1,0.7813584,1
1,0.77698255,1
1,0.79220164,1
1,0.7400724,1
1,0.7834522,1
1,0.8082876,1
0,0.49311244,0
0,0.82127565,1
1,0.7815368,1
1,0.8524329,1
1,0.68030703,1
1,0.73645794,1
0,0.14315857,0
1,0.326593,0
1,0.9029977,1
1,0.85644436,1
0,0.20717081,0
0,0.39331764,0
0,0.3931163,0
0,0.21986368,0
0,0.09008569,0
0,0.08177236,0
0,0.29269588,0
0,0.12005363,0
0,0.18875796,0
0,0.3206449,0
0,0.07023036,0
0,0.07454199,0
0,0.05290032,0
1,0.35978928,0
1,0.8283616,1
1,0.33208364,0
0,0.18709412,0
1,0.40613845,0
0,0.6017524,1
0,0.6746781,1
0,0.83086646,1
1,0.5628777,1
1,0.60272866,1
0,0.48067868,0
0,0.59653556,1
1,0.15980545,0
1,0.8561859,1
1,0.8245343,1
1,0.85177755,1
1,0.65516275,1
0,0.20194305,0
0,0.38067675,0
1,0.41833323,0
1,0.55568284,1
0,0.5994507,1
1,0.6678961,1
0,0.5591667,1
1,0.6714409,1
1,0.417807,0
1,0.38740668,0
1,0.8815493,1
1,0.8475333,1
0,0.37414247,0
0,0.26905355,0
0,0.35142556,0
0,0.49716434,0
1,0.3215529,0
0,0.22320844,0
1,0.28639036,0
0,0.05543431,0
1,0.21204816,0
1,0.30717084,0
1,0.3907063,0
1,0.64847094,1
0,0.4766298,0
1,0.7693612,1
1,0.17519134,0
1,0.25649375,0
0,0.3923748,0
1,0.4776199,0
0,0.5024071,1
1,0.5993318,1
1,0.69080746,1
1,0.64408255,1
1,0.68785304,1
1,0.61704504,1
1,0.5961645,1
1,0.3407721,0
0,0.40491235,0
1,0.30876586,0
1,0.5377406,1
0,0.34563395,0
1,0.67380345,1
1,0.7610519,1
1,0.77219296,1
0,0.80815977,1
1,0.77735007,1
1,0.9031245,1
1,0.7781153,1
1,0.702745,1
1,0.72743255,1
1,0.71155363,1
1,0.6698759,1
1,0.6874547,1
1,0.5359178,1
1,0.7041578,1
1,0.7238853,1
1,0.6281911,1
1,0.5661839,1
0,0.4325707,0
1,0.6269807,1
1,0.72366226,1
0,0.17543794,0
0,0.24718556,0
0,0.0827171,0
0,0.30493447,0
0,0.15340777,0
1,0.5431684,1
0,0.27651122,0
1,0.19506522,0
1,0.42946792,0
0,0.77549237,1
1,0.8056758,1
1,0.8394629,1
1,0.8338649,1
1,0.7917969,1
0,0.8205282,1
1,0.88106114,1
0,0.8005111,1
0,0.7438594,1
0,0.805892,1
1,0.7253788,1
0,0.7204877,1
1,0.7069117,1
1,0.61637974,1
0,0.8605852,1
1,0.7709366,1
1,0.7736272,1
0,0.7488631,1
0,0.850449,1
1,0.7473346,1
1,0.69853336,1
1,0.8079115,1
0,0.8586263,1
1,0.8588044,1
1,0.791203,1
1,0.44546336,0
0,0.36889356,0
0,0.28599262,0
1,0.40204084,0
0,0.48945382,0
0,0.39260712,0
1,0.52857673,1
1,0.7063666,1
0,0.45317665,0
0,0.58257574,1
1,0.60526305,1
0,0.5171134,1
1,0.5799358,1
0,0.35537156,0
0,0.25288007,0
0,0.13711858,0
0,0.32952675,0
1,0.4642675,0
0,0.46338123,0
1,0.4209971,0
1,0.53692335,1
1,0.722373,1
1,0.8046978,1
1,0.47273698,0
1,0.8251946,1
1,0.67099553,1
1,0.49469528,0
0,0.3601757,0
1,0.25744483,0
0,0.19863527,0
0,0.4734608,0
0,0.5088867,1
0,0.38378093,0
0,0.5453786,1
0,0.40891984,0
1,0.56210214,1
1,0.5334103,1
1,0.3656885,0
1,0.38584977,0
1,0.091972016,0
1,0.47084984,0
1,0.43962806,0
1,0.3351044,0
1,0.19609077,0
1,0.6623281,1
1,0.59045506,1
1,0.7147027,1
1,0.5867828,1
1,0.7776522,1
0,0.6799769,1
1,0.8165892,1
0,0.6694232,1
1,0.6301966,1
1,0.45708755,0
0,0.736434,1
0,0.85128546,1
1,0.78012854,1
0,0.8370913,1
0,0.8064071,1
0,0.8302348,1
1,0.80650467,1
1,0.7365727,1
0,0.7021461,1
0,0.68310726,1
0,0.7140604,1
1,0.75020087,1
0,0.6796992,1
1,0.7492682,1
0,0.7359859,1
0,0.7450836,1
1,0.27802724,0
1,0.77801794,1
1,0.7365487,1
1,0.7206252,1
1,0.7220949,1
1,0.8127981,1
1,0.71580297,1
1,0.70921516,1
1,0.80605626,1
1,0.710763,1
0,0.68172985,1
1,0.77861303,1
1,0.8011751,1
1,0.78320867,1
1,0.7892662,1
1,0.84293497,1
0,0.7842621,1
0,0.7807596,1
1,0.6532239,1
1,0.8107901,1
1,0.78872675,1
1,0.7929337,1
1,0.8190205,1
0,0.8032213,1
1,0.75649464,1
1,0.7590295,1
1,0.68062055,1
1,0.72051287,1
1,0.7917653,1
0,0.6866991,1
1,0.6626001,1
1,0.6726986,1
1,0.7348906,1
0,0.7801073,1
1,0.776419,1
0,0.75814277,1
0,0.7719343,1
0,0.75694484,1
1,0.79250085,1
0,0.7926469,1
0,0.78663707,1
0,0.32011026,0
0,0.16067748,0
0,0.11948261,0
0,0.10849658,0
1,0.07297699,0
0,0.2416214,0
0,0.15372199,0
1,0.11118614,0
0,0.13209336,0
0,0.20285971,0
1,0.25883558,0
1,0.19249311,0
1,0.65460145,1
1,0.49490148,0
1,0.25066486,0
0,0.22222133,0
1,0.77029204,1
0,0.75486964,1
1,0.7795048,1
1,0.7677743,1
1,0.76538354,1
1,0.72189033,1
1,0.7802021,1
1,0.77067506,1
0,0.7399755,1
0,0.77789485,1
1,0.8039161,1
1,0.79535156,1
1,0.8014912,1
0,0.72051567,1
1,0.74407864,1
1,0.78360415,1
1,0.7566884,1
1,0.7530947,1
1,0.8099162,1
1,0.71751606,1
0,0.8018758,1
1,0.7715473,1
1,0.7565898,1
1,0.84410334,1
1,0.90783167,1
1,0.86323744,1
1,0.8519657,1
0,0.8831522,1
1,0.86613744,1
1,0.69926786,1
1,0.8296528,1
0,0.76212656,1
1,0.77867734,1
1,0.7466939,1
0,0.8241599,1
0,0.78473836,1
1,0.8289387,1
0,0.83585405,1
1,0.78437334,1
1,0.66444576,1
1,0.52549815,1
1,0.72274905,1
1,0.47567514,0
0,0.47261706,0
1,0.68836576,1
1,0.49010187,0
1,0.75506014,1
1,0.45613116,0
1,0.83392084,1
1,0.86694586,1
1,0.7697038,1
1,0.73598284,1
0,0.6410634,1
1,0.26902258,0
0,0.6177549,1
1,0.18014993,0
0,0.5958528,1
1,0.736009,1
1,0.20108406,0
0,0.58667606,1
1,0.67117774,1
0,0.7081797,1
1,0.6463674,1
0,0.7772787,1
1,0.6052668,1
1,0.7148871,1
1,0.6685817,1
1,0.7430143,1
1,0.7508012,1
1,0.67887276,1
1,0.7751706,1
1,0.70144576,1
0,0.7270394,1
1,0.75152457,1
1,0.7815409,1
0,0.78131735,1
0,0.7472335,1
1,0.83736444,1
1,0.80042195,1
0,0.87393796,1
0,0.8017784,1
1,0.7458932,1
1,0.8268999,1
1,0.8362525,1
0,0.8023984,1
1,0.73086154,1
1,0.76152426,1
1,0.818823,1
1,0.8193719,1
1,0.795251,1
1,0.89684325,1
1,0.8833633,1
1,0.93276393,1
1,0.85795116,1
1,0.793241,1
1,0.8709358,1
1,0.94060206,1
1,0.8616655,1
1,0.897975,1
0,0.9414851,1
1,0.90977967,1
1,0.92115825,1
0,0.88007987,1
1,0.93203294,1
1,0.9308713,1
1,0.9225497,1
1,0.9192852,1
1,0.8546861,1
1,0.87299746,1
1,0.9140945,1
1,0.91959375,1
1,0.9383331,1
0,0.31293982,0
0,0.14221616,0
0,0.18419775,0
0,0.15806158,0
0,0.16086854,0
0,0.4291375,0
1,0.66868937,1
1,0.75596625,1
1,0.76884437,1
0,0.79852545,1
1,0.8286301,1
1,0.48709926,0
1,0.54724324,1
1,0.6484302,1
0,0.7882698,1
0,0.52847123,1
1,0.74757254,1
0,0.5062408,1
0,0.4995573,0
0,0.76536936,1
0,0.70300806,1
0,0.7411378,1
0,0.6050257,1
1,0.750423,1
0,0.62011355,1
0,0.6502094,1
0,0.54167956,1
0,0.7197395,1
0,0.7869242,1
1,0.82503146,1
1,0.58166176,1
0,0.619462,1
0,0.63259274,1
1,0.6856969,1
0,0.6180974,1
1,0.74351245,1
0,0.64029855,1
1,0.796309,1
1,0.81258535,1
1,0.69238806,1
0,0.7565093,1
0,0.6714112,1
0,0.5661752,1
0,0.6750296,1
0,0.5722396,1
1,0.785894,1
0,0.76547563,1
0,0.64435613,1
0,0.6335781,1
1,0.6046289,1
1,0.473903,0
0,0.6975834,1
0,0.70735335,1
1,0.758335,1
1,0.6819632,1
1,0.7989432,1
1,0.5374269,1
0,0.6682524,1
1,0.6589844,1
0,0.6155199,1
0,0.6952759,1
0,0.70044637,1
0,0.76012695,1
0,0.67618763,1
0,0.66743356,1
1,0.24393964,0
0,0.25327733,0
0,0.13962412,0
1,0.19881487,0
1,0.58986217,1
1,0.4200713,0
1,0.12762274,0
1,0.4543659,0
1,0.21942872,0
0,0.2180638,0
0,0.57474893,1
1,0.53214115,1
0,0.7930852,1
1,0.68537474,1
1,0.5394636,1
0,0.7257851,1
0,0.4220831,0
0,0.38454515,0
0,0.42853868,0
0,0.32767272,0
0,0.23302223,0
1,0.64123845,1
1,0.32219195,0
0,0.31561053,0
0,0.3412299,0
1,0.41358152,0
1,0.55747825,1
1,0.52718264,1
1,0.5538434,1
1,0.6508547,1
0,0.6054368,1
1,0.4507175,0
0,0.6923358,1
0,0.57725126,1
0,0.4069634,0
0,0.3002882,0
1,0.16386856,0
1,0.7697899,1
1,0.8197322,1
1,0.8685716,1
1,0.81757087,1
1,0.8034282,1
1,0.8650905,1
0,0.7282028,1
0,0.5950177,1
0,0.46386927,0
0,0.68696016,1
0,0.7525127,1
1,0.8688653,1
1,0.7571468,1
1,0.8057481,1
1,0.9148068,1
1,0.80432,1
1,0.84741014,1
0,0.6949584,1
1,0.67578477,1
1,0.7950557,1
1,0.8822153,1
1,0.68582356,1
1,0.8216695,1
0,0.81550294,1
1,0.7526682,1
1,0.76477534,1
1,0.8567663,1
1,0.7199526,1
1,0.8562941,1
1,0.85934746,1
1,0.81401825,1
1,0.8438926,1
1,0.8434699,1
1,0.661623,1
0,0.64050627,1
0,0.06828966,0
0,0.5780575,1
0,0.7674252,1
1,0.7227045,1
1,0.68523675,1
1,0.63799554,1
1,0.731493,1
1,0.4805716,0
1,0.4251611,0
1,0.73656523,1
1,0.68512696,1
1,0.28348184,0
0,0.6809774,1
0,0.2951042,0
1,0.6403097,1
0,0.1495176,0
0,0.08874557,0
0,0.23905894,0
0,0.11063636,0
1,0.310148,0
1,0.1534239,0
1,0.73504835,1
1,0.66063184,1
1,0.28720117,0
0,0.83079165,1
1,0.8399657,1
1,0.7780081,1
0,0.47696757,0
1,0.5486952,1
1,0.13401937,0
0,0.22186726,0
0,0.710693,1
1,0.7884711,1
0,0.8432977,1
1,0.8388279,1
1,0.63914585,1
0,0.7630469,1
0,0.326881,0
1,0.75049925,1
0,0.56096095,1
1,0.80389184,1
0,0.5343424,1
0,0.43911046,0
1,0.5899056,1
0,0.61614585,1
1,0.60071856,1
1,0.69534606,1
0,0.6571496,1
1,0.26814368,0
0,0.12052709,0
1,0.5877918,1
0,0.4977977,0
0,0.62196785,1
0,0.7424348,1
0,0.640548,1
0,0.6100066,1
1,0.5605585,1
1,0.513618,1
1,0.3609426,0
0,0.4619052,0
0,0.18866362,0
1,0.527908,1
0,0.35287607,0
1,0.39432514,0
1,0.42003396,0
1,0.5300602,1
0,0.3874584,0
0,0.3549075,0
1,0.398049,0
1,0.35813957,0
0,0.3593081,0
1,0.46241364,0
1,0.57862854,1
1,0.43169415,0
1,0.5010805,1
1,0.5448754,1
1,0.704091,1
0,0.74276036,1
0,0.5487883,1
0,0.50798464,1
1,0.26670817,0
0,0.19991563,0
0,0.2601268,0
0,0.47208038,0
1,0.3269008,0
1,0.6517889,1
1,0.40651605,0
0,0.46505746,0
1,0.7892003,1
1,0.7172656,1
0,0.72394156,1
1,0.7248101,1
0,0.70762503,1
1,0.76993126,1
0,0.7093539,1
1,0.711988,1
1,0.7457146,1
1,0.79330134,1
0,0.75755155,1
0,0.783577,1
1,0.15249586,0
0,0.06239285,0
0,0.045222484,0
0,0.22571602,0
1,0.78778166,1
1,0.67212135,1
0,0.78069496,1
0,0.7668312,1
1,0.8084771,1
0,0.7625336,1
1,0.80382234,1
1,0.8007238,1
0,0.778701,1
1,0.81520975,1
1,0.8060347,1
1,0.8345878,1
1,0.8227662,1
1,0.77015984,1
1,0.76632804,1
1,0.8039926,1
1,0.81700313,1
1,0.82614505,1
1,0.8252966,1
0,0.8613806,1
1,0.8264884,1
0,0.7797218,1
1,0.80700386,1
0,0.8267921,1
0,0.7807776,1
1,0.81054187,1
0,0.7756217,1
0,0.796109,1
0,0.8183722,1
1,0.8222398,1
1,0.80757207,1
1,0.7898583,1
1,0.8189922,1
0,0.8186372,1
1,0.81606674,1
1,0.83488226,1
0,0.8106459,1
1,0.8002814,1
1,0.8421106,1
1,0.8001117,1
0,0.83195406,1
1,0.8506125,1
0,0.89394355,1
1,0.80906427,1
1,0.8617693,1
1,0.80151784,1
1,0.8313027,1
1,0.8678817,1
1,0.8285962,1
1,0.7854824,1
0,0.8238204,1
0,0.8650761,1
1,0.8310528,1
1,0.863008,1
1,0.82982606,1
0,0.83381355,1
1,0.81228936,1
1,0.7996697,1
0,0.83147514,1
0,0.812694,1
1,0.8329886,1
0,0.80807096,1
0,0.8234167,1
0,0.8379394,1
0,0.83747226,1
1,0.83312476,1
0,0.81347656,1
0,0.8299,1
1,0.8343235,1
1,0.7808918,1
1,0.8362462,1
0,0.833075,1
0,0.8102212,1
0,0.8062308,1
0,0.8037232,1
1,0.8445537,1
1,0.83765405,1
1,0.82704467,1
1,0.79228055,1
0,0.7761756,1
0,0.81404465,1
1,0.78612185,1
1,0.8314814,1
1,0.80639035,1
0,0.75442606,1
0,0.76736385,1
0,0.85237384,1
0,0.810647,1
1,0.84821343,1
0,0.85099995,1
1,0.84080696,1
1,0.78859675,1
0,0.83181375,1
0,0.8461064,1
0,0.7719886,1
0,0.833779,1
1,0.8284002,1
1,0.86534417,1
1,0.8464058,1
1,0.7824112,1
1,0.8502433,1
1,0.8212067,1
0,0.76529974,1
1,0.82705975,1
1,0.7914795,1
1,0.794004,1
0,0.8009946,1
0,0.8105095,1
1,0.799168,1
0,0.77859664,1
1,0.791585,1
1,0.8403216,1
0,0.82475317,1
1,0.83168095,1
1,0.7156473,1
0,0.86933625,1
0,0.84839654,1
1,0.82191205,1
1,0.7719326,1
1,0.8276822,1
1,0.7660095,1
0,0.73682046,1
0,0.79027665,1
1,0.82611173,1
0,0.82523495,1
1,0.8242987,1
0,0.8105001,1
0,0.8431011,1
1,0.8762049,1
1,0.8566904,1
1,0.85232794,1
0,0.84959596,1
0,0.8507155,1
0,0.81937546,1
0,0.8667636,1
0,0.851009,1
1,0.8164653,1
1,0.55030364,1
0,0.6187346,1
0,0.2552207,0
0,0.74796164,1
0,0.10322385,0
0,0.13586622,0
1,0.51500785,1
0,0.35339293,0
0,0.2417978,0
1,0.8197376,1
1,0.73953056,1
1,0.7050563,1
1,0.6514433,1
1,0.7841537,1
1,0.7827086,1
1,0.7551998,1
1,0.8039886,1
1,0.8365898,1
1,0.8377522,1
0,0.893873,1
1,0.72675276,1
1,0.7604151,1
0,0.8756001,1
1,0.84792453,1
1,0.7783752,1
1,0.83614624,1
1,0.8560761,1
1,0.8753086,1
1,0.8493981,1
1,0.8860746,1
1,0.6531487,1
1,0.87477523,1
1,0.7928516,1
1,0.8287808,1
1,0.8511716,1
1,0.8241992,1
1,0.8999093,1
1,0.89730835,1
1,0.87480366,1
1,0.39954668,0
0,0.7298824,1
1,0.6249034,1
0,0.7239707,1
1,0.5676035,1
1,0.69817364,1
0,0.78424495,1
1,0.76232207,1
1,0.7171139,1
0,0.74388784,1
0,0.76755285,1
1,0.39706582,0
1,0.67284274,1
0,0.57784456,1
1,0.70816606,1
1,0.7254195,1
1,0.71929294,1
1,0.7841283,1
0,0.70128894,1
1,0.78257287,1
1,0.74423945,1
0,0.7317291,1
0,0.7546564,1
0,0.7210004,1
0,0.7623187,1
1,0.7867673,1
1,0.7408604,1
1,0.7086019,1
0,0.70001256,1
0,0.69940215,1
1,0.77031267,1
0,0.80713993,1
1,0.79873496,1
1,0.6782332,1
1,0.7985834,1
1,0.80811745,1
1,0.8291321,1
1,0.7947293,1
1,0.7800368,1
1,0.8044252,1
1,0.66699785,1
1,0.71211636,1
1,0.67992413,1
0,0.20554112,0
1,0.5603122,1
1,0.7364503,1
1,0.7905496,1
1,0.799135,1
1,0.7813757,1
0,0.74551105,1
0,0.48295185,0
1,0.71813303,1
1,0.82481146,1
1,0.5647676,1
1,0.41530567,0
1,0.4153991,0
1,0.35472718,0
0,0.7980506,1
0,0.48831347,0
1,0.8435033,1
1,0.63615197,1
1,0.5462278,1
1,0.6576186,1
1,0.6174047,1
0,0.7096705,1
0,0.69314414,1
0,0.5925873,1
0,0.5847155,1
1,0.544637,1
0,0.55312556,1
1,0.62803507,1
1,0.544619,1
0,0.8273263,1
1,0.7866462,1
1,0.6352409,1
0,0.6924623,1
1,0.8643669,1
1,0.867601,1
1,0.8821489,1
1,0.832842,1
1,0.42925858,0
1,0.26560208,0
0,0.40740937,0
1,0.7237935,1
1,0.71026033,1
1,0.7597247,1
1,0.7151311,1
1,0.78719586,1
1,0.7612774,1
1,0.69352835,1
1,0.7392797,1
1,0.6746894,1
0,0.687208,1
1,0.33945513,0
0,0.7321439,1
1,0.49421304,0
1,0.77032924,1
0,0.8008458,1
1,0.79009813,1
1,0.73494565,1
1,0.782316,1
0,0.43913496,0
1,0.7176862,1
0,0.719055,1
1,0.8402454,1
0,0.723123,1
1,0.7970218,1
1,0.7961304,1
0,0.61399835,1
1,0.7371836,1
1,0.54786867,1
1,0.8252458,1
0,0.2529611,0
0,0.39065027,0
1,0.38215947,0
0,0.38552743,0
1,0.26913148,0
1,0.4144276,0
1,0.35811594,0
1,0.3601633,0
1,0.80247223,1
0,0.75195456,1
0,0.78988427,1
0,0.75410646,1
1,0.7995131,1
1,0.8156099,1
1,0.8562266,1
1,0.80029744,1
1,0.7563178,1
1,0.7982542,1
1,0.8261188,1
1,0.8162739,1
1,0.8338787,1
1,0.82093674,1
1,0.7757732,1
0,0.8113888,1
1,0.8305,1
0,0.7653011,1
1,0.8371253,1
1,0.84554875,1
1,0.8042992,1
1,0.8330942,1
1,0.78966683,1
1,0.80261624,1
1,0.82909644,1
1,0.82765394,1
1,0.42259616,0
1,0.78810734,1
1,0.83607686,1
0,0.7773041,1
0,0.82046586,1
1,0.8278833,1
0,0.85797685,1
1,0.83867145,1
1,0.81831455,1
1,0.79378146,1
1,0.74511015,1
1,0.789158,1
1,0.7892553,1
1,0.7921842,1
0,0.7617212,1
1,0.78709567,1
0,0.7782427,1
1,0.8008118,1
1,0.7613322,1
1,0.7599667,1
0,0.8022457,1
0,0.7736547,1
1,0.75880617,1
1,0.75040543,1
1,0.802683,1
1,0.81885797,1
1,0.80181766,1
0,0.7851383,1
1,0.7611226,1
0,0.5421515,1
0,0.59976745,1
0,0.63025695,1
0,0.447759,0
0,0.49174356,0
1,0.48335072,0
1,0.5780556,1
1,0.67009777,1
1,0.41129306,0
1,0.6736804,1
1,0.4824918,0
1,0.67608154,1
1,0.41344878,0
1,0.7873373,1
0,0.7353969,1
1,0.57860786,1
1,0.6434996,1
1,0.650132,1
0,0.73335135,1
0,0.71547586,1
1,0.6589614,1
1,0.5794272,1
1,0.70192397,1
0,0.7859477,1
1,0.5510921,1
1,0.6058901,1
0,0.7689258,1
1,0.74005026,1
1,0.77871233,1
1,0.50822353,1
1,0.7317172,1
1,0.81602454,1
1,0.8109649,1
1,0.8506646,1
1,0.8366838,1
1,0.7545243,1
0,0.8234804,1
0,0.8341746,1
0,0.8107817,1
1,0.8349999,1
1,0.83435345,1
1,0.8421712,1
1,0.86004317,1
1,0.810285,1
1,0.8022789,1
1,0.83968335,1
1,0.84532034,1
1,0.7761792,1
1,0.8199703,1
1,0.8736573,1
1,0.8504497,1
1,0.8519166,1
1,0.81689787,1
1,0.79388183,1
1,0.80071026,1
1,0.8350872,1
1,0.8218195,1
0,0.840434,1
1,0.83417803,1
1,0.83758307,1
1,0.78750885,1
1,0.7952223,1
1,0.7773696,1
0,0.78734607,1
0,0.79535097,1
1,0.7926892,1
1,0.8037395,1
1,0.84695846,1
1,0.7852239,1
1,0.8249242,1
0,0.8070675,1
1,0.8485686,1
1,0.7972763,1
1,0.36057302,0
1,0.67156166,1
0,0.6748698,1
0,0.6081261,1
0,0.67946196,1
1,0.47454044,0
0,0.120942324,0
1,0.30797306,0
0,0.358756,0
0,0.35363021,0
0,0.044855904,0
0,0.053109627,0
0,0.16460717,0
0,0.6825499,1
0,0.09621593,0
1,0.34550518,0
1,0.23844731,0
0,0.12131402,0
0,0.13312528,0
1,0.5659704,1
1,0.7838966,1
1,0.5881002,1
0,0.5665741,1
0,0.52880216,1
0,0.7259162,1
1,0.6780364,1
1,0.57113135,1
0,0.5639889,1
1,0.64403373,1
1,0.63051313,1
1,0.7178691,1
0,0.755675,1
0,0.80434656,1
0,0.74160004,1
1,0.7439562,1
0,0.7964234,1
1,0.7675281,1
0,0.72622365,1
1,0.80463105,1
1,0.7139272,1
1,0.7223748,1
1,0.6938276,1
1,0.78792095,1
1,0.7626567,1
1,0.8435609,1
0,0.809459,1
1,0.742559,1
1,0.74680865,1
1,0.8245537,1
1,0.78818816,1
1,0.7172069,1
1,0.7933851,1
0,0.8217313,1
0,0.750537,1
1,0.83218515,1
1,0.73244566,1
1,0.84496295,1
0,0.7821244,1
1,0.7906767,1
1,0.80123234,1
1,0.8103367,1
0,0.79751974,1
1,0.8007835,1
1,0.72292036,1
1,0.7124444,1
0,0.8159307,1
1,0.7911977,1
0,0.72104424,1
0,0.68007755,1
1,0.80920786,1
0,0.7967864,1
1,0.8399023,1
1,0.79506874,1
1,0.7945936,1
1,0.8020751,1
1,0.8024163,1
0,0.79612136,1
0,0.7913548,1
0,0.8015361,1
0,0.8771107,1
1,0.79134065,1
0,0.837919,1
0,0.8276798,1
1,0.7454242,1
0,0.8138862,1
0,0.76447475,1
1,0.74864525,1
0,0.77288294,1
1,0.71156156,1
0,0.78719944,1
0,0.75769156,1
0,0.6920307,1
0,0.6313412,1
1,0.793005,1
0,0.77267087,1
1,0.8160567,1
1,0.76691425,1
1,0.8119116,1
1,0.706864,1
1,0.7788336,1
1,0.7057283,1
1,0.6875385,1
0,0.65628606,1
0,0.73739743,1
1,0.71174115,1
1,0.6481592,1
0,0.76830125,1
1,0.7844506,1
0,0.79794735,1
1,0.8245677,1
0,0.06349756,0
1,0.76266736,1
1,0.71006495,1
0,0.72559017,1
0,0.15464184,0
0,0.12608393,0
0,0.26749614,0
1,0.43198335,0
1,0.7935542,1
0,0.16994758,0
0,0.48993683,0
0,0.30332908,0
0,0.10627092,0
0,0.20339301,0
1,0.38985115,0
0,0.20605165,0
0,0.39398578,0
0,0.16121797,0
1,0.3346832,0
1,0.24242637,0
1,0.36460298,0
0,0.41312167,0
1,0.7422296,1
1,0.7502085,1
1,0.5769054,1
1,0.21912076,0
0,0.37865302,0
0,0.20424539,0
0,0.26274833,0
0,0.5207099,1
1,0.5970628,1
0,0.11399439,0
0,0.32286817,0
1,0.79477835,1
1,0.81139183,1
1,0.86785764,1
1,0.8182312,1
1,0.6203096,1
0,0.117688656,0
0,0.07808489,0
0,0.32869664,0
0,0.38800415,0
0,0.40552863,0
0,0.4361842,0
1,0.4382925,0
0,0.41204208,0
1,0.4423329,0
0,0.44094586,0
1,0.26923844,0
1,0.38131335,0
0,0.47750753,0
0,0.45908642,0
1,0.4997323,0
1,0.4201002,0
0,0.4412021,0
1,0.7783296,1
1,0.78992033,1
1,0.83953005,1
0,0.82842153,1
1,0.79499626,1
1,0.71140546,1
1,0.71192294,1
0,0.3306154,0
0,0.3679864,0
1,0.27485573,0
1,0.54913247,1
1,0.7299126,1
1,0.7807154,1
1,0.7926233,1
0,0.76438534,1
1,0.7766564,1
0,0.23161198,0
0,0.3488125,0
1,0.73099935,1
1,0.84545946,1
1,0.7985911,1
1,0.83567905,1
1,0.6983905,1
1,0.79043454,1
0,0.76279956,1
0,0.84144014,1
0,0.7818561,1
0,0.84418756,1
1,0.82759184,1
1,0.8432204,1
1,0.7834789,1
1,0.68005294,1
1,0.82845163,1
1,0.65338457,1
1,0.5080096,1
1,0.5962387,1
0,0.64756143,1
0,0.38329726,0
0,0.61483586,1
0,0.31471717,0
0,0.64956236,1
1,0.82416844,1
0,0.6298968,1
0,0.6392493,1
0,0.54489946,1
1,0.23824802,0
0,0.741488,1
1,0.84664214,1
0,0.74148935,1
0,0.34428567,0
0,0.7308093,1
1,0.79167455,1
0,0.702747,1
0,0.66169256,1
0,0.46345776,0
0,0.7356769,1
1,0.27054307,0
0,0.68565154,1
1,0.72183526,1
1,0.31199223,0
0,0.47319308,0
0,0.7946102,1
0,0.60878277,1
0,0.4054595,0
1,0.6380763,1
1,0.4164484,0
1,0.83145905,1
1,0.74581873,1
1,0.7139038,1
0,0.22744617,0
1,0.7922271,1
0,0.087179035,0
0,0.49755594,0
0,0.2585276,0
0,0.56761074,1
1,0.1782253,0
1,0.7264706,1
0,0.7269679,1
1,0.6830857,1
1,0.70332074,1
1,0.57837033,1
1,0.67953545,1
1,0.6357503,1
0,0.37207833,0
1,0.36245182,0
1,0.4540661,0
0,0.5707644,1
0,0.62564003,1
1,0.6146536,1
1,0.56429833,1
1,0.5813807,1
1,0.6492897,1
1,0.6309618,1
0,0.11878676,0
1,0.15553159,0
1,0.20149893,0
1,0.30404255,0
0,0.15046017,0
1,0.57946616,1
1,0.7108345,1
1,0.7863802,1
1,0.6985823,1
1,0.81992465,1
0,0.8697273,1
0,0.8498924,1
1,0.8438327,1
1,0.9012563,1
1,0.8584923,1
1,0.88920236,1
1,0.9066731,1
1,0.9352568,1
1,0.9102045,1
1,0.8186083,1
1,0.85238266,1
1,0.8563829,1
1,0.8405838,1
1,0.84643084,1
1,0.80889934,1
0,0.84519863,1
0,0.8443892,1
1,0.91647035,1
1,0.8539133,1
1,0.8537951,1
1,0.84537894,1
1,0.8711237,1
1,0.7641297,1
1,0.72750276,1
1,0.8284923,1
1,0.8908185,1
0,0.83984745,1
0,0.82027197,1
1,0.10587798,0
0,0.2755187,0
0,0.34354463,0
0,0.34409395,0
0,0.25699937,0
1,0.36956298,0
0,0.39600945,0
0,0.17457616,0
0,0.24481902,0
0,0.31097084,0
1,0.49206153,0
1,0.2868754,0
0,0.3578027,0
0,0.39625502,0
1,0.31126672,0
0,0.35837173,0
0,0.3913977,0
1,0.24740191,0
0,0.3975123,0
0,0.4135825,0
0,0.7708937,1
0,0.7632176,1
0,0.810381,1
1,0.7638465,1
1,0.8832219,1
1,0.8470337,1
1,0.82408214,1
1,0.8182925,1
1,0.8230316,1
0,0.41001257,0
1,0.86261994,1
1,0.81807166,1
1,0.5145533,1
1,0.8336455,1
1,0.8082932,1
1,0.834682,1
1,0.91389674,1
1,0.85677767,1
1,0.80337316,1
1,0.5141637,1
1,0.7106449,1
1,0.7540017,1
1,0.8978418,1
1,0.9003861,1
1,0.56327814,1
1,0.87310636,1
1,0.7751259,1
0,0.7546025,1
1,0.86130625,1
1,0.86721885,1
0,0.8825089,1
1,0.7390632,1
0,0.69817394,1
0,0.6279259,1
1,0.743321,1
1,0.78506726,1
0,0.8052007,1
0,0.726603,1
0,0.7417638,1
0,0.6570872,1
0,0.594984,1
1,0.57927823,1
1,0.6885455,1
1,0.74327,1
1,0.76625717,1
1,0.5344587,1
0,0.35910994,0
0,0.34228238,0
1,0.424606,0
0,0.09502248,0
0,0.117464565,0
0,0.30144596,0
0,0.33600283,0
1,0.73333395,1
1,0.74404293,1
1,0.68630964,1
0,0.7482944,1
1,0.72425246,1
1,0.71441823,1
1,0.74481916,1
0,0.7432632,1
0,0.7542031,1
0,0.5937032,1
1,0.5876751,1
1,0.32250807,0
1,0.69186014,1
1,0.7264141,1
1,0.76628953,1
1,0.75526893,1
1,0.64854425,1
1,0.7669381,1
1,0.66016775,1
1,0.51109695,1
1,0.38759726,0
1,0.47553366,0
0,0.57083637,1
0,0.44432607,0
1,0.45693997,0
0,0.57048064,1
0,0.69766915,1
1,0.63076735,1
0,0.6235858,1
0,0.6566673,1
0,0.5510573,1
0,0.61742884,1
1,0.5650481,1
0,0.6353482,1
1,0.4680869,0
0,0.68632406,1
1,0.7301305,1
1,0.61784446,1
0,0.6738046,1
1,0.75894785,1
1,0.66055524,1
0,0.7069563,1
1,0.72870445,1
1,0.7304514,1
1,0.6468029,1
1,0.7490127,1
1,0.76023906,1
1,0.71217895,1
0,0.67603076,1
0,0.6844909,1
0,0.6850469,1
0,0.7171273,1
0,0.65092355,1
0,0.7156255,1
1,0.7279734,1
1,0.6197826,1
1,0.7417999,1
1,0.6507449,1
1,0.49342766,0
0,0.46039435,0
1,0.21056578,0
1,0.5878239,1
0,0.27390835,0
1,0.6582643,1
1,0.63868403,1
1,0.68641764,1
1,0.5852983,1
1,0.79223955,1
1,0.68738294,1
1,0.5560597,1
1,0.72090375,1
1,0.8058348,1
1,0.8310613,1
1,0.69749194,1
0,0.6898195,1
1,0.7133001,1
1,0.7115983,1
0,0.54806745,1
1,0.6671643,1
1,0.75705165,1
1,0.7053309,1
1,0.7103662,1
0,0.7620062,1
0,0.14000075,0
0,0.08222729,0
1,0.55832225,1
0,0.46957898,0
1,0.806002,1
1,0.5914511,1
1,0.5682258,1
1,0.089555755,0
1,0.55463016,1
1,0.1601559,0
0,0.5373115,1
0,0.25432768,0
0,0.66398937,1
1,0.6284411,1
0,0.40910265,0
0,0.2882082,0
0,0.29440135,0
1,0.35587752,0
1,0.3706948,0
0,0.40509364,0
0,0.57145274,1
0,0.58480376,1
0,0.42662248,0
0,0.3793441,0
0,0.40877756,0
0,0.24551007,0
1,0.7867664,1
1,0.6111937,1
1,0.6330201,1
1,0.6396269,1
1,0.68867254,1
1,0.6829983,1
1,0.7566859,1
1,0.56223667,1
0,0.39707446,0
0,0.4797754,0
1,0.73205197,1
1,0.8056914,1
1,0.75819075,1
1,0.5546692,1
1,0.62395537,1
0,0.15505983,0
1,0.53207266,1
1,0.788585,1
0,0.07129254,0
0,0.20545718,0
1,0.6244869,1
1,0.26957324,0
0,0.14816898,0
1,0.23683937,0
1,0.48397383,0
1,0.6461287,1
0,0.37099758,0
0,0.2047479,0
0,0.17098938,0
1,0.84142953,1
0,0.73497987,1
0,0.6944384,1
0,0.73325884,1
1,0.7809863,1
1,0.73063254,1
1,0.7357903,1
1,0.73838806,1
1,0.85831904,1
1,0.8302585,1
1,0.84808403,1
0,0.7171561,1
1,0.729647,1
0,0.76993585,1
1,0.782866,1
1,0.83937055,1
1,0.34496653,0
0,0.7202947,1
1,0.5805062,1
0,0.23378277,0
1,0.6501089,1
0,0.48058152,0
1,0.6862977,1
1,0.66610533,1
1,0.8881203,1
0,0.6221983,1
1,0.7520732,1
1,0.87142533,1
1,0.84286433,1
0,0.8401144,1
0,0.8622111,1
0,0.27756497,0
1,0.7135933,1
0,0.5887531,1
0,0.8540581,1
0,0.71473664,1
0,0.81613606,1
1,0.7961096,1
0,0.66665065,1
1,0.6982751,1
0,0.7465344,1
1,0.7414851,1
1,0.72126865,1
1,0.78147376,1
0,0.6965717,1
1,0.71523255,1
0,0.4780663,0
1,0.75121087,1
1,0.71966445,1
0,0.5840224,1
0,0.75720614,1
1,0.7233817,1
1,0.7530761,1
1,0.79476297,1
1,0.77969766,1
1,0.721592,1
1,0.7995901,1
1,0.791636,1
1,0.7600226,1
1,0.8101371,1
1,0.77493083,1
1,0.80750537,1
1,0.7916869,1
1,0.77353126,1
1,0.7196088,1
1,0.75959986,1
1,0.81067276,1
1,0.8189033,1
1,0.7126221,1
1,0.7219409,1
1,0.7804123,1
1,0.7790147,1
1,0.7036267,1
1,0.81038314,1
1,0.75659615,1
1,0.7652805,1
0,0.3967922,0
0,0.7461835,1
1,0.6987447,1
0,0.36770245,0
0,0.40567827,0
0,0.42519787,0
0,0.38941225,0
1,0.47500327,0
0,0.4901672,0
0,0.42713758,0
0,0.38948038,0
0,0.38103116,0
0,0.4447601,0
0,0.31821126,0
0,0.3916221,0
1,0.28743187,0
1,0.37955195,0
1,0.5573712,1
0,0.802089,1
0,0.60902673,1
1,0.72967845,1
1,0.9424716,1
1,0.9217148,1
1,0.88579494,1
1,0.8205494,1
1,0.85133404,1
1,0.71103674,1
1,0.74164116,1
0,0.70253235,1
0,0.6451655,1
1,0.66643596,1
1,0.64452976,1
0,0.5658043,1
1,0.6238505,1
1,0.7196726,1
1,0.6707657,1
0,0.6945074,1
1,0.53093964,1
1,0.8676403,1
1,0.8649032,1
1,0.84409267,1
0,0.6632311,1
1,0.8789994,1
1,0.8542935,1
0,0.8838544,1
1,0.8597699,1
1,0.7410854,1
1,0.69104695,1
1,0.897929,1
0,0.84550744,1
0,0.83467823,1
0,0.7872798,1
1,0.8334972,1
1,0.8859783,1
0,0.6439673,1
1,0.7743141,1
1,0.71698457,1
1,0.70814955,1
1,0.74965525,1
0,0.6921028,1
1,0.7669671,1
1,0.56827277,1
0,0.6049406,1
1,0.7233424,1
1,0.72904074,1
1,0.318541,0
0,0.41686773,0
1,0.810054,1
1,0.43561184,0
1,0.12289433,0
0,0.20958927,0
0,0.3603717,0
0,0.23688924,0
0,0.55674595,1
0,0.40201348,0
1,0.23586859,0
1,0.7135696,1
1,0.69871235,1
1,0.7570448,1
1,0.75189817,1
1,0.8140849,1
1,0.802524,1
1,0.7612218,1
1,0.89481914,1
1,0.8841864,1
1,0.90574986,1
1,0.70220226,1
1,0.91919667,1
1,0.8487439,1
0,0.87288165,1
1,0.88860357,1
1,0.8999121,1
0,0.79750204,1
1,0.84045297,1
1,0.8501706,1
1,0.8828241,1
1,0.655659,1
0,0.762456,1
1,0.798298,1
1,0.6023545,1
1,0.60076994,1
1,0.6535488,1
0,0.80671966,1
1,0.7362583,1
0,0.6400494,1
1,0.60826635,1
1,0.30155963,0
1,0.73474693,1
1,0.5012032,1
1,0.62419856,1
0,0.30250275,0
1,0.32130012,0
1,0.7686464,1
1,0.51423436,1
1,0.6505196,1
1,0.72320753,1
1,0.40009326,0
1,0.20302233,0
0,0.2914058,0
0,0.25015932,0
0,0.27098796,0
0,0.16360843,0
1,0.23650491,0
1,0.5069469,1
0,0.14106052,0
0,0.44007614,0
0,0.06742558,0
0,0.10053716,0
0,0.22314045,0
0,0.119353436,0
1,0.474122,0
1,0.48573947,0
1,0.62676793,1
1,0.15689136,0
1,0.76770276,1
0,0.30830002,0
1,0.3537528,0
0,0.35630924,0
0,0.29593155,0
0,0.37135115,0
1,0.40824062,0
0,0.38762048,0
1,0.7287793,1
1,0.8480439,1
1,0.7779966,1
1,0.5986327,1
1,0.83910495,1
0,0.20819813,0
0,0.57951444,1
1,0.69093937,1
1,0.76260734,1
1,0.7637857,1
1,0.8468082,1
1,0.723915,1
1,0.4879126,0
1,0.56096786,1
1,0.6998164,1
1,0.6751241,1
0,0.7685701,1
1,0.73411584,1
0,0.6568351,1
1,0.87994003,1
1,0.47067726,0
0,0.782601,1
1,0.6941763,1
0,0.7638253,1
0,0.80662423,1
0,0.8401653,1
1,0.4440836,0
1,0.78777903,1
0,0.8623359,1
1,0.83360136,1
1,0.89565843,1
0,0.88844794,1
1,0.90046215,1
1,0.919327,1
0,0.4434432,0
0,0.4318483,0
0,0.52312285,1
0,0.47194493,0
0,0.5232684,1
1,0.5047277,1
1,0.4158502,0
0,0.5628272,1
1,0.35995334,0
0,0.44107175,0
1,0.23493895,0
1,0.23380317,0
1,0.44640058,0
0,0.60822487,1
0,0.75112456,1
1,0.8494406,1
1,0.71146476,1
1,0.85957944,1
1,0.81024754,1
1,0.785117,1
1,0.6180354,1
0,0.6129202,1
1,0.5084025,1
0,0.686208,1
0,0.6183371,1
0,0.39996487,0
1,0.7542787,1
0,0.75136733,1
1,0.7389559,1
1,0.88231176,1
1,0.6981477,1
1,0.826872,1
1,0.7374839,1
1,0.8723599,1
1,0.8016204,1
1,0.7974709,1
1,0.8628302,1
1,0.75972366,1
1,0.7076891,1
1,0.8481801,1
1,0.7993244,1
1,0.8554606,1
1,0.8468238,1
0,0.7855279,1
1,0.86947125,1
1,0.88148665,1
1,0.87604105,1
1,0.84002775,1
1,0.8067764,1
0,0.7172564,1
0,0.72286433,1
0,0.53114575,1
0,0.4753242,0
1,0.61485237,1
1,0.7292869,1
1,0.70754355,1
0,0.4802017,0
0,0.28170297,0
0,0.34848174,0
0,0.28158522,0
0,0.49250337,0
0,0.81206995,1
1,0.8334302,1
1,0.784693,1
0,0.76427525,1
0,0.6364231,1
0,0.88767755,1
1,0.07584292,0
0,0.5680617,1
0,0.22826765,0
0,0.4053358,0
1,0.45506978,0
0,0.1937628,0
0,0.5999434,1
0,0.738285,1
1,0.64235777,1
1,0.6193915,1
0,0.612077,1
1,0.8034306,1
1,0.70720834,1
0,0.5188886,1
1,0.57966167,1
1,0.52843577,1
1,0.33748052,0
1,0.11634348,0
0,0.36954236,0
0,0.23184212,0
1,0.27020994,0
0,0.3098539,0
0,0.51333857,1
0,0.2527124,0
0,0.7465705,1
1,0.5201718,1
0,0.32196438,0
1,0.56438327,1
0,0.35458118,0
0,0.49161503,0
0,0.33149052,0
1,0.43122408,0
0,0.5722233,1
1,0.35884985,0
0,0.5741904,1
1,0.3390632,0
0,0.2614641,0
1,0.20891784,0
1,0.67277986,1
1,0.5893618,1
0,0.42149416,0
1,0.46571833,0
0,0.25596085,0
0,0.58192486,1
1,0.69595504,1
0,0.30054095,0
0,0.5501913,1
0,0.3553557,0
1,0.39775464,0
0,0.38213322,0
0,0.42763326,0
1,0.77256954,1
1,0.8593651,1
1,0.60900766,1
1,0.49957,0
1,0.44771928,0
0,0.52587986,1
0,0.6924719,1
1,0.7262335,1
0,0.58636796,1
1,0.8983037,1
1,0.88833886,1
1,0.8288154,1
1,0.7908276,1
1,0.8129626,1
1,0.86441535,1
0,0.84928715,1
1,0.8477671,1
1,0.88021606,1
1,0.8370692,1
0,0.839551,1
1,0.8247865,1
1,0.7756623,1
1,0.7912951,1
0,0.8425613,1
0,0.76398855,1
0,0.82313925,1
0,0.8868169,1
1,0.85350376,1
1,0.84948,1
1,0.55238104,1
1,0.59395504,1
1,0.7076302,1
1,0.66356206,1
1,0.73065686,1
1,0.6645386,1
1,0.72200596,1
1,0.7475017,1
0,0.7160661,1
1,0.7778691,1
1,0.7902551,1
1,0.7057009,1
0,0.71576875,1
1,0.7232889,1
1,0.7132571,1
1,0.7299458,1
1,0.7614702,1
1,0.7761521,1
1,0.76313025,1
1,0.6861094,1
1,0.7539813,1
1,0.7925908,1
1,0.77453965,1
1,0.7543647,1
1,0.7470711,1
1,0.7922002,1
1,0.77971387,1
1,0.8293592,1
1,0.7937141,1
1,0.7645325,1
1,0.77801764,1
1,0.8344976,1
1,0.7725173,1
1,0.75454605,1
1,0.7551694,1
1,0.7471718,1
1,0.73249465,1
1,0.7774151,1
1,0.72459733,1
1,0.7673717,1
1,0.7717232,1
1,0.77983886,1
0,0.72501457,1
1,0.77619535,1
1,0.6759105,1
1,0.6993188,1
1,0.7721174,1
1,0.73526144,1
1,0.69640666,1
1,0.7322379,1
1,0.6996789,1
1,0.77962995,1
0,0.67476094,1
1,0.93245745,1
1,0.9075865,1
0,0.728829,1
0,0.729123,1
0,0.6571971,1
1,0.7510919,1
0,0.7066007,1
0,0.75248975,1
1,0.8715234,1
1,0.7272974,1
1,0.7609409,1
1,0.8150561,1
1,0.87950605,1
0,0.7452971,1
1,0.82321244,1
1,0.8130907,1
0,0.73762804,1
1,0.76647896,1
1,0.7180375,1
1,0.80282456,1
1,0.7506825,1
1,0.76076245,1
0,0.27005494,0
1,0.48419106,0
0,0.5247972,1
1,0.3653326,0
1,0.09601692,0
1,0.4849864,0
1,0.4572814,0
1,0.8532531,1
1,0.24890429,0
1,0.123717025,0
0,0.2437295,0
1,0.6083771,1
1,0.36335436,0
0,0.68780315,1
1,0.19194277,0
1,0.41679433,0
0,0.4454524,0
0,0.30200332,0
1,0.12799779,0
0,0.17048317,0
1,0.4994064,0
1,0.75809175,1
1,0.70729434,1
0,0.68021905,1
1,0.5203481,1
1,0.5711072,1
1,0.6657025,1
1,0.5970878,1
0,0.35063452,0
0,0.3291709,0
1,0.483638,0
1,0.15435755,0
1,0.34734088,0
1,0.8204283,1
0,0.75367934,1
1,0.33791137,0
0,0.1861028,0
0,0.6288308,1
0,0.5571215,1
0,0.40188792,0
0,0.3097065,0
0,0.23164439,0
1,0.51885873,1
1,0.70716035,1
0,0.8870462,1
0,0.5118164,1
1,0.40826508,0
0,0.6627538,1
1,0.7132903,1
1,0.907446,1
1,0.46442902,0
1,0.42417264,0
1,0.36924127,0
1,0.57711893,1
0,0.36905843,0
1,0.634181,1
1,0.5954932,1
1,0.5867098,1
1,0.39014763,0
1,0.6161181,1
1,0.28370708,0
0,0.38930023,0
1,0.38728186,0
1,0.60577625,1
0,0.16488884,0
0,0.33616576,0
1,0.5872016,1
1,0.40692124,0
0,0.38703087,0
0,0.6273966,1
1,0.680615,1
0,0.4190396,0
0,0.45250142,0
1,0.62499005,1
1,0.72090054,1
1,0.773162,1
1,0.6862711,1
1,0.52041847,1
1,0.3647337,0
1,0.5435479,1
0,0.28539893,0
1,0.38226843,0
0,0.5425956,1
1,0.41896844,0
1,0.46307126,0
1,0.6334744,1
1,0.65729165,1
1,0.6834271,1
1,0.8876345,1
1,0.8036021,1
0,0.58588207,1
0,0.37939835,0
1,0.6201374,1
1,0.6534968,1
1,0.4689191,0
1,0.78197426,1
1,0.70965034,1
1,0.7062792,1
1,0.7702394,1
0,0.665832,1
0,0.7311403,1
1,0.6816677,1
1,0.6933946,1
0,0.70193285,1
1,0.59241,1
1,0.7035319,1
1,0.5763431,1
0,0.5534924,1
1,0.75496924,1
1,0.7129005,1
0,0.6820149,1
1,0.70072293,1
0,0.17762603,0
1,0.6787066,1
1,0.6094431,1
1,0.39610344,0
1,0.3025827,0
1,0.6461064,1
0,0.603884,1
0,0.4235114,0
0,0.24863908,0
0,0.6935532,1
1,0.7167371,1
0,0.72628176,1
0,0.77199703,1
1,0.48787367,0
1,0.36545217,0
0,0.7057486,1
0,0.45587596,0
0,0.21811378,0
1,0.2834236,0
0,0.4900063,0
1,0.65474784,1
1,0.7356434,1
1,0.5525811,1
1,0.6001424,1
1,0.83488184,1
1,0.5735663,1
1,0.6695536,1
1,0.5166541,1
1,0.8030796,1
0,0.7966206,1
1,0.80417633,1
1,0.7838908,1
0,0.75893176,1
0,0.6912481,1
0,0.7739238,1
1,0.6611961,1
1,0.72314525,1
1,0.804803,1
1,0.7813814,1
1,0.76903754,1
0,0.80112916,1
0,0.65066403,1
1,0.26414907,0
1,0.42204505,0
1,0.11181806,0
0,0.1231867,0
0,0.2343917,0
0,0.33265182,0
1,0.36645755,0
0,0.1451977,0
0,0.2254069,0
0,0.16285846,0
0,0.2571009,0
1,0.7906112,1
1,0.6685602,1
1,0.71589726,1
1,0.8080231,1
1,0.6981116,1
0,0.7898519,1
0,0.626997,1
1,0.56870216,1
0,0.56037396,1
1,0.29204932,0
0,0.15347697,0
1,0.64324,1
0,0.29690385,0
1,0.10654584,0
0,0.2890476,0
0,0.21544293,0
0,0.7586823,1
1,0.56351477,1
0,0.29498264,0
1,0.72876143,1
1,0.6843848,1
0,0.10597023,0
0,0.64815736,1
1,0.53282535,1
1,0.5405947,1
0,0.5195976,1
0,0.2191193,0
0,0.27043083,0
0,0.569419,1
0,0.23269793,0
0,0.5078585,1
1,0.5211842,1
1,0.5005295,1
1,0.6826592,1
1,0.6544033,1
1,0.64908093,1
1,0.72035694,1
1,0.66137916,1
1,0.6345378,1
0,0.64327556,1
1,0.56598,1
1,0.5306284,1
0,0.25480872,0
0,0.5135722,1
0,0.19362126,0
1,0.5688606,1
1,0.12549275,0
0,0.18354395,0
0,0.10817226,0
0,0.117945015,0
0,0.12861644,0
0,0.12592746,0
0,0.0907308,0
1,0.62938166,1
1,0.24906687,0
0,0.23686767,0
0,0.2603015,0
0,0.054260116,0
0,0.19195567,0
0,0.09598121,0
0,0.119662866,0
0,0.28612912,0
0,0.17838621,0
0,0.38114133,0
1,0.45632282,0
0,0.4360764,0
0,0.12784672,0
0,0.20771866,0
1,0.66213894,1
1,0.71637964,1
1,0.7004499,1
1,0.71693933,1
1,0.74698853,1
1,0.8049029,1
1,0.78583765,1
0,0.7629909,1
0,0.7357726,1
0,0.72474784,1
0,0.7888455,1
0,0.8351923,1
0,0.83483946,1
1,0.792823,1
1,0.76275563,1
1,0.8112844,1
1,0.83677423,1
1,0.85280234,1
1,0.84513664,1
0,0.8720518,1
1,0.8622351,1
0,0.8770298,1
1,0.84021944,1
1,0.8659979,1
1,0.8257156,1
1,0.7866887,1
0,0.6135259,1
1,0.62198734,1
0,0.47105354,0
0,0.20678833,0
0,0.7377325,1
1,0.79530984,1
1,0.7232761,1
1,0.60750246,1
1,0.49040678,0
0,0.34076235,0
1,0.44369248,0
1,0.3849343,0
1,0.67928296,1
1,0.40786394,0
0,0.7452849,1
1,0.31697732,0
0,0.41541842,0
1,0.7909164,1
1,0.7652138,1
0,0.5560357,1
0,0.5367367,1
0,0.21544403,0
0,0.29077297,0
1,0.4131252,0
0,0.76084733,1
1,0.8090251,1
1,0.755556,1
1,0.3012474,0
1,0.5569014,1
0,0.1907326,0
0,0.42435703,0
1,0.27881345,0
1,0.18154193,0
1,0.65773284,1
0,0.15548508,0
1,0.5873893,1
1,0.71767956,1
1,0.17293093,0
1,0.4907127,0
0,0.20130962,0
0,0.40561023,0
1,0.6969526,1
1,0.16008142,0
1,0.67714125,1
0,0.6292863,1
1,0.35518822,0
1,0.7785221,1
1,0.6710649,1
0,0.75872123,1
1,0.7201152,1
1,0.2996839,0
1,0.6006576,1
1,0.66407746,1
0,0.69766974,1
0,0.7047998,1
1,0.6601374,1
1,0.8121854,1
1,0.7681365,1
1,0.8176786,1
1,0.76012415,1
1,0.84376365,1
0,0.7684532,1
1,0.757409,1
1,0.86080736,1
1,0.8500156,1
0,0.7319984,1
1,0.7521293,1
0,0.8021296,1
0,0.8118815,1
0,0.80328566,1
1,0.8439739,1
0,0.8397655,1
1,0.8958406,1
1,0.8741959,1
0,0.87751675,1
1,0.73480207,1
1,0.80813,1
1,0.8069991,1
1,0.74592054,1
1,0.7998286,1
1,0.7897656,1
1,0.79867786,1
1,0.758237,1
1,0.83693755,1
1,0.8124873,1
1,0.78854936,1
1,0.7982149,1
1,0.7416157,1
1,0.80456764,1
0,0.7376573,1
1,0.6247205,1
0,0.65088105,1
1,0.6457321,1
1,0.7789675,1
1,0.7494628,1
1,0.7973601,1
1,0.7392401,1
0,0.7300419,1
0,0.63518405,1
1,0.7111094,1
0,0.754196,1
0,0.73560184,1
1,0.73334366,1
0,0.6598292,1
1,0.8293542,1
0,0.6582463,1
1,0.6806688,1
1,0.6450531,1
0,0.6134325,1
0,0.6459134,1
0,0.74733967,1
0,0.7172846,1
1,0.6409062,1
1,0.8460411,1
0,0.6582102,1
0,0.80794823,1
1,0.75265104,1
1,0.9128649,1
1,0.6744954,1
0,0.65864086,1
0,0.6410567,1
1,0.6521786,1
1,0.64473724,1
1,0.67812604,1
0,0.73197794,1
0,0.643556,1
1,0.7178858,1
0,0.7167376,1
1,0.78193545,1
1,0.7215754,1
0,0.7089789,1
1,0.77654874,1
1,0.8174968,1
1,0.8051062,1
1,0.77752286,1
1,0.80036706,1
0,0.7763958,1
1,0.8181683,1
0,0.7472716,1
0,0.7541001,1
1,0.7783734,1
1,0.7239428,1
1,0.77071893,1
0,0.78702617,1
0,0.7898543,1
1,0.7989448,1
1,0.8309497,1
1,0.7942064,1
1,0.8070672,1
1,0.7814478,1
0,0.77004784,1
1,0.76424253,1
1,0.7835581,1
1,0.77523446,1
0,0.7846363,1
1,0.7650965,1
0,0.6600657,1
0,0.7299708,1
0,0.2973559,0
0,0.38873175,0
1,0.30318597,0
0,0.3121844,0
1,0.6644928,1
0,0.5962943,1
1,0.8650707,1
1,0.86318165,1
0,0.9013458,1
1,0.7411892,1
1,0.85253155,1
1,0.7557291,1
0,0.48111,0
1,0.6644994,1
1,0.61154467,1
1,0.5793794,1
1,0.6315568,1
1,0.6008767,1
0,0.7462844,1
1,0.7614866,1
1,0.70235765,1
1,0.78445745,1
0,0.21499129,0
0,0.35248736,0
1,0.6846153,1
0,0.74681324,1
0,0.23331241,0
0,0.8211008,1
1,0.39894506,0
1,0.810135,1
1,0.48753494,0
0,0.650504,1
0,0.73526835,1
0,0.7446374,1
0,0.27626556,0
0,0.27338707,0
0,0.45423734,0
1,0.9103449,1
0,0.19261259,0
0,0.27857262,0
1,0.84005713,1
1,0.17392635,0
0,0.534472,1
0,0.8619803,1
1,0.6917283,1
0,0.74487054,1
1,0.66891813,1
1,0.7036247,1
1,0.72200155,1
1,0.3129005,0
0,0.7886378,1
1,0.62879026,1
0,0.19778171,0
1,0.43935934,0
1,0.2948242,0
1,0.8506262,1
1,0.32948875,0
0,0.6898509,1
1,0.81161106,1
0,0.1879109,0
0,0.1754273,0
0,0.23854156,0
0,0.25399616,0
0,0.23132434,0
1,0.43285674,0
1,0.65351844,1
1,0.46424726,0
1,0.7866708,1
1,0.6675639,1
0,0.27878788,0
0,0.39418602,0
0,0.30265754,0
1,0.22808805,0
0,0.18485633,0
0,0.1012162,0
0,0.18987153,0
1,0.5299593,1
1,0.5602039,1
1,0.24714303,0
1,0.57632565,1
0,0.32659698,0
0,0.4644947,0
0,0.22179814,0
1,0.6302822,1
0,0.32392833,0
1,0.30229104,0
1,0.39538535,0
1,0.5899565,1
1,0.6710299,1
1,0.72698367,1
0,0.2943238,0
0,0.42368454,0
1,0.34579024,0
0,0.23983097,0
0,0.14632212,0
1,0.4537057,0
0,0.26805934,0
1,0.3999155,0
0,0.3918403,0
0,0.12878923,0
0,0.16380885,0
1,0.15666969,0
0,0.44446582,0
1,0.76887137,1
1,0.6725642,1
1,0.8685984,1
1,0.6513584,1
1,0.6496231,1
1,0.64947563,1
0,0.59093463,1
0,0.69940376,1
1,0.66501874,1
0,0.76539975,1
1,0.8431292,1
1,0.83086044,1
0,0.87196106,1
1,0.8791318,1
1,0.86453587,1
1,0.8349004,1
1,0.8750238,1
1,0.8734923,1
1,0.9096449,1
1,0.88549346,1
1,0.73182285,1
1,0.7634379,1
1,0.7478007,1
1,0.8571887,1
1,0.8389907,1
1,0.83296275,1
1,0.8068305,1
0,0.78850764,1
1,0.85418034,1
1,0.78443587,1
1,0.78613,1
1,0.8225172,1
1,0.84188753,1
1,0.8274437,1
1,0.8799389,1
1,0.81332904,1
1,0.85920084,1
0,0.8307717,1
1,0.81789964,1
0,0.12766983,0
0,0.149327,0
0,0.12206515,0
1,0.22132766,0
0,0.7913844,1
1,0.7587548,1
1,0.83208746,1
0,0.8084053,1
1,0.7757448,1
1,0.6992199,1
1,0.6283002,1
0,0.68476796,1
0,0.57352036,1
0,0.3442751,0
0,0.24893288,0
0,0.84241396,1
1,0.7548086,1
1,0.049014356,0
0,0.1861948,0
0,0.21268609,0
0,0.07439507,0
0,0.8812126,1
0,0.84568226,1
1,0.91346663,1
1,0.8385088,1
1,0.8591562,1
0,0.8366836,1
1,0.40751508,0
1,0.5155682,1
1,0.3132623,0
1,0.8854654,1
1,0.6935803,1
0,0.41431215,0
1,0.6443202,1
1,0.62022436,1
1,0.15341733,0
1,0.3343261,0
1,0.390923,0
1,0.13954808,0
1,0.29432923,0
1,0.9199211,1
1,0.86772454,1
1,0.42119318,0
1,0.6269357,1
0,0.82415813,1
1,0.61313164,1
0,0.7116866,1
1,0.6847167,1
1,0.661895,1
0,0.4800772,0
1,0.83496463,1
1,0.8818014,1
0,0.79234916,1
0,0.51586723,1
1,0.80089235,1
0,0.68587625,1
0,0.594206,1
0,0.57552576,1
0,0.3764185,0
1,0.7708428,1
1,0.8877804,1
1,0.8507444,1
1,0.60675013,1
0,0.7690015,1
1,0.7893173,1
1,0.68179446,1
1,0.8637416,1
1,0.71491987,1
1,0.7710819,1
1,0.8082363,1
1,0.7359581,1
1,0.7754202,1
1,0.7810783,1
1,0.71860325,1
1,0.7449246,1
0,0.7418969,1
1,0.81202924,1
0,0.71641684,1
1,0.66075075,1
1,0.5808509,1
0,0.70382136,1
1,0.69547725,1
1,0.6687256,1
1,0.67715406,1
1,0.82049733,1
0,0.67596924,1
1,0.65736127,1
0,0.7022973,1
1,0.72531193,1
1,0.7139331,1
1,0.6963007,1
0,0.7671494,1
1,0.7323298,1
1,0.7601775,1
1,0.6420889,1
1,0.6921558,1
1,0.7773552,1
1,0.75613046,1
0,0.7023199,1
0,0.73789644,1
1,0.47600228,0
1,0.6779207,1
0,0.6287375,1
1,0.6937095,1
0,0.5204056,1
1,0.6408433,1
1,0.7440837,1
1,0.7807528,1
1,0.77766293,1
1,0.7126882,1
0,0.741653,1
0,0.7123997,1
1,0.7655415,1
1,0.7420822,1
1,0.79556096,1
0,0.6437426,1
1,0.7849414,1
0,0.676324,1
1,0.69476956,1
1,0.78331953,1
1,0.7810751,1
1,0.8003387,1
0,0.83179605,1
0,0.7108988,1
1,0.7788293,1
1,0.79980475,1
1,0.8676024,1
0,0.65888256,1
1,0.8087337,1
1,0.67464995,1
1,0.820875,1
0,0.79934907,1
0,0.7493885,1
0,0.7223547,1
1,0.8057365,1
0,0.7526946,1
0,0.7828013,1
0,0.8035104,1
1,0.7682714,1
0,0.79744154,1
1,0.8293894,1
0,0.8164824,1
1,0.6823228,1
1,0.776677,1
1,0.72011423,1
1,0.64020014,1
0,0.683526,1
1,0.7110495,1
1,0.2875847,0
1,0.7098127,1
0,0.6903084,1
1,0.7866522,1
0,0.78896314,1
1,0.80080205,1
1,0.799666,1
1,0.7546294,1
1,0.22263166,0
1,0.529707,1
1,0.8369172,1
1,0.31584865,0
0,0.34891468,0
1,0.5955689,1
1,0.48932362,0
0,0.07019323,0
1,0.6947383,1
1,0.7962477,1
0,0.63604087,1
1,0.63562703,1
1,0.66315573,1
1,0.73432827,1
1,0.6799677,1
1,0.7791557,1
0,0.7011114,1
1,0.702827,1
1,0.65898347,1
1,0.7098783,1
1,0.70494825,1
1,0.6757648,1
0,0.68921757,1
0,0.66554946,1
0,0.55841416,1
1,0.32914755,0
0,0.35859394,0
0,0.36121988,0
1,0.48944536,0
0,0.42251757,0
0,0.4088787,0
1,0.8672282,1
0,0.67552334,1
0,0.41551796,0
0,0.56050444,1
0,0.47691473,0
0,0.7197213,1
1,0.58462036,1
1,0.40108308,0
1,0.69587934,1
1,0.73068434,1
0,0.46254846,0
1,0.42928612,0
0,0.39839894,0
0,0.4201004,0
0,0.6992278,1
0,0.46372566,0
1,0.73971635,1
1,0.6284888,1
0,0.4927932,0
1,0.2654564,0
0,0.49791813,0
1,0.41579264,0
1,0.5725893,1
1,0.704271,1
1,0.69641906,1
1,0.65950614,1
1,0.80387944,1
1,0.75366336,1
0,0.6699849,1
1,0.7882097,1
1,0.66757,1
1,0.7437655,1
1,0.8507945,1
1,0.8296605,1
1,0.8338312,1
1,0.7466735,1
1,0.60222095,1
1,0.7427287,1
1,0.70405656,1
0,0.82861906,1
1,0.8202914,1
1,0.67895085,1
0,0.6726045,1
1,0.6751186,1
1,0.68684167,1
1,0.7549323,1
1,0.6978018,1
0,0.6754278,1
1,0.7654683,1
1,0.81551653,1
0,0.27805635,0
1,0.7783495,1
1,0.72127557,1
1,0.7551572,1
1,0.37563357,0
0,0.46909943,0
0,0.17526983,0
1,0.6076007,1
0,0.25890884,0
1,0.5859611,1
0,0.44604757,0
0,0.70963925,1
0,0.8377083,1
0,0.5533556,1
1,0.67053807,1
1,0.7768026,1
1,0.42556232,0
0,0.4477326,0
0,0.66585666,1
0,0.6845227,1
0,0.68795556,1
0,0.6983358,1
1,0.8112578,1
1,0.85664755,1
1,0.83337533,1
1,0.5243206,1
1,0.7369402,1
1,0.51479626,1
0,0.69867253,1
1,0.6053806,1
1,0.77502537,1
0,0.6530456,1
0,0.084194236,0
0,0.28613448,0
0,0.26124993,0
1,0.763426,1
1,0.52419376,1
0,0.26953453,0
1,0.84071743,1
1,0.702128,1
0,0.4244819,0
0,0.6239625,1
1,0.74798656,1
0,0.6693878,1
0,0.7815573,1
1,0.5854978,1
1,0.804922,1
1,0.52891576,1
0,0.573921,1
0,0.08203705,0
1,0.77210295,1
1,0.7849302,1
1,0.78216314,1
0,0.60474396,1
0,0.74865454,1
1,0.7665421,1
1,0.81970286,1
1,0.73765117,1
1,0.7425972,1
0,0.7063243,1
1,0.69786364,1
1,0.8077635,1
1,0.6895202,1
0,0.6603906,1
1,0.74695796,1
0,0.65428174,1
0,0.6312403,1
0,0.72769636,1
0,0.44170597,0
0,0.36894643,0
0,0.6070934,1
1,0.71733874,1
1,0.72094196,1
1,0.4352256,0
0,0.3267266,0
1,0.5121045,1
0,0.24809383,0
1,0.6571219,1
1,0.8517439,1
1,0.6378506,1
1,0.8814424,1
1,0.7653718,1
0,0.84419274,1
1,0.87386304,1
1,0.7822047,1
1,0.7812869,1
1,0.80310774,1
1,0.70329076,1
1,0.7946482,1
1,0.7938766,1
1,0.408374,0
1,0.32595894,0
1,0.64391947,1
1,0.8106947,1
0,0.8552784,1
1,0.8736713,1
1,0.9145806,1
0,0.7581405,1
1,0.57221735,1
1,0.60808194,1
1,0.71084046,1
0,0.808189,1
1,0.7631355,1
1,0.8375057,1
1,0.8136298,1
1,0.91455615,1
0,0.81147057,1
1,0.7663768,1
1,0.8380815,1
1,0.79922867,1
1,0.8254463,1
0,0.74569154,1
1,0.76955897,1
1,0.7720215,1
1,0.7934162,1
1,0.7572079,1
1,0.79743075,1
1,0.787791,1
1,0.7883083,1
1,0.8564958,1
1,0.80617297,1
1,0.78631157,1
0,0.70953953,1
0,0.74523747,1
1,0.76174563,1
1,0.7297425,1
1,0.81280506,1
1,0.8139137,1
1,0.6666328,1
0,0.7631152,1
1,0.6575203,1
1,0.696244,1
1,0.7156218,1
1,0.707289,1
0,0.38950655,0
1,0.1716813,0
0,0.21584219,0
0,0.2995975,0
1,0.24571575,0
0,0.26443654,0
0,0.20574059,0
0,0.16220713,0
0,0.3957111,0
0,0.3339839,0
0,0.2293086,0
1,0.66162384,1
1,0.65053606,1
1,0.6896309,1
1,0.43295622,0
0,0.336105,0
0,0.76367736,1
0,0.3294698,0
0,0.3584022,0
0,0.18492167,0
0,0.36300164,0
0,0.19625363,0
0,0.3902066,0
0,0.5325619,1
1,0.8431728,1
1,0.6747515,1
0,0.8560031,1
1,0.8553017,1
1,0.7781025,1
0,0.8357746,1
1,0.57096475,1
1,0.72355896,1
1,0.76764977,1
0,0.64096886,1
1,0.7169975,1
1,0.73240095,1
1,0.71575737,1
0,0.67042494,1
0,0.7695429,1
1,0.80395925,1
0,0.7718287,1
1,0.85106194,1
0,0.82381934,1
1,0.8987114,1
1,0.7086002,1
1,0.78381175,1
1,0.8375459,1
1,0.7775489,1
1,0.82198566,1
1,0.8213017,1
0,0.09209839,0
0,0.23696472,0
0,0.24575001,0
1,0.20888518,0
0,0.5219945,1
0,0.58358926,1
1,0.6476407,1
1,0.646862,1
0,0.60264003,1
1,0.20552263,0
0,0.3143774,0
0,0.26326513,0
1,0.42743227,0
0,0.35417566,0
1,0.35589322,0
0,0.4772284,0
1,0.5414699,1
1,0.6821284,1
1,0.18378665,0
0,0.6105792,1
1,0.2771304,0
1,0.59515166,1
0,0.8112571,1
1,0.6525874,1
1,0.8079547,1
1,0.6590979,1
1,0.7113622,1
1,0.8289886,1
0,0.81082356,1
1,0.116458535,0
0,0.08212363,0
0,0.13879569,0
0,0.084667794,0
0,0.071348175,0
0,0.11700125,0
0,0.11011946,0
0,0.033580065,0
0,0.2825893,0
0,0.17635208,0
0,0.16776365,0
0,0.043400273,0
0,0.032244056,0
0,0.17187554,0
0,0.13232334,0
0,0.041151863,0
0,0.21787155,0
0,0.07737154,0
1,0.8534997,1
1,0.7809556,1
1,0.85259205,1
1,0.75158966,1
1,0.8255613,1
1,0.9111549,1
1,0.92369914,1
1,0.8201439,1
1,0.82934,1
1,0.7100997,1
1,0.7810466,1
1,0.85925275,1
1,0.69567484,1
0,0.57868385,1
1,0.7074715,1
1,0.5750046,1
1,0.7276278,1
1,0.59558606,1
1,0.5383397,1
1,0.6528344,1
0,0.3947911,0
1,0.37305933,0
0,0.42441508,0
1,0.17431997,0
0,0.056046374,0
0,0.10751432,0
0,0.12886763,0
0,0.08264184,0
0,0.11487925,0
1,0.9064751,1
1,0.11618214,0
0,0.15126565,0
0,0.18848883,0
1,0.14793156,0
0,0.36991876,0
1,0.36809886,0
1,0.2810392,0
1,0.2497448,0
1,0.23962747,0
1,0.45991194,0
1,0.1164955,0
0,0.09964003,0
0,0.08875008,0
0,0.075481236,0
1,0.090234675,0
0,0.18560024,0
1,0.08405762,0
0,0.19393452,0
1,0.5304687,1
1,0.7589984,1
1,0.80484074,1
1,0.9439094,1
0,0.78954154,1
0,0.7895433,1
1,0.74105406,1
1,0.8612018,1
0,0.8698113,1
0,0.78242534,1
1,0.8206566,1
1,0.85006535,1
1,0.8391158,1
0,0.29441267,0
1,0.44017377,0
1,0.7900894,1
1,0.7133756,1
1,0.6849642,1
1,0.7402185,1
0,0.21725695,0
1,0.5032632,1
1,0.60454994,1
1,0.7738025,1
1,0.7552467,1
0,0.59643,1
1,0.6052498,1
1,0.47018614,0
0,0.11974231,0
0,0.15325522,0
0,0.13970578,0
1,0.6951517,1
0,0.24047084,0
0,0.3950493,0
0,0.14978063,0
0,0.13565493,0
1,0.32741627,0
0,0.29152405,0
1,0.04715696,0
1,0.14087582,0
1,0.8062499,1
1,0.72675014,1
1,0.68981373,1
1,0.730932,1
1,0.68695927,1
1,0.68764985,1
0,0.65786195,1
0,0.6964588,1
0,0.7745061,1
0,0.600726,1
1,0.70656574,1
0,0.6735849,1
1,0.67964184,1
0,0.6814411,1
1,0.7135888,1
0,0.6701268,1
1,0.7810999,1
0,0.6791908,1
1,0.6542706,1
1,0.6958064,1
1,0.73429316,1
1,0.67897904,1
1,0.7485347,1
1,0.7144221,1
1,0.6784259,1
1,0.6906102,1
1,0.6626828,1
0,0.61481935,1
1,0.72842366,1
1,0.6492018,1
1,0.727097,1
1,0.6718576,1
1,0.70041555,1
0,0.70668995,1
1,0.6467676,1
0,0.6586577,1
0,0.2750914,0
0,0.71604276,1
0,0.66181844,1
0,0.63184273,1
0,0.72311383,1
1,0.6792097,1
1,0.6855046,1
1,0.704771,1
1,0.6716496,1
0,0.66928506,1
0,0.6859535,1
1,0.69566274,1
1,0.6052677,1
0,0.6191436,1
1,0.64997894,1
1,0.68227535,1
0,0.6966497,1
0,0.62378204,1
0,0.6316598,1
1,0.6826047,1
0,0.6899792,1
0,0.65818554,1
0,0.7225997,1
0,0.6845429,1
0,0.738754,1
1,0.66880184,1
1,0.65891373,1
0,0.69866884,1
1,0.64937437,1
1,0.62296695,1
1,0.7503552,1
0,0.663708,1
0,0.79793096,1
0,0.69659567,1
0,0.699249,1
1,0.6847551,1
1,0.67287886,1
1,0.7131414,1
0,0.6962518,1
0,0.68834776,1
0,0.68539983,1
0,0.7038698,1
0,0.48637304,0
0,0.76314384,1
0,0.7504952,1
0,0.73182166,1
1,0.72722626,1
1,0.65178794,1
0,0.66069764,1
0,0.615488,1
1,0.60072577,1
0,0.6415039,1
0,0.6727869,1
0,0.54364944,1
0,0.6274516,1
0,0.6416425,1
0,0.6746019,1
1,0.6878062,1
1,0.7508429,1
1,0.69699603,1
1,0.724053,1
0,0.675983,1
0,0.69266105,1
1,0.6721814,1
0,0.7083149,1
0,0.65290815,1
1,0.6822097,1
1,0.68268,1
1,0.697631,1
1,0.70563877,1
0,0.6090798,1
0,0.6781985,1
1,0.48962545,0
0,0.5288936,1
0,0.34525147,0
1,0.515757,1
1,0.6874913,1
0,0.77361196,1
1,0.6508093,1
1,0.8014183,1
1,0.8403244,1
1,0.851946,1
1,0.8829358,1
1,0.8991543,1
1,0.87536657,1
1,0.8187113,1
1,0.81619537,1
1,0.8170934,1
0,0.82682604,1
1,0.674306,1
1,0.6989245,1
0,0.7764935,1
1,0.7543748,1
0,0.7809951,1
0,0.7995886,1
1,0.74574995,1
1,0.8279669,1
1,0.77615505,1
1,0.76748383,1
0,0.75667113,1
1,0.72169703,1
1,0.75557935,1
1,0.76722765,1
1,0.7375989,1
1,0.74651504,1
1,0.7390193,1
1,0.76425946,1
0,0.73212934,1
0,0.8055301,1
1,0.77832925,1
1,0.80087465,1
1,0.77699614,1
1,0.73741543,1
0,0.69604063,1
0,0.66256917,1
0,0.5616552,1
0,0.43933922,0
1,0.5909633,1
1,0.5448445,1
1,0.2011544,0
0,0.63897365,1
1,0.7095242,1
0,0.54897016,1
0,0.48294812,0
1,0.5267396,1
0,0.4524388,0
1,0.47787848,0
1,0.32706547,0
1,0.46328086,0
0,0.5393549,1
0,0.61675143,1
0,0.49144158,0
1,0.67397016,1
1,0.5708868,1
1,0.61816365,1
1,0.7700135,1
0,0.48371938,0
0,0.42119822,0
1,0.48782247,0
1,0.6076733,1
1,0.6484257,1
1,0.70951676,1
1,0.7135976,1
1,0.6952824,1
0,0.6740364,1
0,0.6897469,1
1,0.6720313,1
1,0.6911919,1
1,0.6858742,1
1,0.61916506,1
1,0.6960457,1
1,0.6984653,1
1,0.6893332,1
1,0.6322243,1
1,0.4995439,0
1,0.6200471,1
1,0.6056785,1
1,0.5057956,1
0,0.5877729,1
0,0.22716841,0
0,0.52900594,1
1,0.6567119,1
0,0.64637685,1
1,0.25212535,0
1,0.34027284,0
1,0.2717972,0
1,0.39500186,0
0,0.38222325,0
0,0.72861546,1
1,0.56016594,1
1,0.7682503,1
1,0.81231177,1
1,0.71368784,1
1,0.7266264,1
0,0.7202,1
1,0.82053554,1
0,0.84197974,1
1,0.8306229,1
1,0.9006799,1
0,0.8717404,1
0,0.8857601,1
1,0.78374815,1
1,0.81695896,1
0,0.7467598,1
0,0.7683435,1
0,0.78972876,1
0,0.8288702,1
0,0.77129745,1
0,0.8142352,1
1,0.7679571,1
1,0.78423655,1
1,0.7766227,1
1,0.83041686,1
1,0.80198807,1
1,0.7707268,1
1,0.8631137,1
1,0.8960951,1
0,0.03826449,0
1,0.6803554,1
1,0.8572517,1
1,0.9342319,1
1,0.8598535,1
1,0.6722668,1
1,0.60981697,1
1,0.56860965,1
0,0.53375477,1
1,0.60992855,1
0,0.57984304,1
1,0.54878044,1
0,0.59857976,1
0,0.5231454,1
0,0.6233358,1
1,0.69223887,1
1,0.4967918,0
1,0.6176142,1
1,0.75916076,1
1,0.7933883,1
1,0.60500836,1
1,0.7168318,1
0,0.7396315,1
0,0.69087017,1
1,0.7839564,1
0,0.7169268,1
1,0.77726936,1
1,0.75878036,1
1,0.78485996,1
1,0.8035754,1
1,0.8045194,1
1,0.7263274,1
0,0.76299834,1
0,0.7464817,1
1,0.690518,1
0,0.75779396,1
1,0.788429,1
1,0.8229096,1
1,0.837982,1
0,0.7685111,1
1,0.5753344,1
0,0.22321136,0
0,0.36478892,0
1,0.4968462,0
0,0.198454,0
0,0.24085669,0
1,0.25461543,0
0,0.26850048,0
0,0.28555223,0
0,0.7569862,1
0,0.6907498,1
1,0.59758943,1
0,0.5537932,1
1,0.6169378,1
1,0.67703575,1
1,0.6338091,1
1,0.6983649,1
1,0.68809354,1
1,0.75481284,1
1,0.7551781,1
1,0.7573062,1
1,0.7056117,1
1,0.3818989,0
1,0.4263055,0
1,0.04452603,0
0,0.13361937,0
1,0.10761862,0
0,0.06054035,0
0,0.02414948,0
0,0.0211511,0
1,0.85615253,1
1,0.9049825,1
1,0.88043857,1
0,0.35331842,0
0,0.17371194,0
0,0.13595603,0
1,0.31148946,0
0,0.063805394,0
0,0.07148619,0
0,0.030852348,0
0,0.033304367,0
0,0.112487756,0
1,0.5867397,1
1,0.8150387,1
1,0.8416157,1
1,0.8531733,1
0,0.4093722,0
0,0.13242331,0
0,0.1606842,0
1,0.84816897,1
1,0.26834568,0
1,0.50303346,1
0,0.69870734,1
1,0.80110306,1
1,0.7588268,1
0,0.7490829,1
1,0.70602566,1
1,0.7454094,1
0,0.8583556,1
1,0.7091594,1
1,0.9075826,1
0,0.8329779,1
1,0.48276153,0
1,0.57156295,1
1,0.48542494,0
0,0.44382268,0
0,0.5525814,1
1,0.5932387,1
0,0.077290714,0
0,0.37370798,0
1,0.78219026,1
1,0.8163374,1
1,0.8363823,1
0,0.45157447,0
1,0.581641,1
1,0.59607553,1
1,0.3001964,0
1,0.32863078,0
0,0.64583653,1
0,0.73321056,1
1,0.81851465,1
1,0.82507503,1
1,0.68701273,1
1,0.7431923,1
1,0.80030817,1
1,0.90130126,1
1,0.23528334,0
1,0.4683494,0
1,0.7209073,1
1,0.40744534,0
1,0.5673184,1
1,0.5393114,1
0,0.50147873,1
0,0.23744099,0
0,0.30385277,0
1,0.2970915,0
1,0.5890266,1
1,0.53447956,1
1,0.30233195,0
1,0.5498356,1
1,0.6832971,1
0,0.51998466,1
1,0.61028564,1
1,0.87402475,1
1,0.5500682,1
1,0.74047416,1
0,0.7614045,1
1,0.8186538,1
1,0.82748437,1
1,0.7189918,1
0,0.76703453,1
0,0.7429308,1
0,0.8890262,1
0,0.6584002,1
0,0.6687801,1
1,0.8408082,1
0,0.47837982,0
0,0.58925724,1
0,0.5463854,1
0,0.4124995,0
0,0.49685055,0
1,0.6193158,1
1,0.4544458,0
1,0.60289115,1
0,0.26773247,0
1,0.5418464,1
1,0.95296013,1
1,0.82107466,1
1,0.9384944,1
1,0.9290029,1
0,0.7847803,1
1,0.75501055,1
1,0.8039937,1
1,0.62303865,1
0,0.7483712,1
1,0.6536778,1
0,0.8324193,1
0,0.74737626,1
1,0.77996814,1
0,0.5868836,1
0,0.6940013,1
1,0.7955649,1
0,0.87735564,1
1,0.59580153,1
1,0.81025076,1
1,0.83123785,1
1,0.8205684,1
1,0.40338814,0
1,0.78453696,1
1,0.8441482,1
0,0.8689336,1
1,0.6103324,1
0,0.6273257,1
1,0.72138214,1
1,0.7361562,1
0,0.42626414,0
0,0.6585428,1
0,0.6916372,1
1,0.71713525,1
1,0.6393171,1
1,0.78945696,1
1,0.65630805,1
0,0.1106673,0
1,0.57211226,1
1,0.55705255,1
1,0.68311274,1
1,0.60722095,1
1,0.6125069,1
1,0.74969846,1
1,0.6789077,1
1,0.41342467,0
1,0.8112154,1
0,0.62714916,1
1,0.7927538,1
1,0.90580094,1
1,0.82137406,1
0,0.85929203,1
0,0.66471475,1
1,0.2504648,0
1,0.52184385,1
0,0.6385634,1
0,0.6312158,1
1,0.60349274,1
1,0.63944864,1
1,0.67306143,1
1,0.647771,1
1,0.8381642,1
0,0.5813646,1
1,0.6542139,1
0,0.6486345,1
0,0.040207725,0
1,0.50551087,1
0,0.11908988,0
1,0.7922363,1
1,0.83705175,1
1,0.8741336,1
0,0.07582302,0
0,0.1851329,0
0,0.15946387,0
0,0.06854358,0
0,0.0804191,0
1,0.20209801,0
0,0.12386501,0
1,0.09655241,0
1,0.43303275,0
0,0.17590396,0
0,0.15071738,0
0,0.1774867,0
0,0.77890503,1
1,0.7921703,1
1,0.8173122,1
1,0.8264469,1
1,0.85046446,1
1,0.7634945,1
1,0.8279461,1
1,0.8945136,1
1,0.81795317,1
1,0.9454405,1
0,0.83468866,1
1,0.884675,1
1,0.7528442,1
1,0.66266924,1
1,0.71628976,1
0,0.7577202,1
0,0.79899275,1
0,0.70598835,1
0,0.7989219,1
1,0.7641891,1
1,0.85823625,1
1,0.8536694,1
1,0.8521063,1
1,0.87785834,1
1,0.80920273,1
1,0.78584397,1
1,0.3433946,0
0,0.37108448,0
0,0.035745956,0
0,0.20243631,0
1,0.5614066,1
1,0.30536994,0
1,0.46943405,0
1,0.77341247,1
0,0.80858284,1
0,0.8255114,1
0,0.86037004,1
1,0.8382876,1
1,0.38640028,0
1,0.6134522,1
0,0.16154516,0
1,0.58417064,1
1,0.29975438,0
1,0.12448497,0
1,0.43776467,0
1,0.6721054,1
0,0.57420266,1
0,0.34804538,0
1,0.8021064,1
1,0.7656669,1
1,0.7328774,1
1,0.7186735,1
1,0.6761211,1
1,0.67664087,1
1,0.85384065,1
1,0.67366517,1
0,0.28930128,0
0,0.196297,0
0,0.118131176,0
1,0.7314233,1
1,0.75750566,1
0,0.7395315,1
0,0.78811926,1
0,0.7328946,1
1,0.65778404,1
1,0.44348902,0
0,0.046520345,0
0,0.08196478,0
0,0.18359831,0
0,0.16208619,0
0,0.2110018,0
0,0.07255308,0
0,0.019930676,0
0,0.038684756,0
0,0.28340578,0
0,0.16827443,0
1,0.6548673,1
1,0.6473932,1
1,0.6144425,1
1,0.51041985,1
1,0.708524,1
1,0.7533626,1
0,0.6755807,1
0,0.7530987,1
0,0.7436541,1
1,0.7733033,1
0,0.678971,1
0,0.6985254,1
1,0.81713426,1
1,0.6258515,1
0,0.6101454,1
1,0.7532342,1
1,0.7078542,1
0,0.77990687,1
0,0.6247088,1
1,0.8270691,1
1,0.7589898,1
1,0.6002704,1
1,0.56855226,1
1,0.7307015,1
0,0.7688505,1
0,0.7626597,1
0,0.8293756,1
1,0.8258236,1
1,0.785175,1
1,0.78387463,1
1,0.7296938,1
1,0.79729676,1
0,0.6903281,1
0,0.668593,1
0,0.69989365,1
1,0.7955929,1
1,0.70372677,1
1,0.65459543,1
1,0.6526627,1
1,0.77006745,1
1,0.5984454,1
1,0.38790607,0
1,0.53927743,1
1,0.69351405,1
1,0.69847804,1
1,0.7932226,1
1,0.87244934,1
1,0.88396055,1
1,0.753795,1
1,0.77777845,1
1,0.8037583,1
1,0.8513902,1
1,0.7416296,1
0,0.8950371,1
1,0.8075273,1
0,0.75748205,1
0,0.43602744,0
1,0.6598026,1
1,0.7926627,1
1,0.8008236,1
1,0.75464463,1
1,0.7533136,1
1,0.7501531,1
1,0.7782492,1
1,0.71020865,1
1,0.7837518,1
1,0.74020976,1
1,0.8013674,1
1,0.7108883,1
0,0.6791281,1
0,0.71644574,1
0,0.7480163,1
0,0.720581,1
0,0.6901346,1
1,0.77605546,1
1,0.7270659,1
1,0.7348539,1
1,0.7173683,1
1,0.7290513,1
1,0.7797057,1
1,0.7974274,1
1,0.67739624,1
0,0.6734806,1
1,0.7326666,1
0,0.5457779,1
0,0.6465299,1
0,0.64233005,1
1,0.7564863,1
1,0.7389772,1
1,0.74221617,1
1,0.791707,1
0,0.80355924,1
1,0.7964309,1
1,0.7337025,1
1,0.70153254,1
1,0.7835451,1
0,0.76477945,1
0,0.7939003,1
1,0.7555554,1
1,0.719022,1
1,0.71700567,1
1,0.81398064,1
1,0.78623015,1
1,0.73488754,1
1,0.7403972,1
0,0.70010424,1
0,0.7483228,1
1,0.77840877,1
0,0.74950534,1
1,0.6633435,1
1,0.6344019,1
1,0.76577073,1
1,0.7170403,1
0,0.72702104,1
1,0.73358977,1
0,0.796535,1
1,0.834916,1
1,0.7573026,1
1,0.7444205,1
1,0.72066563,1
1,0.803139,1
1,0.7592403,1
1,0.76654613,1
1,0.7594567,1
0,0.6658536,1
0,0.66109836,1
1,0.7401101,1
1,0.7063133,1
1,0.7596311,1
1,0.84688973,1
1,0.77665085,1
0,0.7687064,1
0,0.78986716,1
1,0.7806209,1
0,0.68349457,1
1,0.63658756,1
1,0.65003306,1
0,0.27141613,0
0,0.2305572,0
0,0.37171,0
1,0.6011078,1
1,0.79374534,1
0,0.085424475,0
1,0.46928048,0
1,0.5467649,1
1,0.84095573,1
0,0.83522034,1
1,0.092166536,0
0,0.53776735,1
1,0.796549,1
1,0.9480385,1
1,0.9138184,1
1,0.07556565,0
1,0.9213255,1
0,0.69179946,1
1,0.78587115,1
0,0.67377084,1
1,0.7009949,1
1,0.7809566,1
0,0.6527145,1
1,0.7772859,1
1,0.8042176,1
1,0.7355214,1
1,0.7212542,1
1,0.818425,1
1,0.8611963,1
1,0.86956805,1
1,0.8611624,1
0,0.83743066,1
1,0.875033,1
0,0.6864556,1
0,0.7805356,1
1,0.71782887,1
1,0.7421222,1
1,0.818287,1
1,0.80448836,1
1,0.83895856,1
1,0.7947853,1
1,0.75917274,1
1,0.5241672,1
0,0.48382992,0
1,0.31587082,0
1,0.7901547,1
1,0.8019721,1
1,0.80819386,1
1,0.9126301,1
1,0.89021397,1
1,0.5004849,1
1,0.5015089,1
1,0.66725796,1
1,0.6261232,1
1,0.5640916,1
1,0.418365,0
1,0.66381806,1
1,0.6717323,1
1,0.6866835,1
1,0.6479348,1
0,0.5827639,1
0,0.349944,0
1,0.61492234,1
1,0.55227625,1
1,0.5561897,1
0,0.36283672,0
1,0.686735,1
1,0.78160536,1
1,0.6702347,1
1,0.5067564,1
1,0.51350474,1
1,0.65934235,1
1,0.33199468,0
0,0.6957186,1
0,0.4403684,0
0,0.5268728,1
0,0.39466584,0
0,0.6633912,1
1,0.4219775,0
0,0.70600253,1
0,0.30668223,0
1,0.48953494,0
0,0.4217664,0
1,0.65635675,1
0,0.6473618,1
1,0.78986174,1
1,0.86733407,1
1,0.86808395,1
1,0.8240458,1
1,0.89395505,1
1,0.8843428,1
1,0.818258,1
1,0.7816367,1
0,0.7518479,1
1,0.7366936,1
1,0.76619023,1
1,0.7931114,1
0,0.6756015,1
1,0.64737463,1
0,0.63458836,1
1,0.78496647,1
1,0.7581006,1
1,0.863403,1
1,0.60355586,1
1,0.23976247,0
0,0.58969057,1
0,0.19418241,0
1,0.3726716,0
1,0.81224537,1
1,0.27496198,0
1,0.21600696,0
1,0.6139758,1
0,0.41026405,0
0,0.1660092,0
0,0.2862454,0
0,0.34005672,0
1,0.5097701,1
1,0.8058109,1
0,0.7635657,1
0,0.6062264,1
0,0.6612136,1
0,0.60177463,1
0,0.45690998,0
0,0.24021468,0
0,0.35426405,0
0,0.45705867,0
1,0.5074582,1
1,0.27547306,0
1,0.46837398,0
1,0.46033528,0
0,0.55286074,1
1,0.50308174,1
1,0.5755771,1
0,0.23631261,0
1,0.516132,1
1,0.67670006,1
0,0.5985076,1
1,0.6875886,1
1,0.8082433,1
1,0.8101908,1
0,0.91321,1
0,0.8919742,1
1,0.89664674,1
1,0.83714455,1
1,0.8209848,1
1,0.81846666,1
1,0.9182538,1
1,0.73520166,1
0,0.84610534,1
0,0.7896641,1
0,0.88923025,1
1,0.87266743,1
1,0.8348795,1
1,0.8687848,1
1,0.78137535,1
1,0.66146785,1
1,0.89832014,1
1,0.8117533,1
1,0.67239165,1
1,0.7952816,1
0,0.8330081,1
1,0.7185576,1
1,0.39037278,0
0,0.11866476,0
0,0.118269876,0
0,0.17626072,0
0,0.18354453,0
0,0.07480139,0
0,0.09493169,0
1,0.09779895,0
0,0.24829958,0
0,0.26494017,0
0,0.32181272,0
1,0.3274718,0
0,0.29677358,0
0,0.21315101,0
0,0.38193938,0
0,0.07622617,0
0,0.23857717,0
1,0.2644015,0
1,0.33090654,0
0,0.26100397,0
1,0.7046121,1
1,0.83020234,1
1,0.82486653,1
1,0.63965905,1
1,0.784027,1
1,0.81512016,1
0,0.27164134,0
1,0.31860185,0
0,0.34917662,0
1,0.35320204,0
1,0.28191563,0
0,0.3775419,0
0,0.39018297,0
0,0.083653495,0
0,0.14268373,0
0,0.3028249,0
0,0.284547,0
0,0.32665685,0
0,0.83949286,1
1,0.369649,0
1,0.6093398,1
1,0.35173273,0
0,0.12365734,0
1,0.17442386,0
0,0.5889014,1
1,0.764204,1
1,0.7165411,1
1,0.2739807,0
1,0.41099304,0
1,0.1501738,0
0,0.3555166,0
0,0.21811126,0
1,0.5926565,1
1,0.76388973,1
1,0.72431093,1
1,0.7089781,1
1,0.7583314,1
1,0.8203177,1
0,0.7546419,1
1,0.7334258,1
1,0.72958237,1
1,0.78634965,1
0,0.7103946,1
1,0.7115837,1
0,0.6955625,1
1,0.7287885,1
1,0.7061268,1
1,0.7631849,1
0,0.7738159,1
1,0.70048314,1
1,0.7489587,1
1,0.7011098,1
1,0.60298675,1
0,0.723572,1
0,0.7276756,1
1,0.7498217,1
1,0.6649381,1
1,0.6773856,1
1,0.73330915,1
1,0.7359267,1
1,0.7317716,1
1,0.70283514,1
1,0.7600875,1
1,0.7600486,1
0,0.6991539,1
0,0.6686858,1
1,0.70895565,1
1,0.77123237,1
1,0.7762479,1
1,0.74102086,1
0,0.72227156,1
0,0.70863926,1
0,0.75708663,1
1,0.780747,1
1,0.7645808,1
1,0.8400493,1
1,0.73761666,1
1,0.75222015,1
1,0.7339316,1
0,0.4643634,0
1,0.6602703,1
1,0.6741491,1
1,0.7474617,1
1,0.73007655,1
0,0.7214326,1
1,0.77077514,1
1,0.692838,1
1,0.7833991,1
1,0.73591423,1
1,0.5754711,1
1,0.63954777,1
1,0.59382474,1
1,0.72015566,1
1,0.6983739,1
1,0.7527795,1
1,0.72386605,1
0,0.7105936,1
1,0.8047267,1
0,0.06642841,0
0,0.035979237,0
0,0.020295253,0
0,0.026704393,0
0,0.046586808,0
0,0.05611162,0
0,0.095017195,0
0,0.04807586,0
0,0.06329646,0
0,0.26591757,0
0,0.07403716,0
0,0.060125902,0
1,0.21291748,0
1,0.7970267,1
0,0.18334217,0
1,0.12057836,0
0,0.4091489,0
0,0.028664859,0
1,0.15172593,0
0,0.14868432,0
0,0.4461269,0
0,0.60388255,1
0,0.092829056,0
0,0.3504593,0
0,0.31632382,0
0,0.18845914,0
0,0.3840329,0
0,0.7628975,1
1,0.4581066,0
1,0.4294324,0
0,0.75883293,1
0,0.24326581,0
0,0.2395436,0
0,0.7192306,1
0,0.27312687,0
0,0.45318937,0
0,0.6866873,1
1,0.72625446,1
0,0.6604932,1
1,0.6681534,1
1,0.6500344,1
1,0.12678422,0
1,0.23687892,0
1,0.72916406,1
1,0.6242975,1
1,0.73580474,1
1,0.64144605,1
0,0.63004315,1
0,0.63606966,1
0,0.33425456,0
0,0.6549079,1
0,0.72924554,1
1,0.6621554,1
1,0.68155736,1
1,0.74518067,1
0,0.75619286,1
1,0.5854238,1
0,0.72259295,1
1,0.72997403,1
1,0.2525479,0
0,0.18256092,0
1,0.7043985,1
1,0.43060008,0
0,0.76274025,1
1,0.7404136,1
0,0.33743858,0
1,0.5998256,1
0,0.5109635,1
0,0.34696063,0
1,0.40776134,0
0,0.7340808,1
1,0.21130216,0
0,0.78582597,1
0,0.80742073,1
1,0.77327806,1
0,0.801465,1
1,0.8934584,1
1,0.8753547,1
0,0.54692966,1
1,0.8114993,1
1,0.87228394,1
1,0.7084507,1
1,0.81546825,1
0,0.78507656,1
0,0.38329658,0
1,0.4982677,0
1,0.41896987,0
0,0.5019316,1
1,0.7595101,1
0,0.63006437,1
0,0.103308834,0
0,0.3310413,0
1,0.6289601,1
1,0.64124036,1
0,0.7774213,1
1,0.75064516,1
1,0.8186829,1
1,0.77693784,1
1,0.77278745,1
1,0.7854777,1
1,0.7652165,1
1,0.7943934,1
1,0.7687845,1
1,0.7632927,1
1,0.75088125,1
1,0.694029,1
1,0.7099632,1
1,0.8464034,1
1,0.88486546,1
1,0.8013963,1
1,0.7940785,1
0,0.67524993,1
1,0.19346169,0
0,0.1830249,0
0,0.13281819,0
0,0.12592559,0
1,0.30866784,0
1,0.40392518,0
0,0.31382194,0
1,0.24448766,0
1,0.59929895,1
1,0.3448361,0
1,0.64215106,1
1,0.6207244,1
1,0.6759129,1
1,0.68538344,1
0,0.6425461,1
1,0.724263,1
1,0.7258554,1
0,0.79625094,1
1,0.824687,1
1,0.7113597,1
1,0.7915456,1
1,0.7655222,1
1,0.7632089,1
1,0.80411255,1
1,0.52067304,1
1,0.59644765,1
0,0.7107579,1
1,0.61665434,1
1,0.6422648,1
1,0.55442864,1
1,0.7108827,1
0,0.23172656,0
0,0.1432978,0
0,0.29374972,0
0,0.5627913,1
1,0.6723015,1
1,0.71265906,1
1,0.74770993,1
0,0.7730692,1
1,0.7677269,1
1,0.73199147,1
0,0.763376,1
0,0.57626384,1
1,0.6321107,1
1,0.665573,1
1,0.71812737,1
1,0.7564119,1
1,0.7407845,1
0,0.7298186,1
0,0.79462194,1
1,0.6615682,1
1,0.55172795,1
1,0.72961056,1
0,0.7912738,1
1,0.78985536,1
0,0.7189436,1
0,0.6602633,1
0,0.722363,1
1,0.69841033,1
1,0.75660497,1
1,0.6359508,1
0,0.4263921,0
0,0.3650491,0
0,0.36886555,0
0,0.5948399,1
1,0.55051297,1
1,0.50158274,1
1,0.79543364,1
0,0.49553618,0
1,0.6850224,1
1,0.7627368,1
1,0.721741,1
1,0.19092482,0
1,0.29835245,0
1,0.36256036,0
0,0.46817866,0
0,0.57534516,1
1,0.6785424,1
1,0.721199,1
0,0.7167141,1
1,0.4737271,0
1,0.5330132,1
0,0.687619,1
1,0.6873859,1
1,0.68704885,1
1,0.6647065,1
0,0.76301235,1
1,0.71461576,1
1,0.67272866,1
1,0.81543124,1
1,0.5895764,1
0,0.6445631,1
1,0.48753583,0
1,0.62446153,1
0,0.4050288,0
0,0.84170324,1
1,0.7582016,1
1,0.81957155,1
1,0.76387787,1
0,0.49937102,0
0,0.6979973,1
1,0.7782277,1
1,0.72424185,1
0,0.7490293,1
1,0.81771654,1
1,0.6394599,1
0,0.69017386,1
0,0.7079751,1
0,0.7045638,1
0,0.6778185,1
1,0.6961713,1
1,0.6432046,1
1,0.6897832,1
0,0.6807285,1
0,0.61927134,1
1,0.6993138,1
1,0.6610288,1
0,0.72736186,1
1,0.6930518,1
0,0.696323,1
1,0.637879,1
0,0.79581076,1
0,0.7982385,1
0,0.57988244,1
0,0.56016475,1
1,0.57514465,1
0,0.5086718,1
0,0.7683946,1
1,0.7862272,1
1,0.6833435,1
1,0.66044295,1
0,0.5889459,1
0,0.38830957,0
0,0.57958734,1
1,0.74542344,1
0,0.8530052,1
1,0.77038467,1
1,0.8123588,1
1,0.22804822,0
0,0.4710878,0
0,0.7184081,1
1,0.6272894,1
1,0.64790106,1
1,0.64030075,1
1,0.71882254,1
1,0.7709365,1
1,0.34289068,0
0,0.64765996,1
0,0.36299643,0
0,0.7111059,1
1,0.74362254,1
1,0.6744615,1
1,0.80253565,1
1,0.74807966,1
1,0.7039099,1
1,0.6296178,1
1,0.7749741,1
1,0.69343704,1
1,0.67317116,1
1,0.7784281,1
1,0.6640539,1
0,0.7058693,1
1,0.5795693,1
1,0.62776494,1
1,0.6756449,1
1,0.75609064,1
1,0.8121268,1
0,0.6362005,1
0,0.73182184,1
0,0.76045024,1
1,0.73591053,1
1,0.7175812,1
1,0.8023917,1
1,0.75429344,1
1,0.7101164,1
1,0.72570574,1
0,0.6950278,1
1,0.6197772,1
1,0.7430017,1
1,0.65584624,1
1,0.71432686,1
1,0.6160221,1
0,0.5401328,1
0,0.70242923,1
1,0.6715931,1
1,0.72705024,1
1,0.6607942,1
1,0.59631807,1
1,0.62958175,1
1,0.79954076,1
0,0.7579797,1
1,0.76169693,1
1,0.80961907,1
1,0.82069045,1
0,0.8195607,1
0,0.7764428,1
0,0.71937925,1
0,0.7098771,1
1,0.764971,1
0,0.6971998,1
1,0.75741947,1
1,0.7560985,1
1,0.6446341,1
0,0.59412915,1
1,0.69316036,1
1,0.6291648,1
0,0.7147904,1
1,0.7570066,1
1,0.7543601,1
1,0.78967243,1
0,0.762066,1
0,0.35491994,0
1,0.784597,1
1,0.6944474,1
0,0.77785224,1
1,0.7569399,1
1,0.8040293,1
0,0.75383186,1
1,0.7160093,1
0,0.5775199,1
1,0.4754166,0
1,0.7290542,1
0,0.7280736,1
1,0.78757,1
1,0.6700861,1
0,0.21093424,0
0,0.6913548,1
0,0.27969846,0
0,0.5325123,1
0,0.4859795,0
0,0.17774467,0
0,0.088771254,0
0,0.33460003,0
0,0.53569865,1
0,0.4551852,0
1,0.344135,0
1,0.70380193,1
1,0.14355293,0
0,0.42596343,0
1,0.5158739,1
0,0.7264064,1
0,0.5311919,1
1,0.6842181,1
1,0.7756291,1
1,0.69979036,1
0,0.8229121,1
1,0.7769778,1
0,0.5902645,1
1,0.6597719,1
1,0.7638843,1
1,0.8000684,1
1,0.7942385,1
1,0.7775581,1
0,0.6656285,1
1,0.80152076,1
1,0.8138286,1
1,0.66983026,1
0,0.63609326,1
1,0.67958456,1
1,0.68738574,1
0,0.7176336,1
0,0.21440323,0
1,0.25614986,0
0,0.26274633,0
0,0.14117484,0
0,0.10322414,0
0,0.19931296,0
1,0.2986915,0
1,0.6251068,1
1,0.68016505,1
1,0.19626613,0
1,0.11887269,0
0,0.08751341,0
1,0.5942458,1
1,0.9035331,1
1,0.9518313,1
1,0.13983864,0
0,0.42212203,0
0,0.57451606,1
1,0.7472037,1
1,0.5467701,1
1,0.77411586,1
1,0.38469547,0
0,0.2743091,0
0,0.44511315,0
0,0.19731095,0
0,0.37463647,0
0,0.27049637,0
0,0.4900773,0
1,0.42870185,0
1,0.84428847,1
1,0.81371945,1
0,0.8359672,1
1,0.7467674,1
1,0.81809324,1
1,0.7465385,1
1,0.8111541,1
1,0.86762184,1
1,0.7745018,1
0,0.7974372,1
1,0.81361634,1
1,0.8354185,1
1,0.72030836,1
1,0.47646135,0
0,0.63052505,1
0,0.45730668,0
0,0.39434257,0
0,0.3663284,0
0,0.45348495,0
0,0.32622674,0
1,0.64995587,1
1,0.6865329,1
1,0.7583265,1
1,0.68925476,1
1,0.723403,1
0,0.3831083,0
1,0.63481635,1
1,0.5737078,1
1,0.75253564,1
1,0.69714665,1
0,0.7134813,1
1,0.6559028,1
1,0.66991824,1
1,0.564854,1
1,0.6793391,1
1,0.62269145,1
1,0.50440365,1
1,0.41804296,0
1,0.44439858,0
1,0.47238633,0
1,0.66378874,1
1,0.5351294,1
1,0.5884693,1
1,0.55212134,1
1,0.7148252,1
1,0.65234506,1
0,0.599635,1
0,0.602362,1
1,0.6602643,1
1,0.66872585,1
1,0.6190413,1
0,0.63417923,1
0,0.6157485,1
0,0.69374573,1
0,0.6049454,1
0,0.48351556,0
0,0.71367097,1
0,0.63580906,1
0,0.6917096,1
0,0.6719256,1
0,0.031026183,0
1,0.5808576,1
1,0.77562165,1
1,0.82650405,1
1,0.83360195,1
1,0.8056866,1
1,0.8381299,1
1,0.8466652,1
1,0.8087241,1
0,0.41505206,0
0,0.82595664,1
1,0.7965956,1
1,0.773097,1
1,0.79742914,1
1,0.7989133,1
0,0.7783279,1
1,0.79551345,1
0,0.83239937,1
1,0.6126841,1
1,0.59632707,1
1,0.6093603,1
1,0.73236054,1
1,0.81714416,1
1,0.7589959,1
1,0.65870774,1
1,0.7633626,1
1,0.6781978,1
1,0.73751026,1
1,0.7853588,1
1,0.6858732,1
1,0.691251,1
1,0.72381693,1
1,0.78741014,1
1,0.7157521,1
1,0.7475741,1
0,0.7779864,1
1,0.74838567,1
1,0.32808,0
0,0.117414966,0
0,0.32536274,0
0,0.7142315,1
1,0.6259758,1
0,0.34564084,0
0,0.3396747,0
0,0.25473893,0
0,0.31419665,0
0,0.055226475,0
0,0.2587522,0
0,0.05153786,0
1,0.39188495,0
1,0.4191679,0
1,0.7610823,1
1,0.759924,1
1,0.3950584,0
1,0.6481878,1
1,0.6869181,1
1,0.767827,1
1,0.2783987,0
0,0.22359507,0
0,0.2725672,0
0,0.3344923,0
0,0.13284856,0
1,0.29948536,0
1,0.7805641,1
1,0.7475202,1
0,0.78951263,1
0,0.79015964,1
0,0.7791036,1
1,0.58170384,1
0,0.21911883,0
0,0.42688397,0
1,0.30469498,0
1,0.25718027,0
0,0.26232868,0
1,0.7299504,1
1,0.6849369,1
1,0.58008295,1
1,0.6927324,1
1,0.2706307,0
0,0.13926663,0
0,0.093759775,0
0,0.095097624,0
1,0.14188644,0
0,0.23084182,0
0,0.2168757,0
0,0.445549,0
0,0.20447853,0
1,0.12391621,0
0,0.16944975,0
0,0.57003427,1
0,0.1501936,0
1,0.8350345,1
1,0.16022377,0
0,0.16022396,0
1,0.6062646,1
1,0.48303494,0
0,0.08223771,0
0,0.27658176,0
1,0.46432465,0
0,0.24593599,0
0,0.38374186,0
1,0.22143234,0
1,0.25928852,0
0,0.6754267,1
0,0.4798786,0
0,0.31221536,0
1,0.80358565,1
1,0.46964398,0
1,0.26700652,0
0,0.29162464,0
1,0.67340744,1
0,0.46834114,0
0,0.17717779,0
1,0.77530926,1
1,0.7613556,1
0,0.32973474,0
0,0.25252575,0
0,0.24348727,0
1,0.9293112,1
0,0.71867883,1
0,0.78662026,1
0,0.71253127,1
0,0.7388177,1
1,0.74045646,1
1,0.25846252,0
1,0.48118845,0
0,0.15929018,0
0,0.40199307,0
1,0.76045424,1
0,0.7819614,1
1,0.7983559,1
1,0.8599659,1
0,0.86834395,1
1,0.8454694,1
1,0.8582704,1
1,0.81858104,1
1,0.7633219,1
1,0.8311548,1
1,0.8552622,1
1,0.8756217,1
1,0.7528481,1
1,0.78538525,1
1,0.8650971,1
1,0.8178976,1
1,0.7920804,1
1,0.81401336,1
0,0.7558187,1
1,0.8051833,1
1,0.743424,1
1,0.73795366,1
1,0.8341817,1
1,0.79261386,1
0,0.6955708,1
1,0.6993032,1
1,0.798541,1
1,0.8072726,1
1,0.7361108,1
1,0.8255647,1
1,0.8636713,1
0,0.84753054,1
1,0.7996321,1
1,0.8062645,1
1,0.856272,1
1,0.8166273,1
1,0.83030146,1
1,0.8115455,1
1,0.7786356,1
1,0.84280545,1
0,0.7849872,1
0,0.80379534,1
1,0.7712743,1
0,0.7982997,1
1,0.7112947,1
1,0.82177657,1
0,0.7928828,1
1,0.7418959,1
0,0.75911677,1
1,0.7511932,1
1,0.7762437,1
1,0.79157484,1
1,0.78063494,1
1,0.81788313,1
1,0.80511504,1
1,0.77933544,1
1,0.62591994,1
1,0.80154973,1
1,0.6230191,1
0,0.584523,1
1,0.27319425,0
0,0.4980938,0
0,0.4192725,0
0,0.75592446,1
1,0.7885086,1
1,0.7647643,1
1,0.679074,1
0,0.6565078,1
0,0.5759501,1
0,0.73459154,1
0,0.7445489,1
0,0.7509119,1
1,0.7546514,1
1,0.71281743,1
1,0.73192203,1
0,0.65164244,1
1,0.7113107,1
1,0.6959162,1
1,0.4919041,0
1,0.5922138,1
1,0.2930476,0
0,0.41678023,0
0,0.5471046,1
0,0.31054333,0
0,0.63827497,1
1,0.6978002,1
1,0.6904575,1
1,0.76574594,1
1,0.6999228,1
0,0.42229524,0
1,0.41917762,0
0,0.6540158,1
1,0.41198424,0
1,0.26496288,0
1,0.71028006,1
1,0.70412016,1
1,0.9153416,1
1,0.88588834,1
1,0.8100624,1
1,0.8407262,1
0,0.86986667,1
0,0.8753781,1
1,0.8754007,1
1,0.85204196,1
1,0.7742145,1
1,0.7293105,1
0,0.04449557,0
0,0.06711246,0
1,0.08979762,0
1,0.05074279,0
1,0.07795918,0
0,0.07818742,0
1,0.9201171,1
1,0.18722054,0
0,0.21208538,0
1,0.5329402,1
1,0.6886107,1
1,0.7884768,1
1,0.7725674,1
1,0.79434174,1
1,0.9093937,1
1,0.82406664,1
1,0.663633,1
1,0.71282154,1
1,0.8210774,1
1,0.74940854,1
1,0.8478875,1
1,0.40161976,0
1,0.09236308,0
1,0.6267316,1
0,0.65971285,1
1,0.6482061,1
1,0.71909857,1
1,0.6769694,1
1,0.75646096,1
1,0.72384375,1
0,0.7052132,1
1,0.6364564,1
0,0.57458663,1
0,0.65692294,1
0,0.6176415,1
1,0.81223255,1
1,0.7134715,1
1,0.7044615,1
1,0.7174597,1
0,0.7532745,1
1,0.7119413,1
1,0.7457212,1
0,0.76203185,1
0,0.80370533,1
1,0.70270693,1
0,0.70099646,1
1,0.7389423,1
0,0.73669076,1
1,0.71215546,1
1,0.72259694,1
1,0.74636775,1
1,0.66843885,1
0,0.74883544,1
1,0.7360443,1
1,0.7238033,1
1,0.77231854,1
1,0.75300217,1
0,0.70588976,1
1,0.72049636,1
1,0.5845377,1
0,0.76887476,1
0,0.6772895,1
0,0.7432433,1
0,0.7146088,1
1,0.7474646,1
1,0.73349035,1
1,0.72811526,1
1,0.41040605,0
1,0.35368282,0
1,0.626822,1
1,0.67705613,1
1,0.6217259,1
1,0.64233506,1
1,0.7652612,1
1,0.7640055,1
0,0.7627498,1
0,0.7540319,1
0,0.7285294,1
1,0.7656799,1
1,0.71647006,1
1,0.6982655,1
1,0.6513293,1
1,0.7606081,1
0,0.69793516,1
1,0.6964654,1
0,0.75067705,1
1,0.7590062,1
1,0.38348356,0
0,0.16014384,0
0,0.12137291,0
0,0.22798988,0
0,0.30225694,0
1,0.9533251,1
1,0.8876576,1
1,0.7629036,1
1,0.76350564,1
1,0.77244735,1
1,0.7018782,1
1,0.76804805,1
1,0.7453044,1
1,0.788864,1
1,0.7741535,1
1,0.8056566,1
1,0.8209456,1
0,0.8539741,1
0,0.8382816,1
1,0.848147,1
1,0.8957798,1
1,0.81120175,1
1,0.8995895,1
1,0.7622221,1
1,0.85141546,1
1,0.85826284,1
1,0.83056307,1
1,0.8405417,1
0,0.8339404,1
1,0.8336247,1
1,0.80659604,1
1,0.85574305,1
0,0.7705958,1
1,0.8037531,1
1,0.7738579,1
0,0.8632808,1
1,0.8586771,1
1,0.9102798,1
1,0.8670687,1
1,0.87737244,1
1,0.88772625,1
1,0.54897964,1
0,0.17785716,0
1,0.062560305,0
1,0.61863095,1
0,0.6426028,1
0,0.6941396,1
0,0.80743325,1
1,0.6862038,1
0,0.4376893,0
0,0.38946515,0
0,0.24907343,0
0,0.34553668,0
0,0.538866,1
0,0.287345,0
1,0.4483907,0
1,0.39495727,0
0,0.12035756,0
0,0.56130934,1
0,0.56358266,1
0,0.20956427,0
0,0.060914297,0
0,0.4644769,0
0,0.5139913,1
1,0.5767245,1
1,0.8038776,1
1,0.7663099,1
0,0.76318985,1
0,0.6967678,1
0,0.7775731,1
1,0.70109785,1
1,0.74713796,1
1,0.620827,1
0,0.6170751,1
0,0.59766537,1
1,0.5889124,1
1,0.66712946,1
1,0.67710954,1
1,0.69168407,1
0,0.72094077,1
1,0.78589404,1
1,0.7827605,1
1,0.70553184,1
0,0.66526926,1
0,0.5722645,1
1,0.5841582,1
1,0.70174026,1
1,0.87738466,1
1,0.7996999,1
1,0.64570886,1
0,0.58750904,1
1,0.68609005,1
1,0.63123107,1
0,0.67591506,1
0,0.64997506,1
0,0.70696414,1
0,0.7047077,1
0,0.5393397,1
0,0.80587095,1
1,0.76399535,1
1,0.7177861,1
1,0.6920044,1
0,0.6278515,1
0,0.69160587,1
0,0.7178103,1
0,0.68327266,1
0,0.6694081,1
1,0.75531304,1
0,0.7242346,1
0,0.6230175,1
0,0.7686417,1
0,0.6493065,1
0,0.70351243,1
1,0.5890928,1
1,0.6616402,1
1,0.7112121,1
0,0.72080106,1
1,0.6906959,1
1,0.7418545,1
1,0.80101895,1
1,0.932798,1
1,0.65049165,1
1,0.8142256,1
1,0.85319024,1
1,0.6499153,1
1,0.59323853,1
1,0.54400104,1
0,0.28962508,0
1,0.5999391,1
0,0.5596009,1
0,0.8052055,1
0,0.7853453,1
1,0.81021905,1
1,0.8189452,1
1,0.53607625,1
1,0.8187511,1
0,0.69999385,1
0,0.71573293,1
0,0.7645493,1
0,0.8363982,1
0,0.7968972,1
1,0.8253931,1
1,0.8287655,1
1,0.6644741,1
1,0.7430843,1
0,0.77169025,1
1,0.7848875,1
1,0.8308838,1
1,0.86546326,1
1,0.8022573,1
1,0.80129284,1
1,0.7957937,1
1,0.821348,1
1,0.8497873,1
1,0.80053115,1
1,0.81696737,1
1,0.7511394,1
0,0.8422693,1
1,0.81905645,1
1,0.77930593,1
1,0.732287,1
1,0.7908206,1
1,0.8134475,1
1,0.8344319,1
1,0.8206135,1
1,0.7105731,1
1,0.7611163,1
1,0.81409013,1
0,0.82435757,1
0,0.7453645,1
0,0.8452238,1
0,0.8065096,1
1,0.7863835,1
1,0.8963644,1
1,0.85751265,1
1,0.86412317,1
1,0.8032141,1
0,0.83756995,1
1,0.77945787,1
0,0.6928582,1
1,0.7822878,1
1,0.6887878,1
1,0.70810324,1
1,0.7902399,1
1,0.7051078,1
1,0.6777441,1
1,0.75014406,1
1,0.51111436,1
1,0.802317,1
1,0.66606176,1
1,0.61056125,1
1,0.71430284,1
0,0.6315494,1
0,0.782114,1
1,0.72301763,1
1,0.7463196,1
1,0.75471747,1
1,0.8050514,1
0,0.6508455,1
0,0.6136137,1
0,0.39522645,0
0,0.7408666,1
1,0.80797994,1
1,0.77549154,1
1,0.7691421,1
1,0.36681163,0
0,0.37854347,0
1,0.2767843,0
1,0.21540658,0
0,0.6260344,1
0,0.17933184,0
1,0.72992146,1
1,0.59807426,1
1,0.7143241,1
1,0.7685826,1
1,0.59837496,1
1,0.43079254,0
0,0.08055421,0
1,0.2628256,0
0,0.06341906,0
1,0.3391713,0
1,0.6878316,1
1,0.033991236,0
0,0.04560078,0
1,0.36288914,0
1,0.05473858,0
1,0.774469,1
1,0.78671795,1
0,0.81267315,1
0,0.89064336,1
0,0.7467399,1
0,0.8119688,1
0,0.80256456,1
0,0.84984565,1
0,0.8416164,1
1,0.8425097,1
1,0.8283071,1
0,0.8001556,1
1,0.90565914,1
1,0.691863,1
1,0.34479573,0
0,0.19857413,0
1,0.2368728,0
1,0.20512259,0
0,0.41278878,0
0,0.3512698,0
0,0.39647353,0
1,0.9400151,1
1,0.8886932,1
1,0.38217115,0
0,0.2046031,0
0,0.1512939,0
0,0.43340835,0
1,0.32562402,0
1,0.23481122,0
1,0.3531918,0
1,0.8120228,1
1,0.86725867,1
1,0.6628278,1
1,0.80142885,1
1,0.36811882,0
0,0.72452945,1
1,0.8278784,1
0,0.70408785,1
0,0.76440793,1
1,0.62453324,1
0,0.8195462,1
1,0.3073245,0
1,0.76682705,1
1,0.7541699,1
1,0.7603024,1
1,0.66327935,1
1,0.7411152,1
1,0.75097775,1
1,0.6891421,1
0,0.7721368,1
0,0.8033043,1
0,0.8014976,1
0,0.7879707,1
0,0.7901074,1
0,0.120404966,0
0,0.13885643,0
0,0.18556288,0
0,0.44881782,0
1,0.5162762,1
1,0.68981403,1
0,0.39850703,0
1,0.6699661,1
0,0.68741244,1
1,0.41891465,0
1,0.67968386,1
0,0.37887126,0
0,0.33446294,0
0,0.27293286,0
0,0.32018942,0
0,0.29881606,0
0,0.5790925,1
0,0.27105555,0
1,0.21432726,0
0,0.07595288,0
1,0.11348117,0
0,0.17617488,0
0,0.5070545,1
0,0.2068001,0
1,0.2414565,0
0,0.46380392,0
0,0.42014617,0
1,0.86954767,1
1,0.8397817,1
1,0.31399688,0
0,0.39082965,0
0,0.3365139,0
0,0.33301637,0
0,0.30129123,0
0,0.6836757,1
0,0.2988529,0
0,0.26736307,0
0,0.29927695,0
0,0.3043522,0
1,0.22726597,0
0,0.23022462,0
1,0.84517723,1
1,0.8347021,1
1,0.794946,1
1,0.7136912,1
1,0.86433053,1
1,0.7887189,1
1,0.78908783,1
1,0.8564647,1
1,0.78911304,1
0,0.57810557,1
1,0.42903706,0
0,0.2978177,0
1,0.5826453,1
0,0.47911713,0
0,0.3366329,0
0,0.39815283,0
0,0.70755273,1
1,0.7589129,1
1,0.80528337,1
1,0.7746552,1
1,0.6982993,1
1,0.7133308,1
0,0.7935697,1
1,0.76294744,1
1,0.67864484,1
1,0.75687313,1
1,0.80097234,1
1,0.7465279,1
1,0.77132386,1
0,0.8112737,1
1,0.8011549,1
1,0.7503291,1
0,0.7469885,1
1,0.7519638,1
1,0.7932906,1
1,0.70118743,1
1,0.68112373,1
1,0.7640502,1
0,0.72193915,1
1,0.7121563,1
1,0.8244812,1
0,0.7011262,1
1,0.76732606,1
1,0.80970657,1
1,0.7007875,1
1,0.77977914,1
1,0.7988675,1
1,0.773258,1
1,0.7228017,1
0,0.758552,1
1,0.809722,1
1,0.75057703,1
1,0.70420486,1
1,0.7159775,1
1,0.7450697,1
1,0.77287066,1
1,0.714345,1
1,0.716664,1
1,0.80198896,1
0,0.77601576,1
1,0.7917885,1
0,0.69129825,1
1,0.80872816,1
1,0.76341325,1
1,0.7634749,1
0,0.7534907,1
1,0.7364331,1
1,0.7523463,1
1,0.72523403,1
1,0.77843344,1
1,0.72218406,1
1,0.8241194,1
0,0.84839386,1
1,0.87814385,1
1,0.6650227,1
0,0.7825172,1
0,0.7665905,1
1,0.8047351,1
1,0.7975501,1
1,0.3314239,0
1,0.19976531,0
0,0.14596975,0
1,0.8204779,1
0,0.61800426,1
0,0.7253779,1
1,0.77785605,1
1,0.79682004,1
1,0.61372703,1
1,0.77281725,1
0,0.11417041,0
1,0.5027312,1
1,0.4362991,0
0,0.80553305,1
1,0.73711306,1
1,0.41282836,0
0,0.19040631,0
1,0.5561369,1
1,0.6794154,1
0,0.10694983,0
1,0.07579352,0
1,0.52723396,1
1,0.69594294,1
1,0.28520983,0
1,0.67931134,1
0,0.3681973,0
1,0.55781704,1
1,0.5632081,1
0,0.6103754,1
1,0.73768544,1
1,0.7407302,1
1,0.7780103,1
1,0.8259835,1
0,0.7946554,1
0,0.7694255,1
1,0.73158514,1
1,0.8281204,1
1,0.78407395,1
1,0.7617753,1
1,0.737755,1
1,0.7768468,1
1,0.7889144,1
1,0.70943564,1
1,0.77550995,1
1,0.7804304,1
1,0.73524135,1
1,0.7251253,1
1,0.72937614,1
1,0.6735797,1
0,0.5945369,1
1,0.78081155,1
0,0.68243235,1
1,0.7195065,1
0,0.67290056,1
0,0.7406755,1
1,0.48013282,0
1,0.5844155,1
0,0.5761375,1
0,0.5225866,1
1,0.6008351,1
1,0.7506776,1
1,0.6274363,1
1,0.47738406,0
1,0.7127561,1
0,0.7539505,1
0,0.7000628,1
1,0.7757736,1
0,0.5753684,1
0,0.69698447,1
1,0.80201095,1
0,0.74929744,1
1,0.60604745,1
1,0.7575888,1
1,0.80072093,1
0,0.71992403,1
1,0.7317106,1
1,0.81863165,1
0,0.7828156,1
1,0.8125021,1
0,0.8092928,1
1,0.7687364,1
1,0.6378255,1
0,0.2140269,0
0,0.68628806,1
0,0.718188,1
1,0.47961938,0
0,0.7526773,1
1,0.6878192,1
1,0.7745475,1
1,0.69469327,1
1,0.7627288,1
1,0.75225765,1
1,0.4959946,0
1,0.62647504,1
0,0.65307856,1
0,0.67520106,1
1,0.6766894,1
0,0.78887254,1
1,0.766226,1
1,0.82651645,1
1,0.8106501,1
1,0.83573973,1
1,0.79562414,1
1,0.7439552,1
1,0.79065794,1
0,0.786876,1
0,0.6243181,1
0,0.65236974,1
0,0.6638888,1
0,0.71711886,1
1,0.71892536,1
0,0.6499979,1
1,0.71810335,1
1,0.7777915,1
1,0.7456963,1
1,0.5568884,1
0,0.6562026,1
1,0.61819386,1
1,0.6031321,1
0,0.58056355,1
1,0.5421441,1
0,0.54749274,1
0,0.77865285,1
1,0.6791603,1
0,0.6455234,1
1,0.69696856,1
1,0.5954179,1
1,0.62828326,1
1,0.63005954,1
0,0.5983107,1
0,0.586607,1
0,0.4558842,0
0,0.6756433,1
0,0.7144688,1
0,0.5485778,1
1,0.5510484,1
1,0.4930721,0
1,0.57363355,1
1,0.6827759,1
0,0.50578755,1
1,0.5334092,1
1,0.5430729,1
0,0.11555978,0
0,0.13980564,0
0,0.11460626,0
0,0.14576484,0
1,0.27131635,0
0,0.71738464,1
0,0.7936053,1
1,0.78750825,1
1,0.7060213,1
0,0.36181927,0
0,0.53546816,1
1,0.60138005,1
1,0.7976152,1
1,0.6344065,1
1,0.76827735,1
1,0.63759714,1
1,0.788595,1
1,0.6987276,1
1,0.6929827,1
1,0.75577617,1
0,0.82613957,1
0,0.77873135,1
1,0.7944673,1
0,0.6406032,1
1,0.43492806,0
0,0.6163481,1
1,0.6717826,1
0,0.8079195,1
1,0.7435352,1
1,0.8446761,1
1,0.8378702,1
0,0.7594191,1
0,0.72649276,1
1,0.70854,1
1,0.7762607,1
1,0.8029223,1
0,0.8044989,1
1,0.8146796,1
1,0.605531,1
1,0.7532355,1
1,0.76498073,1
1,0.8065293,1
0,0.34797162,0
0,0.3274798,0
1,0.5857362,1
1,0.74522716,1
1,0.79205155,1
1,0.7680237,1
1,0.70949656,1
1,0.74431926,1
0,0.80340403,1
0,0.7714682,1
0,0.79589933,1
0,0.85454327,1
1,0.8754158,1
1,0.91350144,1
1,0.88780075,1
1,0.8623039,1
1,0.86512727,1
1,0.83004487,1
0,0.50128627,1
1,0.80220294,1
1,0.60126513,1
0,0.47219986,0
1,0.60239685,1
1,0.68360585,1
1,0.393683,0
0,0.40530986,0
1,0.56778014,1
0,0.3916215,0
1,0.6077423,1
0,0.41282216,0
0,0.4450681,0
0,0.3206064,0
0,0.6499501,1
0,0.4014949,0
0,0.27463284,0
1,0.19602749,0
0,0.5013156,1
0,0.54324204,1
1,0.57730097,1
0,0.39162034,0
0,0.27121106,0
0,0.5090344,1
0,0.5268872,1
0,0.4157314,0
0,0.41225412,0
0,0.5048442,1
0,0.41309834,0
1,0.49872842,0
1,0.5329772,1
0,0.36213982,0
1,0.6974461,1
1,0.3610966,0
0,0.6305399,1
0,0.44223067,0
1,0.42432648,0
0,0.5983186,1
1,0.33505744,0
1,0.55416507,1
1,0.6782843,1
1,0.69088966,1
0,0.7806606,1
1,0.81822133,1
1,0.74507505,1
1,0.68839467,1
1,0.7004726,1
1,0.68988806,1
1,0.67260367,1
1,0.66098684,1
1,0.48725775,0
0,0.21794865,0
1,0.3590091,0
1,0.5953341,1
0,0.63628536,1
0,0.6809786,1
1,0.2966529,0
1,0.52703744,1
1,0.3929,0
1,0.36879727,0
0,0.83507276,1
1,0.8335012,1
1,0.8653848,1
1,0.81900054,1
1,0.8485232,1
1,0.8716952,1
1,0.84581757,1
1,0.8080384,1
1,0.8068419,1
1,0.8608798,1
1,0.90796906,1
1,0.77099955,1
1,0.8172586,1
1,0.803291,1
0,0.8434316,1
0,0.9080874,1
0,0.8503103,1
1,0.85084325,1
1,0.81727695,1
0,0.87636775,1
1,0.83313674,1
1,0.90339375,1
1,0.85020214,1
1,0.8835333,1
1,0.9338988,1
1,0.8684589,1
0,0.89180464,1
1,0.89632374,1
1,0.895512,1
1,0.8163509,1
0,0.9038255,1
0,0.86075264,1
0,0.8962844,1
0,0.8918929,1
1,0.866969,1
1,0.7851568,1
1,0.8080905,1
1,0.72813874,1
1,0.78935486,1
1,0.80489874,1
1,0.81625956,1
1,0.76818585,1
0,0.40754262,0
0,0.6155489,1
1,0.7775373,1
1,0.7598592,1
1,0.73970795,1
1,0.75873107,1
1,0.7201026,1
1,0.77175045,1
1,0.6922063,1
0,0.6922277,1
1,0.7492922,1
0,0.7632931,1
1,0.80246466,1
1,0.818515,1
1,0.76336783,1
1,0.77753955,1
1,0.7506242,1
1,0.7843603,1
0,0.8052833,1
1,0.7780698,1
0,0.7871245,1
1,0.7282097,1
0,0.71998036,1
1,0.739791,1
1,0.779845,1
0,0.77561635,1
1,0.7582924,1
1,0.7494525,1
1,0.811986,1
1,0.82163805,1
1,0.7352391,1
1,0.79972833,1
0,0.74745923,1
1,0.88249856,1
1,0.7665384,1
1,0.72423035,1
1,0.8301734,1
1,0.7761295,1
1,0.79304814,1
1,0.74281025,1
0,0.642027,1
1,0.7458311,1
1,0.6431957,1
1,0.7350621,1
1,0.79239774,1
1,0.768125,1
1,0.770538,1
0,0.60522795,1
1,0.6906435,1
1,0.67552036,1
1,0.7543874,1
1,0.73747057,1
0,0.70055014,1
0,0.6943165,1
1,0.73177266,1
1,0.7195106,1
1,0.72571385,1
1,0.763452,1
1,0.7975481,1
1,0.7839128,1
1,0.7237377,1
1,0.7291229,1
1,0.70248216,1
1,0.75672346,1
0,0.80117095,1
1,0.73488986,1
1,0.74159545,1
1,0.7339119,1
1,0.7854378,1
0,0.80644375,1
0,0.7632738,1
1,0.6752359,1
1,0.7434769,1
1,0.82271534,1
0,0.8004143,1
1,0.7628171,1
1,0.8092481,1
1,0.7911078,1
1,0.80194765,1
1,0.7919371,1
1,0.78218734,1
0,0.79299235,1
0,0.69009304,1
0,0.78930736,1
1,0.7569383,1
1,0.67320186,1
0,0.8204457,1
1,0.7477158,1
1,0.639073,1
1,0.8096808,1
1,0.87127304,1
1,0.8072198,1
1,0.75267655,1
1,0.73585635,1
1,0.797462,1
1,0.74348,1
1,0.80768704,1
1,0.7235744,1
1,0.7541903,1
0,0.75315154,1
1,0.7474529,1
1,0.77731127,1
0,0.6830393,1
1,0.7584728,1
1,0.7640277,1
0,0.76295006,1
0,0.7637575,1
1,0.79401076,1
1,0.65916336,1
1,0.7569374,1
1,0.8024813,1
0,0.7896479,1
1,0.82560897,1
1,0.81347305,1
0,0.74185467,1
0,0.79666483,1
0,0.7849755,1
1,0.7345254,1
1,0.73686576,1
1,0.6881907,1
1,0.7816156,1
0,0.20585667,0
1,0.72966367,1
1,0.7315375,1
0,0.76059145,1
1,0.70557904,1
1,0.7040891,1
0,0.7780553,1
1,0.72962844,1
1,0.48126572,0
1,0.76120293,1
1,0.6119832,1
0,0.6978387,1
1,0.7764169,1
0,0.7354377,1
1,0.7599906,1
1,0.7483947,1
0,0.74688774,1
1,0.7736347,1
1,0.7659274,1
1,0.8388565,1
0,0.58492863,1
0,0.6951174,1
1,0.7818532,1
1,0.81185895,1
1,0.8234262,1
1,0.728352,1
1,0.79386115,1
0,0.7559601,1
0,0.7839229,1
1,0.76110536,1
1,0.7115915,1
1,0.72708666,1
1,0.7790917,1
1,0.80063754,1
1,0.79444677,1
1,0.55044127,1
1,0.71989214,1
1,0.69428474,1
1,0.7045935,1
1,0.6362772,1
1,0.7076904,1
1,0.7086428,1
1,0.65665084,1
1,0.75927657,1
1,0.8101496,1
1,0.62059516,1
0,0.7400936,1
1,0.7632678,1
1,0.52016795,1
1,0.7222564,1
0,0.7846328,1
1,0.7483633,1
1,0.75582564,1
1,0.70622545,1
0,0.79275525,1
0,0.6662872,1
0,0.4616036,0
1,0.7001853,1
1,0.7802287,1
1,0.68494153,1
0,0.77896386,1
1,0.6754302,1
1,0.7760406,1
0,0.038261287,0
1,0.76916325,1
0,0.71095467,1
0,0.74015176,1
1,0.6879236,1
1,0.73222214,1
1,0.75023544,1
0,0.6258011,1
0,0.77300763,1
1,0.74603367,1
1,0.7128701,1
0,0.722945,1
0,0.7067669,1
0,0.6936377,1
1,0.71310735,1
1,0.685905,1
1,0.6490605,1
1,0.6711926,1
1,0.6613271,1
1,0.6640224,1
1,0.7138107,1
1,0.67481285,1
1,0.63658047,1
1,0.6570733,1
1,0.64015216,1
1,0.70791876,1
1,0.7670239,1
1,0.70185184,1
1,0.71661913,1
0,0.6778041,1
1,0.72165734,1
1,0.71326834,1
1,0.64685434,1
1,0.7043598,1
1,0.73782974,1
1,0.8137318,1
1,0.6579974,1
1,0.73722005,1
0,0.66393495,1
0,0.70232165,1
1,0.76622176,1
1,0.79507524,1
0,0.7206651,1
1,0.69983166,1
0,0.7288357,1
1,0.7545331,1
0,0.24229361,0
0,0.58944136,1
1,0.521335,1
1,0.7040927,1
1,0.7612431,1
0,0.76642376,1
0,0.7492628,1
1,0.7901415,1
1,0.75439245,1
0,0.8044556,1
1,0.8336804,1
1,0.8436727,1
1,0.85132307,1
0,0.18658653,0
0,0.13505241,0
0,0.31489927,0
1,0.33123785,0
0,0.5894779,1
0,0.5923717,1
0,0.46776426,0
0,0.60531116,1
0,0.6994858,1
1,0.7551629,1
0,0.72044325,1
1,0.6483377,1
1,0.6519436,1
1,0.7652582,1
1,0.7125177,1
0,0.6911003,1
1,0.72209734,1
0,0.7284856,1
1,0.7726998,1
1,0.63788193,1
0,0.7405644,1
0,0.74434596,1
1,0.65280116,1
1,0.5205543,1
1,0.7325834,1
1,0.72823423,1
1,0.7920263,1
1,0.7208318,1
0,0.581495,1
0,0.7187813,1
0,0.7890493,1
0,0.83925784,1
0,0.76559156,1
0,0.82785636,1
0,0.8862725,1
1,0.8534555,1
1,0.8475831,1
1,0.845194,1
0,0.80191636,1
1,0.69132024,1
1,0.64084125,1
0,0.7138316,1
1,0.67540973,1
1,0.66620636,1
1,0.71725905,1
1,0.67403436,1
1,0.6300397,1
1,0.7490763,1
1,0.55616915,1
0,0.59745586,1
0,0.68479013,1
1,0.68133134,1
1,0.7154895,1
1,0.74331856,1
1,0.76288915,1
1,0.70984674,1
1,0.76193106,1
1,0.8257208,1
1,0.8640744,1
0,0.85992974,1
1,0.7178458,1
1,0.7467558,1
1,0.7492396,1
1,0.70364594,1
1,0.75500506,1
1,0.7045264,1
1,0.69086087,1
1,0.62240106,1
1,0.7198288,1
0,0.8154168,1
1,0.793863,1
0,0.1804307,0
0,0.20255238,0
0,0.20869851,0
0,0.25627935,0
0,0.29992378,0
1,0.45047125,0
1,0.27884153,0
1,0.7233798,1
1,0.5800632,1
0,0.7731216,1
0,0.80734843,1
1,0.68985075,1
1,0.6851691,1
1,0.6865207,1
1,0.72945887,1
1,0.7599811,1
1,0.5879209,1
1,0.42271113,0
0,0.6137248,1
1,0.71469253,1
1,0.68926436,1
1,0.6930919,1
1,0.66585934,1
0,0.6506869,1
1,0.11119563,0
1,0.31437865,0
1,0.47847977,0
1,0.7391536,1
1,0.7862319,1
1,0.54626447,1
1,0.4594201,0
0,0.56711495,1
1,0.69510746,1
1,0.66943514,1
1,0.804002,1
1,0.7802706,1
1,0.8487464,1
1,0.29595178,0
0,0.37233263,0
1,0.8045877,1
0,0.16699952,0
0,0.17741373,0
0,0.18746148,0
1,0.15467672,0
1,0.7708556,1
1,0.7447632,1
0,0.1599343,0
1,0.39093637,0
0,0.26265183,0
0,0.1126029,0
0,0.19410136,0
0,0.2297456,0
1,0.63752514,1
1,0.6727359,1
1,0.8151841,1
1,0.76948696,1
1,0.86924976,1
0,0.82030237,1
0,0.40099397,0
1,0.6435091,1
1,0.5452271,1
1,0.9123417,1
0,0.4786415,0
0,0.43722147,0
0,0.50298554,1
1,0.41085625,0
0,0.63819975,1
1,0.609515,1
0,0.65455896,1
1,0.63676274,1
1,0.6398791,1
0,0.64496267,1
1,0.5364659,1
0,0.46631932,0
0,0.5599213,1
1,0.57555467,1
0,0.4148049,0
0,0.47538114,0
0,0.66607165,1
1,0.51734143,1
1,0.8001613,1
1,0.8040717,1
0,0.4580916,0
1,0.71558136,1
1,0.46138304,0
1,0.78521645,1
1,0.7605397,1
0,0.20417067,0
0,0.06379779,0
0,0.06698902,0
0,0.05157015,0
0,0.23071755,0
1,0.31244987,0
1,0.3522332,0
0,0.15540777,0
1,0.42887497,0
1,0.65479946,1
0,0.19435053,0
0,0.2041246,0
0,0.19118951,0
0,0.081702635,0
0,0.17511265,0
0,0.0866487,0
0,0.06193979,0
1,0.71499205,1
1,0.8312631,1
1,0.8124439,1
1,0.76508856,1
1,0.81425256,1
1,0.80016834,1
1,0.76990646,1
0,0.6951449,1
1,0.59640026,1
0,0.66827315,1
1,0.7751784,1
0,0.78404033,1
0,0.8364521,1
0,0.78474504,1
0,0.8121608,1
1,0.7679233,1
1,0.81281954,1
0,0.829282,1
1,0.75907767,1
1,0.82893074,1
0,0.55474186,1
0,0.4357456,0
0,0.4236716,0
0,0.3860285,0
0,0.14878277,0
0,0.15267707,0
1,0.53966045,1
1,0.8871093,1
1,0.824872,1
1,0.8877915,1
1,0.882237,1
1,0.8947468,1
1,0.8435974,1
1,0.81900775,1
1,0.636874,1
1,0.6741122,1
1,0.46528426,0
1,0.2904084,0
0,0.2731365,0
0,0.15551387,0
0,0.739517,1
0,0.34937084,0
1,0.4010949,0
0,0.49156973,0
1,0.6193786,1
1,0.56742007,1
1,0.5194353,1
0,0.30358574,0
0,0.16232435,0
0,0.20883526,0
0,0.34852427,0
0,0.43961543,0
0,0.4836028,0
0,0.08446057,0
0,0.39916724,0
0,0.40622437,0
0,0.27505285,0
1,0.34873888,0
0,0.17580435,0
1,0.47423574,0
0,0.6517999,1
0,0.69584465,1
0,0.48112595,0
0,0.1361804,0
0,0.30439878,0
0,0.49262798,0
0,0.18414144,0
0,0.47249633,0
0,0.5400023,1
0,0.83122796,1
0,0.65988404,1
0,0.38754344,0
0,0.22502604,0
0,0.36402076,0
1,0.3757807,0
0,0.2092327,0
0,0.38405234,0
0,0.16373101,0
0,0.34084895,0
0,0.34552518,0
1,0.6720697,1
1,0.7110182,1
1,0.73404354,1
1,0.8941416,1
0,0.86124015,1
1,0.77211154,1
1,0.7832468,1
1,0.8444233,1
1,0.7225957,1
1,0.8215227,1
1,0.5643652,1
1,0.79517907,1
0,0.70690984,1
1,0.6329984,1
1,0.833358,1
0,0.72115034,1
1,0.7821731,1
0,0.63800675,1
0,0.5785845,1
1,0.5566945,1
1,0.762554,1
1,0.7490122,1
1,0.7406646,1
1,0.8013706,1
1,0.8035775,1
1,0.7224127,1
1,0.65615904,1
1,0.66192216,1
1,0.7050277,1
1,0.79620415,1
0,0.6833607,1
0,0.6733458,1
0,0.60254246,1
1,0.67604834,1
1,0.72222054,1
1,0.74762005,1
1,0.71863616,1
1,0.68201995,1
0,0.6757278,1
1,0.36305216,0
0,0.3044405,0
0,0.21696746,0
0,0.21672125,0
1,0.2038886,0
1,0.08184836,0
0,0.18662159,0
1,0.21947677,0
0,0.2952347,0
0,0.23810714,0
0,0.33250278,0
0,0.3720438,0
0,0.10412495,0
0,0.019089537,0
0,0.04647074,0
0,0.046985123,0
0,0.038811095,0
0,0.09179426,0
0,0.4245624,0
0,0.052422717,0
0,0.08298262,0
1,0.15426274,0
1,0.34086102,0
1,0.66761833,1
1,0.30357358,0
0,0.19214931,0
0,0.3308651,0
0,0.032342147,0
1,0.20776518,0
0,0.20160519,0
0,0.55892456,1
1,0.6718283,1
1,0.8302289,1
1,0.86424166,1
1,0.86717,1
1,0.8134275,1
1,0.78903705,1
1,0.8666303,1
1,0.77760315,1
0,0.45153445,0
1,0.24513844,0
1,0.8332491,1
1,0.79312116,1
0,0.51090044,1
0,0.22282836,0
1,0.3675905,0
0,0.09727984,0
1,0.8359118,1
1,0.86598116,1
1,0.33779418,0
1,0.22632179,0
1,0.15444025,0
1,0.8795629,1
0,0.63232654,1
0,0.6773044,1
0,0.7795205,1
1,0.6953699,1
1,0.57054794,1
1,0.6445703,1
0,0.4268741,0
1,0.66862196,1
1,0.6881487,1
1,0.8532725,1
1,0.817566,1
1,0.8296806,1
1,0.8208229,1
1,0.7782401,1
1,0.46541616,0
1,0.54113793,1
1,0.47144794,0
0,0.5388383,1
1,0.31111357,0
0,0.542912,1
1,0.60501194,1
1,0.43572894,0
0,0.5430813,1
0,0.42933485,0
0,0.34427413,0
1,0.6966626,1
0,0.8044534,1
0,0.62992245,1
1,0.7681768,1
0,0.64439136,1
1,0.7201278,1
1,0.786332,1
1,0.7352082,1
1,0.8500056,1
1,0.78940016,1
1,0.8179242,1
1,0.7910099,1
1,0.86600935,1
1,0.79475176,1
1,0.8281075,1
1,0.7801835,1
1,0.8429183,1
1,0.8167181,1
1,0.76672983,1
0,0.8175679,1
1,0.8641944,1
0,0.8294205,1
1,0.7540156,1
1,0.7792287,1
1,0.8029571,1
1,0.79838824,1
1,0.7779275,1
1,0.85912377,1
1,0.85986763,1
1,0.8022502,1
1,0.75271624,1
1,0.82230294,1
1,0.82545036,1
1,0.8302848,1
0,0.83578396,1
0,0.7975544,1
1,0.81589156,1
1,0.8148995,1
1,0.82115424,1
1,0.814487,1
1,0.84499276,1
1,0.83224803,1
1,0.7655918,1
1,0.80321014,1
1,0.76942885,1
1,0.83205247,1
1,0.2747859,0
1,0.14955708,0
0,0.40793535,0
0,0.57978064,1
1,0.13981448,0
1,0.7017458,1
0,0.275008,0
0,0.20893088,0
1,0.9121211,1
0,0.15569721,0
1,0.76263857,1
1,0.711603,1
1,0.78924906,1
1,0.61494315,1
1,0.51922774,1
1,0.8052219,1
1,0.7146386,1
1,0.6503621,1
1,0.74009764,1
1,0.7259184,1
1,0.7701282,1
0,0.7141568,1
1,0.64808905,1
1,0.74740404,1
1,0.6852118,1
1,0.76175916,1
1,0.62548625,1
1,0.58700055,1
1,0.7576187,1
1,0.75937533,1
1,0.7932625,1
1,0.7663396,1
1,0.80346435,1
1,0.79731405,1
1,0.49592692,0
1,0.29255077,0
1,0.6090045,1
1,0.7430619,1
1,0.7653301,1
1,0.74093187,1
1,0.7649427,1
0,0.75333434,1
1,0.7104273,1
0,0.81752,1
1,0.85047626,1
1,0.8382593,1
1,0.8538315,1
1,0.8810072,1
1,0.83965224,1
1,0.91051567,1
1,0.89334637,1
1,0.8248854,1
1,0.512875,1
0,0.70532143,1
1,0.7873866,1
1,0.75039953,1
1,0.7784154,1
0,0.8206333,1
0,0.6984745,1
1,0.51160175,1
1,0.84413207,1
0,0.7480846,1
1,0.83619976,1
1,0.8071265,1
1,0.7416858,1
1,0.82148236,1
1,0.7955728,1
1,0.7938184,1
0,0.6781077,1
0,0.6763108,1
1,0.79285073,1
1,0.74704915,1
1,0.8091688,1
1,0.8376119,1
1,0.80278534,1
1,0.78055173,1
1,0.650148,1
1,0.7545112,1
1,0.7425584,1
1,0.53035504,1
1,0.5862264,1
0,0.74717325,1
1,0.76445496,1
0,0.7947443,1
1,0.82903606,1
0,0.8011289,1
1,0.84085876,1
1,0.7568698,1
1,0.8080404,1
0,0.76709956,1
0,0.7884781,1
0,0.8390271,1
1,0.78445953,1
1,0.8427452,1
1,0.8071183,1
1,0.64591986,1
1,0.7884629,1
0,0.7411282,1
0,0.7541612,1
1,0.8206583,1
1,0.8397058,1
1,0.8390756,1
1,0.81252855,1
1,0.7564119,1
1,0.84468216,1
1,0.8923604,1
0,0.77264434,1
1,0.7150164,1
0,0.3293509,0
1,0.7059936,1
0,0.7416412,1
0,0.6958254,1
0,0.6800654,1
1,0.8415075,1
1,0.75733835,1
0,0.2135947,0
1,0.73122954,1
1,0.74545187,1
1,0.73812544,1
0,0.7121225,1
0,0.63775104,1
1,0.64493746,1
1,0.696945,1
0,0.71026576,1
1,0.70570225,1
0,0.57904494,1
0,0.55043083,1
0,0.47584718,0
1,0.30649906,0
0,0.509861,1
0,0.25250408,0
0,0.23500426,0
1,0.46155524,0
1,0.790089,1
1,0.7700878,1
0,0.8916471,1
0,0.8838527,1
0,0.84050924,1
0,0.7900631,1
1,0.7820598,1
0,0.907803,1
1,0.83247334,1
1,0.9283675,1
1,0.8241677,1
1,0.8466153,1
1,0.906804,1
1,0.8992315,1
1,0.90790343,1
1,0.96366686,1
1,0.9392868,1
1,0.9087637,1
0,0.9239133,1
1,0.8667107,1
1,0.9226676,1
0,0.90616953,1
0,0.8378072,1
1,0.9157593,1
1,0.7289488,1
1,0.8626447,1
1,0.85480523,1
1,0.8864627,1
1,0.90591204,1
1,0.9199857,1
1,0.9005785,1
1,0.8736467,1
1,0.81262463,1
1,0.88116795,1
1,0.8858047,1
1,0.8979397,1
1,0.89023495,1
1,0.8734546,1
1,0.8967394,1
1,0.9145508,1
1,0.88012874,1
1,0.9022251,1
1,0.9576302,1
1,0.88024724,1
1,0.96590745,1
0,0.94335395,1
1,0.96185845,1
1,0.9289677,1
0,0.9632276,1
0,0.9518729,1
1,0.9684464,1
1,0.92406064,1
1,0.9669562,1
1,0.96296203,1
1,0.96107316,1
1,0.9441952,1
1,0.9299139,1
1,0.92890626,1
0,0.9603338,1
1,0.9691405,1
1,0.94217277,1
1,0.87284166,1
0,0.9154428,1
1,0.9690592,1
1,0.9225476,1
1,0.71297526,1
1,0.66887075,1
0,0.19694357,0
0,0.15072295,0
1,0.29086933,0
0,0.05761625,0
0,0.4022736,0
0,0.6907228,1
0,0.24191561,0
0,0.24135374,0
0,0.053372364,0
1,0.8139494,1
1,0.37836552,0
0,0.25948057,0
0,0.042593464,0
1,0.55190676,1
0,0.20276146,0
0,0.6582542,1
1,0.06695082,0
0,0.27215534,0
0,0.76455295,1
0,0.6594205,1
1,0.70879674,1
0,0.79343873,1
1,0.40209773,0
0,0.586422,1
1,0.7822542,1
1,0.58473915,1
1,0.7189489,1
1,0.7636165,1
1,0.7965028,1
1,0.25458103,0
1,0.80668163,1
1,0.8354824,1
1,0.78554595,1
1,0.8775244,1
1,0.8963144,1
1,0.8644813,1
1,0.81708354,1
1,0.81038016,1
0,0.83861023,1
1,0.8552742,1
0,0.36485013,0
1,0.7144529,1
1,0.8210527,1
1,0.86449766,1
1,0.70431143,1
1,0.7421452,1
1,0.6476386,1
0,0.36710915,0
1,0.7180601,1
0,0.7431511,1
1,0.7171786,1
1,0.63557565,1
0,0.6659389,1
1,0.7460603,1
0,0.39322427,0
0,0.48484477,0
0,0.34823743,0
1,0.33867967,0
0,0.46278024,0
0,0.6697766,1
1,0.80037415,1
1,0.8470276,1
1,0.9381053,1
1,0.9497302,1
1,0.9347503,1
1,0.8397313,1
1,0.33738738,0
0,0.4025267,0
0,0.6637604,1
0,0.3095867,0
1,0.7265126,1
1,0.7763445,1
0,0.76887304,1
1,0.7173436,1
1,0.32699245,0
0,0.5769867,1
0,0.27427438,0
1,0.7980178,1
1,0.74101603,1
1,0.74925536,1
1,0.71473086,1
1,0.67146766,1
0,0.0516539,0
1,0.5527733,1
0,0.24051107,0
1,0.7288507,1
0,0.5419715,1
1,0.12295659,0
1,0.622408,1
0,0.09165253,0
0,0.2406535,0
1,0.52541655,1
0,0.23655787,0
1,0.92533076,1
1,0.5156413,1
1,0.58488715,1
0,0.24476081,0
0,0.27342743,0
0,0.31968588,0
0,0.25395286,0
1,0.6593577,1
1,0.6616669,1
1,0.65620065,1
0,0.88924915,1
0,0.59284544,1
1,0.9022366,1
1,0.8769529,1
1,0.7327167,1
1,0.3462449,0
0,0.708503,1
1,0.939477,1
1,0.87310475,1
1,0.8525758,1
1,0.8771407,1
1,0.9262421,1
1,0.90313864,1
1,0.867304,1
0,0.8531595,1
1,0.80222374,1
0,0.8362101,1
1,0.86668485,1
0,0.8359277,1
0,0.7832944,1
1,0.82202625,1
1,0.84940714,1
1,0.8811311,1
1,0.42354703,0
1,0.84180206,1
1,0.8019684,1
0,0.7606324,1
0,0.7469751,1
1,0.75044346,1
0,0.73216236,1
0,0.41170016,0
1,0.76679707,1
1,0.79000574,1
1,0.39837,0
1,0.79554594,1
0,0.36645684,0
1,0.66453075,1
1,0.7092279,1
1,0.74594563,1
1,0.697127,1
1,0.6476014,1
0,0.67217547,1
0,0.7862922,1
0,0.7866656,1
0,0.79160225,1
1,0.8169581,1
1,0.8088193,1
1,0.8555295,1
0,0.6828713,1
0,0.57368475,1
1,0.8478588,1
0,0.6823292,1
0,0.703693,1
1,0.76370025,1
1,0.6622582,1
1,0.424656,0
1,0.6137252,1
1,0.605549,1
1,0.74382466,1
0,0.7176536,1
0,0.7172705,1
1,0.6788023,1
1,0.79258937,1
1,0.7539929,1
1,0.7076766,1
1,0.7127795,1
1,0.70917535,1
1,0.78292483,1
1,0.76646954,1
1,0.6540915,1
0,0.8123538,1
1,0.847708,1
0,0.81787217,1
1,0.8728859,1
0,0.8913221,1
1,0.86054474,1
1,0.876204,1
0,0.8620297,1
1,0.8698879,1
1,0.8010652,1
1,0.8792924,1
0,0.8289735,1
0,0.8126219,1
1,0.8779781,1
1,0.8206709,1
0,0.82772785,1
1,0.8707432,1
0,0.8292048,1
1,0.82194275,1
0,0.8575977,1
1,0.74422735,1
0,0.8312054,1
0,0.8695042,1
0,0.856978,1
1,0.8495052,1
0,0.8913779,1
0,0.79626596,1
1,0.81339794,1
0,0.8256709,1
1,0.85043025,1
0,0.864249,1
0,0.8696407,1
1,0.8482234,1
1,0.7990529,1
0,0.81593496,1
0,0.83414996,1
1,0.8443987,1
0,0.7934056,1
1,0.82035565,1
1,0.8277397,1
1,0.8053824,1
1,0.78324187,1
1,0.79659605,1
0,0.799852,1
0,0.83679825,1
0,0.8555887,1
1,0.836787,1
1,0.8650883,1
1,0.842198,1
1,0.8781433,1
1,0.85580224,1
1,0.8551702,1
0,0.86469823,1
1,0.8519078,1
1,0.82596445,1
0,0.85888636,1
0,0.86658245,1
1,0.8693244,1
1,0.8644646,1
1,0.8550792,1
1,0.88870895,1
1,0.8592056,1
1,0.81265306,1
1,0.85376,1
1,0.7943526,1
1,0.8593163,1
1,0.8380728,1
1,0.8251069,1
1,0.87269056,1
1,0.8435121,1
1,0.8329305,1
1,0.8052706,1
1,0.83838755,1
0,0.8917073,1
1,0.7921918,1
0,0.86095124,1
1,0.8012425,1
0,0.8439672,1
0,0.87282574,1
1,0.8447821,1
1,0.79119074,1
1,0.8155326,1
1,0.8120494,1
0,0.85715306,1
0,0.71452165,1
1,0.858622,1
1,0.80078256,1
1,0.7516411,1
1,0.7425288,1
1,0.8208555,1
0,0.8395966,1
0,0.8224452,1
0,0.7585066,1
1,0.7688509,1
1,0.8045478,1
0,0.81817544,1
0,0.8292055,1
1,0.8214941,1
1,0.78168565,1
1,0.80031306,1
1,0.8367272,1
0,0.79999876,1
1,0.85399115,1
1,0.88757575,1
1,0.80076414,1
1,0.7913863,1
0,0.85862184,1
0,0.830151,1
1,0.8390257,1
1,0.8105992,1
1,0.8457657,1
0,0.78191555,1
1,0.8091435,1
1,0.77837807,1
1,0.7990312,1
0,0.8233972,1
1,0.24106166,0
0,0.7560678,1
1,0.7454714,1
1,0.78632474,1
1,0.7916057,1
0,0.6180863,1
1,0.85683954,1
1,0.6195124,1
1,0.9178613,1
1,0.8768872,1
1,0.6384776,1
0,0.7962118,1
0,0.82475066,1
1,0.7947457,1
0,0.6279264,1
1,0.74320894,1
1,0.8363282,1
1,0.7805095,1
0,0.7203993,1
1,0.75692433,1
1,0.8163866,1
0,0.723019,1
1,0.7483787,1
1,0.86685044,1
1,0.8561696,1
0,0.86096734,1
0,0.24204844,0
1,0.71953493,1
1,0.7187436,1
1,0.7379717,1
1,0.70736855,1
0,0.727091,1
1,0.3243655,0
1,0.60202014,1
1,0.6127743,1
1,0.6706028,1
0,0.74763006,1
1,0.701214,1
1,0.68425924,1
1,0.7452635,1
1,0.8176379,1
1,0.7083537,1
0,0.5664549,1
1,0.82478184,1
1,0.6881644,1
1,0.72688556,1
1,0.8167062,1
1,0.78040606,1
1,0.8082236,1
1,0.7745286,1
1,0.8600071,1
1,0.81138235,1
1,0.724623,1
1,0.7471399,1
1,0.8097062,1
1,0.7371611,1
1,0.7564153,1
1,0.7459381,1
1,0.8167205,1
0,0.6945898,1
1,0.7157859,1
1,0.71984816,1
1,0.7230084,1
1,0.7184031,1
0,0.7578652,1
1,0.7254178,1
1,0.6953485,1
0,0.72107506,1
1,0.7269766,1
1,0.78881097,1
1,0.8251958,1
1,0.75459963,1
0,0.7997491,1
1,0.7455226,1
0,0.7682037,1
1,0.70314556,1
1,0.83619404,1
0,0.7254313,1
1,0.7914956,1
0,0.6907617,1
0,0.7045236,1
1,0.7598458,1
1,0.79867804,1
1,0.76112485,1
1,0.72984123,1
1,0.6297193,1
1,0.68403244,1
1,0.68687016,1
1,0.76649797,1
1,0.7435346,1
1,0.7458289,1
1,0.78137285,1
1,0.78925663,1
1,0.7955436,1
1,0.75491476,1
1,0.7780361,1
1,0.7888194,1
1,0.66788054,1
0,0.6863866,1
1,0.83823186,1
1,0.7787875,1
1,0.74598426,1
1,0.73467815,1
1,0.66377527,1
0,0.6397781,1
1,0.80348396,1
1,0.3197929,0
0,0.72891974,1
1,0.7441091,1
1,0.4936013,0
0,0.44508132,0
1,0.5356527,1
0,0.34593135,0
0,0.3372587,0
0,0.19127615,0
1,0.36266002,0
0,0.12863512,0
0,0.5406057,1
1,0.11000418,0
0,0.48532468,0
1,0.08742989,0
0,0.32246858,0
0,0.3437719,0
0,0.17135043,0
1,0.5941188,1
1,0.7580968,1
1,0.6874015,1
1,0.61786777,1
1,0.7310015,1
1,0.83142155,1
1,0.6105803,1
1,0.7643499,1
1,0.5814347,1
0,0.48679054,0
1,0.5988267,1
1,0.6792422,1
1,0.76427555,1
1,0.6435235,1
0,0.5426895,1
1,0.5995744,1
0,0.6392286,1
1,0.6029204,1
0,0.6162234,1
0,0.52979803,1
1,0.66762084,1
1,0.74758995,1
0,0.7672354,1
1,0.657366,1
1,0.63491637,1
1,0.5623138,1
1,0.5780296,1
0,0.69252145,1
1,0.6702539,1
0,0.6256,1
1,0.66636646,1
0,0.6678341,1
1,0.6713921,1
0,0.63813317,1
0,0.5373581,1
1,0.7220464,1
1,0.62647635,1
0,0.6927868,1
1,0.70692164,1
1,0.6901149,1
0,0.40283343,0
1,0.734089,1
0,0.7776054,1
0,0.75049925,1
0,0.6981052,1
0,0.6763878,1
1,0.7443326,1
0,0.7943917,1
0,0.6266154,1
1,0.56199485,1
1,0.59506434,1
0,0.8371451,1
0,0.14977066,0
1,0.12413558,0
0,0.6306356,1
0,0.2571343,0
0,0.056486204,0
0,0.06740441,0
1,0.3854276,0
1,0.70423234,1
0,0.5658513,1
1,0.6980401,1
0,0.61304134,1
1,0.6306691,1
0,0.25813153,0
0,0.105619,0
0,0.18824257,0
0,0.18017864,0
0,0.23937605,0
0,0.7258741,1
1,0.5097098,1
1,0.8331528,1
1,0.8022727,1
1,0.5441046,1
1,0.78047997,1
0,0.077130355,0
0,0.2815556,0
0,0.09651638,0
1,0.06955316,0
1,0.65558285,1
0,0.64835274,1
0,0.12722854,0
0,0.4534438,0
0,0.46336275,0
0,0.70150495,1
1,0.5438171,1
0,0.17691392,0
1,0.74042207,1
1,0.8278189,1
0,0.69637,1
1,0.58237195,1
1,0.7806336,1
1,0.5179454,1
1,0.33823952,0
1,0.68936574,1
1,0.6182565,1
0,0.5931928,1
1,0.6391559,1
1,0.8084569,1
1,0.73023236,1
1,0.6954635,1
1,0.7847935,1
1,0.74641585,1
1,0.6157392,1
1,0.5956395,1
0,0.5973478,1
1,0.57996607,1
1,0.6546904,1
1,0.49770585,0
1,0.70555925,1
1,0.72747034,1
1,0.76296484,1
1,0.773685,1
1,0.74410576,1
1,0.6701379,1
1,0.62625825,1
1,0.6993166,1
1,0.59298056,1
1,0.5616003,1
1,0.5594434,1
1,0.5594559,1
1,0.6725677,1
1,0.66360927,1
1,0.5922016,1
1,0.5072553,1
1,0.70155954,1
1,0.80778795,1
1,0.64577025,1
0,0.63158524,1
1,0.49038154,0
0,0.6095654,1
1,0.61611253,1
1,0.6193131,1
1,0.5772473,1
1,0.5340042,1
1,0.5491378,1
1,0.520053,1
1,0.56071407,1
1,0.58509505,1
1,0.6700743,1
1,0.70499086,1
0,0.65178686,1
1,0.78342724,1
1,0.71507454,1
1,0.7252748,1
1,0.8283143,1
1,0.73555464,1
1,0.6951578,1
1,0.7357211,1
1,0.6064182,1
1,0.5970378,1
1,0.62921846,1
1,0.51985574,1
1,0.44908115,0
0,0.65807384,1
1,0.54954445,1
1,0.54286355,1
0,0.695303,1
0,0.70586956,1
0,0.6734193,1
0,0.5907329,1
1,0.48150656,0
0,0.6674465,1
1,0.6353242,1
0,0.40131035,0
1,0.51328677,1
1,0.23912248,0
1,0.6902496,1
1,0.5864721,1
1,0.48201782,0
1,0.4486685,0
1,0.631657,1
0,0.39798144,0
0,0.23045504,0
1,0.7237155,1
0,0.092878304,0
0,0.07870672,0
0,0.5216794,1
0,0.27313766,0
0,0.1914291,0
0,0.17566945,0
0,0.16885383,0
1,0.4618788,0
1,0.7120749,1
1,0.30486858,0
0,0.56551784,1
1,0.84485847,1
1,0.7937487,1
1,0.80796576,1
0,0.4127589,0
0,0.4171965,0
0,0.67061305,1
0,0.7498889,1
0,0.6406764,1
1,0.62172073,1
1,0.39975107,0
0,0.19047381,0
0,0.57965523,1
0,0.33276767,0
0,0.26483083,0
0,0.6585856,1
0,0.39547062,0
0,0.4063082,0
1,0.6071912,1
0,0.2883653,0
1,0.28320667,0
0,0.32591864,0
1,0.5650277,1
0,0.7108569,1
0,0.69258785,1
0,0.3678461,0
1,0.38155296,0
0,0.24767192,0
1,0.6781921,1
1,0.6674739,1
0,0.61956316,1
1,0.728285,1
0,0.79254305,1
1,0.63510233,1
0,0.6732065,1
1,0.7815193,1
1,0.77510035,1
1,0.7881541,1
1,0.82557845,1
1,0.7082566,1
1,0.6442594,1
1,0.74797297,1
1,0.74925846,1
1,0.75666475,1
0,0.70972663,1
0,0.69481015,1
0,0.767419,1
0,0.5527919,1
1,0.7503348,1
1,0.713932,1
1,0.6569348,1
0,0.7379848,1
0,0.83024114,1
0,0.68973255,1
0,0.6752092,1
0,0.5146036,1
0,0.7755886,1
0,0.7167495,1
1,0.7969902,1
1,0.7044321,1
1,0.6630556,1
1,0.80498505,1
0,0.8992146,1
1,0.8583005,1
1,0.843574,1
1,0.78041553,1
1,0.86423004,1
1,0.824501,1
0,0.83072907,1
0,0.717078,1
0,0.846036,1
0,0.8348015,1
1,0.8084108,1
1,0.8639244,1
1,0.7328001,1
1,0.72561705,1
1,0.31744504,0
0,0.8415926,1
1,0.8395653,1
1,0.86122614,1
0,0.9136875,1
1,0.819759,1
1,0.6863092,1
0,0.48633796,0
0,0.36208063,0
0,0.37353078,0
0,0.23942973,0
0,0.36361265,0
0,0.42427245,0
1,0.3370316,0
0,0.3584803,0
0,0.22785205,0
0,0.23962048,0
0,0.5347217,1
0,0.40275458,0
0,0.6228985,1
0,0.28692827,0
0,0.24488723,0
0,0.29924428,0
0,0.13906647,0
1,0.7819352,1
0,0.72040534,1
1,0.6551111,1
1,0.65309834,1
1,0.87588507,1
1,0.8911017,1
1,0.8652495,1
1,0.7504412,1
1,0.5720149,1
0,0.81057185,1
0,0.8376901,1
0,0.49257305,0
0,0.6817534,1
0,0.7216649,1
1,0.7352612,1
1,0.8237647,1
1,0.78122056,1
1,0.7587047,1
0,0.70371616,1
0,0.67293656,1
1,0.7675656,1
0,0.7591662,1
1,0.749112,1
1,0.6900862,1
1,0.7561764,1
0,0.8330335,1
1,0.85944337,1
1,0.56940055,1
0,0.6910445,1
1,0.79101884,1
1,0.7033414,1
1,0.6921164,1
0,0.6889732,1
1,0.68251044,1
0,0.7664693,1
1,0.80780995,1
1,0.8362067,1
0,0.73946273,1
1,0.81651187,1
1,0.8114735,1
1,0.6881956,1
1,0.73315436,1
1,0.6683906,1
1,0.7190881,1
1,0.69374335,1
0,0.7610962,1
1,0.83221185,1
1,0.70109576,1
1,0.7012309,1
0,0.72465485,1
0,0.71126574,1
1,0.67909837,1
1,0.68716633,1
0,0.70400697,1
1,0.6168164,1
0,0.59224373,1
0,0.66385144,1
0,0.7438949,1
0,0.66298884,1
0,0.6944355,1
1,0.7738249,1
1,0.7704006,1
1,0.76396024,1
0,0.7114023,1
1,0.79142976,1
1,0.2405803,0
1,0.7308813,1
1,0.6716959,1
1,0.72132975,1
1,0.66883534,1
1,0.9447315,1
0,0.8828376,1
1,0.8904313,1
1,0.84829694,1
1,0.8336374,1
0,0.80634487,1
1,0.7986389,1
1,0.750965,1
0,0.8459065,1
0,0.59032536,1
1,0.6961455,1
1,0.5759182,1
1,0.6482541,1
1,0.72879916,1
1,0.8181771,1
1,0.88210654,1
1,0.82672304,1
0,0.8662065,1
1,0.92144936,1
1,0.8552069,1
1,0.7981164,1
1,0.79145145,1
1,0.82736856,1
1,0.8416548,1
1,0.9014656,1
0,0.84378326,1
0,0.8436016,1
0,0.8023766,1
1,0.74088734,1
1,0.56557214,1
1,0.8503102,1
1,0.72688466,1
1,0.8412199,1
1,0.8807834,1
1,0.8415347,1
1,0.89087373,1
0,0.87649935,1
1,0.8440174,1
0,0.7766043,1
1,0.79721445,1
0,0.86595285,1
1,0.8115831,1
1,0.86484385,1
1,0.8535102,1
1,0.9109782,1
1,0.86261976,1
1,0.8260592,1
0,0.7911047,1
1,0.8111849,1
1,0.873229,1
1,0.9106732,1
1,0.8817941,1
1,0.8795078,1
1,0.8794058,1
1,0.8953309,1
1,0.8253482,1
1,0.8076702,1
1,0.81241757,1
0,0.77582866,1
0,0.76899356,1
1,0.6883455,1
0,0.50136656,1
1,0.8199105,1
1,0.79176426,1
1,0.8577935,1
1,0.82025206,1
1,0.7223941,1
1,0.752951,1
1,0.82693094,1
1,0.67434525,1
1,0.5543966,1
0,0.70123583,1
0,0.62222356,1
1,0.5761451,1
1,0.84155345,1
1,0.6660463,1
1,0.61961526,1
1,0.7633463,1
1,0.16820791,0
0,0.06981488,0
1,0.84642,1
0,0.8310203,1
0,0.81392205,1
0,0.9034278,1
1,0.9016765,1
1,0.73987925,1
0,0.83489096,1
1,0.8657848,1
1,0.7841075,1
1,0.80290127,1
0,0.8554901,1
1,0.8054444,1
1,0.7856747,1
1,0.8504408,1
1,0.8759097,1
1,0.8329482,1
1,0.75456303,1
1,0.79224014,1
1,0.8208821,1
1,0.78391576,1
1,0.73096085,1
1,0.7410271,1
1,0.80556923,1
1,0.79775304,1
1,0.8283912,1
0,0.84446585,1
0,0.27526623,0
0,0.046656623,0
0,0.84646183,1
1,0.7986409,1
1,0.28873372,0
0,0.34660226,0
0,0.34413752,0
1,0.74131703,1
1,0.6701682,1
1,0.61722475,1
1,0.8056046,1
0,0.8418031,1
1,0.80289364,1
1,0.7355978,1
0,0.7248845,1
0,0.4477719,0
0,0.6382479,1
0,0.16878419,0
1,0.43038088,0
1,0.64667046,1
0,0.84915864,1
1,0.8508684,1
1,0.84059805,1
1,0.92939246,1
0,0.7697257,1
1,0.732764,1
1,0.75913614,1
1,0.79045993,1
1,0.8418201,1
1,0.82021904,1
1,0.79986817,1
1,0.77327824,1
0,0.28994384,0
1,0.2365745,0
1,0.7404573,1
1,0.8389665,1
0,0.2307596,0
0,0.26254326,0
0,0.12594107,0
1,0.6811739,1
0,0.56666905,1
0,0.6392243,1
1,0.695982,1
1,0.53606254,1
1,0.20565645,0
1,0.4112587,0
1,0.49380445,0
1,0.28448945,0
1,0.77736396,1
1,0.8212173,1
1,0.6352468,1
1,0.6921083,1
1,0.82520425,1
1,0.6897293,1
1,0.7099628,1
1,0.8091339,1
1,0.69717157,1
1,0.79049665,1
1,0.7917111,1
0,0.7644103,1
0,0.708829,1
1,0.7970134,1
1,0.78169346,1
1,0.76026577,1
1,0.80243224,1
1,0.75717753,1
0,0.6605918,1
1,0.7374156,1
1,0.7405391,1
1,0.58329374,1
0,0.5929245,1
1,0.5695216,1
0,0.63201964,1
1,0.62271076,1
1,0.6116213,1
0,0.54317826,1
1,0.59101635,1
1,0.4467076,0
1,0.71796834,1
0,0.7156029,1
1,0.10234358,0
0,0.17450187,0
1,0.72899175,1
1,0.9103218,1
0,0.3448552,0
0,0.7334406,1
0,0.6017127,1
0,0.39550862,0
1,0.68491715,1
1,0.872697,1
0,0.5769928,1
0,0.3523267,0
1,0.46200356,0
0,0.5305426,1
1,0.3558211,0
0,0.07053465,0
1,0.50021553,1
1,0.8363702,1
1,0.79107034,1
1,0.68711996,1
1,0.66554356,1
0,0.55156904,1
0,0.6794517,1
0,0.57077676,1
1,0.78379214,1
1,0.6754691,1
1,0.6772691,1
0,0.7898149,1
1,0.75238466,1
1,0.8255433,1
0,0.73620874,1
0,0.6726691,1
1,0.7506673,1
1,0.73107153,1
1,0.6558795,1
1,0.656042,1
0,0.64279515,1
1,0.73249274,1
1,0.7642166,1
1,0.57524264,1
0,0.7538958,1
0,0.77559876,1
1,0.8256178,1
1,0.779717,1
1,0.7675983,1
1,0.7690596,1
1,0.7729414,1
1,0.7555894,1
1,0.70383346,1
1,0.75666887,1
1,0.7344301,1
0,0.68250597,1
1,0.7213741,1
1,0.7325495,1
1,0.70970154,1
1,0.6077065,1
1,0.7390369,1
1,0.5435051,1
0,0.4858107,0
0,0.66761184,1
1,0.47697917,0
1,0.8355332,1
0,0.87743926,1
1,0.8700695,1
1,0.73862445,1
1,0.8382808,1
0,0.77882755,1
0,0.7498618,1
0,0.7958596,1
1,0.6744991,1
1,0.6745274,1
1,0.7937685,1
1,0.792483,1
0,0.6865596,1
1,0.8216183,1
1,0.7567465,1
0,0.7565088,1
1,0.8313743,1
1,0.7569492,1
0,0.7680292,1
0,0.8084538,1
1,0.83623683,1
1,0.8323454,1
1,0.81585175,1
1,0.86858374,1
1,0.7660955,1
1,0.79787755,1
1,0.7463468,1
1,0.84528255,1
1,0.8829054,1
1,0.8096934,1
1,0.7605557,1
1,0.8853314,1
1,0.74816704,1
1,0.7521206,1
1,0.8324293,1
1,0.8102293,1
1,0.5952796,1
1,0.60743564,1
0,0.76691186,1
1,0.7993516,1
1,0.78107476,1
1,0.8297788,1
1,0.83790976,1
1,0.8757543,1
0,0.45949546,0
1,0.70416325,1
1,0.67538804,1
0,0.18067557,0
0,0.036995847,0
0,0.21378319,0
0,0.06324798,0
0,0.2019623,0
0,0.31054145,0
0,0.15763408,0
0,0.20933515,0
0,0.099848345,0
0,0.18394046,0
0,0.30878243,0
0,0.080946945,0
1,0.3745038,0
0,0.6460917,1
1,0.8792442,1
1,0.8198309,1
0,0.85289717,1
1,0.7857221,1
1,0.79584306,1
0,0.29799566,0
0,0.17876838,0
1,0.5561837,1
1,0.33833826,0
1,0.82828736,1
1,0.7778459,1
1,0.811475,1
1,0.805949,1
1,0.58814234,1
0,0.72049844,1
0,0.82362044,1
0,0.8247032,1
1,0.65378857,1
0,0.82334316,1
0,0.78004014,1
0,0.51974833,1
1,0.45859236,0
0,0.46371162,0
0,0.24126293,0
0,0.7855316,1
1,0.8279319,1
1,0.82458633,1
1,0.8342593,1
1,0.6327575,1
0,0.3200593,0
1,0.321686,0
0,0.34138113,0
1,0.38353547,0
0,0.3922471,0
0,0.3928187,0
0,0.7776606,1
1,0.33422336,0
0,0.26181403,0
0,0.33475035,0
1,0.2841055,0
1,0.33870447,0
0,0.69349104,1
1,0.87938356,1
0,0.3214446,0
0,0.81077963,1
0,0.19170444,0
1,0.40025637,0
1,0.6791312,1
1,0.6313476,1
1,0.59064204,1
0,0.34639588,0
0,0.28748238,0
0,0.7097974,1
0,0.37784693,0
1,0.4526802,0
0,0.6383828,1
0,0.67819834,1
0,0.65536803,1
0,0.66109145,1
1,0.52861935,1
1,0.7430905,1
0,0.7380821,1
1,0.75223005,1
1,0.8247843,1
0,0.7573658,1
0,0.7314124,1
1,0.7552479,1
1,0.8253639,1
1,0.7523848,1
1,0.84060365,1
1,0.7610562,1
1,0.7462199,1
0,0.7852092,1
1,0.8390553,1
1,0.7717484,1
1,0.77081877,1
1,0.76557267,1
0,0.7721309,1
1,0.7810893,1
0,0.79945886,1
1,0.8187606,1
0,0.809465,1
0,0.7883366,1
1,0.844827,1
1,0.731703,1
1,0.7979547,1
0,0.7707541,1
0,0.77063155,1
1,0.7761382,1
1,0.7343953,1
1,0.7844925,1
0,0.7946772,1
0,0.8014076,1
0,0.7465956,1
0,0.65582675,1
1,0.7703473,1
1,0.7820104,1
1,0.73729634,1
1,0.73370874,1
1,0.7613787,1
1,0.71658856,1
1,0.76771736,1
0,0.57687104,1
1,0.6644008,1
1,0.768507,1
1,0.70774615,1
1,0.7089949,1
1,0.67956865,1
1,0.74127156,1
1,0.58910507,1
0,0.6176038,1
0,0.75010854,1
1,0.65464,1
1,0.47507656,0
0,0.53558475,1
1,0.413439,0
1,0.59644747,1
1,0.36260587,0
1,0.46203208,0
1,0.56975347,1
1,0.70279044,1
0,0.71568215,1
1,0.7445008,1
1,0.59146374,1
0,0.31124473,0
1,0.5311634,1
0,0.8185901,1
0,0.26007992,0
1,0.744819,1
1,0.5994057,1
1,0.84506184,1
1,0.819225,1
1,0.8657174,1
1,0.8431282,1
1,0.87604713,1
1,0.8194202,1
1,0.87571764,1
0,0.8816389,1
1,0.874592,1
0,0.8769302,1
1,0.88441575,1
1,0.79753727,1
1,0.79084355,1
1,0.63393545,1
0,0.68458027,1
0,0.6818033,1
1,0.53241056,1
1,0.87805045,1
1,0.84874547,1
1,0.75548345,1
1,0.7476408,1
0,0.82424754,1
1,0.720051,1
0,0.873896,1
1,0.69632834,1
1,0.80813295,1
1,0.7124432,1
1,0.87522006,1
1,0.78005415,1
1,0.6112003,1
0,0.7260076,1
1,0.5315845,1
0,0.44894493,0
1,0.55480856,1
1,0.7115746,1
1,0.76101285,1
1,0.71236354,1
1,0.70133996,1
1,0.77692765,1
0,0.5124285,1
0,0.70855904,1
1,0.5126815,1
0,0.4261597,0
1,0.9346778,1
1,0.73355937,1
0,0.80711335,1
1,0.9242885,1
1,0.88025767,1
1,0.8644409,1
1,0.89816386,1
1,0.9192446,1
1,0.87512857,1
1,0.82867974,1
0,0.83389705,1
1,0.8475362,1
1,0.83167034,1
1,0.9564443,1
1,0.852568,1
1,0.922004,1
1,0.88833255,1
1,0.9120146,1
1,0.887775,1
1,0.86180305,1
1,0.94223976,1
0,0.8404281,1
1,0.88267994,1
0,0.7887582,1
1,0.7944531,1
1,0.82130015,1
0,0.74925816,1
0,0.72433686,1
0,0.73812836,1
0,0.79079705,1
0,0.78328055,1
0,0.704046,1
1,0.676279,1
1,0.6797039,1
0,0.7339644,1
0,0.69173807,1
1,0.5530371,1
1,0.29262653,0
0,0.53762424,1
0,0.56398916,1
1,0.47850725,0
1,0.39519855,0
1,0.8323466,1
1,0.59128326,1
1,0.7170966,1
1,0.7327162,1
0,0.61564666,1
1,0.68120706,1
1,0.72748786,1
1,0.7477795,1
1,0.7663451,1
1,0.6933065,1
0,0.7607196,1
1,0.84480953,1
1,0.77971554,1
0,0.8439604,1
1,0.7728711,1
1,0.807998,1
1,0.7850623,1
1,0.798357,1
1,0.7856467,1
1,0.765584,1
0,0.70612276,1
0,0.7628454,1
0,0.7426535,1
1,0.80632263,1
1,0.80146575,1
1,0.83279645,1
1,0.8148742,1
1,0.6778317,1
1,0.72338045,1
0,0.73528415,1
0,0.8207778,1
0,0.7551302,1
1,0.7072832,1
1,0.667106,1
1,0.6389296,1
0,0.7288826,1
0,0.74758875,1
0,0.75090075,1
0,0.76134,1
0,0.71488976,1
0,0.72685194,1
0,0.70675075,1
0,0.7094985,1
1,0.7233212,1
0,0.67540276,1
1,0.1134767,0
0,0.75431824,1
1,0.6568606,1
1,0.79926157,1
1,0.7879937,1
1,0.69633746,1
1,0.71068203,1
1,0.6691372,1
1,0.63091755,1
1,0.6395307,1
1,0.6285476,1
0,0.6283248,1
1,0.602802,1
1,0.5756834,1
0,0.69440144,1
0,0.6267804,1
0,0.6568674,1
0,0.66915685,1
0,0.68318826,1
1,0.77962273,1
1,0.6067264,1
1,0.5563708,1
1,0.7758633,1
1,0.80373424,1
1,0.77055186,1
1,0.76290095,1
1,0.78569293,1
1,0.6888007,1
1,0.6993367,1
1,0.62587297,1
1,0.67140025,1
1,0.61016387,1
0,0.5595142,1
1,0.7303,1
1,0.7346909,1
1,0.688899,1
1,0.6156867,1
0,0.6873594,1
0,0.6952875,1
1,0.7135841,1
1,0.74322313,1
1,0.75771934,1
1,0.70214754,1
1,0.6780896,1
1,0.708403,1
1,0.78076196,1
1,0.8223733,1
1,0.76845723,1
1,0.69173956,1
1,0.75992656,1
0,0.70723355,1
1,0.7277975,1
1,0.7223884,1
1,0.7399524,1
1,0.7232257,1
1,0.7430676,1
1,0.7426849,1
0,0.75449497,1
1,0.6825841,1
1,0.6125166,1
1,0.68085325,1
0,0.6576152,1
1,0.6454481,1
1,0.7132565,1
1,0.64164937,1
1,0.75462276,1
1,0.564899,1
1,0.7457671,1
1,0.6541627,1
1,0.3895303,0
1,0.80129665,1
1,0.7988379,1
1,0.7494364,1
1,0.816785,1
0,0.85677934,1
1,0.8234081,1
1,0.9177344,1
0,0.9161665,1
0,0.8972708,1
0,0.8646876,1
1,0.830358,1
1,0.90417343,1
1,0.90783256,1
1,0.9060822,1
1,0.88285935,1
1,0.92148036,1
1,0.92152953,1
0,0.88050044,1
1,0.9310845,1
1,0.93019736,1
1,0.9258187,1
1,0.9365488,1
1,0.91481566,1
1,0.9018711,1
1,0.8854984,1
1,0.8903017,1
1,0.82485306,1
0,0.12561357,0
0,0.062125217,0
1,0.29180923,0
1,0.39171156,0
0,0.4270713,0
1,0.39450124,0
1,0.40428397,0
0,0.38995966,0
1,0.3075356,0
1,0.4177482,0
1,0.8184394,1
1,0.86883104,1
0,0.25735685,0
0,0.6264306,1
0,0.62748796,1
1,0.851333,1
0,0.4567597,0
0,0.5897669,1
0,0.26223728,0
1,0.57300794,1
1,0.4013622,0
1,0.80458236,1
1,0.3568736,0
1,0.4038764,0
1,0.1513243,0
1,0.7461886,1
1,0.78338337,1
1,0.76513654,1
1,0.8514157,1
0,0.8911719,1
0,0.8447385,1
1,0.84313047,1
1,0.7858212,1
1,0.8465156,1
1,0.61246854,1
0,0.6984327,1
1,0.5784788,1
1,0.7621164,1
0,0.7679739,1
1,0.80792534,1
1,0.75721395,1
1,0.68648934,1
1,0.64957994,1
1,0.66388375,1
1,0.46679834,0
0,0.47585553,0
0,0.29840195,0
0,0.17691198,0
0,0.022059556,0
1,0.19126886,0
1,0.2499829,0
1,0.43532905,0
1,0.7184943,1
1,0.6648482,1
1,0.8150893,1
0,0.60263187,1
0,0.29079825,0
0,0.13647768,0
0,0.22950017,0
0,0.19190273,0
0,0.17447266,0
1,0.45483178,0
0,0.69327354,1
0,0.75730693,1
0,0.85445964,1
1,0.8449039,1
0,0.6582271,1
1,0.85145813,1
1,0.8702959,1
1,0.8888431,1
1,0.8654979,1
0,0.86749005,1
1,0.89583147,1
1,0.8358499,1
1,0.8345972,1
1,0.76943225,1
0,0.7817578,1
1,0.900705,1
1,0.8814545,1
1,0.8440298,1
1,0.5467143,1
0,0.47201324,0
0,0.43718323,0
1,0.6677461,1
0,0.5315638,1
1,0.47005793,0
0,0.3895123,0
1,0.3138133,0
0,0.3879926,0
1,0.76126164,1
1,0.7813333,1
1,0.49643803,0
0,0.33328888,0
0,0.43412426,0
0,0.37296423,0
0,0.34688064,0
0,0.34811535,0
1,0.41574335,0
1,0.7056477,1
0,0.84975636,1
1,0.8732686,1
1,0.7793819,1
1,0.32744932,0
1,0.67847157,1
0,0.27703294,0
0,0.21840039,0
0,0.24992049,0
1,0.23110355,0
1,0.30160713,0
1,0.7225376,1
0,0.6309459,1
1,0.8234941,1
0,0.28261167,0
1,0.38300774,0
1,0.7899094,1
1,0.8723438,1
1,0.780052,1
1,0.80404514,1
0,0.833115,1
1,0.76486474,1
1,0.8615697,1
0,0.68612266,1
0,0.24623607,0
0,0.12697574,0
0,0.10310526,0
0,0.31526905,0
0,0.26045656,0
0,0.4578641,0
0,0.26884857,0
0,0.5348989,1
0,0.34932286,0
0,0.27057397,0
0,0.20272987,0
0,0.34443372,0
0,0.30003977,0
0,0.3513488,0
0,0.2773577,0
0,0.058058083,0
0,0.17706037,0
1,0.70302784,1
1,0.6819369,1
1,0.74102235,1
1,0.5691543,1
1,0.671066,1
1,0.7391184,1
0,0.68956286,1
1,0.7267179,1
1,0.8024249,1
1,0.7063452,1
1,0.79110116,1
0,0.66468745,1
1,0.7366388,1
0,0.59634495,1
1,0.7361144,1
1,0.74749595,1
1,0.7009718,1
1,0.61470574,1
1,0.75136614,1
1,0.7283385,1
1,0.72020453,1
1,0.7604194,1
1,0.80038905,1
0,0.76031804,1
1,0.6540725,1
0,0.6685648,1
1,0.38424703,0
1,0.77952796,1
0,0.76618874,1
1,0.7502902,1
1,0.7648022,1
1,0.7218027,1
0,0.7485615,1
1,0.77731216,1
1,0.770626,1
1,0.7227724,1
1,0.8021412,1
0,0.66439337,1
1,0.7127116,1
1,0.77489436,1
1,0.6057179,1
1,0.7454329,1
1,0.68829536,1
1,0.7397257,1
1,0.72386914,1
0,0.66005373,1
1,0.7155959,1
0,0.74622494,1
1,0.73012626,1
0,0.8265609,1
1,0.76401937,1
1,0.69226986,1
1,0.60490674,1
0,0.67148465,1
0,0.61147887,1
0,0.7009989,1
1,0.75358266,1
1,0.8800267,1
1,0.92193973,1
1,0.91773075,1
1,0.8595364,1
1,0.78021216,1
1,0.73660165,1
1,0.8705618,1
1,0.90449554,1
1,0.8555653,1
1,0.8695524,1
1,0.8685716,1
1,0.8807644,1
1,0.8863317,1
1,0.7557606,1
0,0.7687246,1
1,0.7480632,1
1,0.8105213,1
1,0.7636086,1
0,0.05632232,0
0,0.072834715,0
0,0.09145187,0
1,0.6444566,1
1,0.20058012,0
1,0.34204262,0
0,0.3473615,0
1,0.18783846,0
0,0.17439137,0
1,0.75052524,1
0,0.82434684,1
1,0.8682618,1
0,0.84664184,1
1,0.8374193,1
0,0.8328569,1
0,0.81613934,1
1,0.8060595,1
1,0.79479975,1
1,0.7991121,1
1,0.8243487,1
1,0.8563196,1
1,0.9106547,1
1,0.9131563,1
1,0.8409932,1
1,0.88571984,1
1,0.8618879,1
1,0.89209384,1
1,0.84525883,1
1,0.8243342,1
1,0.7877832,1
1,0.8537917,1
1,0.6291899,1
1,0.60591453,1
1,0.833274,1
0,0.73604155,1
1,0.66485125,1
1,0.7666788,1
1,0.7176639,1
0,0.4913822,0
0,0.32403252,0
1,0.1458648,0
1,0.61156833,1
1,0.8224991,1
1,0.85363746,1
0,0.8844278,1
1,0.83889425,1
1,0.86782336,1
1,0.84234565,1
1,0.89011204,1
1,0.9040288,1
1,0.86588365,1
1,0.91023326,1
1,0.90090686,1
1,0.8382649,1
1,0.77454484,1
1,0.88338333,1
1,0.8367642,1
1,0.8517188,1
1,0.8926257,1
1,0.51975405,1
0,0.36304814,0
1,0.57472354,1
0,0.59993535,1
1,0.78346634,1
1,0.7977949,1
1,0.7741945,1
1,0.724915,1
1,0.7606247,1
1,0.7484615,1
0,0.78515124,1
1,0.8571783,1
1,0.7967786,1
1,0.6159022,1
0,0.41065326,0
1,0.58503836,1
0,0.2515298,0
0,0.058451224,0
0,0.15146124,0
1,0.79665405,1
1,0.7956753,1
1,0.86817616,1
1,0.8223551,1
1,0.8770842,1
1,0.7736747,1
1,0.7108569,1
1,0.8370172,1
0,0.8169435,1
1,0.7552849,1
0,0.80086356,1
1,0.8579397,1
1,0.88911915,1
1,0.88359743,1
1,0.8158532,1
1,0.8052857,1
1,0.8184053,1
0,0.7718876,1
1,0.87679756,1
0,0.7309776,1
0,0.88372505,1
0,0.8226022,1
1,0.89818203,1
1,0.86922187,1
1,0.84337986,1
1,0.77894586,1
1,0.8206096,1
1,0.8411455,1
0,0.8139505,1
1,0.7400276,1
1,0.9256355,1
1,0.87661487,1
0,0.517051,1
1,0.7712439,1
1,0.71176565,1
0,0.7212318,1
1,0.8213263,1
1,0.7810688,1
1,0.86667037,1
1,0.82555795,1
1,0.8926326,1
1,0.81671786,1
1,0.8169069,1
1,0.3495273,0
0,0.5790278,1
0,0.32769385,0
1,0.32882246,0
0,0.06278093,0
0,0.39063907,0
0,0.4544218,0
0,0.38967597,0
0,0.28439477,0
1,0.743135,1
1,0.5822625,1
1,0.08405324,0
1,0.6257013,1
0,0.6101217,1
1,0.25366437,0
1,0.8646789,1
1,0.8188513,1
1,0.7849511,1
1,0.8589009,1
1,0.87169784,1
1,0.895102,1
1,0.8743509,1
1,0.77991253,1
1,0.75442606,1
0,0.38921487,0
1,0.84655726,1
1,0.8531462,1
1,0.7799003,1
1,0.77717125,1
1,0.86913973,1
0,0.8593309,1
0,0.76840746,1
1,0.82083106,1
1,0.56086314,1
1,0.6771274,1
1,0.39679828,0
0,0.32722345,0
1,0.29372743,0
0,0.36456263,0
0,0.25098795,0
1,0.2677719,0
0,0.3300313,0
0,0.23819214,0
0,0.1861236,0
1,0.7317782,1
1,0.83847094,1
1,0.81195986,1
0,0.25439772,0
0,0.4774346,0
1,0.8304015,1
1,0.8956067,1
1,0.8418327,1
0,0.21026161,0
0,0.6710703,1
0,0.840141,1
1,0.31595325,0
0,0.29412407,0
0,0.24466483,0
0,0.19408764,0
0,0.4159901,0
1,0.4457985,0
1,0.60404056,1
0,0.29106492,0
0,0.16731714,0
1,0.75856,1
0,0.15866338,0
0,0.24912208,0
1,0.66355085,1
1,0.41464117,0
0,0.33520165,0
0,0.26014045,0
0,0.36821508,0
0,0.22150923,0
0,0.86386794,1
0,0.8045775,1
1,0.31374824,0
1,0.8398641,1
0,0.40062982,0
1,0.80778414,1
1,0.23636338,0
1,0.50813395,1
1,0.8384728,1
1,0.47628966,0
1,0.3920628,0
0,0.25540414,0
1,0.55320483,1
1,0.7878015,1
1,0.73285455,1
1,0.8284838,1
1,0.65290517,1
1,0.73348063,1
1,0.8089345,1
1,0.8221556,1
0,0.8952291,1
0,0.7707845,1
1,0.6820896,1
0,0.31770304,0
0,0.35987988,0
0,0.7265919,1
0,0.69681233,1
1,0.79043216,1
1,0.7761851,1
0,0.8009708,1
1,0.77202606,1
0,0.8986051,1
0,0.29381314,0
0,0.884444,1
0,0.39870253,0
1,0.86159104,1
0,0.72395736,1
0,0.8144563,1
1,0.8868071,1
1,0.860878,1
1,0.7816311,1
1,0.90911466,1
1,0.9228383,1
1,0.8817793,1
0,0.8885072,1
0,0.894623,1
1,0.91433823,1
0,0.8952581,1
1,0.9139723,1
1,0.8437649,1
1,0.8944184,1
0,0.8806514,1
1,0.9231924,1
1,0.804521,1
1,0.9068026,1
1,0.95189977,1
1,0.8389619,1
1,0.9393555,1
1,0.9110025,1
1,0.8978126,1
1,0.8926753,1
1,0.9103479,1
1,0.8425009,1
1,0.84967124,1
1,0.9313413,1
1,0.94017154,1
0,0.91849566,1
1,0.89918464,1
1,0.8896776,1
1,0.86589277,1
1,0.90020084,1
1,0.8234115,1
1,0.943734,1
1,0.93463063,1
1,0.9690372,1
1,0.888666,1
1,0.8565942,1
1,0.8714082,1
1,0.8998651,1
1,0.8830402,1
0,0.81479424,1
0,0.8406323,1
0,0.8296026,1
1,0.90745497,1
1,0.87760806,1
0,0.9254171,1
0,0.8655451,1
1,0.8066289,1
1,0.8626098,1
0,0.85982984,1
0,0.87113154,1
1,0.8518133,1
1,0.7706183,1
1,0.82623273,1
1,0.8210184,1
1,0.8554867,1
1,0.8071281,1
1,0.7738337,1
1,0.86712533,1
1,0.8463941,1
1,0.81149554,1
1,0.84732926,1
1,0.8320315,1
1,0.9028118,1
0,0.8729358,1
1,0.82018524,1
1,0.7640668,1
1,0.8926957,1
1,0.85291195,1
0,0.82529414,1
1,0.7661118,1
1,0.8616495,1
1,0.64077246,1
1,0.8687361,1
1,0.8210714,1
1,0.75746304,1
1,0.87605363,1
1,0.8565737,1
1,0.8190315,1
1,0.82781667,1
1,0.875483,1
1,0.72893757,1
1,0.7897164,1
1,0.8793211,1
1,0.84042203,1
1,0.7906588,1
1,0.77502596,1
1,0.7806096,1
1,0.6844712,1
1,0.7890775,1
1,0.75012803,1
1,0.7515993,1
1,0.80171967,1
0,0.7455553,1
1,0.78442395,1
1,0.7885168,1
1,0.8772415,1
0,0.91054195,1
1,0.81010246,1
1,0.8017305,1
1,0.8882137,1
1,0.8264375,1
1,0.9233638,1
1,0.8140253,1
1,0.8060561,1
0,0.8719351,1
0,0.87603694,1
0,0.79630816,1
1,0.837946,1
1,0.79509693,1
1,0.8905123,1
1,0.7470359,1
1,0.93767005,1
1,0.8189395,1
1,0.8440605,1
1,0.8279262,1
1,0.85831904,1
1,0.84649336,1
1,0.8846653,1
1,0.87842506,1
1,0.79413223,1
1,0.8486991,1
1,0.7566479,1
1,0.8027646,1
0,0.82266223,1
1,0.8493703,1
1,0.83134156,1
0,0.84230864,1
1,0.874297,1
0,0.85264385,1
0,0.8039514,1
0,0.7301958,1
1,0.7529237,1
1,0.6653671,1
1,0.7317562,1
1,0.75858456,1
0,0.76501495,1
1,0.70830566,1
0,0.8296305,1
0,0.77926064,1
0,0.7992142,1
1,0.7232516,1
1,0.73228246,1
0,0.808537,1
0,0.42197365,0
1,0.5367442,1
1,0.21766628,0
0,0.26593956,0
1,0.70128036,1
1,0.69391924,1
0,0.64239556,1
0,0.50735825,1
1,0.2379017,0
0,0.46340248,0
1,0.710584,1
1,0.5782182,1
0,0.21433224,0
0,0.23034732,0
0,0.1384482,0
0,0.063002214,0
1,0.7628711,1
1,0.73166466,1
1,0.7326991,1
1,0.792531,1
1,0.8568608,1
1,0.78477573,1
1,0.8416581,1
0,0.84755963,1
1,0.83561575,1
1,0.8510604,1
0,0.7282279,1
1,0.8088738,1
1,0.85976744,1
1,0.80240244,1
1,0.83210814,1
1,0.89117044,1
1,0.87444896,1
0,0.90700155,1
1,0.8789546,1
1,0.64221156,1
1,0.7759964,1
1,0.7687611,1
1,0.7503175,1
1,0.6905166,1
1,0.7536541,1
1,0.84143865,1
1,0.7847124,1
1,0.8113799,1
1,0.77465147,1
1,0.8275891,1
1,0.85049474,1
1,0.8971931,1
1,0.7815464,1
1,0.76870155,1
1,0.7644936,1
1,0.81741136,1
1,0.8446212,1
1,0.77169067,1
1,0.7162882,1
1,0.74848115,1
0,0.7203333,1
0,0.67163205,1
0,0.55420274,1
1,0.6943074,1
1,0.7387941,1
1,0.83844143,1
1,0.8277084,1
1,0.6965927,1
0,0.64232284,1
1,0.627761,1
1,0.5148671,1
1,0.69439685,1
1,0.62628156,1
1,0.65917367,1
0,0.680581,1
1,0.63356256,1
1,0.66684747,1
0,0.6523037,1
1,0.73452365,1
0,0.64674866,1
1,0.68761796,1
1,0.7074385,1
0,0.6817961,1
1,0.6588148,1
1,0.6633519,1
1,0.6313841,1
1,0.775908,1
1,0.7199228,1
1,0.6345812,1
1,0.8012307,1
1,0.79388815,1
0,0.2847251,0
0,0.6802077,1
0,0.5283513,1
0,0.4966711,0
0,0.5561657,1
0,0.41033873,0
0,0.515585,1
1,0.88531506,1
1,0.8486469,1
1,0.84000117,1
1,0.61541045,1
1,0.40046915,0
1,0.16422237,0
1,0.27275705,0
1,0.5576385,1
1,0.24731386,0
1,0.36464655,0
0,0.13189363,0
0,0.09027745,0
1,0.27584946,0
1,0.5810266,1
1,0.77294433,1
1,0.55747455,1
1,0.7166473,1
1,0.7261036,1
1,0.7736234,1
1,0.78735524,1
1,0.71466273,1
1,0.7642948,1
1,0.7656082,1
1,0.8465509,1
1,0.70447904,1
1,0.8446979,1
0,0.78188723,1
1,0.80300987,1
1,0.80121654,1
1,0.84659386,1
1,0.5817226,1
1,0.82345206,1
0,0.8320212,1
1,0.868167,1
0,0.7775301,1
0,0.72157687,1
1,0.8410701,1
1,0.83473015,1
1,0.84957796,1
1,0.8080914,1
1,0.82273835,1
0,0.82193774,1
1,0.75684077,1
1,0.78550035,1
1,0.7444368,1
1,0.83410597,1
1,0.80027163,1
1,0.8313096,1
1,0.831386,1
1,0.8366935,1
0,0.164034,0
0,0.07226104,0
0,0.3181756,0
0,0.20992135,0
0,0.18895966,0
0,0.19469848,0
0,0.30373022,0
0,0.2622893,0
0,0.1294145,0
0,0.07412476,0
0,0.22199424,0
0,0.07453918,0
1,0.53702986,1
0,0.3036055,0
0,0.09001487,0
0,0.081521854,0
0,0.07072868,0
1,0.7043034,1
1,0.7658015,1
1,0.7544643,1
1,0.785134,1
1,0.70480067,1
1,0.80707604,1
1,0.67307377,1
1,0.6470409,1
1,0.69130176,1
1,0.66925544,1
1,0.7204339,1
1,0.683859,1
1,0.7190345,1
1,0.83431214,1
1,0.82654697,1
1,0.844557,1
1,0.8383279,1
1,0.7442455,1
1,0.81646395,1
1,0.72968125,1
1,0.7875165,1
1,0.8395877,1
0,0.71943396,1
0,0.78325504,1
1,0.6128461,1
1,0.72745633,1
1,0.35454696,0
1,0.533696,1
1,0.5164692,1
1,0.28266585,0
0,0.19422072,0
0,0.3312554,0
0,0.22175506,0
0,0.30609435,0
0,0.6741852,1
1,0.44402546,0
0,0.2792423,0
1,0.36073413,0
0,0.7141883,1
0,0.4458359,0
1,0.82732004,1
0,0.83571434,1
1,0.85447234,1
1,0.7015098,1
1,0.7993147,1
1,0.59689325,1
1,0.3941058,0
1,0.65620905,1
0,0.42866674,0
0,0.7144324,1
1,0.26556507,0
0,0.689702,1
1,0.5952324,1
0,0.7513205,1
1,0.5378363,1
1,0.66737175,1
1,0.8368779,1
1,0.7364419,1
1,0.82537305,1
1,0.77945495,1
1,0.7930687,1
1,0.8392524,1
1,0.6797043,1
0,0.5739644,1
0,0.31463194,0
0,0.29935294,0
0,0.32786533,0
0,0.2766857,0
0,0.35005888,0
0,0.36244774,0
0,0.32083905,0
0,0.2549972,0
0,0.054483242,0
1,0.68373656,1
0,0.32881007,0
1,0.27246734,0
0,0.26117915,0
1,0.1973653,0
0,0.23535533,0
0,0.427658,0
0,0.4277902,0
1,0.6918333,1
0,0.30191422,0
1,0.49705917,0
1,0.72832686,1
1,0.8771589,1
1,0.86919755,1
1,0.8565714,1
1,0.84649724,1
0,0.86845934,1
1,0.40198243,0
1,0.30000883,0
0,0.247244,0
0,0.14420895,0
0,0.32059765,0
0,0.6570231,1
0,0.39469427,0
0,0.39666665,0
0,0.68704194,1
1,0.741534,1
1,0.84724325,1
1,0.7126243,1
0,0.7148004,1
0,0.7632173,1
0,0.54336214,1
0,0.76076853,1
0,0.60766923,1
1,0.68658537,1
1,0.6642205,1
1,0.4949502,0
0,0.5264233,1
1,0.33172047,0
0,0.57866436,1
1,0.31438288,0
0,0.109555535,0
0,0.2763991,0
0,0.60455203,1
1,0.30862457,0
1,0.8224857,1
0,0.043063506,0
1,0.05605381,0
1,0.603998,1
1,0.23371671,0
0,0.31211174,0
0,0.17292985,0
0,0.23404358,0
1,0.11884286,0
1,0.6382652,1
1,0.72374505,1
0,0.40628886,0
0,0.80797964,1
0,0.3216524,0
0,0.36222893,0
1,0.7856568,1
1,0.76826334,1
0,0.6275449,1
0,0.64992976,1
0,0.3312639,0
1,0.64762515,1
1,0.80788815,1
1,0.7423847,1
1,0.7541757,1
0,0.552411,1
1,0.62814593,1
1,0.45656672,0
1,0.6872493,1
1,0.7471215,1
1,0.6697191,1
1,0.73750234,1
1,0.69094235,1
1,0.7139549,1
1,0.66997033,1
1,0.67666733,1
1,0.6939714,1
0,0.693405,1
1,0.7228583,1
1,0.76290876,1
1,0.6917293,1
0,0.65175426,1
0,0.6240756,1
1,0.6629642,1
1,0.66858,1
1,0.6914348,1
1,0.5781078,1
1,0.56569284,1
0,0.23651831,0
1,0.4739407,0
0,0.66951805,1
1,0.68747073,1
1,0.8406655,1
1,0.85897106,1
0,0.6113265,1
1,0.6265191,1
1,0.3157369,0
1,0.4641136,0
1,0.5474511,1
0,0.5583899,1
1,0.32981,0
1,0.54225177,1
1,0.7603195,1
1,0.8336917,1
1,0.8551491,1
0,0.8067401,1
1,0.8064725,1
1,0.69686675,1
1,0.732927,1
1,0.76892835,1
1,0.6824007,1
1,0.79805726,1
1,0.8622459,1
1,0.8461467,1
1,0.71330285,1
1,0.72276086,1
1,0.8066727,1
1,0.64628416,1
1,0.7166483,1
1,0.7128368,1
1,0.82580817,1
1,0.78323925,1
1,0.802852,1
1,0.8461549,1
0,0.73373204,1
0,0.84798265,1
1,0.6355854,1
1,0.76131696,1
1,0.75189614,1
1,0.7381396,1
1,0.7633531,1
1,0.7565841,1
0,0.82365733,1
1,0.6487243,1
1,0.61302686,1
1,0.7135512,1
1,0.57753384,1
1,0.75880283,1
1,0.7524223,1
1,0.54975206,1
1,0.7785164,1
0,0.68302417,1
1,0.8309036,1
0,0.32341698,0
1,0.75051945,1
1,0.28178257,0
0,0.5209261,1
1,0.6786948,1
0,0.29587448,0
0,0.17444019,0
0,0.042986095,0
0,0.5641708,1
1,0.30803448,0
0,0.03983696,0
1,0.36309946,0
1,0.77255106,1
0,0.75295484,1
1,0.8086328,1
1,0.6690449,1
0,0.55765426,1
1,0.40337232,0
0,0.32387015,0
1,0.18184994,0
1,0.30050415,0
1,0.5797694,1
1,0.36206698,0
0,0.45218232,0
1,0.91367966,1
1,0.5538286,1
0,0.74459904,1
1,0.77685875,1
0,0.74413246,1
1,0.7190226,1
0,0.57689345,1
0,0.58761007,1
1,0.5891579,1
0,0.5368904,1
1,0.797482,1
1,0.90525454,1
1,0.59714544,1
0,0.4716763,0
0,0.35027936,0
1,0.45202556,0
1,0.11140503,0
1,0.42819035,0
0,0.36823943,0
0,0.37134036,0
0,0.41388026,0
0,0.3519485,0
1,0.3878749,0
1,0.61850303,1
1,0.7400805,1
1,0.63257897,1
1,0.6109983,1
1,0.6649312,1
1,0.57012314,1
0,0.62396383,1
0,0.6029107,1
1,0.69792616,1
1,0.7978378,1
1,0.85859185,1
1,0.90746635,1
1,0.8521239,1
1,0.8991187,1
1,0.8880037,1
1,0.9256684,1
0,0.9487163,1
1,0.8890995,1
0,0.9183358,1
0,0.8511641,1
1,0.87149453,1
1,0.78095806,1
1,0.7572844,1
1,0.8273725,1
1,0.85615426,1
1,0.773977,1
1,0.8456237,1
1,0.86457723,1
0,0.8444792,1
1,0.8304107,1
1,0.87428033,1
1,0.84122366,1
1,0.85950625,1
1,0.84418064,1
1,0.77097327,1
1,0.8429959,1
1,0.8512475,1
1,0.84601676,1
1,0.853216,1
1,0.6878384,1
1,0.6291386,1
1,0.5153045,1
1,0.7659467,1
0,0.64102674,1
0,0.6562213,1
0,0.56755435,1
0,0.6300708,1
0,0.7904367,1
1,0.761941,1
1,0.8325228,1
0,0.5325061,1
1,0.70139825,1
1,0.59572095,1
0,0.7167027,1
0,0.65886396,1
0,0.66094714,1
0,0.71067137,1
1,0.8033358,1
0,0.83139634,1
0,0.79301894,1
1,0.85380477,1
1,0.79433244,1
0,0.73377657,1
1,0.77907294,1
1,0.78170466,1
1,0.7935828,1
1,0.7652775,1
1,0.7786729,1
0,0.77148813,1
1,0.7551651,1
0,0.89439297,1
0,0.7646183,1
0,0.75772536,1
0,0.7806318,1
1,0.7046056,1
1,0.7756586,1
1,0.7667799,1
0,0.8443503,1
0,0.81024015,1
1,0.75829047,1
1,0.7849277,1
1,0.7640193,1
0,0.75739574,1
1,0.7544204,1
1,0.7969754,1
1,0.7630876,1
1,0.76236993,1
1,0.787261,1
1,0.7517501,1
0,0.70854986,1
1,0.7229822,1
0,0.74668485,1
0,0.7089772,1
1,0.7205775,1
1,0.6943639,1
1,0.777755,1
1,0.7535845,1
1,0.74039996,1
1,0.7088588,1
1,0.74028045,1
1,0.73178995,1
1,0.72914714,1
1,0.7554051,1
1,0.6550816,1
1,0.73282284,1
1,0.74315494,1
1,0.7596189,1
1,0.6811894,1
1,0.7224427,1
1,0.7574207,1
1,0.70509374,1
1,0.70309097,1
1,0.79070884,1
0,0.7013181,1
1,0.68048215,1
1,0.6714078,1
1,0.7495748,1
1,0.774942,1
1,0.6995826,1
1,0.7846764,1
1,0.8317187,1
1,0.8196549,1
0,0.8211446,1
1,0.8978424,1
1,0.8671893,1
1,0.9071296,1
1,0.8944943,1
1,0.82452625,1
1,0.80140144,1
1,0.8440839,1
1,0.76088005,1
1,0.8688729,1
1,0.8375436,1
0,0.83525527,1
1,0.8693386,1
1,0.8344033,1
1,0.8633699,1
1,0.8389142,1
1,0.8505635,1
1,0.8537518,1
1,0.89138293,1
1,0.84639156,1
1,0.83685905,1
1,0.8992541,1
1,0.817568,1
1,0.8161483,1
0,0.7275576,1
1,0.6021785,1
0,0.65900207,1
1,0.7009581,1
0,0.7025987,1
1,0.7307286,1
0,0.2058641,0
0,0.049308505,0
0,0.030012885,0
0,0.040294513,0
0,0.028298032,0
1,0.16506664,0
1,0.17327704,0
0,0.0867325,0
0,0.25737658,0
0,0.20127825,0
0,0.29233617,0
0,0.7206212,1
1,0.8444766,1
1,0.8063986,1
0,0.79558724,1
0,0.5054814,1
1,0.7439979,1
1,0.7297603,1
1,0.7416769,1
1,0.70982003,1
0,0.70470154,1
0,0.749305,1
1,0.69035935,1
0,0.69929796,1
1,0.7445496,1
0,0.46679407,0
0,0.45324433,0
1,0.6319333,1
1,0.7525407,1
1,0.5889885,1
1,0.5623256,1
1,0.67273617,1
1,0.7349463,1
1,0.742306,1
1,0.6456938,1
1,0.77000564,1
0,0.64448684,1
1,0.83629197,1
1,0.84367573,1
1,0.75862074,1
0,0.7319538,1
1,0.701086,1
0,0.31395072,0
1,0.62856936,1
1,0.759905,1
0,0.6442477,1
1,0.8542225,1
1,0.8778785,1
1,0.8891839,1
0,0.5566576,1
0,0.33245763,0
0,0.2386572,0
0,0.2096163,0
1,0.24574262,0
1,0.62401664,1
1,0.8575114,1
1,0.8716438,1
1,0.6166576,1
1,0.49063027,0
0,0.5417358,1
0,0.77641636,1
0,0.2787904,0
1,0.4483558,0
1,0.6482489,1
1,0.7707821,1
1,0.8046428,1
1,0.22245698,0
0,0.32252312,0
1,0.89252496,1
1,0.8046963,1
1,0.8458136,1
1,0.7031591,1
0,0.739365,1
0,0.6886481,1
0,0.43415737,0
0,0.52849627,1
0,0.6031299,1
0,0.4781209,0
0,0.7345798,1
1,0.5792215,1
1,0.7384302,1
1,0.7377765,1
1,0.8820332,1
1,0.8984332,1
1,0.9044221,1
1,0.675161,1
1,0.852735,1
1,0.84719664,1
1,0.8600318,1
0,0.8998974,1
1,0.78364867,1
1,0.9157894,1
1,0.87304616,1
1,0.78810835,1
1,0.8940601,1
1,0.85264224,1
1,0.87711585,1
1,0.89085805,1
1,0.4737574,0
1,0.54300076,1
1,0.56817156,1
0,0.82055223,1
0,0.7181678,1
0,0.7030473,1
1,0.7096978,1
1,0.7607505,1
0,0.49156097,0
1,0.30413377,0
1,0.71209836,1
1,0.73465693,1
0,0.8040162,1
0,0.82351494,1
0,0.87843305,1
1,0.21181327,0
0,0.083887085,0
0,0.12321377,0
0,0.10145212,0
0,0.41008386,0
0,0.35632327,0
0,0.47120976,0
1,0.4910856,0
0,0.35982057,0
0,0.42692173,0
1,0.46960235,0
0,0.36076105,0
0,0.70113313,1
0,0.8062362,1
0,0.91806966,1
1,0.9157551,1
1,0.7848342,1
1,0.5645719,1
0,0.66719395,1
0,0.29402953,0
0,0.6396639,1
1,0.1370542,0
1,0.12075814,0
0,0.29921985,0
0,0.2921363,0
0,0.16573699,0
0,0.1388298,0
0,0.32102442,0
1,0.32754937,0
0,0.5003249,1
1,0.62969935,1
1,0.47751537,0
0,0.54146796,1
0,0.63061875,1
1,0.4522959,0
0,0.33850262,0
1,0.6290932,1
0,0.43772832,0
0,0.6023425,1
0,0.5611542,1
1,0.76082504,1
0,0.76265645,1
0,0.53845775,1
1,0.73039615,1
1,0.8036338,1
1,0.7838434,1
1,0.7935666,1
1,0.73105234,1
1,0.7904905,1
1,0.79115736,1
1,0.77584666,1
0,0.8061774,1
1,0.82166225,1
0,0.7511903,1
0,0.76470923,1
0,0.7716913,1
0,0.71961325,1
0,0.6104533,1
1,0.7486194,1
1,0.45869994,0
1,0.76978683,1
0,0.2645176,0
1,0.5996012,1
0,0.61195713,1
1,0.20067468,0
1,0.23338966,0
0,0.5546897,1
0,0.18949136,0
0,0.10999806,0
0,0.27559388,0
0,0.24722373,0
0,0.46899512,0
0,0.6041424,1
1,0.7795973,1
1,0.7586475,1
0,0.3025369,0
0,0.2726752,0
0,0.20897964,0
0,0.27821732,0
0,0.35665864,0
1,0.69468945,1
1,0.74542546,1
1,0.8084081,1
1,0.793628,1
1,0.79862833,1
1,0.84290904,1
1,0.79209524,1
1,0.8083119,1
0,0.6022908,1
1,0.8440951,1
1,0.8548902,1
1,0.8231968,1
1,0.8149781,1
0,0.81248116,1
0,0.734182,1
0,0.68615943,1
0,0.68710375,1
1,0.73903733,1
0,0.7389869,1
1,0.7256814,1
0,0.69018614,1
0,0.71821886,1
1,0.7248582,1
1,0.46426144,0
1,0.5550865,1
1,0.70382226,1
1,0.7426341,1
1,0.62442505,1
1,0.80070347,1
1,0.83752924,1
1,0.8069766,1
1,0.8606237,1
1,0.8393288,1
1,0.6994945,1
1,0.8709758,1
1,0.8914382,1
1,0.854887,1
0,0.8595021,1
0,0.761544,1
0,0.81541455,1
1,0.8621425,1
1,0.753086,1
1,0.704154,1
1,0.66828257,1
0,0.85026634,1
1,0.71384305,1
1,0.79218,1
1,0.6463478,1
1,0.3681251,0
0,0.18462001,0
1,0.55803597,1
0,0.818497,1
0,0.47202343,0
1,0.23000222,0
0,0.11835128,0
0,0.08805822,0
1,0.29767546,0
0,0.3276581,0
0,0.33863708,0
0,0.314469,0
0,0.22425275,0
0,0.32213566,0
0,0.33540714,0
1,0.31750277,0
0,0.30195045,0
0,0.3085713,0
0,0.2778318,0
0,0.27222717,0
0,0.33059677,0
1,0.4288986,0
0,0.38695022,0
1,0.35741812,0
1,0.52614945,1
0,0.30799556,0
0,0.43628854,0
0,0.28806826,0
1,0.41964278,0
1,0.80588156,1
1,0.7522973,1
1,0.7443266,1
1,0.56079334,1
1,0.7499336,1
0,0.7262666,1
1,0.74173325,1
1,0.77377224,1
1,0.7782633,1
1,0.74663377,1
1,0.6162884,1
0,0.66636556,1
1,0.84091264,1
1,0.82562363,1
1,0.6711685,1
0,0.6824289,1
1,0.61918694,1
1,0.70925564,1
0,0.67210245,1
1,0.5531511,1
0,0.3417135,0
1,0.4430899,0
0,0.15344803,0
1,0.76921135,1
1,0.7412215,1
1,0.7183576,1
0,0.4671359,0
1,0.49507955,0
0,0.42178097,0
1,0.6965496,1
1,0.79473686,1
1,0.77585334,1
1,0.82199043,1
1,0.79108185,1
1,0.715013,1
1,0.75969285,1
1,0.7541873,1
1,0.7676644,1
0,0.754804,1
1,0.75399727,1
1,0.74851435,1
1,0.7556386,1
1,0.7560955,1
1,0.77901906,1
1,0.54162425,1
1,0.41123876,0
1,0.40782532,0
1,0.47886425,0
1,0.43250883,0
0,0.7131333,1
1,0.78971493,1
1,0.40923217,0
0,0.62871194,1
1,0.7098155,1
0,0.5975238,1
0,0.70096403,1
1,0.714951,1
1,0.69564766,1
1,0.6039543,1
0,0.8511393,1
1,0.820089,1
1,0.851591,1
1,0.79002106,1
0,0.35987687,0
1,0.5920502,1
1,0.33175138,0
0,0.21530534,0
0,0.19929911,0
0,0.27384886,0
1,0.56226265,1
0,0.27651197,0
1,0.5019357,1
0,0.5177368,1
0,0.6033399,1
1,0.78094304,1
0,0.82965505,1
1,0.7606787,1
1,0.83316576,1
1,0.68220425,1
1,0.64919156,1
0,0.5717994,1
0,0.26080638,0
1,0.19590181,0
1,0.2952756,0
1,0.32542208,0
0,0.75086135,1
1,0.6511383,1
0,0.6731697,1
1,0.74840736,1
0,0.7154337,1
0,0.6973699,1
1,0.72103554,1
1,0.7743473,1
1,0.6662836,1
0,0.6727743,1
1,0.699631,1
1,0.7521341,1
1,0.83115214,1
1,0.82973593,1
1,0.8410915,1
1,0.86074543,1
1,0.91202897,1
1,0.8672585,1
1,0.83258736,1
1,0.82689524,1
1,0.83414996,1
1,0.7820097,1
1,0.83920497,1
1,0.79176486,1
1,0.8579458,1
1,0.7839172,1
1,0.41484258,0
0,0.8496285,1
0,0.7262873,1
0,0.78983796,1
1,0.84777385,1
1,0.8039584,1
1,0.7537258,1
1,0.77462804,1
1,0.76786226,1
1,0.8056356,1
1,0.7843397,1
1,0.78764254,1
1,0.7905217,1
1,0.8074591,1
1,0.75372636,1
1,0.73566955,1
1,0.62153953,1
1,0.74623096,1
1,0.55071545,1
1,0.64323103,1
1,0.56196624,1
1,0.5523623,1
1,0.6744009,1
1,0.36757898,0
0,0.2248134,0
0,0.29849705,0
0,0.34000936,0
1,0.63604665,1
1,0.6722118,1
1,0.31613094,0
0,0.29904464,0
0,0.2615811,0
0,0.40164554,0
0,0.32518446,0
1,0.3198165,0
0,0.2467126,0
0,0.4572674,0
0,0.2791995,0
0,0.51340926,1
1,0.7129526,1
1,0.7220517,1
0,0.7255396,1
1,0.6705015,1
1,0.7401026,1
0,0.6668551,1
1,0.75186944,1
1,0.6867989,1
0,0.8109991,1
1,0.68282866,1
0,0.76294684,1
1,0.73600835,1
1,0.78059447,1
0,0.7224681,1
0,0.6525591,1
1,0.60324085,1
1,0.65573734,1
1,0.6934273,1
1,0.6175218,1
1,0.7424315,1
0,0.71840435,1
1,0.76053786,1
1,0.66842985,1
0,0.7209888,1
1,0.80248743,1
1,0.7210637,1
1,0.7609667,1
1,0.65399826,1
1,0.74699557,1
1,0.7758135,1
1,0.7397781,1
1,0.7075164,1
1,0.77711946,1
1,0.81844926,1
1,0.76158494,1
0,0.79513484,1
0,0.794595,1
1,0.7444325,1
1,0.7909398,1
1,0.80749595,1
1,0.87777656,1
0,0.72348773,1
1,0.87797767,1
1,0.8201382,1
1,0.7927226,1
1,0.82449627,1
0,0.7803063,1
1,0.74355936,1
1,0.66680425,1
1,0.7610965,1
1,0.8229917,1
1,0.79706115,1
1,0.7523757,1
1,0.7413869,1
1,0.768976,1
1,0.7712983,1
1,0.7805383,1
1,0.7864588,1
1,0.7681515,1
1,0.6928547,1
0,0.6765087,1
1,0.74274343,1
1,0.67658275,1
1,0.8029452,1
1,0.7980586,1
0,0.78488123,1
1,0.7985678,1
1,0.72133076,1
1,0.8165386,1
1,0.8323711,1
1,0.8128541,1
1,0.84488523,1
1,0.791145,1
1,0.75699776,1
0,0.8369057,1
0,0.78336495,1
0,0.7714128,1
0,0.80424726,1
1,0.8151468,1
0,0.7879922,1
1,0.76764727,1
1,0.7791516,1
1,0.72180897,1
1,0.78770256,1
1,0.82962394,1
1,0.83150125,1
1,0.85922295,1
1,0.78876567,1
1,0.82098407,1
1,0.7509496,1
1,0.83075595,1
0,0.7167892,1
0,0.81909704,1
1,0.8313944,1
1,0.7221098,1
0,0.7528231,1
1,0.7723255,1
0,0.6592504,1
1,0.82237536,1
1,0.8469336,1
1,0.8636807,1
1,0.8233713,1
1,0.82197994,1
1,0.8611334,1
1,0.7383453,1
1,0.784007,1
1,0.7389836,1
0,0.629098,1
0,0.59601766,1
1,0.75953037,1
1,0.6712984,1
0,0.64754725,1
0,0.6717954,1
0,0.74811417,1
0,0.7160698,1
0,0.73358464,1
1,0.59307605,1
1,0.75018877,1
1,0.66164184,1
1,0.6493323,1
1,0.6885893,1
1,0.35384405,0
1,0.6002361,1
0,0.6582808,1
0,0.7385086,1
0,0.52092314,1
1,0.69343156,1
0,0.6355541,1
1,0.72618675,1
0,0.66429144,1
0,0.34619054,0
1,0.72039247,1
0,0.35453483,0
1,0.6617677,1
1,0.7157304,1
1,0.7578998,1
1,0.7848393,1
1,0.76257414,1
1,0.6116486,1
0,0.7377372,1
1,0.7674547,1
0,0.7982794,1
1,0.70337313,1
1,0.7926976,1
1,0.7522684,1
0,0.80722135,1
1,0.7458525,1
1,0.7435378,1
0,0.69630426,1
1,0.6927952,1
0,0.765471,1
1,0.67635715,1
1,0.7015171,1
0,0.8247779,1
1,0.8709916,1
1,0.7676243,1
1,0.79259443,1
0,0.8212426,1
1,0.79582256,1
0,0.6065984,1
0,0.73880035,1
1,0.8201865,1
1,0.7701592,1
1,0.9138468,1
1,0.66366863,1
1,0.35596323,0
1,0.8685587,1
0,0.9046926,1
1,0.8219533,1
1,0.859665,1
1,0.92672855,1
1,0.87634873,1
1,0.8525712,1
1,0.91158694,1
1,0.901473,1
1,0.89530915,1
1,0.89890814,1
0,0.8827485,1
1,0.2849021,0
1,0.8439845,1
1,0.810705,1
0,0.8543128,1
0,0.8664912,1
1,0.85399663,1
0,0.8854268,1
1,0.8749839,1
1,0.85252404,1
0,0.88059586,1
0,0.8440941,1
0,0.884331,1
0,0.8528552,1
1,0.90808994,1
1,0.87583256,1
1,0.8494174,1
1,0.89858747,1
1,0.9145756,1
1,0.8269492,1
1,0.8748935,1
1,0.9314409,1
1,0.8983693,1
1,0.88630414,1
1,0.9078315,1
1,0.842566,1
1,0.9019424,1
0,0.93261075,1
1,0.87627304,1
1,0.78613245,1
1,0.89898396,1
1,0.8910524,1
1,0.8077535,1
1,0.74877304,1
1,0.8838757,1
0,0.8675429,1
1,0.8087771,1
1,0.8150025,1
1,0.8841837,1
1,0.85599667,1
1,0.91700363,1
1,0.875599,1
0,0.8440088,1
1,0.8311123,1
0,0.71721613,1
1,0.7252288,1
1,0.68001074,1
1,0.70062506,1
1,0.72147,1
1,0.78289163,1
0,0.19344585,0
0,0.32809758,0
0,0.18355101,0
0,0.82513446,1
0,0.7845222,1
1,0.85137904,1
1,0.76476824,1
1,0.7803173,1
1,0.7833269,1
1,0.75249976,1
1,0.6974705,1
0,0.43719247,0
0,0.58755124,1
1,0.29576814,0
0,0.37210417,0
0,0.4241222,0
0,0.48288006,0
0,0.32624668,0
0,0.37272987,0
0,0.48939374,0
0,0.40405816,0
0,0.32036233,0
0,0.38490826,0
0,0.25837302,0
0,0.025697019,0
0,0.5930465,1
0,0.57346857,1
1,0.8188125,1
0,0.5357634,1
1,0.6164827,1
0,0.24318697,0
1,0.78631496,1
0,0.23715547,0
0,0.09497981,0
0,0.17228015,0
0,0.4408505,0
0,0.050534464,0
0,0.39543724,0
0,0.052129768,0
1,0.6489007,1
1,0.79748,1
1,0.75713015,1
1,0.81290615,1
1,0.8603434,1
0,0.35748053,0
0,0.42357063,0
1,0.56234354,1
1,0.7581739,1
1,0.665714,1
1,0.71149814,1
1,0.7688755,1
1,0.8145659,1
1,0.7622389,1
1,0.35049057,0
0,0.38945642,0
0,0.70723647,1
1,0.5794925,1
1,0.65551615,1
0,0.5328882,1
1,0.67223895,1
1,0.633388,1
0,0.7104452,1
1,0.1743152,0
1,0.517868,1
0,0.36422414,0
1,0.42865935,0
0,0.69685835,1
0,0.73988616,1
0,0.5509506,1
1,0.6205577,1
1,0.56567603,1
0,0.6122411,1
1,0.73355156,1
1,0.7088375,1
0,0.58433396,1
1,0.7908946,1
0,0.68074656,1
1,0.7966418,1
1,0.8022008,1
0,0.71614856,1
1,0.7609588,1
1,0.8030325,1
1,0.38955346,0
0,0.71370745,1
1,0.8937989,1
0,0.11317467,0
1,0.8549556,1
1,0.79247814,1
1,0.8025569,1
1,0.88159496,1
1,0.88115704,1
1,0.89002776,1
1,0.8640962,1
1,0.8047027,1
1,0.8399122,1
1,0.80814934,1
1,0.8350853,1
0,0.85320306,1
0,0.7878588,1
1,0.8586487,1
1,0.88479847,1
1,0.85218984,1
1,0.8651655,1
0,0.85264724,1
1,0.8544257,1
1,0.7671242,1
1,0.8104516,1
1,0.7859802,1
1,0.8626484,1
1,0.88117063,1
1,0.95025015,1
1,0.9117615,1
1,0.87844044,1
1,0.88195276,1
1,0.9220105,1
1,0.86923844,1
1,0.8991627,1
0,0.827627,1
1,0.7871016,1
1,0.8169916,1
1,0.82883954,1
1,0.91884303,1
1,0.88849354,1
0,0.89397144,1
1,0.79883146,1
0,0.8552689,1
1,0.83690697,1
1,0.83153415,1
0,0.8445113,1
1,0.84428227,1
1,0.89931875,1
0,0.8884388,1
1,0.86311793,1
1,0.94733137,1
0,0.90360326,1
1,0.8483018,1
1,0.886619,1
0,0.89037186,1
1,0.857535,1
1,0.61822695,1
1,0.21978109,0
0,0.13417794,0
1,0.5534129,1
1,0.3761402,0
1,0.515033,1
0,0.067987464,0
1,0.3845202,0
1,0.4004573,0
0,0.16031648,0
0,0.115609325,0
0,0.20977843,0
0,0.111386165,0
1,0.3934667,0
0,0.3186331,0
1,0.72222805,1
0,0.74897057,1
1,0.7811064,1
1,0.75494635,1
1,0.77436054,1
1,0.73997766,1
1,0.6496278,1
1,0.5554172,1
1,0.13522324,0
1,0.20652096,0
1,0.81677496,1
1,0.72482055,1
1,0.7882968,1
0,0.7015036,1
1,0.7852103,1
1,0.8445253,1
1,0.64402986,1
1,0.66016823,1
1,0.5618559,1
0,0.13510245,0
0,0.06541684,0
0,0.2043054,0
0,0.5109508,1
0,0.09106318,0
1,0.6336427,1
1,0.8036239,1
0,0.7766334,1
0,0.73143584,1
1,0.61457235,1
0,0.6923011,1
0,0.8218409,1
0,0.8460801,1
0,0.831041,1
1,0.8643966,1
1,0.9161684,1
1,0.90929645,1
1,0.9299615,1
1,0.8709874,1
0,0.8484719,1
1,0.8645577,1
1,0.8670573,1
1,0.8942337,1
1,0.82205045,1
1,0.90859157,1
1,0.93979096,1
1,0.85496587,1
1,0.8807663,1
1,0.90163857,1
1,0.8196064,1
1,0.9287807,1
1,0.885098,1
0,0.19041395,0
0,0.069767535,0
1,0.8069837,1
1,0.7710743,1
1,0.79819125,1
0,0.11250463,0
0,0.4482069,0
0,0.26709965,0
1,0.8316518,1
1,0.9277639,1
1,0.7567225,1
0,0.5835671,1
1,0.7897182,1
1,0.6741369,1
1,0.6258064,1
1,0.7579294,1
1,0.52759016,1
1,0.8452347,1
1,0.87949294,1
1,0.8162446,1
1,0.87401026,1
1,0.83361745,1
1,0.80239326,1
1,0.8879661,1
1,0.92562205,1
0,0.86758786,1
1,0.9452586,1
0,0.9163436,1
1,0.9282468,1
0,0.70209086,1
1,0.79447645,1
1,0.7610725,1
0,0.6672403,1
1,0.7101485,1
0,0.6813761,1
0,0.674476,1
0,0.8215767,1
1,0.7351324,1
1,0.6885072,1
0,0.8126092,1
0,0.85648257,1
1,0.5461715,1
1,0.66565746,1
1,0.80970407,1
0,0.7764432,1
1,0.8782557,1
1,0.84612495,1
1,0.91025114,1
1,0.8813409,1
1,0.8850453,1
1,0.90303606,1
1,0.78001255,1
1,0.872941,1
1,0.8188759,1
1,0.8386059,1
1,0.7541959,1
1,0.7836724,1
1,0.7343328,1
0,0.7629131,1
1,0.7830745,1
1,0.8580498,1
1,0.6989318,1
1,0.8605134,1
0,0.7137472,1
1,0.71372133,1
1,0.8365114,1
1,0.85126543,1
1,0.81904924,1
1,0.7710915,1
0,0.7778001,1
1,0.8285914,1
1,0.78779274,1
1,0.7544764,1
1,0.8920555,1
1,0.81566817,1
1,0.9155709,1
1,0.86468595,1
1,0.8756631,1
1,0.9248973,1
1,0.93400365,1
0,0.8312963,1
1,0.8743737,1
1,0.8837483,1
1,0.8838966,1
1,0.92153966,1
0,0.9240022,1
1,0.8420513,1
1,0.8145215,1
1,0.8738624,1
1,0.83462954,1
1,0.8916436,1
0,0.8369372,1
1,0.8148762,1
1,0.8907451,1
1,0.900179,1
0,0.85283303,1
1,0.79549885,1
1,0.9171893,1
1,0.8201801,1
1,0.75065106,1
1,0.93615294,1
1,0.931633,1
1,0.8534586,1
1,0.86672217,1
0,0.93554145,1
1,0.87588114,1
1,0.8452332,1
0,0.8455156,1
1,0.86985624,1
0,0.80318356,1
1,0.87588006,1
1,0.87123907,1
0,0.84395474,1
1,0.801424,1
1,0.90112156,1
1,0.88425684,1
1,0.8255394,1
1,0.80320984,1
1,0.8292291,1
1,0.82217413,1
1,0.78321224,1
1,0.7931259,1
1,0.7837499,1
1,0.7755128,1
1,0.86237526,1
1,0.85835,1
1,0.7993584,1
1,0.77180225,1
1,0.79864085,1
1,0.77089393,1
1,0.7836155,1
1,0.70822585,1
1,0.79452205,1
1,0.77370197,1
1,0.73971593,1
1,0.71293724,1
1,0.80940944,1
1,0.7748854,1
1,0.81337357,1
1,0.8160662,1
1,0.7855614,1
1,0.8366606,1
1,0.81525683,1
0,0.24208675,0
0,0.23283324,0
1,0.23170738,0
0,0.045428365,0
0,0.06779731,0
1,0.76528394,1
0,0.6195888,1
0,0.17887841,0
1,0.7453608,1
1,0.81110847,1
0,0.6729798,1
1,0.7664091,1
1,0.75137347,1
1,0.7000702,1
1,0.71014297,1
1,0.7414747,1
0,0.72647774,1
1,0.66736573,1
1,0.7038494,1
0,0.698106,1
1,0.6965997,1
0,0.70332426,1
1,0.6986115,1
1,0.7226759,1
1,0.71601266,1
0,0.71807367,1
1,0.80590105,1
1,0.76722795,1
1,0.75038517,1
1,0.71869105,1
0,0.7515983,1
1,0.74682325,1
1,0.6956252,1
0,0.6702847,1
0,0.7262851,1
1,0.70581377,1
0,0.8015928,1
1,0.73004305,1
1,0.76788336,1
0,0.766989,1
0,0.76131535,1
0,0.8031658,1
1,0.83668023,1
1,0.79347974,1
1,0.791922,1
1,0.83987814,1
1,0.7915164,1
0,0.7961104,1
1,0.768606,1
1,0.80388135,1
1,0.7260262,1
0,0.54590183,1
1,0.25420475,0
1,0.714615,1
1,0.67347485,1
0,0.5819936,1
1,0.6960794,1
1,0.76106423,1
1,0.8026407,1
1,0.7556287,1
1,0.7955498,1
1,0.726802,1
1,0.8009172,1
1,0.8188352,1
1,0.7326721,1
1,0.6681154,1
1,0.7842925,1
1,0.8668045,1
1,0.8633675,1
1,0.8864794,1
0,0.8800842,1
1,0.8042758,1
1,0.8037628,1
1,0.8843943,1
0,0.8993507,1
1,0.8602624,1
0,0.8649045,1
1,0.8870001,1
1,0.8966627,1
1,0.9114061,1
1,0.88827574,1
1,0.89224344,1
1,0.6947471,1
1,0.74209327,1
1,0.8103377,1
0,0.7099378,1
0,0.6511584,1
0,0.75444514,1
1,0.7300372,1
0,0.81160444,1
1,0.7085187,1
0,0.77728534,1
1,0.7173203,1
0,0.6959112,1
1,0.7835144,1
0,0.75236773,1
0,0.80616754,1
1,0.76195776,1
1,0.74392164,1
1,0.7809286,1
0,0.7331865,1
0,0.778452,1
1,0.73752993,1
0,0.71473336,1
1,0.7290888,1
1,0.7592508,1
0,0.6962701,1
0,0.6863962,1
1,0.76624924,1
0,0.7420817,1
1,0.82424957,1
0,0.7588753,1
1,0.8196445,1
1,0.77352643,1
1,0.80361426,1
0,0.71091634,1
0,0.7482883,1
1,0.77958703,1
0,0.7464924,1
1,0.7021389,1
1,0.7196534,1
0,0.7376415,1
0,0.7497139,1
1,0.788803,1
1,0.7022318,1
1,0.70388997,1
1,0.73074466,1
1,0.7114191,1
1,0.75104463,1
1,0.7235551,1
1,0.6636521,1
0,0.6800891,1
1,0.68550944,1
1,0.742016,1
1,0.7429754,1
1,0.602132,1
1,0.7121,1
1,0.65864646,1
1,0.6298965,1
1,0.66029745,1
1,0.7027263,1
1,0.74561036,1
0,0.70076054,1
0,0.71803886,1
0,0.73482835,1
0,0.72436476,1
0,0.7538526,1
1,0.7415233,1
1,0.67685664,1
1,0.7269765,1
1,0.7670374,1
1,0.6935233,1
1,0.6800537,1
1,0.7089498,1
1,0.7145589,1
1,0.7086152,1
0,0.6932305,1
0,0.5537079,1
0,0.6800299,1
0,0.75347775,1
1,0.64298564,1
1,0.6435621,1
0,0.6772548,1
0,0.701489,1
0,0.62034136,1
1,0.76810545,1
1,0.79427946,1
1,0.7377798,1
1,0.7769841,1
0,0.7583484,1
1,0.7027703,1
1,0.7717082,1
0,0.7115916,1
0,0.76140636,1
0,0.6926252,1
1,0.80368704,1
1,0.7244357,1
0,0.78619426,1
1,0.74525136,1
1,0.7395892,1
1,0.7327013,1
0,0.7810903,1
1,0.7837473,1
1,0.7107886,1
1,0.72544223,1
0,0.7462518,1
0,0.78697395,1
1,0.81031525,1
1,0.76784307,1
1,0.75097466,1
1,0.44842464,0
1,0.8359848,1
1,0.5608726,1
1,0.3072881,0
0,0.4833206,0
0,0.65779376,1
1,0.738763,1
1,0.51954067,1
0,0.38888386,0
0,0.40752932,0
0,0.425343,0
0,0.35538104,0
1,0.40808904,0
1,0.39155513,0
1,0.313849,0
0,0.56933206,1
0,0.3785675,0
0,0.1805676,0
0,0.35779035,0
0,0.38216943,0
0,0.36967334,0
0,0.328197,0
0,0.37041155,0
0,0.17196889,0
0,0.25216368,0
0,0.41555765,0
1,0.24431235,0
0,0.42192075,0
0,0.26368058,0
0,0.30636632,0
0,0.44795904,0
0,0.20320508,0
1,0.74124783,1
1,0.79338783,1
1,0.75675154,1
0,0.7336339,1
0,0.7455005,1
1,0.77119327,1
1,0.85078645,1
1,0.58488935,1
0,0.40500447,0
0,0.38141087,0
1,0.7692798,1
0,0.686655,1
1,0.7011558,1
0,0.7398489,1
1,0.8023483,1
1,0.84924656,1
0,0.82699794,1
1,0.73724484,1
1,0.83685535,1
1,0.7740962,1
1,0.7808338,1
1,0.78620416,1
1,0.7071159,1
1,0.88686955,1
1,0.8077775,1
1,0.75931275,1
1,0.7760599,1
1,0.7336551,1
1,0.7376252,1
1,0.7705739,1
1,0.8194996,1
0,0.061887454,0
1,0.8645846,1
1,0.8660122,1
1,0.92299587,1
1,0.8526594,1
0,0.5679466,1
1,0.42866373,0
1,0.838663,1
1,0.5810248,1
0,0.6817145,1
0,0.4628596,0
1,0.73193085,1
0,0.08632641,0
1,0.3356854,0
1,0.5666427,1
0,0.16116534,0
0,0.034942113,0
0,0.10869254,0
0,0.07702207,0
0,0.11632958,0
0,0.4065824,0
0,0.048159,0
0,0.11398053,0
1,0.61494565,1
0,0.2016715,0
0,0.063195616,0
0,0.045588985,0
0,0.1600628,0
1,0.43157378,0
0,0.07708507,0
1,0.19381943,0
0,0.29017067,0
0,0.17566276,0
0,0.18042257,0
0,0.17106798,0
0,0.18401928,0
1,0.1604403,0
0,0.17647998,0
0,0.32229105,0
0,0.34992874,0
1,0.5445359,1
0,0.5407647,1
1,0.38150847,0
0,0.42899448,0
0,0.24903123,0
0,0.28299525,0
0,0.7223557,1
0,0.43205145,0
0,0.5853296,1
0,0.1997914,0
1,0.8026396,1
1,0.17646165,0
0,0.19966368,0
0,0.11319219,0
1,0.63452303,1
0,0.274788,0
0,0.43185318,0
1,0.6926664,1
1,0.84963435,1
1,0.7795828,1
1,0.8657852,1
0,0.8286502,1
1,0.8312354,1
1,0.809687,1
1,0.8250808,1
1,0.72584385,1
1,0.79558104,1
0,0.75909287,1
1,0.867522,1
1,0.7968697,1
0,0.8091373,1
1,0.83126974,1
1,0.8284248,1
1,0.8571594,1
0,0.14098226,0
1,0.79586846,1
1,0.7274558,1
0,0.22584924,0
0,0.38903105,0
0,0.7783571,1
0,0.56035334,1
0,0.39547864,0
0,0.24783881,0
1,0.81892335,1
1,0.86540884,1
1,0.8177572,1
1,0.5835168,1
1,0.62784207,1
0,0.71992546,1
1,0.6042187,1
1,0.66864496,1
1,0.7056208,1
1,0.5066704,1
0,0.53342956,1
0,0.75777096,1
1,0.7299837,1
1,0.74174076,1
1,0.22993983,0
1,0.77351105,1
1,0.75883114,1
1,0.7590736,1
1,0.8213415,1
0,0.603435,1
1,0.7273796,1
0,0.6390101,1
1,0.83497053,1
0,0.6044618,1
0,0.83627105,1
0,0.7971603,1
1,0.7930556,1
1,0.7238894,1
1,0.8152877,1
1,0.6755736,1
1,0.8219365,1
1,0.77441615,1
1,0.747716,1
0,0.7186395,1
1,0.74087363,1
1,0.6567434,1
1,0.7352372,1
1,0.7233319,1
1,0.8123423,1
1,0.6195945,1
0,0.66870934,1
1,0.6754515,1
1,0.718839,1
0,0.26190072,0
0,0.363009,0
1,0.6984845,1
1,0.34915215,0
0,0.25340724,0
0,0.18138915,0
0,0.06585869,0
1,0.9305767,1
1,0.9158433,1
1,0.81216824,1
1,0.8545552,1
1,0.88779867,1
0,0.7945746,1
1,0.8716138,1
1,0.90437,1
1,0.8791741,1
1,0.79711056,1
1,0.8271035,1
1,0.8485916,1
0,0.5095625,1
1,0.8586163,1
1,0.89077085,1
1,0.7784458,1
0,0.32502693,0
0,0.37701222,0
0,0.297035,0
1,0.9190889,1
1,0.6134744,1
1,0.7840344,1
0,0.28566393,0
0,0.80926275,1
0,0.23820435,0
1,0.56635684,1
0,0.28407604,0
1,0.8060014,1
1,0.6714793,1
0,0.602961,1
0,0.26201114,0
1,0.3141302,0
0,0.11501247,0
1,0.25204733,0
0,0.35991898,0
1,0.52047265,1
1,0.46081114,0
1,0.70949286,1
1,0.72433984,1
1,0.28925726,0
0,0.6002878,1
0,0.20703897,0
1,0.36249188,0
0,0.8000586,1
1,0.4733973,0
1,0.32659325,0
1,0.29865077,0
0,0.45159888,0
1,0.71220446,1
0,0.7034234,1
0,0.08310226,0
0,0.061923083,0
0,0.062605344,0
0,0.12054086,0
0,0.17626542,0
0,0.22865866,0
0,0.07790772,0
1,0.85169256,1
0,0.5993808,1
0,0.068338156,0
0,0.08064549,0
1,0.13283578,0
0,0.17045827,0
0,0.4805851,0
0,0.20967616,0
0,0.42497513,0
0,0.7588223,1
0,0.18483303,0
1,0.6885157,1
1,0.8480075,1
1,0.7404566,1
1,0.7195501,1
1,0.7308775,1
0,0.18378605,0
0,0.036510352,0
0,0.04080406,0
0,0.08566934,0
0,0.06827003,0
1,0.8166455,1
1,0.6725019,1
0,0.7140512,1
0,0.58059394,1
0,0.74722797,1
0,0.69974595,1
1,0.5911616,1
0,0.5486748,1
1,0.5976481,1
1,0.7011166,1
0,0.3139804,0
1,0.15234166,0
1,0.74647,1
1,0.81016576,1
1,0.7033876,1
1,0.6706907,1
0,0.77727944,1
0,0.6390706,1
1,0.7437499,1
0,0.7058002,1
0,0.7193656,1
1,0.6690861,1
0,0.7662073,1
0,0.71618897,1
0,0.6742461,1
0,0.7931472,1
1,0.8563707,1
0,0.6813459,1
1,0.6359772,1
0,0.74513096,1
1,0.8339917,1
1,0.63017124,1
1,0.703166,1
0,0.727032,1
1,0.72405905,1
0,0.6926028,1
1,0.66625696,1
1,0.69452924,1
1,0.7091876,1
1,0.69524837,1
1,0.70984507,1
1,0.72647756,1
1,0.73578227,1
1,0.7254563,1
1,0.6741832,1
0,0.6919245,1
0,0.6515697,1
0,0.27171424,0
1,0.86444527,1
1,0.7989524,1
0,0.8197396,1
1,0.8761556,1
1,0.81795794,1
1,0.8453105,1
1,0.85776097,1
1,0.8393364,1
1,0.62443364,1
0,0.8718782,1
0,0.7811849,1
1,0.8050263,1
0,0.85723233,1
0,0.8676843,1
1,0.5232763,1
1,0.86769426,1
1,0.79402095,1
1,0.8361805,1
1,0.85084575,1
1,0.8504743,1
1,0.74816704,1
1,0.78742945,1
1,0.8069411,1
1,0.80172336,1
1,0.76624304,1
0,0.17063376,0
0,0.19062914,0
1,0.80409616,1
1,0.8013527,1
0,0.11349215,0
1,0.5365065,1
1,0.34956256,0
1,0.8604363,1
0,0.16285977,0
0,0.1607676,0
1,0.8187721,1
1,0.839386,1
1,0.8030924,1
1,0.8701433,1
1,0.8532687,1
1,0.8695119,1
1,0.8840415,1
1,0.8927951,1
1,0.9004359,1
1,0.8996597,1
1,0.4728816,0
1,0.24083337,0
0,0.48896322,0
1,0.46864277,0
1,0.1439169,0
1,0.77861905,1
1,0.11398928,0
0,0.6897244,1
0,0.68673474,1
1,0.59652674,1
1,0.7836117,1
1,0.8873856,1
1,0.9085229,1
1,0.8552844,1
0,0.850296,1
1,0.89789456,1
1,0.84545654,1
1,0.8722761,1
1,0.8684414,1
1,0.8355873,1
0,0.22897635,0
1,0.71985495,1
1,0.8380902,1
1,0.9165425,1
1,0.8696147,1
1,0.9367647,1
1,0.8302109,1
1,0.901339,1
1,0.8630913,1
1,0.8940913,1
1,0.90364,1
1,0.9095979,1
1,0.8888149,1
1,0.7491973,1
0,0.79508865,1
1,0.78796846,1
1,0.8312435,1
1,0.7804083,1
0,0.8622391,1
1,0.8189947,1
1,0.8930149,1
1,0.7944649,1
1,0.82652783,1
1,0.84183145,1
1,0.82528627,1
1,0.8359479,1
1,0.8975409,1
1,0.8788612,1
1,0.8327461,1
1,0.8737317,1
1,0.90842843,1
1,0.8393646,1
1,0.81514204,1
1,0.9044442,1
0,0.81318593,1
1,0.9052047,1
0,0.7676238,1
0,0.76295197,1
0,0.86684966,1
1,0.86205935,1
0,0.9117654,1
0,0.8943503,1
1,0.91947705,1
1,0.90419906,1
1,0.7777248,1
1,0.8259513,1
1,0.82953155,1
1,0.78244555,1
1,0.8297764,1
1,0.9397213,1
1,0.7849065,1
1,0.8403048,1
0,0.9417538,1
1,0.9331661,1
0,0.618458,1
1,0.8443201,1
0,0.81451964,1
1,0.86784464,1
1,0.8415286,1
0,0.8633206,1
1,0.91295993,1
1,0.8632981,1
1,0.8874777,1
1,0.31493637,0
0,0.06690173,0
0,0.43666986,0
0,0.36323085,0
1,0.30152524,0
0,0.34000933,0
0,0.29510906,0
0,0.33792812,0
0,0.16698915,0
0,0.29421613,0
0,0.3121076,0
1,0.3727563,0
1,0.3035736,0
1,0.3440842,0
0,0.3503534,0
0,0.31776658,0
1,0.781075,1
0,0.7102374,1
0,0.8043815,1
0,0.72778934,1
0,0.6540791,1
1,0.7904062,1
1,0.7308414,1
1,0.7696642,1
1,0.85617393,1
1,0.8128433,1
1,0.8397409,1
1,0.8262859,1
0,0.69724405,1
1,0.8164089,1
1,0.793386,1
1,0.7431922,1
1,0.83140516,1
0,0.7587194,1
0,0.025397288,0
0,0.037296206,0
0,0.034040637,0
0,0.15628147,0
1,0.92925596,1
1,0.89025724,1
1,0.88954633,1
1,0.8814146,1
0,0.7886222,1
1,0.7179018,1
1,0.87438625,1
1,0.84149104,1
1,0.8334633,1
1,0.8527906,1
1,0.87434614,1
1,0.8129866,1
1,0.86160415,1
1,0.79560924,1
1,0.7950603,1
1,0.89192116,1
1,0.9278775,1
0,0.9209881,1
1,0.91072786,1
1,0.93186224,1
1,0.87109256,1
1,0.8168104,1
1,0.7865761,1
1,0.79691833,1
0,0.8151837,1
1,0.8400668,1
1,0.8486324,1
1,0.93930036,1
1,0.96155864,1
0,0.28117254,0
0,0.6730041,1
1,0.7692321,1
0,0.69625,1
1,0.76204354,1
1,0.759394,1
1,0.16419818,0
0,0.6605871,1
0,0.24767144,0
1,0.68888193,1
1,0.5926454,1
0,0.687984,1
1,0.6690228,1
1,0.83102375,1
1,0.8519161,1
1,0.8516068,1
1,0.8568054,1
1,0.85805744,1
1,0.85254604,1
0,0.83626837,1
0,0.84234375,1
1,0.8577439,1
1,0.84232396,1
1,0.67424756,1
0,0.40871003,0
0,0.765963,1
1,0.7411354,1
1,0.8121072,1
0,0.8534367,1
1,0.83376443,1
1,0.8823521,1
1,0.7983983,1
1,0.83868796,1
1,0.77361625,1
1,0.80741584,1
0,0.8198602,1
1,0.9056,1
0,0.87608075,1
1,0.91318345,1
1,0.90004456,1
1,0.86049193,1
1,0.84766227,1
0,0.8303803,1
1,0.86866504,1
1,0.8998895,1
1,0.8522743,1
1,0.899855,1
1,0.8860772,1
1,0.88759357,1
1,0.751575,1
1,0.87105465,1
1,0.84434617,1
1,0.8942243,1
1,0.87530625,1
0,0.88187164,1
0,0.8200869,1
0,0.82114536,1
1,0.89830977,1
1,0.8703189,1
1,0.8543009,1
0,0.8406048,1
1,0.901939,1
1,0.871626,1
1,0.76703614,1
0,0.83471036,1
1,0.869254,1
1,0.90921474,1
1,0.84276056,1
1,0.8552731,1
1,0.85859054,1
1,0.85178655,1
0,0.88881487,1
1,0.8938806,1
1,0.8682475,1
1,0.8495665,1
1,0.85735416,1
0,0.8495003,1
0,0.8138208,1
1,0.86291003,1
1,0.89053375,1
1,0.85447615,1
0,0.87698656,1
1,0.8412043,1
1,0.88097066,1
1,0.8432292,1
1,0.8276265,1
1,0.80674255,1
1,0.6530252,1
1,0.66500133,1
0,0.34672356,0
0,0.53642046,1
1,0.8754265,1
1,0.24019523,0
0,0.5688324,1
0,0.5472838,1
1,0.5689957,1
1,0.7845717,1
1,0.7280735,1
1,0.6588019,1
1,0.20766118,0
1,0.38526887,0
1,0.32577658,0
0,0.36037886,0
0,0.07835335,0
0,0.17290893,0
0,0.07789095,0
0,0.59232527,1
0,0.22729033,0
1,0.32176775,0
1,0.28273723,0
1,0.5799673,1
1,0.38918588,0
1,0.36699677,0
0,0.13640943,0
1,0.22263847,0
1,0.33498627,0
0,0.35450396,0
1,0.34402353,0
0,0.27207047,0
0,0.32568705,0
0,0.3142458,0
0,0.34062707,0
0,0.41871142,0
1,0.19706587,0
0,0.2115309,0
0,0.13246502,0
0,0.20151937,0
0,0.23452693,0
0,0.5246472,1
1,0.67796844,1
1,0.79885554,1
0,0.11124294,0
0,0.13948177,0
1,0.16581905,0
0,0.13091205,0
0,0.496114,0
0,0.105381146,0
0,0.2244116,0
1,0.0936862,0
0,0.051581297,0
0,0.2049624,0
0,0.05483044,0
0,0.17207558,0
0,0.25063825,0
1,0.7726965,1
1,0.7726281,1
1,0.7712026,1
1,0.34301203,0
0,0.48587018,0
0,0.48902246,0
0,0.40709966,0
1,0.6578935,1
0,0.69085085,1
1,0.7220506,1
1,0.45983914,0
1,0.72092277,1
1,0.7353937,1
1,0.848065,1
1,0.8551775,1
1,0.88435465,1
1,0.8071405,1
1,0.5986858,1
1,0.72546107,1
1,0.7895325,1
0,0.15749979,0
0,0.075974256,0
0,0.065314256,0
0,0.06192076,0
0,0.079480484,0
0,0.24299063,0
0,0.6041237,1
1,0.7318289,1
1,0.78056026,1
1,0.40680817,0
0,0.33194077,0
0,0.3154594,0
0,0.09113977,0
1,0.3448543,0
0,0.3183286,0
1,0.9473595,1
1,0.87025887,1
1,0.8152275,1
1,0.8481295,1
1,0.8531084,1
1,0.8699448,1
1,0.8273263,1
1,0.82079834,1
0,0.2496759,0
0,0.23083499,0
0,0.06434622,0
0,0.055554878,0
0,0.35386273,0
1,0.62498814,1
0,0.62790996,1
0,0.53005004,1
1,0.9097642,1
1,0.8646847,1
1,0.76921874,1
0,0.66745687,1
1,0.8277377,1
1,0.69814545,1
0,0.80002844,1
1,0.89071226,1
1,0.8884654,1
1,0.9017058,1
1,0.88989675,1
1,0.8836342,1
1,0.8083283,1
1,0.8203026,1
1,0.85208046,1
1,0.91111255,1
1,0.8840656,1
1,0.90434605,1
1,0.8492686,1
1,0.8120446,1
1,0.8354801,1
1,0.8032536,1
0,0.79111177,1
0,0.83230484,1
1,0.81126624,1
1,0.81529987,1
1,0.7129486,1
1,0.78145313,1
1,0.73214555,1
0,0.7791902,1
1,0.7530325,1
1,0.8479281,1
1,0.76656973,1
1,0.79484963,1
1,0.82040817,1
1,0.7913443,1
1,0.7969628,1
1,0.67546064,1
1,0.7627339,1
1,0.77031845,1
1,0.7331912,1
1,0.7763006,1
1,0.17597955,0
1,0.5722319,1
0,0.45928836,0
1,0.46510532,0
1,0.3852049,0
1,0.41095933,0
1,0.6623406,1
1,0.32778838,0
0,0.74341285,1
1,0.5652438,1
0,0.23097952,0
1,0.59112746,1
1,0.94036895,1
0,0.925462,1
0,0.71314657,1
0,0.7982791,1
1,0.9305776,1
1,0.8581618,1
1,0.91807234,1
1,0.88304746,1
1,0.8202146,1
1,0.84579325,1
1,0.7645502,1
1,0.7447677,1
0,0.8491485,1
0,0.8370819,1
1,0.8286701,1
1,0.74777395,1
1,0.76248276,1
1,0.7963387,1
1,0.8158582,1
1,0.8278111,1
1,0.8074916,1
1,0.81122386,1
1,0.8605109,1
1,0.82985806,1
0,0.86661035,1
1,0.7977763,1
1,0.88223445,1
1,0.85021955,1
1,0.8546774,1
1,0.8999281,1
1,0.80979455,1
1,0.75583816,1
1,0.76923394,1
0,0.78357315,1
1,0.83000743,1
0,0.84634036,1
1,0.7620873,1
1,0.85487336,1
1,0.798779,1
0,0.86498284,1
0,0.82712495,1
0,0.8141566,1
1,0.82899916,1
1,0.7148443,1
1,0.64140743,1
0,0.71506286,1
0,0.722709,1
1,0.7397227,1
1,0.7100182,1
1,0.7826209,1
1,0.7168551,1
0,0.5942927,1
1,0.7825205,1
1,0.70816773,1
1,0.6029602,1
1,0.7436154,1
1,0.8342152,1
0,0.85254705,1
1,0.8196903,1
1,0.83658093,1
1,0.67849046,1
1,0.76117915,1
1,0.74666655,1
1,0.71182275,1
1,0.6935757,1
1,0.6297806,1
1,0.47156218,0
0,0.71456325,1
0,0.6965541,1
1,0.6758715,1
0,0.65833414,1
1,0.74621606,1
0,0.74889255,1
0,0.50796,1
1,0.71250916,1
0,0.73884237,1
0,0.72951686,1
1,0.72267646,1
0,0.64448375,1
0,0.707147,1
0,0.60376406,1
0,0.55542177,1
0,0.63119787,1
0,0.6481773,1
1,0.60327286,1
1,0.5551129,1
1,0.7056391,1
1,0.8032385,1
0,0.7377592,1
1,0.78833497,1
1,0.76878124,1
1,0.80060256,1
1,0.82455486,1
1,0.34796137,0
0,0.6978987,1
1,0.7026072,1
0,0.7209449,1
0,0.61745036,1
1,0.8114408,1
1,0.79532367,1
0,0.70357597,1
0,0.048014544,0
0,0.7378705,1
0,0.037164398,0
0,0.07564707,0
0,0.06338293,0
0,0.06183971,0
0,0.036816377,0
0,0.14528166,0
0,0.06872372,0
0,0.0374712,0
0,0.03990047,0
1,0.9037682,1
1,0.77090865,1
1,0.89112055,1
1,0.8909354,1
1,0.84288543,1
1,0.87461805,1
1,0.83127695,1
1,0.88443726,1
1,0.8874471,1
1,0.8460858,1
1,0.83659464,1
1,0.701979,1
0,0.77533245,1
1,0.822007,1
1,0.8475567,1
1,0.91927826,1
0,0.92640084,1
0,0.86705446,1
1,0.8225099,1
1,0.8694009,1
1,0.85478747,1
1,0.16682157,0
1,0.7599942,1
0,0.35318306,0
0,0.54758567,1
1,0.6002794,1
0,0.658222,1
1,0.7042687,1
1,0.5701335,1
1,0.65446186,1
0,0.277141,0
0,0.26832163,0
1,0.6215021,1
1,0.7356651,1
1,0.6595247,1
1,0.8205497,1
0,0.20805931,0
0,0.34388733,0
0,0.25112283,0
0,0.37697625,0
1,0.5505697,1
1,0.66960365,1
1,0.22063746,0
1,0.6700476,1
1,0.65913415,1
1,0.3525693,0
1,0.68573093,1
1,0.46631366,0
0,0.6870272,1
0,0.6669519,1
0,0.65935796,1
1,0.7094097,1
0,0.07961631,0
0,0.24418485,0
1,0.48544118,0
0,0.24456006,0
0,0.38544017,0
0,0.38387302,0
1,0.83545214,1
1,0.8458092,1
0,0.8645668,1
1,0.86337364,1
1,0.8798349,1
1,0.9295294,1
1,0.89775795,1
1,0.84274757,1
1,0.8511019,1
1,0.8618695,1
0,0.3602607,0
1,0.37009403,0
0,0.39225954,0
1,0.46856046,0
1,0.676264,1
1,0.8060856,1
1,0.7195501,1
1,0.6748007,1
1,0.27255887,0
1,0.8839728,1
1,0.6157703,1
1,0.7779405,1
1,0.88430196,1
1,0.82330835,1
1,0.86319345,1
1,0.8207042,1
1,0.7775627,1
1,0.8775203,1
1,0.78503364,1
1,0.8820094,1
1,0.8743718,1
1,0.8205638,1
1,0.8571458,1
1,0.77711046,1
1,0.77937835,1
1,0.83482623,1
1,0.8259634,1
1,0.83959377,1
1,0.8501221,1
1,0.83836836,1
0,0.7529892,1
1,0.80862546,1
1,0.6117849,1
1,0.848465,1
1,0.86464226,1
1,0.88574886,1
1,0.85430294,1
1,0.8660679,1
0,0.84878546,1
1,0.79996276,1
1,0.20840214,0
1,0.33751026,0
0,0.3995157,0
1,0.6104694,1
0,0.08312669,0
0,0.030961892,0
1,0.38327304,0
1,0.7290248,1
1,0.73877406,1
1,0.23005332,0
1,0.12987056,0
0,0.114793,0
0,0.2896577,0
0,0.28598654,0
1,0.24909897,0
1,0.06244395,0
1,0.5585209,1
0,0.442255,0
0,0.70415086,1
0,0.81744874,1
1,0.83426046,1
1,0.86721796,1
0,0.8262583,1
1,0.7840321,1
0,0.84563476,1
1,0.8269064,1
0,0.2752548,0
0,0.38006023,0
1,0.30614427,0
0,0.33181956,0
0,0.29037142,0
1,0.6673837,1
1,0.75563323,1
1,0.7679858,1
1,0.7025271,1
1,0.8695665,1
1,0.8928706,1
1,0.8313967,1
1,0.85263056,1
0,0.75352335,1
0,0.7583379,1
1,0.53603584,1
1,0.87279713,1
1,0.8159622,1
1,0.82103,1
0,0.7713945,1
1,0.8098137,1
1,0.82431275,1
0,0.7969176,1
1,0.7724004,1
1,0.8160163,1
1,0.827007,1
1,0.8480309,1
1,0.773137,1
1,0.8217499,1
1,0.63252574,1
0,0.6823738,1
1,0.6356009,1
1,0.4217132,0
1,0.63364166,1
0,0.6310559,1
0,0.6362704,1
1,0.7145433,1
1,0.7074116,1
1,0.6786085,1
1,0.76286966,1
0,0.7250613,1
1,0.6586358,1
0,0.7389464,1
0,0.66764784,1
1,0.62677515,1
0,0.7438331,1
1,0.76681626,1
1,0.7822675,1
0,0.5175918,1
1,0.6757999,1
1,0.86237437,1
1,0.77762985,1
1,0.7075073,1
1,0.8246595,1
1,0.78848505,1
0,0.74780154,1
1,0.70305103,1
0,0.80157125,1
1,0.7825476,1
0,0.76569825,1
0,0.8017259,1
0,0.8090189,1
1,0.68620485,1
0,0.72753906,1
1,0.74784034,1
1,0.74979705,1
1,0.72341704,1
1,0.69154596,1
1,0.7399145,1
1,0.677765,1
1,0.7186512,1
1,0.6771894,1
1,0.72183955,1
1,0.65249807,1
1,0.7418498,1
1,0.74912274,1
1,0.7010135,1
1,0.71132976,1
1,0.26648837,0
1,0.07072971,0
1,0.087075844,0
1,0.26161024,0
1,0.23461965,0
1,0.35319299,0
0,0.24105106,0
0,0.06117406,0
0,0.16409262,0
1,0.82364225,1
1,0.86303616,1
1,0.7729658,1
1,0.7268721,1
1,0.7620593,1
1,0.8156105,1
1,0.8135506,1
1,0.7979216,1
1,0.7823429,1
1,0.81444496,1
1,0.73270404,1
1,0.8148593,1
0,0.83425444,1
0,0.8043876,1
1,0.7951162,1
0,0.76848525,1
0,0.78401893,1
1,0.70663685,1
1,0.7299367,1
1,0.8377649,1
1,0.8500832,1
1,0.78514,1
0,0.8547242,1
1,0.7717378,1
1,0.81057477,1
1,0.82373375,1
1,0.8168321,1
1,0.8218721,1
1,0.8154328,1
1,0.044139143,0
0,0.02793796,0
1,0.07213978,0
0,0.2380836,0
0,0.43326283,0
0,0.41045606,0
1,0.69469464,1
1,0.8018082,1
0,0.8608547,1
1,0.81888574,1
1,0.8686654,1
1,0.81561875,1
1,0.885413,1
1,0.81104565,1
1,0.8734182,1
1,0.66065514,1
1,0.7847726,1
1,0.81054395,1
1,0.79631835,1
1,0.78736943,1
1,0.81839246,1
1,0.82847065,1
1,0.7865088,1
1,0.34277913,0
1,0.32836136,0
0,0.18738079,0
1,0.85987335,1
1,0.21837337,0
1,0.7528732,1
0,0.6921574,1
0,0.40376523,0
1,0.8671917,1
0,0.2637453,0
0,0.22587001,0
0,0.1650299,0
1,0.624261,1
1,0.43854517,0
0,0.40001255,0
0,0.37689623,0
1,0.5645517,1
1,0.21236199,0
0,0.22935699,0
0,0.2653124,0
1,0.4224645,0
0,0.68163747,1
0,0.43680683,0
0,0.69760835,1
1,0.37899113,0
0,0.6678119,1
0,0.7208197,1
0,0.3236575,0
0,0.5027839,1
0,0.6416233,1
1,0.7751355,1
1,0.8846745,1
1,0.8425818,1
1,0.86599225,1
0,0.7459418,1
0,0.6935548,1
1,0.7700835,1
1,0.7464438,1
0,0.58517665,1
1,0.7569477,1
1,0.7704429,1
1,0.8131476,1
0,0.60802495,1
0,0.79807025,1
1,0.8176194,1
1,0.7196073,1
1,0.71307635,1
0,0.74075764,1
0,0.5669103,1
1,0.6617229,1
0,0.63697475,1
1,0.7169371,1
0,0.5364899,1
1,0.73903126,1
1,0.78966475,1
0,0.7537959,1
0,0.74327195,1
1,0.83198965,1
1,0.74922824,1
0,0.7056101,1
1,0.6985388,1
0,0.70251095,1
1,0.749464,1
1,0.75444764,1
1,0.7902581,1
1,0.7620347,1
1,0.7815892,1
1,0.76921356,1
0,0.7716901,1
1,0.64131796,1
0,0.25954384,0
0,0.3286914,0
1,0.32258615,0
1,0.8471857,1
1,0.3564513,0
0,0.3254747,0
0,0.2585348,0
0,0.26054308,0
0,0.09912166,0
0,0.063746974,0
0,0.04200249,0
0,0.1296501,0
0,0.21718884,0
0,0.053062245,0
0,0.1585314,0
0,0.16868088,0
0,0.1626097,0
0,0.038159102,0
0,0.24532822,0
0,0.038325295,0
0,0.19847594,0
0,0.03477628,0
0,0.16484636,0
0,0.16311683,0
0,0.15518457,0
0,0.12243173,0
1,0.18521307,0
1,0.23089685,0
0,0.24900015,0
0,0.53725356,1
0,0.43747064,0
0,0.16839397,0
0,0.62067956,1
0,0.3488527,0
1,0.35069153,0
1,0.25206488,0
0,0.3218906,0
0,0.33435562,0
0,0.4240374,0
1,0.31157643,0
1,0.569626,1
1,0.63625133,1
0,0.3344675,0
1,0.4436399,0
1,0.36258718,0
0,0.25791326,0
1,0.69455636,1
1,0.2736283,0
1,0.79897934,1
1,0.118078604,0
1,0.5733932,1
1,0.65665084,1
1,0.33046082,0
0,0.45511585,0
0,0.6741373,1
1,0.28783005,0
0,0.25913575,0
0,0.2746292,0
1,0.76079845,1
1,0.41544184,0
0,0.30015928,0
1,0.18107961,0
1,0.531475,1
1,0.6419237,1
1,0.48979074,0
1,0.6495337,1
1,0.51046157,1
0,0.4927035,0
1,0.4072237,0
1,0.11205703,0
1,0.104393765,0
0,0.3447888,0
1,0.24606593,0
0,0.33359998,0
0,0.43808955,0
0,0.2904631,0
0,0.61719763,1
0,0.3275193,0
0,0.058222517,0
1,0.7955263,1
1,0.8601048,1
0,0.7538926,1
0,0.811646,1
0,0.82364154,1
0,0.7376246,1
0,0.8058313,1
1,0.8153389,1
1,0.749325,1
1,0.76743615,1
0,0.78335756,1
1,0.8478702,1
1,0.86484987,1
1,0.8094677,1
1,0.7945705,1
0,0.77824676,1
0,0.83191836,1
1,0.85312426,1
1,0.7691098,1
1,0.7375674,1
1,0.7501439,1
1,0.7716234,1
1,0.7717871,1
1,0.77699536,1
1,0.30289403,0
0,0.17459264,0
0,0.1697911,0
0,0.114542566,0
1,0.14867,0
0,0.03922335,0
0,0.022151079,0
0,0.24540676,0
1,0.59399545,1
1,0.5481377,1
0,0.48414364,0
0,0.48645505,0
1,0.67133266,1
1,0.7810985,1
1,0.7371812,1
1,0.662927,1
1,0.7272418,1
1,0.86009943,1
1,0.8122308,1
0,0.8222913,1
1,0.8634253,1
1,0.79657274,1
1,0.76064867,1
1,0.8234659,1
1,0.7984018,1
1,0.80685556,1
1,0.81403345,1
1,0.8472523,1
0,0.797084,1
0,0.83837795,1
1,0.84656525,1
0,0.76168233,1
1,0.7741452,1
1,0.9219041,1
1,0.8666299,1
1,0.8879711,1
1,0.873169,1
1,0.8869811,1
1,0.7095584,1
1,0.8335331,1
1,0.88595575,1
1,0.9324401,1
1,0.8518189,1
1,0.89285934,1
1,0.93891925,1
1,0.8725387,1
1,0.83671385,1
1,0.6907024,1
0,0.7235855,1
0,0.7089206,1
0,0.70593166,1
1,0.7528423,1
1,0.8343297,1
1,0.84117645,1
0,0.023697546,0
0,0.15949361,0
0,0.21597132,0
0,0.15834364,0
0,0.09431679,0
0,0.22571148,0
1,0.37590382,0
1,0.41029614,0
0,0.3866251,0
0,0.20788597,0
0,0.10213553,0
0,0.2126864,0
1,0.2721329,0
1,0.64585036,1
1,0.4152161,0
1,0.16582382,0
1,0.56748277,1
1,0.6535207,1
1,0.683772,1
1,0.74854624,1
1,0.77318996,1
1,0.6362748,1
1,0.81327516,1
1,0.67425495,1
1,0.77903235,1
1,0.7694222,1
0,0.77504945,1
0,0.7418331,1
1,0.7639707,1
1,0.7381999,1
0,0.70096695,1
1,0.61121035,1
0,0.6217162,1
1,0.6788177,1
1,0.7809521,1
1,0.7132093,1
0,0.40791008,0
1,0.26637957,0
1,0.47140816,0
0,0.14367518,0
0,0.050350077,0
0,0.061085522,0
0,0.09290258,0
0,0.24363832,0
0,0.35830328,0
1,0.673483,1
0,0.15158637,0
0,0.29925752,0
0,0.24809504,0
0,0.30331424,0
0,0.35889113,0
1,0.12368976,0
0,0.26702645,0
0,0.4311658,0
1,0.25030068,0
1,0.4173658,0
1,0.5552147,1
0,0.84579515,1
0,0.82185644,1
1,0.76552683,1
0,0.737114,1
0,0.1717583,0
0,0.72563267,1
1,0.57842076,1
1,0.7647157,1
1,0.5796921,1
0,0.6656809,1
1,0.84825486,1
1,0.7765021,1
1,0.80563587,1
0,0.15779525,0
0,0.19969584,0
0,0.16227043,0
1,0.1868907,0
0,0.22517538,0
1,0.77851164,1
1,0.76804215,1
0,0.8247647,1
1,0.4966244,0
1,0.8344293,1
1,0.8524775,1
1,0.8557139,1
1,0.81787837,1
1,0.76527536,1
1,0.3102225,0
1,0.72279143,1
0,0.7695429,1
1,0.825233,1
1,0.76607084,1
1,0.7770512,1
1,0.9356013,1
1,0.9069836,1
1,0.9327885,1
0,0.72400665,1
1,0.8838324,1
1,0.8365113,1
1,0.80843323,1
1,0.34901813,0
0,0.35512078,0
0,0.4588501,0
0,0.45425484,0
0,0.37987745,0
0,0.500107,1
0,0.47707656,0
0,0.43869045,0
0,0.42586192,0
0,0.3893541,0
1,0.4114568,0
0,0.22775114,0
0,0.33615705,0
0,0.32634658,0
1,0.8582477,1
1,0.7869149,1
1,0.75274545,1
1,0.8137102,1
1,0.79090625,1
1,0.71704733,1
1,0.7495152,1
1,0.80153805,1
1,0.83549345,1
0,0.80164045,1
1,0.81922376,1
0,0.82984763,1
1,0.85462296,1
1,0.8788335,1
0,0.8732962,1
1,0.6956389,1
0,0.77805495,1
1,0.84615576,1
1,0.68379503,1
1,0.8223376,1
1,0.8773415,1
1,0.87745184,1
1,0.88384163,1
1,0.5627128,1
1,0.5241972,1
1,0.5561929,1
1,0.6993182,1
0,0.3830165,0
0,0.30905724,0
0,0.12973315,0
1,0.20193604,0
0,0.19377036,0
0,0.081622906,0
0,0.26152325,0
0,0.34649032,0
0,0.16285653,0
0,0.060747262,0
0,0.06377051,0
0,0.25397447,0
0,0.36624816,0
1,0.39811286,0
1,0.7982185,1
1,0.33658963,0
1,0.33674482,0
1,0.24070616,0
0,0.12050752,0
1,0.41563228,0
1,0.5245444,1
0,0.16723564,0
0,0.055697255,0
0,0.08270451,0
0,0.07595642,0
0,0.08718934,0
0,0.06421288,0
0,0.079588786,0
1,0.50804716,1
0,0.372394,0
0,0.04471689,0
0,0.40428954,0
1,0.12883988,0
1,0.1993278,0
0,0.30956942,0
0,0.38174468,0
0,0.31398505,0
1,0.3598559,0
1,0.33878282,0
0,0.39907607,0
1,0.27288437,0
0,0.3327716,0
0,0.43451673,0
1,0.3369856,0
0,0.37479433,0
0,0.13022317,0
0,0.0668431,0
0,0.10456044,0
0,0.09976736,0
0,0.10028273,0
0,0.68107456,1
0,0.54572135,1
0,0.26112258,0
1,0.60206366,1
1,0.62073797,1
1,0.67449826,1
1,0.7741515,1
1,0.6048098,1
1,0.6864035,1
1,0.7067811,1
0,0.70447546,1
1,0.89578825,1
1,0.85287327,1
1,0.87079495,1
1,0.7955249,1
1,0.811593,1
1,0.84313196,1
1,0.665828,1
0,0.6732598,1
0,0.71908534,1
0,0.6542628,1
0,0.2648246,0
0,0.3753119,0
1,0.78933686,1
0,0.8184644,1
0,0.8360014,1
1,0.8437698,1
1,0.78424525,1
1,0.7347782,1
1,0.48799986,0
1,0.8340525,1
1,0.8551966,1
1,0.84469444,1
1,0.6175995,1
0,0.69789594,1
1,0.7557186,1
0,0.63561547,1
0,0.2707774,0
1,0.7892838,1
1,0.6880332,1
1,0.79890096,1
0,0.7991854,1
1,0.71425706,1
1,0.7728121,1
1,0.7860275,1
1,0.7108501,1
1,0.8251467,1
1,0.7555736,1
1,0.64165086,1
0,0.70203876,1
0,0.7496641,1
0,0.7259661,1
0,0.66294837,1
0,0.66421616,1
1,0.67369646,1
1,0.7726559,1
1,0.699771,1
1,0.7542572,1
0,0.733531,1
0,0.68884546,1
0,0.7001943,1
1,0.7663893,1
1,0.7286812,1
1,0.74026895,1
1,0.72808254,1
1,0.7427062,1
0,0.69344294,1
0,0.6858112,1
1,0.7144988,1
1,0.65533346,1
1,0.71339697,1
0,0.68012905,1
0,0.655559,1
1,0.6293422,1
1,0.6920333,1
1,0.6886309,1
1,0.60534924,1
1,0.61005926,1
1,0.6739947,1
0,0.710456,1
1,0.6469751,1
1,0.61751264,1
1,0.722129,1
1,0.76255476,1
0,0.81866515,1
0,0.80732566,1
0,0.77247846,1
0,0.68792,1
0,0.8018405,1
0,0.7116661,1
1,0.76842237,1
0,0.72441703,1
1,0.69086254,1
1,0.7269892,1
1,0.6791688,1
1,0.7621829,1
1,0.8166416,1
1,0.8191642,1
1,0.742422,1
0,0.7704449,1
1,0.7446792,1
0,0.6231748,1
1,0.7065479,1
0,0.70111865,1
1,0.6766771,1
1,0.67726046,1
0,0.77486885,1
1,0.5369889,1
1,0.54674613,1
1,0.73360753,1
1,0.84238714,1
1,0.744709,1
1,0.6632444,1
0,0.642257,1
1,0.7852611,1
1,0.7577931,1
0,0.71792245,1
0,0.6269,1
0,0.7545682,1
1,0.64361966,1
1,0.7247046,1
1,0.77327657,1
0,0.72046477,1
1,0.77429426,1
1,0.6354812,1
1,0.6408489,1
1,0.7755562,1
1,0.72355163,1
1,0.76167756,1
1,0.7752381,1
1,0.6947425,1
1,0.74343216,1
1,0.7925175,1
1,0.7457491,1
1,0.7044154,1
1,0.6761505,1
1,0.7696157,1
0,0.69369155,1
1,0.74663115,1
1,0.7505496,1
1,0.6903519,1
1,0.6916087,1
1,0.653649,1
0,0.71560746,1
1,0.63449645,1
1,0.7866668,1
1,0.70122784,1
1,0.7726681,1
1,0.63756436,1
0,0.661472,1
1,0.7384142,1
1,0.7728127,1
1,0.6658064,1
1,0.7761107,1
1,0.6844966,1
1,0.74955887,1
1,0.7438275,1
1,0.73756975,1
1,0.6415634,1
1,0.7582594,1
1,0.7346605,1
0,0.051266387,0
0,0.12826967,0
0,0.05498905,0
0,0.037056677,0
0,0.17577152,0
0,0.09016774,0
0,0.28651202,0
0,0.38152346,0
0,0.5148177,1
1,0.69622284,1
1,0.5769452,1
1,0.39165542,0
0,0.23535907,0
0,0.5825036,1
0,0.6563304,1
0,0.7887317,1
1,0.30072436,0
0,0.40932786,0
0,0.041419424,0
0,0.06812831,0
0,0.056840383,0
1,0.43577257,0
0,0.10991054,0
1,0.3355333,0
0,0.23558164,0
1,0.35704792,0
0,0.5733368,1
0,0.33706036,0
1,0.39234024,0
0,0.36315855,0
0,0.59159863,1
0,0.19784623,0
0,0.22250825,0
1,0.46433204,0
1,0.37494388,0
0,0.16546014,0
1,0.18421544,0
1,0.56507915,1
1,0.7969723,1
0,0.90242994,1
0,0.8670966,1
0,0.759022,1
1,0.89069176,1
1,0.8671941,1
1,0.20146102,0
0,0.3002851,0
0,0.22610481,0
1,0.73143303,1
0,0.79166543,1
1,0.75677603,1
1,0.7375006,1
1,0.6987156,1
0,0.7239902,1
0,0.7897234,1
0,0.75818896,1
0,0.80243105,1
0,0.722839,1
1,0.80734366,1
1,0.81171197,1
1,0.79914004,1
1,0.7615394,1
1,0.8185858,1
1,0.8332357,1
1,0.7444348,1
1,0.83031994,1
1,0.73556364,1
1,0.80501103,1
1,0.7506295,1
1,0.7834687,1
0,0.755538,1
1,0.64553356,1
1,0.74714607,1
1,0.7853579,1
1,0.78600395,1
1,0.8069798,1
1,0.6842807,1
1,0.6419104,1
1,0.7559968,1
1,0.7833475,1
1,0.76014036,1
1,0.74627304,1
0,0.7994365,1
1,0.70478636,1
0,0.67280906,1
1,0.77748495,1
0,0.7730041,1
1,0.8501389,1
1,0.84401697,1
1,0.81881994,1
1,0.81708914,1
1,0.7846831,1
1,0.7751894,1
1,0.8779799,1
1,0.80365044,1
0,0.7840222,1
0,0.7669375,1
1,0.42086497,0
0,0.084806874,0
0,0.069793396,0
0,0.42058727,0
0,0.06945769,0
0,0.44790077,0
1,0.45946133,0
1,0.72195065,1
1,0.4255503,0
1,0.7901929,1
1,0.82801384,1
1,0.80962557,1
1,0.7924584,1
0,0.74475175,1
1,0.6045288,1
1,0.75675696,1
0,0.6687305,1
0,0.7758091,1
1,0.6933168,1
1,0.7610778,1
0,0.75820357,1
0,0.7762025,1
1,0.7225601,1
1,0.8088695,1
0,0.83582264,1
0,0.75452346,1
1,0.7822692,1
1,0.71161115,1
1,0.819271,1
1,0.79006565,1
0,0.7596464,1
1,0.7948972,1
1,0.7976151,1
1,0.8018492,1
1,0.8000684,1
1,0.8175039,1
1,0.757203,1
1,0.75942045,1
0,0.78813326,1
1,0.77723795,1
1,0.77682537,1
1,0.75863326,1
1,0.773485,1
0,0.7183609,1
1,0.71734166,1
1,0.7631152,1
1,0.7701322,1
1,0.6929721,1
1,0.69951046,1
1,0.74346596,1
0,0.7507067,1
1,0.74188066,1
1,0.74923426,1
0,0.75481474,1
1,0.72834015,1
1,0.72314966,1
0,0.73727006,1
1,0.75073874,1
1,0.72054994,1
0,0.6449268,1
1,0.67323047,1
0,0.6991738,1
1,0.80180895,1
1,0.72486687,1
1,0.85573524,1
1,0.8741402,1
1,0.81387967,1
0,0.22735162,0
1,0.83613,1
0,0.82470363,1
0,0.6372563,1
1,0.24626617,0
1,0.76432395,1
1,0.7546911,1
1,0.76381576,1
0,0.7122324,1
1,0.6868198,1
0,0.53847086,1
0,0.6627686,1
1,0.74114096,1
1,0.5723703,1
1,0.72924304,1
1,0.39536554,0
0,0.15468246,0
0,0.47891673,0
0,0.68597615,1
0,0.50927746,1
1,0.5014856,1
1,0.40533277,0
0,0.2606594,0
0,0.24903013,0
0,0.2993165,0
0,0.21614192,0
0,0.33841452,0
0,0.2610454,0
0,0.395319,0
1,0.53186196,1
0,0.37695637,0
0,0.22494696,0
0,0.12712164,0
0,0.29059437,0
0,0.3335629,0
1,0.6971537,1
1,0.8150854,1
1,0.8112169,1
0,0.91183853,1
0,0.91354674,1
0,0.8592356,1
1,0.82576835,1
1,0.8054214,1
1,0.8198453,1
0,0.765525,1
1,0.91480756,1
1,0.7771096,1
1,0.87449926,1
1,0.9003962,1
1,0.8285879,1
1,0.809591,1
1,0.8821416,1
1,0.84305304,1
1,0.8896185,1
1,0.8555986,1
1,0.75681496,1
1,0.4221103,0
0,0.5535067,1
0,0.28193817,0
1,0.71542925,1
1,0.6410575,1
1,0.6524699,1
1,0.8644036,1
1,0.75479054,1
1,0.7878515,1
1,0.7411607,1
1,0.8238378,1
1,0.83600086,1
1,0.7950895,1
1,0.6963054,1
1,0.8762916,1
1,0.7411315,1
0,0.7779966,1
1,0.88103163,1
1,0.8757154,1
1,0.8239913,1
1,0.7809022,1
1,0.805091,1
1,0.8078826,1
1,0.35849676,0
1,0.85019076,1
1,0.89271426,1
1,0.87981385,1
1,0.5815988,1
0,0.4006137,0
0,0.61135334,1
1,0.19469531,0
1,0.62695324,1
0,0.3046096,0
0,0.33387217,0
0,0.3773659,0
1,0.38243052,0
1,0.7569809,1
0,0.25464317,0
0,0.42729124,0
0,0.6491618,1
0,0.69020313,1
1,0.65936774,1
1,0.6754383,1
1,0.75404656,1
1,0.7908488,1
0,0.6963266,1
1,0.74704546,1
1,0.82949007,1
0,0.57428545,1
1,0.77036357,1
1,0.6872702,1
0,0.7075451,1
0,0.6288865,1
1,0.75596976,1
0,0.6804687,1
1,0.42500094,0
1,0.8170674,1
1,0.7841608,1
0,0.7044979,1
0,0.8184883,1
0,0.806825,1
1,0.8188101,1
0,0.74561745,1
1,0.8371906,1
1,0.7547589,1
1,0.82602346,1
1,0.824198,1
1,0.8388358,1
1,0.8147765,1
1,0.7837612,1
1,0.7317796,1
1,0.7207918,1
1,0.70102817,1
1,0.67057383,1
0,0.8043679,1
1,0.84018916,1
1,0.77188915,1
1,0.7958157,1
1,0.57023674,1
1,0.7444393,1
1,0.81114894,1
0,0.7979958,1
1,0.80964977,1
1,0.9157828,1
1,0.8281167,1
1,0.87904054,1
1,0.9069245,1
1,0.8491602,1
1,0.5844196,1
1,0.7129154,1
1,0.84338474,1
0,0.19180071,0
1,0.39721465,0
0,0.25911185,0
0,0.10492574,0
1,0.56950265,1
1,0.7605431,1
0,0.75083345,1
1,0.7390106,1
1,0.75365627,1
1,0.9069125,1
1,0.8765057,1
1,0.8669911,1
1,0.8806893,1
1,0.8805615,1
1,0.8647561,1
1,0.86460567,1
1,0.8928043,1
1,0.5168538,1
0,0.6082641,1
1,0.77625203,1
1,0.85444075,1
0,0.84797055,1
1,0.871125,1
1,0.84080195,1
0,0.80019915,1
1,0.8103854,1
1,0.7013489,1
1,0.6903314,1
0,0.7795243,1
1,0.75768435,1
0,0.8188986,1
1,0.8014976,1
0,0.76902395,1
0,0.73218364,1
0,0.81511486,1
0,0.1876048,0
0,0.09351825,0
0,0.2871187,0
1,0.1989879,0
1,0.60880506,1
1,0.23653677,0
1,0.8061626,1
1,0.7797135,1
1,0.75074565,1
1,0.40529212,0
1,0.39403138,0
1,0.69664377,1
1,0.609395,1
1,0.6961372,1
0,0.20527494,0
0,0.447759,0
1,0.5384555,1
1,0.2068369,0
1,0.44708583,0
1,0.16612504,0
1,0.5965842,1
0,0.42156267,0
1,0.7022482,1
0,0.7083736,1
1,0.7981955,1
1,0.72222805,1
1,0.826862,1
1,0.7488895,1
1,0.67103434,1
1,0.70261633,1
1,0.79029304,1
1,0.83723557,1
1,0.73917365,1
1,0.83965266,1
1,0.7175438,1
1,0.75563747,1
0,0.62428945,1
0,0.64601976,1
1,0.78977287,1
1,0.8121039,1
1,0.7317907,1
1,0.72560245,1
1,0.3164871,0
0,0.39523,0
0,0.41718486,0
1,0.73188996,1
0,0.7071997,1
0,0.7136339,1
1,0.89989054,1
1,0.93278486,1
1,0.9167029,1
1,0.89550143,1
1,0.8141297,1
1,0.80990946,1
1,0.7612885,1
1,0.78279924,1
1,0.7860432,1
1,0.76708573,1
1,0.80403423,1
1,0.8227421,1
1,0.8276224,1
1,0.89996326,1
1,0.87146765,1
1,0.872856,1
1,0.8056805,1
0,0.7591327,1
1,0.85855836,1
1,0.8773432,1
1,0.7947936,1
1,0.7782005,1
1,0.8578835,1
1,0.81079555,1
1,0.8590443,1
1,0.8144786,1
1,0.81840175,1
0,0.06811379,0
0,0.2606766,0
0,0.20270652,0
0,0.07710477,0
1,0.09282985,0
0,0.1823022,0
0,0.22515711,0
0,0.20078239,0
0,0.1828461,0
0,0.17864747,0
0,0.25340173,0
0,0.17764837,0
0,0.24281518,0
0,0.17096512,0
0,0.15979207,0
0,0.11099596,0
1,0.5901922,1
1,0.29154462,0
1,0.23560162,0
0,0.13064213,0
1,0.852441,1
1,0.86964315,1
1,0.69664437,1
0,0.15864448,0
1,0.49666628,0
0,0.41891438,0
0,0.34556803,0
1,0.6434652,1
0,0.3791987,0
1,0.71687895,1
1,0.77736783,1
1,0.8094869,1
1,0.8023582,1
1,0.7845471,1
1,0.74498546,1
1,0.7752289,1
1,0.7304056,1
0,0.72271824,1
1,0.57199067,1
1,0.3750854,0
1,0.53486395,1
0,0.5497436,1
1,0.22395727,0
0,0.08512501,0
0,0.36896318,0
1,0.4711634,0
1,0.31135136,0
1,0.54141283,1
1,0.4261986,0
1,0.7079637,1
1,0.7912395,1
1,0.8458817,1
1,0.8307239,1
1,0.8150961,1
1,0.78901005,1
1,0.78181076,1
0,0.8028452,1
1,0.90199816,1
1,0.86388904,1
1,0.8308483,1
1,0.8367097,1
1,0.8432226,1
1,0.7786623,1
0,0.05483332,0
0,0.80837244,1
0,0.81484467,1
1,0.8510713,1
0,0.8131837,1
0,0.7155949,1
0,0.842302,1
0,0.8798206,1
1,0.7286484,1
1,0.75659895,1
1,0.7247454,1
0,0.8051455,1
0,0.81710666,1
0,0.82288206,1
0,0.8303659,1
1,0.8706443,1
1,0.82442504,1
1,0.85611886,1
1,0.9085122,1
1,0.91223216,1
1,0.83753777,1
1,0.8473973,1
1,0.84066975,1
1,0.87814057,1
1,0.812128,1
1,0.8161989,1
1,0.7972314,1
1,0.86296,1
1,0.8455462,1
1,0.88334304,1
0,0.84194064,1
1,0.7717754,1
0,0.7779045,1
0,0.77259654,1
1,0.73276746,1
0,0.76348597,1
0,0.823164,1
1,0.8438858,1
0,0.81876904,1
1,0.77123314,1
0,0.8247906,1
0,0.8705702,1
1,0.80101186,1
0,0.77393323,1
0,0.7777293,1
1,0.7656094,1
1,0.76087505,1
1,0.8430009,1
0,0.43374798,0
1,0.34678906,0
1,0.50526816,1
0,0.3581256,0
1,0.4919234,0
0,0.3178474,0
0,0.35012394,0
1,0.31812537,0
0,0.1577315,0
0,0.20341827,0
1,0.30576497,0
0,0.30675477,0
1,0.38534594,0
1,0.6110599,1
1,0.15479761,0
1,0.2645267,0
0,0.7736383,1
1,0.8470898,1
1,0.9100034,1
1,0.9238381,1
1,0.88956624,1
1,0.8346176,1
1,0.59360784,1
0,0.762302,1
1,0.32613206,0
1,0.77780914,1
1,0.80629635,1
0,0.81327313,1
1,0.78117543,1
1,0.8150842,1
0,0.833601,1
0,0.7938862,1
0,0.8496888,1
0,0.8147032,1
1,0.8316426,1
1,0.8408443,1
0,0.826452,1
1,0.8523976,1
1,0.87741613,1
1,0.8133484,1
1,0.8047717,1
1,0.7856762,1
1,0.83686596,1
0,0.7967202,1
1,0.80284256,1
1,0.8347422,1
1,0.8446337,1
0,0.6904937,1
1,0.6443462,1
0,0.69577986,1
1,0.30214074,0
0,0.23112449,0
0,0.34376955,0
0,0.6373211,1
1,0.6451799,1
0,0.5503964,1
0,0.47495496,0
0,0.68165636,1
1,0.78122836,1
0,0.27878666,0
1,0.7576363,1
1,0.7611063,1
1,0.7109898,1
0,0.6878952,1
1,0.7587783,1
1,0.6647407,1
1,0.72099185,1
1,0.7693186,1
1,0.7705088,1
1,0.80998045,1
0,0.74634355,1
0,0.78695303,1
1,0.8123892,1
1,0.7393978,1
1,0.7231353,1
1,0.78584564,1
1,0.79553986,1
1,0.7782314,1
1,0.7821788,1
1,0.8288051,1
0,0.17566638,0
1,0.7767417,1
0,0.27730176,0
0,0.43247855,0
0,0.13613425,0
0,0.21373303,0
0,0.070022576,0
0,0.14481553,0
1,0.0696162,0
0,0.086790815,0
1,0.8132433,1
1,0.84770346,1
1,0.7855741,1
1,0.7044448,1
0,0.7535982,1
1,0.8166757,1
1,0.60549057,1
1,0.69113195,1
0,0.62876546,1
1,0.6833035,1
1,0.832339,1
1,0.8225361,1
0,0.2395911,0
0,0.36227342,0
0,0.19898339,0
0,0.32884648,0
0,0.1159494,0
0,0.054786,0
0,0.10812874,0
0,0.06971622,0
0,0.060076363,0
0,0.059404735,0
0,0.34477276,0
0,0.313158,0
0,0.5607891,1
0,0.37405813,0
0,0.51822376,1
1,0.7235764,1
1,0.85111004,1
0,0.32249,0
0,0.61993134,1
0,0.7685748,1
1,0.61083454,1
1,0.80953985,1
1,0.83435327,1
0,0.752302,1
1,0.7798316,1
1,0.82194877,1
0,0.78211176,1
0,0.8958218,1
0,0.79487336,1
1,0.8512171,1
1,0.79744893,1
1,0.7383977,1
1,0.71843696,1
1,0.70529604,1
0,0.7614371,1
0,0.7416237,1
1,0.8424364,1
1,0.805548,1
1,0.726167,1
1,0.7774872,1
1,0.8751116,1
1,0.90395,1
1,0.90147537,1
0,0.4524786,0
1,0.8489941,1
0,0.8203807,1
1,0.7937228,1
1,0.74411964,1
1,0.7617625,1
0,0.69614536,1
1,0.7992614,1
0,0.6950147,1
1,0.5423503,1
0,0.6636875,1
0,0.79232574,1
1,0.6490022,1
1,0.3387295,0
1,0.58689004,1
1,0.7737384,1
1,0.76692677,1
1,0.85480386,1
1,0.79984766,1
0,0.7627297,1
1,0.6910983,1
1,0.8514705,1
1,0.81902814,1
1,0.79943,1
1,0.78037107,1
0,0.8322067,1
1,0.8433361,1
1,0.84188163,1
1,0.75332224,1
1,0.8874412,1
0,0.8886239,1
1,0.7306736,1
0,0.6006584,1
1,0.8134646,1
1,0.70987743,1
0,0.3335428,0
0,0.7102947,1
1,0.64209473,1
1,0.70875275,1
1,0.78524256,1
1,0.8560052,1
1,0.8407016,1
1,0.7553182,1
1,0.6397117,1
1,0.5290546,1
0,0.6345912,1
1,0.2699787,0
1,0.81147265,1
1,0.87143505,1
1,0.5914278,1
1,0.68108964,1
1,0.74629027,1
0,0.68031305,1
1,0.61121875,1
1,0.5083897,1
0,0.73649246,1
0,0.6993343,1
0,0.66227007,1
0,0.6743253,1
0,0.6321277,1
1,0.61020815,1
0,0.22417808,0
0,0.35715958,0
1,0.87618166,1
1,0.65783757,1
1,0.80716926,1
1,0.16480921,0
1,0.719485,1
1,0.7759513,1
1,0.678558,1
1,0.56060994,1
0,0.6941443,1
1,0.30576122,0
1,0.73519826,1
1,0.82050496,1
1,0.49934888,0
1,0.84851015,1
1,0.8403068,1
1,0.87270826,1
1,0.8077835,1
1,0.6943018,1
1,0.8012999,1
0,0.82488716,1
0,0.66188127,1
0,0.3338793,0
1,0.80496246,1
1,0.786492,1
1,0.7244375,1
1,0.79569197,1
1,0.8049475,1
1,0.7735089,1
1,0.793533,1
1,0.705158,1
1,0.6819248,1
1,0.81450963,1
1,0.7813661,1
1,0.5586238,1
1,0.80495805,1
0,0.7981662,1
1,0.81864464,1
1,0.7742651,1
1,0.81516963,1
0,0.7781979,1
1,0.8100729,1
1,0.7517846,1
1,0.74484193,1
0,0.67147756,1
0,0.6409246,1
1,0.61748046,1
0,0.41251817,0
1,0.5955027,1
1,0.8434322,1
1,0.59484434,1
0,0.4716018,0
1,0.54472905,1
1,0.69880664,1
1,0.66049683,1
0,0.7444037,1
0,0.7501426,1
1,0.59121376,1
0,0.59131193,1
0,0.6155952,1
0,0.12755623,0
0,0.2247302,0
0,0.1833126,0
0,0.06757009,0
1,0.17503127,0
1,0.2575923,0
0,0.1304767,0
0,0.34299415,0
0,0.18737793,0
0,0.1592641,0
0,0.14316572,0
0,0.8128102,1
1,0.8390216,1
0,0.37709385,0
1,0.4894754,0
0,0.19394167,0
1,0.6660712,1
1,0.5314358,1
1,0.6362932,1
1,0.60245407,1
1,0.84683025,1
1,0.8700388,1
1,0.661767,1
0,0.27288043,0
1,0.86215323,1
0,0.7935916,1
1,0.8300352,1
1,0.911566,1
1,0.8288746,1
1,0.9003875,1
0,0.6214163,1
1,0.69290483,1
1,0.5981706,1
1,0.6766697,1
1,0.66593736,1
1,0.6257506,1
1,0.6798294,1
1,0.7093171,1
1,0.64080507,1
0,0.36242756,0
1,0.6776695,1
1,0.7395823,1
1,0.76642203,1
1,0.7768027,1
1,0.7162099,1
1,0.7847778,1
1,0.8858436,1
1,0.83463365,1
1,0.84413743,1
1,0.8204404,1
1,0.79506284,1
1,0.7840335,1
0,0.75251025,1
1,0.7870063,1
1,0.6866165,1
1,0.7746369,1
1,0.6773564,1
1,0.6639883,1
0,0.69766486,1
0,0.66313744,1
1,0.7019474,1
1,0.72111535,1
1,0.64305925,1
1,0.689801,1
1,0.65692973,1
1,0.6454067,1
1,0.7122434,1
1,0.7405811,1
0,0.8064068,1
0,0.6560467,1
1,0.635353,1
1,0.67738134,1
1,0.642873,1
1,0.73858047,1
1,0.665079,1
0,0.7953956,1
0,0.31212467,0
1,0.69536173,1
1,0.38358542,0
1,0.4486567,0
1,0.5794848,1
0,0.45362177,0
1,0.3723111,0
1,0.45500872,0
1,0.4751328,0
0,0.36825842,0
0,0.23762302,0
1,0.5988742,1
1,0.30395663,0
1,0.31859472,0
1,0.2912299,0
0,0.05315912,0
0,0.32516396,0
0,0.21227854,0
0,0.24811602,0
0,0.33372256,0
0,0.15967211,0
0,0.12636851,0
0,0.26983422,0
0,0.06634858,0
0,0.109526366,0
0,0.19147529,0
1,0.67075413,1
1,0.5896033,1
1,0.25932407,0
0,0.70821524,1
0,0.6482005,1
1,0.6777674,1
1,0.8419353,1
1,0.85322344,1
1,0.72196203,1
0,0.7800293,1
1,0.8261152,1
1,0.7390887,1
1,0.8625034,1
0,0.7689719,1
0,0.72505033,1
1,0.8321885,1
1,0.93172985,1
1,0.83330095,1
1,0.8874339,1
0,0.17749642,0
1,0.6958503,1
0,0.052619737,0
0,0.2780052,0
1,0.5624228,1
1,0.37287822,0
1,0.40242288,0
1,0.2618341,0
0,0.48843196,0
0,0.46082968,0
1,0.6635313,1
0,0.6183309,1
1,0.80464405,1
1,0.7670161,1
1,0.78669506,1
1,0.8478281,1
1,0.7582928,1
0,0.7711597,1
0,0.7416068,1
1,0.54068226,1
1,0.69588566,1
0,0.09260889,0
0,0.64047533,1
0,0.24215534,0
0,0.18457545,0
0,0.66335464,1
0,0.36214143,0
0,0.49052033,0
1,0.22761953,0
0,0.19034365,0
0,0.21579021,0
0,0.35766768,0
0,0.5211408,1
1,0.34358358,0
0,0.12976865,0
0,0.26784843,0
0,0.11095953,0
0,0.13746206,0
0,0.34890175,0
0,0.3361724,0
0,0.34104642,0
0,0.19486935,0
0,0.16769296,0
0,0.17276812,0
1,0.34940228,0
0,0.14754069,0
1,0.11892152,0
0,0.19113788,0
0,0.26938933,0
0,0.16597083,0
0,0.2782814,0
0,0.5525261,1
1,0.28710884,0
1,0.44726148,0
0,0.37121737,0
0,0.43212306,0
1,0.5633867,1
1,0.8154632,1
0,0.84821516,1
0,0.7552785,1
0,0.6426049,1
1,0.7585391,1
0,0.8199473,1
0,0.6268229,1
1,0.7739213,1
1,0.719952,1
1,0.76266915,1
1,0.8685439,1
0,0.86371773,1
1,0.81918097,1
1,0.85621387,1
1,0.8353203,1
1,0.7644621,1
0,0.85055816,1
0,0.84201026,1
0,0.70131475,1
1,0.8049048,1
1,0.8544836,1
0,0.7667715,1
0,0.7703945,1
1,0.85848224,1
0,0.81885785,1
1,0.7817496,1
1,0.827345,1
0,0.85940963,1
1,0.84509325,1
1,0.8086267,1
1,0.85602057,1
1,0.82763577,1
1,0.86793774,1
1,0.84231114,1
1,0.8421517,1
0,0.9197615,1
1,0.65676576,1
1,0.48662814,0
1,0.7320177,1
0,0.78131837,1
1,0.76898116,1
1,0.836624,1
1,0.8034199,1
1,0.81648934,1
0,0.79530585,1
1,0.7090513,1
0,0.79483974,1
1,0.7676923,1
1,0.7965978,1
1,0.6934435,1
1,0.67443275,1
1,0.6380709,1
1,0.66986156,1
1,0.68995535,1
1,0.63076746,1
1,0.6984061,1
1,0.753154,1
1,0.7151476,1
1,0.6090915,1
1,0.773785,1
1,0.78738624,1
1,0.7769621,1
1,0.76014113,1
1,0.779999,1
1,0.64802384,1
1,0.72598124,1
1,0.7459296,1
1,0.74766713,1
1,0.8164422,1
1,0.74055344,1
1,0.7998911,1
1,0.7939737,1
1,0.7600233,1
1,0.7792242,1
1,0.7816651,1
1,0.780901,1
1,0.78740895,1
1,0.7977155,1
1,0.81797194,1
1,0.76047856,1
1,0.72578365,1
1,0.7140211,1
1,0.6239066,1
1,0.71709853,1
0,0.7757551,1
1,0.7489425,1
0,0.6830657,1
1,0.7401213,1
0,0.7331834,1
1,0.7692427,1
1,0.79642457,1
1,0.7962639,1
1,0.7981095,1
1,0.61454695,1
1,0.63947564,1
1,0.67372674,1
1,0.68859464,1
1,0.6667885,1
1,0.7082235,1
1,0.7409622,1
0,0.7344208,1
0,0.71575236,1
0,0.7536602,1
1,0.66187745,1
1,0.7188262,1
0,0.70960945,1
0,0.68607104,1
0,0.74768764,1
0,0.73644173,1
1,0.70249397,1
1,0.72985405,1
1,0.7620873,1
1,0.774017,1
1,0.73458254,1
1,0.7825979,1
1,0.72811323,1
1,0.7258204,1
1,0.7583534,1
1,0.7633559,1
1,0.7493286,1
1,0.78673047,1
0,0.66559535,1
1,0.7121944,1
0,0.69796836,1
0,0.6903473,1
1,0.73845935,1
1,0.78793365,1
1,0.7465447,1
1,0.73519564,1
1,0.7715223,1
0,0.7594579,1
0,0.7201616,1
0,0.7512455,1
0,0.74040914,1
1,0.7055889,1
1,0.34430623,0
0,0.46644258,0
1,0.5059871,1
0,0.74568266,1
0,0.7060433,1
1,0.74884164,1
1,0.73359066,1
1,0.7137706,1
1,0.785955,1
1,0.80784255,1
0,0.8382791,1
1,0.71436566,1
1,0.8370207,1
1,0.796646,1
1,0.7690467,1
1,0.79640394,1
1,0.8161141,1
1,0.81771916,1
1,0.7911563,1
0,0.6807846,1
1,0.71066576,1
1,0.7257979,1
1,0.81448615,1
1,0.72470975,1
1,0.6907511,1
0,0.68980813,1
0,0.78256947,1
1,0.77447236,1
1,0.71286184,1
0,0.68653876,1
0,0.8280911,1
1,0.7944869,1
1,0.80127555,1
1,0.73600847,1
1,0.7336532,1
1,0.72307146,1
1,0.77417004,1
1,0.79725283,1
0,0.82262504,1
1,0.7698464,1
1,0.7324699,1
0,0.67684156,1
1,0.825943,1
1,0.7363363,1
1,0.76232654,1
0,0.73830736,1
1,0.7518241,1
1,0.7692933,1
0,0.81722087,1
0,0.7709903,1
0,0.8304911,1
0,0.7808359,1
1,0.77924126,1
0,0.71581036,1
1,0.7076965,1
1,0.7105811,1
0,0.7802878,1
1,0.60507786,1
1,0.887902,1
1,0.59942496,1
1,0.6112281,1
0,0.63191056,1
0,0.68716174,1
0,0.7019488,1
1,0.7109252,1
0,0.65994406,1
0,0.65323085,1
0,0.4584496,0
1,0.5456906,1
1,0.68575704,1
0,0.67918795,1
1,0.7236648,1
0,0.64994615,1
1,0.64959407,1
1,0.75559497,1
1,0.5199209,1
0,0.68970835,1
1,0.6781156,1
1,0.73638666,1
0,0.76546955,1
0,0.5656739,1
1,0.7529978,1
1,0.72645605,1
1,0.59524447,1
1,0.41851035,0
1,0.6679193,1
0,0.18528889,0
0,0.2340314,0
0,0.46336818,0
0,0.35781965,0
0,0.3022775,0
1,0.64772904,1
0,0.21059169,0
0,0.33047026,0
0,0.5841958,1
0,0.57814246,1
0,0.6989718,1
0,0.58896345,1
1,0.6579523,1
1,0.6073297,1
1,0.6035418,1
1,0.6273032,1
1,0.5790567,1
1,0.5466815,1
1,0.80642176,1
1,0.73067755,1
1,0.16546752,0
0,0.2872839,0
0,0.15817763,0
0,0.20160387,0
0,0.19961482,0
0,0.18182693,0
1,0.24574271,0
1,0.30175894,0
1,0.7610279,1
1,0.58298725,1
1,0.66161567,1
1,0.82140493,1
1,0.72528845,1
1,0.5314326,1
1,0.64665115,1
0,0.33887807,0
1,0.65789855,1
0,0.19411464,0
1,0.44578385,0
0,0.23722537,0
0,0.16438177,0
1,0.68920153,1
1,0.21032283,0
1,0.27840528,0
0,0.37728086,0
0,0.5785944,1
0,0.09218919,0
0,0.4971682,0
0,0.057475336,0
0,0.24743244,0
1,0.2773116,0
0,0.06482952,0
0,0.562041,1
1,0.75369453,1
1,0.79854065,1
1,0.8116467,1
1,0.762655,1
0,0.6067609,1
1,0.78879666,1
1,0.81874067,1
1,0.7948566,1
1,0.7388321,1
0,0.7765446,1
1,0.7850802,1
1,0.82863593,1
0,0.7840462,1
1,0.81304556,1
1,0.6855116,1
1,0.77053547,1
1,0.8043592,1
1,0.7843627,1
1,0.8179905,1
1,0.8323054,1
0,0.71212286,1
0,0.3308409,0
1,0.50339496,1
1,0.7991854,1
1,0.8590099,1
0,0.76041865,1
1,0.82794887,1
1,0.7722552,1
1,0.82196,1
1,0.7610981,1
1,0.782955,1
1,0.7734851,1
1,0.72921175,1
1,0.7714087,1
1,0.8464423,1
0,0.843554,1
1,0.7854695,1
1,0.82143617,1
1,0.71605456,1
1,0.70383894,1
1,0.87747806,1
1,0.78358746,1
0,0.764284,1
1,0.7499531,1
1,0.8308221,1
1,0.78266704,1
1,0.8850058,1
1,0.8590935,1
1,0.8393026,1
1,0.79806286,1
0,0.8008546,1
1,0.8274919,1
1,0.80174094,1
0,0.88515615,1
1,0.8221299,1
0,0.84669346,1
1,0.7599985,1
1,0.7970294,1
1,0.8218223,1
1,0.7103893,1
1,0.6547475,1
1,0.8119113,1
1,0.8115675,1
1,0.80003023,1
0,0.4269936,0
1,0.77150315,1
1,0.78823894,1
1,0.70327914,1
1,0.8500211,1
1,0.8745569,1
1,0.8371262,1
0,0.8182873,1
1,0.7049826,1
1,0.8130863,1
1,0.83514696,1
0,0.8324802,1
0,0.83758974,1
1,0.81442004,1
1,0.82359093,1
1,0.8440862,1
1,0.8049603,1
0,0.80373114,1
1,0.8250816,1
1,0.77292955,1
1,0.63868064,1
0,0.46413854,0
1,0.8629184,1
1,0.6717411,1
1,0.81547064,1
0,0.8848567,1
1,0.8647623,1
1,0.85161054,1
1,0.85922617,1
0,0.6174588,1
1,0.82219505,1
1,0.8091999,1
0,0.36954704,0
0,0.22497807,0
0,0.26751512,0
0,0.36936685,0
1,0.68633497,1
1,0.61815333,1
0,0.5053348,1
1,0.74574494,1
1,0.81079686,1
1,0.7808114,1
1,0.79868746,1
1,0.8217304,1
1,0.8175437,1
1,0.8428449,1
1,0.8085978,1
1,0.81923383,1
1,0.7535523,1
1,0.81663936,1
1,0.8385742,1
1,0.862929,1
1,0.83994955,1
1,0.7550754,1
0,0.8096257,1
1,0.6117798,1
0,0.58346856,1
0,0.29612055,0
0,0.30715504,0
0,0.48066214,0
0,0.7017558,1
1,0.7645331,1
0,0.67549473,1
0,0.69086516,1
1,0.461069,0
1,0.591039,1
1,0.654687,1
1,0.49530533,0
1,0.47714153,0
0,0.8202545,1
1,0.8112202,1
1,0.42346993,0
1,0.7501998,1
0,0.28560737,0
1,0.5602375,1
1,0.14386459,0
1,0.50190425,1
1,0.61787874,1
1,0.45633852,0
1,0.56966,1
1,0.60287225,1
1,0.40424603,0
1,0.67434853,1
0,0.5206126,1
1,0.81620413,1
1,0.82146937,1
1,0.8464474,1
1,0.80878264,1
0,0.65951407,1
1,0.82754207,1
1,0.8168327,1
1,0.84565187,1
1,0.8459256,1
1,0.65983146,1
1,0.79168266,1
1,0.65592223,1
0,0.52117413,1
0,0.17521228,0
1,0.56340206,1
1,0.87428516,1
1,0.8475575,1
0,0.6742016,1
1,0.7545194,1
0,0.10987705,0
1,0.5468771,1
0,0.3074309,0
0,0.34246445,0
0,0.8101093,1
1,0.82992196,1
1,0.87109816,1
1,0.8251417,1
1,0.79927677,1
1,0.8564143,1
1,0.8518051,1
0,0.6821873,1
1,0.8366725,1
1,0.5045983,1
1,0.8508574,1
0,0.7548065,1
1,0.79161054,1
0,0.76189524,1
1,0.8012904,1
1,0.7918721,1
1,0.82402164,1
1,0.7919519,1
0,0.8162035,1
0,0.77721447,1
1,0.8364276,1
0,0.8393549,1
1,0.8425969,1
1,0.82504183,1
0,0.8323296,1
1,0.80539626,1
1,0.8647766,1
1,0.7672296,1
0,0.74212235,1
1,0.8898014,1
1,0.85605544,1
1,0.8686823,1
1,0.8566341,1
1,0.8326423,1
1,0.831168,1
0,0.8416779,1
1,0.75511616,1
1,0.7759992,1
1,0.79256874,1
1,0.8606452,1
1,0.7778716,1
1,0.8301092,1
1,0.75820947,1
1,0.868451,1
1,0.89547765,1
1,0.801018,1
1,0.82411546,1
1,0.83254075,1
1,0.79084533,1
1,0.8466191,1
1,0.87278855,1
1,0.8074739,1
1,0.8583462,1
1,0.8573958,1
1,0.77878445,1
1,0.8532425,1
1,0.7949964,1
1,0.7554101,1
1,0.64310807,1
1,0.81053317,1
1,0.90167886,1
1,0.76105034,1
1,0.7682015,1
1,0.80963385,1
1,0.83843553,1
0,0.77386796,1
0,0.85585284,1
0,0.8500264,1
0,0.85370296,1
1,0.8068781,1
1,0.8333832,1
1,0.89142907,1
0,0.8491827,1
1,0.90718186,1
1,0.8593834,1
1,0.8671327,1
1,0.8540432,1
1,0.7421837,1
1,0.8527244,1
0,0.3939026,0
0,0.37671086,0
1,0.79250824,1
1,0.90166736,1
1,0.9035007,1
1,0.85246146,1
1,0.8550845,1
1,0.8274635,1
1,0.8924749,1
1,0.8964427,1
1,0.90689635,1
0,0.829573,1
1,0.82819295,1
1,0.8734753,1
1,0.90571713,1
0,0.8726824,1
1,0.81949323,1
1,0.714625,1
1,0.7997278,1
1,0.8334946,1
1,0.8495385,1
1,0.8920758,1
1,0.882382,1
1,0.8308589,1
1,0.8569871,1
1,0.3388827,0
0,0.19572699,0
0,0.1175454,0
0,0.12498596,0
0,0.25415653,0
0,0.24620685,0
0,0.22781006,0
0,0.19191726,0
1,0.8009805,1
1,0.8371314,1
1,0.88947517,1
0,0.7949498,1
1,0.8609017,1
1,0.8934295,1
1,0.8631775,1
1,0.8862268,1
1,0.84870267,1
1,0.8283983,1
1,0.8739733,1
1,0.87784237,1
1,0.84492457,1
1,0.8633882,1
1,0.80903023,1
1,0.78800863,1
1,0.75185055,1
1,0.8027391,1
1,0.7494871,1
0,0.7987455,1
1,0.8249718,1
1,0.81997114,1
1,0.7907547,1
1,0.77904695,1
0,0.7222938,1
0,0.80150634,1
1,0.8136594,1
1,0.85162485,1
1,0.74788094,1
0,0.7558847,1
1,0.7963359,1
1,0.85160697,1
0,0.7546879,1
1,0.77463126,1
1,0.6655371,1
1,0.7176844,1
1,0.81941974,1
1,0.7768056,1
1,0.7914912,1
1,0.7839561,1
0,0.23050642,0
1,0.87770694,1
1,0.6615794,1
1,0.356711,0
0,0.035910677,0
0,0.041609466,0
1,0.045140903,0
0,0.051522885,0
0,0.11983939,0
0,0.72664416,1
1,0.5615267,1
1,0.76585805,1
1,0.79254365,1
1,0.7527691,1
1,0.7727782,1
1,0.740588,1
0,0.7750485,1
1,0.75770134,1
0,0.68887126,1
1,0.24870527,0
1,0.27877006,0
1,0.79946524,1
0,0.6402722,1
1,0.897581,1
1,0.77663,1
1,0.7811631,1
1,0.8440807,1
1,0.8199144,1
1,0.7217608,1
1,0.79579705,1
1,0.89175504,1
1,0.8641206,1
1,0.84547484,1
0,0.88821745,1
0,0.8275586,1
1,0.8682642,1
1,0.8836747,1
1,0.87730163,1
1,0.86854964,1
1,0.8308147,1
0,0.83458847,1
1,0.8304959,1
1,0.87384856,1
1,0.89321357,1
1,0.8126997,1
1,0.76370007,1
0,0.21497704,0
0,0.45560452,0
0,0.12495369,0
0,0.6662767,1
1,0.8329812,1
0,0.76854813,1
1,0.8603574,1
1,0.8026471,1
1,0.6600212,1
0,0.76124907,1
1,0.072445616,0
0,0.2353253,0
0,0.1391093,0
0,0.07898533,0
0,0.07528491,0
0,0.17904313,0
0,0.27292144,0
1,0.85455084,1
0,0.8703476,1
1,0.83578616,1
1,0.8185268,1
1,0.80737275,1
1,0.82442886,1
1,0.8265583,1
1,0.74634594,1
0,0.7472546,1
1,0.40782684,0
1,0.89231586,1
1,0.9084768,1
1,0.7341325,1
1,0.8884138,1
0,0.763839,1
1,0.8078082,1
1,0.8511289,1
1,0.9371288,1
1,0.92998874,1
1,0.890933,1
1,0.95900935,1
0,0.9278356,1
1,0.8823821,1
1,0.8166731,1
1,0.8980122,1
1,0.74411464,1
1,0.8053738,1
1,0.73048747,1
1,0.6770527,1
1,0.7163484,1
1,0.7817355,1
0,0.763451,1
1,0.6418316,1
1,0.7558665,1
1,0.7807835,1
1,0.75720215,1
1,0.79250616,1
1,0.82175064,1
0,0.7958415,1
1,0.76567644,1
1,0.7499241,1
1,0.7803841,1
1,0.7542383,1
1,0.8158798,1
1,0.8097322,1
0,0.7723337,1
1,0.7610083,1
1,0.7562985,1
0,0.7296999,1
1,0.71261096,1
1,0.7309502,1
1,0.76353115,1
0,0.71292055,1
1,0.79105955,1
1,0.8460834,1
1,0.797185,1
1,0.7034972,1
1,0.6939021,1
1,0.70492,1
1,0.7681331,1
1,0.7625444,1
0,0.7266787,1
0,0.8003311,1
0,0.7346515,1
1,0.74703497,1
1,0.7328341,1
1,0.75982445,1
1,0.70134944,1
1,0.76957643,1
1,0.7117329,1
1,0.71866125,1
1,0.7609025,1
1,0.717971,1
1,0.7704304,1
0,0.7330294,1
1,0.67278755,1
1,0.69777405,1
0,0.7692404,1
0,0.69573724,1
1,0.70677525,1
1,0.6750367,1
1,0.68350077,1
0,0.7173511,1
0,0.7006209,1
1,0.65522957,1
0,0.61660844,1
0,0.68034405,1
1,0.70577693,1
1,0.737283,1
1,0.696833,1
0,0.7275933,1
1,0.7527659,1
0,0.7182476,1
1,0.72750336,1
1,0.7413471,1
0,0.74844265,1
0,0.77945924,1
0,0.80453795,1
1,0.70801926,1
1,0.7924315,1
1,0.83547664,1
0,0.3948489,0
1,0.90061486,1
1,0.8797054,1
1,0.6763908,1
0,0.08638265,0
0,0.34698406,0
0,0.18430294,0
0,0.15315327,0
0,0.34688008,0
0,0.9338671,1
0,0.94638616,1
1,0.941499,1
0,0.32218033,0
0,0.341747,0
0,0.58478796,1
0,0.15536824,0
0,0.17585617,0
0,0.21399379,0
1,0.7223807,1
0,0.49245775,0
0,0.3121429,0
0,0.4205565,0
0,0.43957055,0
1,0.31490663,0
0,0.2936605,0
1,0.7979353,1
1,0.66635394,1
0,0.68135583,1
1,0.7221141,1
1,0.7858256,1
1,0.8610316,1
1,0.87223667,1
1,0.8234952,1
1,0.8109288,1
0,0.6309678,1
1,0.8160591,1
0,0.25895116,0
1,0.67616457,1
1,0.8564432,1
1,0.7294189,1
0,0.44326323,0
1,0.5574609,1
1,0.7099178,1
1,0.6542384,1
0,0.46874353,0
1,0.4450474,0
0,0.31366992,0
0,0.7338587,1
1,0.37829918,0
0,0.410347,0
0,0.37008277,0
0,0.63229364,1
1,0.7552086,1
1,0.7293942,1
1,0.7559804,1
1,0.5968738,1
1,0.5300524,1
1,0.6013712,1
0,0.5700015,1
0,0.6348021,1
0,0.58583635,1
1,0.6500643,1
1,0.7117624,1
1,0.6427489,1
1,0.67026424,1
1,0.76069164,1
1,0.78099227,1
0,0.124880634,0
1,0.6927669,1
1,0.73720807,1
0,0.8359996,1
1,0.860172,1
1,0.8348414,1
1,0.89821666,1
1,0.8404996,1
0,0.72095454,1
1,0.72713643,1
1,0.74138033,1
1,0.6734339,1
1,0.76718843,1
1,0.7373292,1
1,0.763137,1
1,0.6127584,1
0,0.5259224,1
1,0.73018426,1
1,0.5963968,1
1,0.6309707,1
1,0.64207107,1
1,0.42314148,0
0,0.7339003,1
0,0.586472,1
0,0.54150206,1
1,0.7458128,1
1,0.74668884,1
0,0.6055398,1
1,0.85026944,1
1,0.839993,1
1,0.818505,1
1,0.83961844,1
1,0.7991692,1
1,0.8748411,1
1,0.8725605,1
0,0.8613406,1
1,0.80137694,1
0,0.7980658,1
1,0.6534502,1
1,0.81402314,1
1,0.61889374,1
1,0.54081255,1
0,0.4576774,0
0,0.5992774,1
0,0.71942705,1
1,0.6757917,1
1,0.8621479,1
0,0.9236186,1
1,0.87753236,1
1,0.8673277,1
1,0.9222005,1
0,0.88352364,1
0,0.885197,1
0,0.8377232,1
1,0.85787666,1
1,0.81614345,1
1,0.8773466,1
1,0.8778926,1
0,0.8781767,1
1,0.79257834,1
1,0.8655137,1
1,0.8083791,1
1,0.8867232,1
1,0.8665005,1
0,0.82519686,1
1,0.8823701,1
0,0.8272455,1
1,0.78083324,1
1,0.8404324,1
1,0.85671437,1
1,0.85476524,1
1,0.82137555,1
1,0.7750727,1
1,0.8052991,1
1,0.8684432,1
1,0.7210886,1
0,0.8378772,1
0,0.80494475,1
0,0.8424469,1
0,0.8151507,1
0,0.7918131,1
1,0.8175563,1
1,0.7557886,1
0,0.7744754,1
0,0.8086568,1
0,0.742498,1
0,0.7643033,1
0,0.8199052,1
0,0.8389018,1
1,0.85635424,1
1,0.8367438,1
0,0.6291633,1
0,0.7422579,1
1,0.787914,1
0,0.8246339,1
1,0.6461086,1
1,0.7370875,1
1,0.73092276,1
0,0.81330705,1
0,0.7635531,1
0,0.7774659,1
1,0.7721868,1
1,0.8581014,1
1,0.8676999,1
1,0.8345342,1
1,0.77506876,1
1,0.8043346,1
1,0.73484534,1
1,0.800426,1
0,0.7983802,1
1,0.8613402,1
1,0.8427451,1
1,0.85950744,1
1,0.86548376,1
0,0.8108641,1
0,0.80319136,1
1,0.77686065,1
0,0.75545216,1
1,0.78772795,1
1,0.78976136,1
1,0.7992131,1
1,0.8513075,1
1,0.62412065,1
0,0.83732885,1
1,0.80949515,1
1,0.25128567,0
1,0.27892295,0
0,0.0636443,0
1,0.7000381,1
1,0.7179348,1
1,0.85137916,1
1,0.8294301,1
1,0.80806714,1
1,0.10336211,0
1,0.7715849,1
1,0.8386876,1
1,0.84692156,1
1,0.81406707,1
0,0.68273795,1
1,0.7222659,1
0,0.68155813,1
0,0.67385477,1
0,0.12883845,0
0,0.053156566,0
0,0.14657697,0
1,0.20644726,0
0,0.15660603,0
0,0.17103864,0
1,0.34507248,0
0,0.16656558,0
1,0.8152794,1
0,0.37410778,0
1,0.39617282,0
1,0.06490338,0
0,0.1740039,0
0,0.2417978,0
1,0.34372622,0
1,0.30925915,0
1,0.7807914,1
0,0.81297874,1
1,0.3654184,0
1,0.26994067,0
1,0.70781785,1
1,0.70044446,1
1,0.781622,1
0,0.39253438,0
1,0.7409921,1
0,0.72285897,1
0,0.74763864,1
1,0.65583706,1
1,0.829855,1
1,0.462383,0
0,0.35235256,0
0,0.45900568,0
1,0.59960026,1
1,0.6489076,1
1,0.42903715,0
1,0.40087986,0
1,0.36109555,0
1,0.29176277,0
0,0.3881722,0
0,0.37375227,0
1,0.8060961,1
1,0.7059758,1
1,0.7397919,1
1,0.73244953,1
1,0.7327233,1
1,0.751109,1
1,0.85959756,1
1,0.74213266,1
1,0.88104135,1
1,0.880888,1
1,0.8645425,1
1,0.86415094,1
1,0.8546592,1
1,0.76985896,1
1,0.8156473,1
1,0.8104758,1
1,0.78159773,1
1,0.82794315,1
0,0.8642522,1
1,0.7758373,1
1,0.8167771,1
0,0.81195164,1
1,0.752686,1
0,0.7060899,1
0,0.9164746,1
0,0.82661515,1
0,0.24901156,0
0,0.33499202,0
0,0.22540694,0
0,0.27692938,0
0,0.25062346,0
1,0.60916954,1
1,0.5803882,1
1,0.7408197,1
1,0.5340633,1
1,0.7265478,1
1,0.7901438,1
1,0.7686724,1
0,0.79750127,1
1,0.76315904,1
1,0.7851648,1
0,0.40647924,0
0,0.2560866,0
1,0.9145545,1
1,0.89509064,1
0,0.18303822,0
0,0.22393042,0
0,0.25264308,0
0,0.30828673,0
0,0.433318,0
0,0.50561124,1
0,0.21276239,0
0,0.179389,0
0,0.15355559,0
0,0.32594943,0
0,0.3404825,0
0,0.5591463,1
0,0.44902223,0
0,0.43683967,0
0,0.8157657,1
1,0.64269996,1
0,0.68524843,1
0,0.87993956,1
0,0.86214703,1
0,0.84657514,1
0,0.8145238,1
1,0.85658187,1
0,0.8667355,1
1,0.87920314,1
0,0.7998697,1
0,0.8697058,1
0,0.86202735,1
1,0.87884396,1
1,0.88347423,1
1,0.8615059,1
0,0.90529144,1
1,0.863739,1
1,0.85693043,1
1,0.8771109,1
1,0.8053808,1
1,0.8458417,1
1,0.81388587,1
1,0.76302356,1
1,0.7700887,1
1,0.82239544,1
0,0.7563393,1
0,0.7544764,1
0,0.7893015,1
1,0.75984234,1
1,0.7402765,1
1,0.7979238,1
1,0.8044578,1
1,0.8165688,1
1,0.82347,1
1,0.8095992,1
0,0.7339939,1
1,0.87581944,1
1,0.85785824,1
0,0.7718428,1
1,0.7596724,1
1,0.7188928,1
1,0.7770242,1
0,0.74968725,1
1,0.7241499,1
1,0.7517592,1
1,0.8093106,1
1,0.7638204,1
1,0.81194216,1
1,0.7621171,1
1,0.70222074,1
1,0.7575267,1
1,0.80343616,1
0,0.7197239,1
1,0.7567106,1
1,0.6402889,1
1,0.8006765,1
0,0.50230736,1
1,0.6460733,1
1,0.70298225,1
1,0.71991426,1
1,0.5659571,1
1,0.6489153,1
0,0.6402719,1
1,0.73035216,1
1,0.44637161,0
1,0.32446098,0
0,0.28921735,0
0,0.17194438,0
0,0.15224542,0
0,0.56449497,1
0,0.17788151,0
0,0.115745015,0
0,0.14264694,0
0,0.16250591,0
1,0.7278483,1
0,0.28253126,0
0,0.50599915,1
0,0.5114601,1
1,0.6303662,1
1,0.5892264,1
1,0.5591059,1
1,0.60071564,1
1,0.5851896,1
1,0.8148008,1
1,0.72955245,1
0,0.74696696,1
1,0.5656653,1
1,0.7694416,1
0,0.5913777,1
1,0.6174861,1
0,0.72470874,1
1,0.84290785,1
0,0.7670405,1
0,0.55675256,1
0,0.7949526,1
0,0.4104782,0
1,0.7621861,1
0,0.68580216,1
1,0.59357476,1
0,0.8362161,1
1,0.43641025,0
0,0.67302823,1
0,0.64936376,1
1,0.76545125,1
1,0.70933187,1
1,0.8094185,1
1,0.7858596,1
1,0.83747375,1
1,0.79550225,1
1,0.80643535,1
0,0.8203406,1
0,0.8179543,1
0,0.76582694,1
1,0.80290586,1
1,0.3768308,0
1,0.7823291,1
1,0.7257369,1
1,0.80002713,1
1,0.2915241,0
0,0.2883217,0
0,0.3980702,0
0,0.26224294,0
0,0.39537582,0
1,0.6863638,1
0,0.52294564,1
1,0.8658269,1
1,0.73547673,1
1,0.73561126,1
1,0.69381386,1
1,0.74103606,1
0,0.47680232,0
1,0.75346804,1
1,0.7127474,1
0,0.6947611,1
1,0.73027134,1
1,0.77259034,1
1,0.37831423,0
1,0.78196794,1
0,0.8524732,1
1,0.85282415,1
0,0.7411155,1
1,0.8620878,1
1,0.8778006,1
1,0.7726799,1
1,0.841834,1
1,0.76441866,1
0,0.9188816,1
1,0.89083153,1
0,0.839597,1
1,0.9213684,1
0,0.87917197,1
0,0.81864095,1
1,0.8702932,1
0,0.87001085,1
0,0.6986087,1
0,0.94389135,1
1,0.91457397,1
1,0.92211616,1
1,0.6949588,1
0,0.8703695,1
1,0.8981121,1
1,0.87813383,1
1,0.86364937,1
1,0.85984904,1
0,0.8067167,1
0,0.4149515,0
0,0.8537012,1
1,0.85278404,1
1,0.7940316,1
1,0.87733394,1
0,0.8170682,1
1,0.6423487,1
1,0.82022023,1
1,0.92104447,1
1,0.72288465,1
1,0.8828747,1
1,0.8911397,1
1,0.8585552,1
1,0.8841727,1
1,0.82593995,1
1,0.5167334,1
1,0.4310775,0
1,0.81413907,1
1,0.8086904,1
1,0.8175191,1
1,0.78261316,1
1,0.754638,1
1,0.8178394,1
1,0.7709387,1
0,0.5657104,1
1,0.464145,0
0,0.3626992,0
0,0.20499267,0
1,0.71685565,1
1,0.8128378,1
1,0.82296073,1
1,0.79573256,1
1,0.8601431,1
1,0.8242167,1
1,0.73753387,1
1,0.8272952,1
1,0.83899456,1
1,0.8288912,1
1,0.81944597,1
1,0.8331949,1
1,0.81137294,1
0,0.66654766,1
1,0.5262514,1
1,0.8640283,1
1,0.7530533,1
1,0.6796392,1
1,0.7344264,1
1,0.5839669,1
0,0.16709746,0
0,0.1017027,0
1,0.7398483,1
1,0.7535278,1
1,0.15955703,0
0,0.04263836,0
1,0.2103613,0
0,0.24069965,0
1,0.6902505,1
0,0.2886869,0
0,0.03990393,0
1,0.79269195,1
1,0.84518117,1
1,0.81101525,1
1,0.8318747,1
0,0.8828423,1
1,0.83222926,1
1,0.052130558,0
1,0.58900726,1
1,0.5864902,1
0,0.77066594,1
1,0.7074913,1
1,0.8026859,1
1,0.6733264,1
1,0.7795569,1
1,0.6554657,1
1,0.87103254,1
1,0.5505628,1
1,0.89025646,1
1,0.94509494,1
0,0.8391884,1
0,0.7203012,1
0,0.7390033,1
1,0.64866483,1
0,0.7110879,1
1,0.6468025,1
1,0.44983125,0
0,0.4753934,0
0,0.62877774,1
1,0.68992716,1
1,0.8114431,1
0,0.71281284,1
0,0.59697646,1
0,0.68841696,1
0,0.756524,1
0,0.77560824,1
1,0.8118178,1
0,0.42763796,0
0,0.18653497,0
1,0.5337301,1
1,0.349762,0
0,0.098308265,0
0,0.44570246,0
0,0.35336787,0
0,0.36114,0
1,0.55778307,1
0,0.557146,1
1,0.7125621,1
0,0.7508562,1
1,0.71246725,1
1,0.6999986,1
0,0.7550757,1
0,0.7323871,1
1,0.7453421,1
1,0.7879686,1
1,0.7672994,1
1,0.72887623,1
1,0.6740182,1
0,0.6926177,1
0,0.62491184,1
0,0.6990739,1
1,0.7459355,1
0,0.54842126,1
0,0.39911786,0
0,0.34407803,0
0,0.36768654,0
0,0.38972798,0
0,0.42544612,0
0,0.29894295,0
1,0.39366302,0
0,0.34039924,0
0,0.38335466,0
1,0.5283377,1
1,0.500402,1
1,0.33025387,0
0,0.30287743,0
1,0.29373762,0
0,0.45438826,0
0,0.6704932,1
1,0.5982439,1
0,0.4833349,0
1,0.5642004,1
1,0.62276673,1
1,0.6522308,1
1,0.61590403,1
1,0.7186136,1
0,0.7671383,1
1,0.62757677,1
1,0.6787395,1
1,0.7746734,1
1,0.7746992,1
1,0.6989497,1
1,0.6012975,1
1,0.7514052,1
1,0.6146919,1
1,0.503095,1
1,0.6623482,1
0,0.49533522,0
1,0.63934547,1
1,0.72024703,1
1,0.8023912,1
1,0.8110178,1
1,0.76999277,1
0,0.74618226,1
1,0.78630894,1
0,0.73163515,1
0,0.68342215,1
1,0.54878265,1
0,0.59586936,1
1,0.5177991,1
0,0.64511436,1
1,0.62414896,1
0,0.7917391,1
1,0.7026036,1
0,0.4885122,0
1,0.77784866,1
1,0.82805234,1
0,0.57519776,1
1,0.5361727,1
1,0.73625237,1
1,0.8251585,1
1,0.83582485,1
1,0.7396445,1
1,0.6841361,1
1,0.7998929,1
1,0.68261147,1
1,0.6259494,1
0,0.55615246,1
1,0.62341344,1
1,0.70285016,1
0,0.5769976,1
0,0.49364126,0
0,0.5640344,1
1,0.75764686,1
1,0.7099538,1
0,0.71740454,1
0,0.8717756,1
0,0.81776875,1
1,0.8158625,1
0,0.8964017,1
1,0.6548715,1
0,0.6669746,1
0,0.7781884,1
1,0.78884387,1
1,0.7738943,1
1,0.76267546,1
1,0.8442221,1
1,0.78176814,1
1,0.8122345,1
1,0.7931714,1
1,0.78607786,1
0,0.76363033,1
1,0.7816311,1
1,0.7937167,1
1,0.7903127,1
1,0.81186587,1
1,0.79416466,1
1,0.810367,1
1,0.7993453,1
1,0.8118036,1
1,0.763566,1
1,0.77301484,1
1,0.77932674,1
1,0.7822686,1
1,0.76589847,1
1,0.7513111,1
1,0.74729383,1
1,0.7421856,1
1,0.7769556,1
1,0.7799434,1
1,0.78697664,1
1,0.7660348,1
1,0.7942888,1
1,0.75348276,1
1,0.77850056,1
1,0.74683225,1
1,0.7608354,1
1,0.7580738,1
0,0.7335097,1
1,0.7392826,1
1,0.7236365,1
1,0.8489531,1
1,0.7841427,1
0,0.08038378,0
0,0.29944384,0
0,0.03675345,0
0,0.043833654,0
0,0.30872816,0
0,0.24545197,0
0,0.1211313,0
0,0.626325,1
1,0.71966344,1
1,0.5397826,1
1,0.40138993,0
0,0.14685175,0
0,0.16101694,0
0,0.36444244,0
1,0.54261994,1
1,0.33934593,0
0,0.2758431,0
1,0.5430906,1
0,0.022325609,0
0,0.021092854,0
1,0.039916668,0
0,0.4045362,0
0,0.07386708,0
0,0.5716503,1
1,0.2547394,0
0,0.64614624,1
1,0.735801,1
0,0.74502254,1
0,0.84323967,1
0,0.8285519,1
0,0.8189215,1
1,0.83698183,1
1,0.69870025,1
1,0.6910411,1
0,0.16459979,0
0,0.37990266,0
1,0.5422886,1
0,0.7201758,1
0,0.69474775,1
0,0.6990239,1
1,0.6907092,1
1,0.6027339,1
1,0.6040359,1
1,0.67959005,1
1,0.80833477,1
1,0.74229425,1
1,0.789959,1
1,0.84602726,1
1,0.89020157,1
1,0.8152706,1
1,0.8627006,1
1,0.82200116,1
1,0.8106732,1
1,0.72597617,1
1,0.7253608,1
1,0.6687156,1
1,0.7050331,1
1,0.68005735,1
1,0.72654617,1
1,0.6804203,1
1,0.66061205,1
1,0.64573723,1
1,0.6848617,1
1,0.59789515,1
0,0.59296954,1
1,0.7083999,1
1,0.66924655,1
0,0.6967943,1
1,0.5692344,1
1,0.5742861,1
1,0.6866595,1
1,0.59950995,1
1,0.7452817,1
1,0.65618515,1
1,0.63498414,1
1,0.6236111,1
1,0.6334946,1
1,0.68341225,1
1,0.7575222,1
0,0.7245468,1
1,0.7198379,1
1,0.7500103,1
0,0.7372904,1
0,0.75156945,1
1,0.73471826,1
1,0.7482538,1
1,0.7623576,1
1,0.73899204,1
1,0.72543603,1
1,0.5273258,1
1,0.7129231,1
1,0.8972963,1
1,0.91553795,1
1,0.8655852,1
0,0.84797305,1
1,0.8399766,1
1,0.8185504,1
1,0.817266,1
1,0.8390198,1
1,0.8562308,1
1,0.86707115,1
1,0.885654,1
1,0.8748859,1
1,0.7616292,1
1,0.8125041,1
1,0.7685583,1
1,0.7151406,1
1,0.77068067,1
1,0.7966966,1
0,0.6816032,1
1,0.73996896,1
1,0.79077595,1
1,0.8308939,1
1,0.8106381,1
1,0.8540858,1
1,0.845819,1
0,0.7596761,1
0,0.8219739,1
1,0.8124891,1
1,0.89174885,1
1,0.8251107,1
0,0.669251,1
0,0.6343073,1
0,0.6430924,1
0,0.711492,1
0,0.8126967,1
1,0.8157552,1
1,0.8288735,1
1,0.8364316,1
1,0.83161587,1
1,0.8251473,1
0,0.8406421,1
1,0.8598034,1
1,0.7704941,1
1,0.8250081,1
0,0.8217445,1
1,0.9111888,1
1,0.8856966,1
1,0.8551657,1
1,0.84776324,1
0,0.8542994,1
0,0.74071693,1
1,0.39226717,0
0,0.32161292,0
0,0.03623434,0
0,0.33987075,0
0,0.07235638,0
1,0.73427427,1
0,0.62445515,1
0,0.35348383,0
0,0.7096824,1
0,0.88933945,1
0,0.76013106,1
1,0.86445826,1
1,0.87409204,1
1,0.798902,1
1,0.8929963,1
1,0.7661547,1
1,0.8129662,1
1,0.82569534,1
1,0.85425925,1
1,0.82446975,1
1,0.85217386,1
1,0.89707667,1
1,0.830698,1
1,0.8942384,1
1,0.894715,1
0,0.83412945,1
1,0.75237876,1
0,0.8809634,1
1,0.79650533,1
1,0.8463164,1
1,0.83353436,1
1,0.87713474,1
1,0.82206905,1
1,0.7884306,1
0,0.78044116,1
1,0.8720593,1
1,0.8134064,1
1,0.76439387,1
1,0.8419203,1
1,0.76247394,1
1,0.6616646,1
1,0.71155185,1
0,0.49152792,0
0,0.7431227,1
0,0.5183305,1
1,0.568374,1
0,0.8186006,1
1,0.7904713,1
1,0.8562455,1
0,0.8308099,1
0,0.86056316,1
0,0.778701,1
0,0.7708373,1
1,0.81768614,1
1,0.7763555,1
0,0.83599186,1
1,0.77042234,1
1,0.83906126,1
1,0.79279363,1
1,0.83708954,1
1,0.8455813,1
1,0.70582914,1
1,0.8276469,1
1,0.81400704,1
1,0.8574123,1
1,0.8829975,1
0,0.82927597,1
1,0.7832741,1
1,0.77308166,1
1,0.8432868,1
1,0.2665047,0
1,0.25250927,0
1,0.27510354,0
0,0.24477427,0
1,0.6118725,1
1,0.5477694,1
0,0.7173633,1
0,0.31179768,0
1,0.57584935,1
0,0.7239757,1
1,0.55893034,1
1,0.5110859,1
1,0.64256436,1
1,0.7386564,1
1,0.7356406,1
0,0.7273921,1
1,0.75803715,1
1,0.75081366,1
1,0.8402775,1
1,0.8236499,1
1,0.7164972,1
1,0.7828536,1
1,0.7268776,1
1,0.7608066,1
0,0.62296236,1
0,0.76651263,1
1,0.8584295,1
1,0.9227005,1
1,0.8486092,1
0,0.8682054,1
0,0.75922644,1
0,0.7643737,1
0,0.7689731,1
0,0.8217988,1
0,0.78569,1
1,0.705526,1
1,0.72481686,1
0,0.7042656,1
0,0.60936797,1
0,0.66352564,1
1,0.4325169,0
1,0.5252948,1
1,0.6864332,1
1,0.8309472,1
0,0.6278777,1
0,0.7703126,1
0,0.80748093,1
1,0.7254942,1
0,0.68777764,1
0,0.5667105,1
1,0.6868205,1
1,0.6429161,1
0,0.5722302,1
0,0.58078384,1
0,0.5293384,1
1,0.5061378,1
0,0.44215393,0
0,0.58100176,1
1,0.59794456,1
0,0.71626866,1
1,0.6776751,1
1,0.4396582,0
1,0.6683026,1
0,0.886115,1
1,0.25553668,0
1,0.52916557,1
1,0.8959424,1
1,0.87472886,1
1,0.7409564,1
1,0.62034833,1
1,0.5985926,1
0,0.32914078,0
0,0.5036084,1
0,0.7267063,1
0,0.6543062,1
1,0.75150746,1
1,0.757897,1
1,0.79270524,1
0,0.8314281,1
1,0.8210637,1
1,0.8405945,1
1,0.8483924,1
0,0.79150313,1
0,0.85383403,1
1,0.8509749,1
1,0.83495927,1
0,0.80068994,1
0,0.81177574,1
0,0.8538783,1
1,0.77419853,1
0,0.70115966,1
0,0.20328431,0
0,0.17553619,0
0,0.13698202,0
0,0.31866536,0
0,0.20907018,0
0,0.24320234,0
0,0.73150456,1
1,0.77805454,1
1,0.8280097,1
1,0.81482923,1
1,0.8042823,1
1,0.8414085,1
1,0.80556935,1
1,0.8612951,1
1,0.7726758,1
1,0.7935968,1
1,0.77389586,1
1,0.7522885,1
0,0.69160926,1
0,0.3917709,0
1,0.7118559,1
0,0.7433063,1
0,0.68875057,1
1,0.7716176,1
1,0.81677836,1
1,0.80993825,1
1,0.80672723,1
1,0.812115,1
1,0.77373993,1
1,0.6726107,1
0,0.7671466,1
0,0.7981366,1
1,0.80875784,1
1,0.7599306,1
1,0.74939525,1
0,0.8235597,1
1,0.82900673,1
1,0.8648538,1
1,0.77420706,1
1,0.84432054,1
1,0.89080536,1
1,0.79454845,1
1,0.8363581,1
1,0.8516488,1
1,0.8474253,1
1,0.87929803,1
1,0.8765531,1
1,0.8537112,1
1,0.854687,1
1,0.8503648,1
1,0.8653724,1
1,0.8850616,1
1,0.8122041,1
1,0.88531166,1
1,0.8601475,1
1,0.853899,1
0,0.8682004,1
1,0.85866,1
1,0.740063,1
1,0.86689776,1
1,0.6610551,1
1,0.8108753,1
1,0.7843094,1
1,0.7733068,1
1,0.8129793,1
1,0.8755871,1
1,0.8354718,1
1,0.8248081,1
1,0.6688363,1
1,0.7469435,1
1,0.7758019,1
1,0.7785926,1
0,0.8467188,1
1,0.7772695,1
1,0.80594665,1
1,0.7736777,1
1,0.80678856,1
1,0.85874856,1
1,0.8279064,1
0,0.78553617,1
1,0.82364714,1
1,0.89632714,1
0,0.81137174,1
1,0.859572,1
1,0.8438331,1
1,0.8093584,1
1,0.76146215,1
1,0.797665,1
0,0.7487597,1
0,0.8142027,1
1,0.84716815,1
1,0.6684836,1
1,0.6079879,1
0,0.73417413,1
1,0.71115667,1
1,0.7982823,1
0,0.8011498,1
0,0.55253,1
1,0.72006243,1
0,0.47951794,0
1,0.5385246,1
1,0.60920835,1
1,0.6706057,1
0,0.6067688,1
0,0.533565,1
1,0.6532663,1
0,0.5715694,1
1,0.63123506,1
1,0.543181,1
0,0.75545365,1
1,0.62888163,1
1,0.39019173,0
1,0.23036551,0
0,0.36645725,0
0,0.44635212,0
1,0.6155994,1
1,0.8456086,1
1,0.7994092,1
1,0.83206534,1
1,0.8610898,1
1,0.24499783,0
1,0.5546694,1
1,0.81052125,1
1,0.43107396,0
1,0.33575377,0
0,0.5671413,1
1,0.7661334,1
0,0.75192046,1
0,0.78971887,1
0,0.8293792,1
1,0.8121976,1
1,0.85588443,1
1,0.8068092,1
1,0.89967304,1
1,0.8993961,1
1,0.8354224,1
1,0.8736446,1
1,0.83386,1
1,0.8405111,1
1,0.71857524,1
1,0.83432806,1
1,0.8110524,1
1,0.7419701,1
1,0.6824942,1
0,0.72055763,1
0,0.7960999,1
0,0.7831726,1
1,0.8475769,1
1,0.72903705,1
1,0.7942477,1
1,0.8062996,1
1,0.848118,1
0,0.8128226,1
1,0.7778146,1
1,0.80272824,1
1,0.79015005,1
1,0.8044087,1
1,0.79805255,1
1,0.57686675,1
1,0.7707435,1
1,0.7473073,1
0,0.71603996,1
1,0.7068107,1
1,0.8380374,1
1,0.7624406,1
1,0.7694054,1
1,0.8220814,1
1,0.9059462,1
1,0.9004721,1
0,0.81318307,1
1,0.83904076,1
1,0.78401,1
1,0.820634,1
1,0.80817527,1
1,0.7668596,1
0,0.8758289,1
1,0.85128504,1
1,0.8363655,1
1,0.8021134,1
1,0.8862066,1
1,0.88196194,1
0,0.83068126,1
1,0.8149476,1
1,0.79746807,1
1,0.73911655,1
1,0.78263503,1
0,0.8529957,1
1,0.7765961,1
1,0.70872146,1
1,0.7187319,1
1,0.6902832,1
0,0.72390896,1
1,0.79362214,1
0,0.8021073,1
0,0.70367146,1
1,0.7938917,1
1,0.69967437,1
0,0.5707863,1
1,0.8401673,1
1,0.7601665,1
0,0.68810475,1
0,0.73140085,1
0,0.66002566,1
1,0.72047335,1
1,0.77650464,1
1,0.6637271,1
1,0.69519407,1
0,0.74185103,1
1,0.732142,1
0,0.51833487,1
1,0.565491,1
0,0.7263252,1
0,0.7182848,1
1,0.6884364,1
1,0.788796,1
1,0.81818986,1
1,0.8090656,1
1,0.7603701,1
1,0.7076967,1
1,0.7771927,1
1,0.7358966,1
1,0.7207284,1
1,0.7558318,1
0,0.7262106,1
1,0.67048395,1
1,0.7787413,1
1,0.77671677,1
1,0.6683937,1
1,0.7271157,1
1,0.7843097,1
1,0.7032847,1
1,0.7785203,1
1,0.68631953,1
1,0.7945639,1
1,0.69930005,1
1,0.73864645,1
1,0.7211791,1
1,0.8075988,1
1,0.72757757,1
1,0.72347456,1
1,0.6522498,1
1,0.59408,1
0,0.62526774,1
1,0.6269726,1
0,0.6068066,1
1,0.69663465,1
0,0.726587,1
0,0.6660282,1
0,0.6881464,1
0,0.7122817,1
0,0.64928323,1
0,0.6972554,1
0,0.75746644,1
0,0.694104,1
0,0.64278835,1
0,0.6824391,1
1,0.37959403,0
1,0.5995717,1
1,0.6603946,1
1,0.70937836,1
0,0.43221793,0
0,0.72192883,1
0,0.81832814,1
0,0.7009606,1
0,0.7586086,1
1,0.45826066,0
0,0.23695862,0
0,0.6612335,1
0,0.7703823,1
1,0.77786356,1
1,0.59216064,1
1,0.426409,0
0,0.1999969,0
0,0.09586987,0
0,0.0876058,0
0,0.16217513,0
1,0.4243594,0
0,0.42956224,0
0,0.3200556,0
1,0.81150323,1
1,0.8149338,1
1,0.7220184,1
0,0.7120139,1
1,0.5187686,1
1,0.8422052,1
0,0.8446815,1
1,0.8803137,1
1,0.90260017,1
1,0.41728842,0
1,0.5471848,1
0,0.3630853,0
1,0.7814464,1
1,0.28481397,0
0,0.33776248,0
1,0.6941461,1
0,0.3798629,0
1,0.27231792,0
0,0.56651884,1
0,0.757582,1
0,0.26416352,0
0,0.2599165,0
1,0.60863847,1
1,0.7117764,1
1,0.75120264,1
1,0.33916628,0
1,0.4989873,0
1,0.8533112,1
1,0.91409475,1
1,0.8721106,1
1,0.8859231,1
1,0.86105835,1
0,0.8299158,1
1,0.8236651,1
1,0.8694961,1
1,0.85987246,1
1,0.85638463,1
1,0.8019282,1
1,0.807616,1
0,0.8659985,1
0,0.8184557,1
0,0.71704394,1
0,0.7389328,1
0,0.6975284,1
0,0.6559284,1
0,0.68647045,1
1,0.72737086,1
0,0.7363677,1
0,0.773658,1
0,0.6703908,1
0,0.6215886,1
1,0.7583188,1
1,0.78585494,1
1,0.8021921,1
1,0.87531304,1
1,0.8525477,1
1,0.7795892,1
0,0.8166054,1
1,0.84899217,1
1,0.84776556,1
1,0.8496243,1
0,0.85161614,1
1,0.6839806,1
1,0.8728124,1
1,0.70097625,1
1,0.87886167,1
1,0.8407793,1
1,0.8682441,1
1,0.8314529,1
1,0.83807117,1
1,0.108003914,0
0,0.6544215,1
0,0.0625851,0
0,0.14674298,0
0,0.1692919,0
0,0.116402805,0
1,0.30470285,0
0,0.055403806,0
0,0.15630233,0
0,0.2113494,0
0,0.14375316,0
0,0.15834527,0
0,0.14443153,0
0,0.10509587,0
0,0.14264497,0
0,0.041093208,0
0,0.10359292,0
0,0.13991255,0
0,0.045630965,0
0,0.48199743,0
0,0.09330598,0
0,0.08820565,0
0,0.12562224,0
0,0.048418973,0
0,0.6075211,1
0,0.7889758,1
1,0.8301545,1
1,0.7634675,1
1,0.7338431,1
1,0.75953704,1
0,0.7093313,1
0,0.77846897,1
1,0.7910038,1
1,0.68545806,1
1,0.75498635,1
1,0.70311075,1
0,0.79508466,1
1,0.51796144,1
0,0.55291003,1
1,0.41071126,0
0,0.500782,1
0,0.71951425,1
1,0.87950057,1
1,0.7909023,1
1,0.7041835,1
0,0.37422666,0
1,0.4351399,0
0,0.7054739,1
1,0.8460783,1
1,0.45467696,0
0,0.74968106,1
0,0.7149293,1
1,0.83097667,1
1,0.7260293,1
1,0.8234026,1
1,0.85051626,1
1,0.8088355,1
1,0.91637844,1
1,0.64087766,1
1,0.3150425,0
0,0.43378198,0
0,0.45514172,0
1,0.7419928,1
1,0.82744473,1
1,0.9287147,1
1,0.84587675,1
0,0.78830963,1
1,0.3214018,0
0,0.5205191,1
1,0.20767924,0
0,0.30008197,0
1,0.64834905,1
1,0.733482,1
1,0.9033884,1
1,0.26153043,0
0,0.14675954,0
1,0.34329438,0
1,0.27641436,0
1,0.06042102,0
1,0.11751431,0
0,0.101959094,0
1,0.26079056,0
1,0.649973,1
1,0.550826,1
0,0.7491654,1
1,0.767025,1
1,0.7494798,1
1,0.8803529,1
1,0.8207534,1
1,0.5597601,1
1,0.68826884,1
1,0.71159494,1
1,0.8166312,1
1,0.6706334,1
1,0.8384405,1
1,0.6498934,1
1,0.7508783,1
1,0.77738,1
1,0.5219339,1
1,0.82064664,1
0,0.77738196,1
0,0.8180924,1
1,0.6949371,1
1,0.787424,1
1,0.8587286,1
1,0.87839293,1
1,0.38406563,0
1,0.82988614,1
1,0.77745116,1
1,0.6849478,1
1,0.6779757,1
1,0.15855266,0
0,0.012611832,0
0,0.23619814,0
0,0.36049545,0
0,0.29458326,0
0,0.25481838,0
1,0.63978827,1
0,0.45194915,0
1,0.42320043,0
1,0.7989007,1
1,0.6355105,1
1,0.72399694,1
1,0.7295605,1
1,0.83007383,1
0,0.80026686,1
1,0.7484282,1
1,0.785978,1
1,0.791498,1
1,0.8349572,1
1,0.8549736,1
1,0.81708115,1
1,0.87260294,1
1,0.92004967,1
1,0.8550599,1
1,0.8691235,1
0,0.886427,1
0,0.85935223,1
0,0.78176916,1
1,0.72254944,1
1,0.75745773,1
0,0.7573338,1
0,0.75767356,1
1,0.7964723,1
0,0.76215017,1
1,0.73680115,1
1,0.78536355,1
1,0.75438386,1
1,0.72465986,1
1,0.7209592,1
0,0.7348278,1
1,0.72440755,1
1,0.64835393,1
1,0.7596775,1
1,0.71996963,1
0,0.69100374,1
1,0.6271562,1
0,0.69258946,1
0,0.75760406,1
1,0.7402799,1
1,0.8129317,1
0,0.8010486,1
1,0.70196676,1
0,0.74599457,1
1,0.7710561,1
0,0.76996243,1
1,0.766789,1
1,0.7770347,1
1,0.86457425,1
1,0.63264287,1
1,0.7357589,1
1,0.8336519,1
1,0.7278596,1
1,0.7843716,1
1,0.8091155,1
1,0.86425626,1
1,0.8311267,1
1,0.8122279,1
1,0.88467586,1
1,0.81533504,1
1,0.8528965,1
1,0.85077274,1
1,0.89419323,1
1,0.8121056,1
1,0.77716494,1
0,0.7684083,1
1,0.8173842,1
1,0.8092109,1
1,0.7651088,1
1,0.84771365,1
1,0.8094059,1
1,0.73912454,1
1,0.78276664,1
1,0.8096724,1
0,0.8149393,1
1,0.83331484,1
1,0.8410398,1
0,0.22735943,0
1,0.6666517,1
1,0.6499759,1
1,0.64441246,1
1,0.681706,1
1,0.58255804,1
1,0.6551632,1
1,0.66259944,1
1,0.7015533,1
1,0.6424869,1
1,0.6877858,1
1,0.6925647,1
1,0.6708867,1
0,0.5754751,1
1,0.6265037,1
1,0.6965886,1
0,0.6688063,1
0,0.69686675,1
0,0.73104894,1
1,0.66819894,1
1,0.82074076,1
1,0.7298383,1
1,0.6843421,1
1,0.77572674,1
1,0.67213094,1
1,0.6677031,1
1,0.6867564,1
1,0.6802947,1
1,0.76794523,1
0,0.7373373,1
0,0.7659226,1
1,0.7279023,1
1,0.7318863,1
0,0.74007463,1
1,0.65423095,1
1,0.6374674,1
0,0.66069597,1
0,0.64338994,1
1,0.6230906,1
0,0.66070366,1
1,0.69122875,1
1,0.6806775,1
0,0.66432387,1
0,0.6683545,1
1,0.6390748,1
0,0.6978679,1
1,0.7197501,1
1,0.6502272,1
0,0.61489266,1
1,0.63943857,1
0,0.5097806,1
1,0.18740419,0
0,0.23134756,0
0,0.36568546,0
1,0.73873526,1
1,0.8885894,1
0,0.8404252,1
0,0.8585194,1
0,0.6371129,1
0,0.44392678,0
0,0.20274588,0
1,0.7829061,1
1,0.7646224,1
1,0.7936081,1
1,0.82218796,1
0,0.8409836,1
1,0.8455622,1
1,0.8334119,1
1,0.8258415,1
1,0.8371248,1
1,0.81945896,1
1,0.75865823,1
1,0.86130714,1
1,0.8318934,1
1,0.8919022,1
1,0.74831915,1
1,0.8227561,1
1,0.7778131,1
1,0.81598353,1
1,0.7250657,1
1,0.7063768,1
1,0.83099174,1
1,0.7731057,1
0,0.87411934,1
1,0.86034775,1
1,0.8315673,1
1,0.7931373,1
1,0.76958597,1
1,0.8459529,1
1,0.76568925,1
1,0.8637942,1
0,0.4015397,0
0,0.6287762,1
1,0.4248164,0
1,0.43624902,0
0,0.6311851,1
0,0.64208037,1
1,0.57739556,1
1,0.73785144,1
0,0.7489762,1
1,0.59041125,1
1,0.5591987,1
1,0.63398904,1
1,0.642935,1
0,0.67623705,1
1,0.6980966,1
1,0.6193438,1
1,0.6923252,1
1,0.72337127,1
1,0.621802,1
0,0.58995086,1
1,0.651412,1
1,0.7219551,1
1,0.74477905,1
1,0.72768986,1
1,0.6905112,1
1,0.7157889,1
1,0.73233175,1
1,0.7745975,1
1,0.6869342,1
1,0.7809434,1
1,0.7432311,1
1,0.8152612,1
1,0.7198362,1
1,0.7655844,1
1,0.7496419,1
1,0.7553645,1
1,0.7488431,1
0,0.6980792,1
1,0.7514985,1
1,0.7337822,1
1,0.6914504,1
1,0.733982,1
1,0.6974026,1
1,0.7525643,1
1,0.72928685,1
1,0.72799844,1
1,0.69400656,1
1,0.7115187,1
1,0.69589216,1
0,0.7099246,1
0,0.71870804,1
1,0.7013751,1
1,0.6708103,1
0,0.6983506,1
0,0.71924686,1
0,0.7110764,1
0,0.726485,1
0,0.7196075,1
1,0.7584597,1
0,0.7051103,1
1,0.72243947,1
0,0.72888565,1
1,0.74675196,1
1,0.6985605,1
1,0.7217265,1
1,0.79935765,1
1,0.8020238,1
1,0.83654773,1
1,0.7100961,1
1,0.8295317,1
1,0.7943485,1
1,0.80555993,1
1,0.8401435,1
0,0.50470954,1
0,0.7094954,1
0,0.637631,1
1,0.61324143,1
1,0.7901267,1
1,0.69330686,1
0,0.69571835,1
1,0.6951593,1
0,0.70003223,1
1,0.7739668,1
1,0.59388435,1
1,0.4923701,0
1,0.59091324,1
1,0.90184164,1
1,0.8632248,1
1,0.5782464,1
1,0.5554505,1
1,0.54115194,1
1,0.7727723,1
1,0.7481668,1
1,0.7071215,1
1,0.7512773,1
0,0.8143679,1
1,0.72633743,1
1,0.73664004,1
1,0.7507852,1
1,0.6382251,1
0,0.4803792,0
1,0.7663854,1
1,0.69578433,1
1,0.6833288,1
1,0.71243376,1
1,0.7884159,1
1,0.7817149,1
1,0.8455261,1
1,0.7964696,1
0,0.8318225,1
1,0.7001334,1
0,0.7546917,1
1,0.70239043,1
1,0.73805755,1
1,0.70341057,1
1,0.25741607,0
0,0.02799017,0
0,0.18641704,0
1,0.12664133,0
0,0.05344809,0
0,0.40951675,0
1,0.052063774,0
1,0.60517055,1
1,0.7294112,1
0,0.34361622,0
0,0.19863547,0
0,0.32171836,0
0,0.07613438,0
1,0.18249819,0
0,0.292322,0
0,0.29564232,0
0,0.22071695,0
1,0.32219526,0
0,0.34847844,0
0,0.6093295,1
0,0.5919841,1
1,0.61970794,1
0,0.36242118,0
0,0.78051704,1
0,0.73875535,1
0,0.84628356,1
1,0.687323,1
1,0.81849694,1
1,0.8062267,1
1,0.8828537,1
1,0.7955422,1
1,0.76001334,1
1,0.8017741,1
1,0.86319673,1
1,0.86326426,1
1,0.8723776,1
1,0.8603654,1
1,0.8872698,1
1,0.8878326,1
1,0.85213816,1
1,0.84801185,1
1,0.8947665,1
1,0.90383136,1
1,0.8587398,1
1,0.903331,1
1,0.8956307,1
0,0.9295928,1
1,0.89849305,1
1,0.8947519,1
1,0.784831,1
1,0.8340748,1
1,0.67784756,1
0,0.6380706,1
0,0.7330019,1
0,0.70997757,1
1,0.76798165,1
1,0.7612298,1
1,0.8203799,1
1,0.82345366,1
1,0.78136206,1
1,0.7895826,1
0,0.7603591,1
1,0.70199525,1
0,0.74548644,1
0,0.6880209,1
1,0.7054817,1
0,0.76690763,1
1,0.7455402,1
1,0.770346,1
1,0.73980117,1
1,0.72151625,1
1,0.7885731,1
1,0.7520899,1
1,0.7265355,1
0,0.72877204,1
0,0.83022565,1
1,0.7006355,1
1,0.7760244,1
1,0.75505936,1
1,0.7274999,1
1,0.7918431,1
0,0.79866344,1
0,0.7244026,1
1,0.7500395,1
0,0.7838522,1
0,0.7992299,1
0,0.7699367,1
1,0.81242317,1
0,0.7553559,1
1,0.73711437,1
0,0.7929207,1
0,0.73826677,1
0,0.74844074,1
1,0.77075565,1
1,0.72537327,1
1,0.8515534,1
1,0.80886054,1
0,0.8085732,1
1,0.8162976,1
1,0.72264075,1
1,0.6906707,1
1,0.6912456,1
1,0.8172791,1
1,0.75086033,1
1,0.74852264,1
1,0.8184702,1
1,0.78944665,1
1,0.7459297,1
1,0.8128134,1
0,0.7584318,1
0,0.72654307,1
1,0.698914,1
1,0.7352732,1
1,0.79406244,1
1,0.78933954,1
1,0.74290985,1
1,0.7911659,1
1,0.75308514,1
1,0.77506876,1
1,0.78482735,1
0,0.81771016,1
0,0.84474987,1
1,0.68979055,1
0,0.55859214,1
1,0.6970697,1
1,0.66228116,1
1,0.6211347,1
1,0.40443507,0
0,0.5042948,1
0,0.8973283,1
1,0.56240296,1
0,0.9385006,1
1,0.92282534,1
1,0.93575346,1
1,0.9627851,1
1,0.85913634,1
1,0.8729601,1
1,0.9343357,1
1,0.89526635,1
1,0.88414794,1
1,0.8992966,1
1,0.92445743,1
1,0.9202158,1
1,0.9089808,1
1,0.90200144,1
1,0.9081173,1
1,0.9315698,1
1,0.8684975,1
1,0.97337794,1
1,0.8438769,1
1,0.92615837,1
1,0.93222106,1
1,0.8742593,1
1,0.9212708,1
1,0.81107473,1
1,0.9317251,1
1,0.9427512,1
1,0.9319808,1
1,0.901572,1
1,0.87375784,1
1,0.83810157,1
1,0.8158282,1
1,0.8513629,1
1,0.7748758,1
1,0.80123496,1
1,0.79387915,1
1,0.7609449,1
1,0.8475449,1
1,0.87441885,1
0,0.74312055,1
1,0.6734334,1
1,0.7383891,1
1,0.7642538,1
0,0.76287985,1
0,0.7849695,1
1,0.7469208,1
1,0.7221487,1
0,0.7423138,1
0,0.7608894,1
0,0.7113482,1
1,0.6984443,1
1,0.83838594,1
0,0.76292765,1
1,0.80200166,1
0,0.84337944,1
0,0.81868577,1
1,0.7954659,1
1,0.79963166,1
1,0.7712716,1
1,0.8322286,1
1,0.79395586,1
0,0.16207255,0
0,0.22743315,0
0,0.038565077,0
1,0.23533694,0
0,0.3607088,0
0,0.18925513,0
0,0.23217322,0
1,0.18217814,0
0,0.24391796,0
1,0.18450886,0
0,0.18498434,0
0,0.25718498,0
0,0.22765164,0
1,0.75111455,1
1,0.74250287,1
1,0.7725613,1
1,0.7710499,1
1,0.2958804,0
0,0.47581333,0
0,0.25427744,0
0,0.07270652,0
0,0.12058794,0
1,0.7148341,1
1,0.8290162,1
0,0.7519566,1
1,0.8616497,1
1,0.90159416,1
1,0.68579876,1
1,0.4297618,0
0,0.39816043,0
1,0.82785094,1
1,0.908719,1
1,0.8417439,1
1,0.5855843,1
0,0.12677823,0
1,0.22687697,0
0,0.13123964,0
1,0.6949508,1
1,0.69556886,1
1,0.65656006,1
1,0.35709456,0
1,0.29003304,0
0,0.59054303,1
0,0.7000073,1
1,0.4160577,0
0,0.5736391,1
1,0.7217088,1
1,0.7835536,1
1,0.7364401,1
0,0.7667863,1
0,0.6849578,1
1,0.7168923,1
1,0.7057629,1
1,0.6714168,1
1,0.8068698,1
1,0.7332539,1
0,0.67309856,1
1,0.83106065,1
1,0.7715875,1
1,0.80043525,1
0,0.7541134,1
1,0.5496607,1
0,0.2944155,0
1,0.8370634,1
1,0.86361915,1
1,0.8854405,1
0,0.82987475,1
1,0.88091254,1
1,0.83604467,1
1,0.83821714,1
1,0.84327567,1
1,0.82508886,1
1,0.71249735,1
0,0.45186928,0
1,0.44390333,0
0,0.6326303,1
0,0.552521,1
0,0.5061314,1
1,0.67925274,1
0,0.6356714,1
1,0.46545082,0
0,0.68406874,1
1,0.7081508,1
1,0.68223536,1
1,0.6714535,1
1,0.7362976,1
1,0.7494812,1
1,0.63358265,1
0,0.7703042,1
1,0.72080547,1
1,0.739034,1
0,0.7253489,1
1,0.6799314,1
0,0.8072283,1
1,0.8721801,1
1,0.7750543,1
1,0.81336355,1
0,0.7560807,1
0,0.78330034,1
0,0.7816174,1
1,0.70854986,1
0,0.68112993,1
0,0.6398974,1
1,0.6654214,1
1,0.68550354,1
0,0.7379777,1
0,0.70974684,1
1,0.77325284,1
0,0.63255495,1
1,0.68819636,1
0,0.21290343,0
0,0.59685725,1
1,0.61950076,1
0,0.37481618,0
1,0.53927356,1
1,0.7401999,1
1,0.6878798,1
0,0.7637281,1
0,0.7795646,1
1,0.6783987,1
1,0.7361005,1
0,0.44859058,0
0,0.68606764,1
1,0.6334829,1
1,0.70183176,1
1,0.69600785,1
1,0.70993876,1
1,0.7399957,1
0,0.60122967,1
1,0.7492509,1
0,0.4955784,0
1,0.59592354,1
0,0.5887332,1
0,0.53737146,1
0,0.349417,0
0,0.48243997,0
1,0.3267413,0
1,0.73107034,1
1,0.44001848,0
0,0.47697136,0
0,0.6568692,1
0,0.5106756,1
0,0.38897642,0
1,0.51910335,1
0,0.30479813,0
0,0.28488275,0
0,0.34697902,0
1,0.35991162,0
1,0.31010872,0
1,0.262635,0
0,0.30300346,0
0,0.35784653,0
0,0.23905466,0
1,0.28977874,0
0,0.39325473,0
1,0.32876998,0
0,0.31880888,0
0,0.30527538,0
1,0.7984992,1
1,0.75581497,1
1,0.73305273,1
0,0.19547637,0
1,0.8156744,1
0,0.84217906,1
0,0.19736528,0
1,0.815062,1
0,0.32546335,0
0,0.35147983,0
1,0.8191752,1
0,0.7183211,1
1,0.792998,1
0,0.2944957,0
0,0.18598437,0
0,0.1440148,0
0,0.5118893,1
0,0.1544932,0
0,0.20382766,0
0,0.2759612,0
0,0.3567589,0
0,0.14665414,0
1,0.29067656,0
0,0.22600769,0
0,0.34144464,0
0,0.21577853,0
1,0.2777127,0
0,0.59738374,1
0,0.538232,1
0,0.47112855,0
1,0.4877219,0
0,0.5977064,1
1,0.59255,1
0,0.47708583,0
0,0.36966538,0
1,0.54139704,1
1,0.44932714,0
0,0.252463,0
0,0.42313513,0
1,0.20355755,0
0,0.6820155,1
0,0.1721482,0
0,0.12507717,0
0,0.22034675,0
1,0.25177056,0
0,0.077247895,0
1,0.5919616,1
0,0.7593535,1
1,0.67952406,1
1,0.7026082,1
0,0.76573485,1
1,0.7221364,1
0,0.69440466,1
1,0.5285179,1
1,0.7980642,1
1,0.69952077,1
1,0.28538346,0
1,0.61326283,1
1,0.80833095,1
0,0.84000134,1
1,0.8285877,1
1,0.7908078,1
1,0.8706805,1
1,0.8233822,1
1,0.8353529,1
1,0.7891674,1
1,0.7792627,1
1,0.7687327,1
1,0.72857845,1
1,0.7865561,1
1,0.7658229,1
1,0.7290226,1
1,0.88892734,1
1,0.9036784,1
1,0.8860187,1
1,0.8519931,1
1,0.88611704,1
1,0.8589088,1
1,0.8451502,1
1,0.8511768,1
0,0.82672316,1
1,0.8974438,1
1,0.81802183,1
0,0.9176891,1
1,0.81115365,1
1,0.76992667,1
1,0.842233,1
1,0.8516129,1
1,0.85446304,1
0,0.7753879,1
1,0.8068005,1
0,0.8205647,1
1,0.8309339,1
1,0.8145882,1
1,0.81038517,1
1,0.84731615,1
1,0.8737621,1
1,0.8285377,1
1,0.80241555,1
1,0.84620315,1
1,0.86976755,1
1,0.8228453,1
1,0.85643566,1
1,0.7679256,1
1,0.83564925,1
1,0.813466,1
0,0.86738896,1
1,0.7536653,1
1,0.9242753,1
1,0.72068095,1
1,0.88657016,1
0,0.7203279,1
0,0.7900866,1
1,0.67597026,1
1,0.73218805,1
1,0.88625336,1
1,0.74357015,1
0,0.31606194,0
0,0.35193703,0
1,0.5591118,1
1,0.23834008,0
1,0.19924617,0
0,0.60491216,1
0,0.39773476,0
0,0.059305865,0
0,0.82287174,1
0,0.79074866,1
0,0.81012017,1
0,0.8139099,1
1,0.8988959,1
1,0.7991711,1
1,0.82493216,1
1,0.9112357,1
1,0.831417,1
1,0.83968884,1
1,0.88300145,1
1,0.8932993,1
0,0.37252352,0
1,0.44404957,0
1,0.7499373,1
1,0.4787781,0
1,0.6171352,1
0,0.62888426,1
0,0.63982564,1
1,0.48880503,0
1,0.62220746,1
1,0.53373086,1
1,0.5731725,1
0,0.3244339,0
1,0.55611396,1
0,0.72163117,1
0,0.2569652,0
1,0.43651068,0
0,0.402169,0
1,0.83176666,1
1,0.46387604,0
1,0.7843863,1
1,0.83698034,1
1,0.8069709,1
1,0.8172467,1
1,0.88904226,1
1,0.799134,1
1,0.7830383,1
1,0.66990894,1
0,0.64603454,1
0,0.2656044,0
0,0.37950426,0
0,0.57182014,1
1,0.18151498,0
0,0.79159766,1
0,0.72686714,1
1,0.73858047,1
1,0.69372964,1
1,0.5979298,1
1,0.68424886,1
1,0.706626,1
0,0.6301795,1
0,0.6549842,1
0,0.70532084,1
1,0.52376014,1
1,0.30508834,0
0,0.07466751,0
1,0.418316,0
0,0.14178906,0
1,0.37708363,0
1,0.7376608,1
0,0.40258843,0
1,0.37574852,0
0,0.21530636,0
1,0.8185458,1
1,0.83864796,1
1,0.84764314,1
1,0.818021,1
1,0.783137,1
1,0.81343544,1
1,0.8572758,1
1,0.8165498,1
1,0.90193814,1
1,0.78481704,1
1,0.8711318,1
1,0.89469737,1
0,0.46435672,0
0,0.41255715,0
1,0.32338902,0
0,0.3854045,0
1,0.85928047,1
1,0.8556522,1
1,0.9165765,1
1,0.8708659,1
1,0.85627633,1
1,0.8873846,1
0,0.8664783,1
1,0.8708537,1
0,0.79028004,1
0,0.41600007,0
0,0.23199986,0
1,0.09235864,0
1,0.927769,1
0,0.85879016,1
1,0.9212463,1
1,0.8455592,1
1,0.88078815,1
1,0.78468686,1
1,0.7256157,1
1,0.74976474,1
1,0.7691924,1
1,0.818671,1
1,0.8578991,1
1,0.75334984,1
1,0.9298572,1
1,0.4966605,0
0,0.5565014,1
1,0.7789788,1
1,0.73557204,1
1,0.5544563,1
1,0.3939342,0
0,0.6270747,1
1,0.80181086,1
1,0.7207208,1
1,0.7919068,1
1,0.81254256,1
1,0.59084135,1
0,0.6429753,1
0,0.44192114,0
1,0.72283185,1
1,0.81455743,1
1,0.87727,1
0,0.74316436,1
0,0.27697498,0
1,0.8188512,1
1,0.8350191,1
1,0.8446317,1
1,0.71612173,1
1,0.67126894,1
1,0.50892746,1
1,0.6757302,1
0,0.17571495,0
1,0.29102662,0
0,0.274532,0
0,0.21185121,0
0,0.70494235,1
1,0.1833835,0
0,0.29554692,0
0,0.36672083,0
0,0.28871438,0
1,0.43144315,0
1,0.70585537,1
1,0.3281536,0
0,0.37830427,0
0,0.26799205,0
1,0.27024627,0
1,0.34164014,0
1,0.61114186,1
0,0.3470825,0
0,0.23836091,0
0,0.28115574,0
0,0.1545786,0
1,0.34424534,0
1,0.7013669,1
1,0.64187896,1
1,0.7338487,1
1,0.6918015,1
0,0.26035053,0
0,0.68194985,1
1,0.72312456,1
1,0.79345953,1
1,0.8690756,1
1,0.86466223,1
1,0.8197219,1
1,0.8090642,1
1,0.8912999,1
1,0.8971785,1
1,0.8871917,1
1,0.8386921,1
1,0.8873156,1
1,0.80548525,1
0,0.66362894,1
1,0.4987398,0
1,0.81415683,1
1,0.7689684,1
1,0.8201285,1
1,0.71814585,1
1,0.6818025,1
1,0.7269525,1
1,0.6073765,1
1,0.5273237,1
1,0.6285613,1
1,0.72784334,1
1,0.7393521,1
1,0.6154248,1
0,0.44260156,0
0,0.47150183,0
0,0.42312223,0
0,0.43010095,0
0,0.41130975,0
0,0.25375596,0
0,0.27904373,0
1,0.7242313,1
1,0.45825374,0
1,0.6347076,1
1,0.73235804,1
1,0.79226184,1
1,0.9265706,1
1,0.91821474,1
1,0.8866668,1
1,0.8350191,1
1,0.83096176,1
1,0.8712532,1
1,0.45466828,0
0,0.5853183,1
1,0.6948475,1
0,0.467955,0
1,0.85898983,1
0,0.48497462,0
0,0.19198567,0
0,0.35947618,0
0,0.25705087,0
0,0.20598416,0
1,0.5477972,1
1,0.82700956,1
1,0.8866082,1
1,0.58351904,1
0,0.37689236,0
0,0.612305,1
0,0.50378406,1
0,0.42030185,0
0,0.43548068,0
0,0.4375159,0
0,0.7587296,1
0,0.70803595,1
1,0.62450033,1
1,0.53456527,1
1,0.7059193,1
1,0.72570556,1
0,0.76940805,1
1,0.34138122,0
1,0.28503406,0
0,0.33213744,0
0,0.29524258,0
0,0.34046167,0
1,0.7493932,1
0,0.5125152,1
1,0.7122289,1
0,0.6287669,1
0,0.5961049,1
1,0.5923353,1
1,0.7268441,1
1,0.8659491,1
1,0.85469687,1
1,0.8400062,1
1,0.5385631,1
0,0.7219532,1
0,0.59682596,1
1,0.7453899,1
1,0.74245703,1
1,0.686334,1
1,0.83542204,1
1,0.67259884,1
1,0.8249417,1
1,0.5280099,1
0,0.5115806,1
1,0.7465781,1
0,0.28450453,0
0,0.3924017,0
0,0.32595325,0
1,0.43088952,0
1,0.56593037,1
0,0.30998665,0
0,0.40624952,0
0,0.11183541,0
0,0.2957439,0
0,0.47770426,0
0,0.6588544,1
0,0.30714333,0
1,0.76965016,1
1,0.7839537,1
1,0.49190387,0
1,0.13928078,0
1,0.617804,1
1,0.85587806,1
1,0.9220952,1
1,0.8240409,1
1,0.865255,1
1,0.85849863,1
1,0.7671241,1
1,0.83116907,1
1,0.9116439,1
0,0.8684708,1
1,0.8830455,1
0,0.8389028,1
1,0.86799353,1
1,0.84507704,1
1,0.8083456,1
1,0.5964898,1
0,0.084746145,0
0,0.24016662,0
0,0.40808704,0
0,0.31012172,0
0,0.32974157,0
0,0.37325302,0
0,0.35739166,0
0,0.30544716,0
0,0.16426668,0
1,0.6164824,1
0,0.13550499,0
1,0.8564497,1
1,0.86769986,1
1,0.73682994,1
1,0.4802492,0
0,0.38752615,0
0,0.5440494,1
0,0.5145087,1
1,0.8454109,1
1,0.48290387,0
1,0.9031046,1
0,0.7622767,1
1,0.7684225,1
1,0.8509631,1
1,0.84752804,1
0,0.28370425,0
1,0.5271363,1
0,0.4592577,0
1,0.5138705,1
1,0.80986536,1
0,0.6861887,1
0,0.6715085,1
0,0.7961177,1
1,0.88886064,1
1,0.53605455,1
0,0.6757801,1
0,0.27116594,0
0,0.51695436,1
1,0.30534834,0
0,0.6375103,1
0,0.6334957,1
1,0.86682975,1
1,0.79349095,1
1,0.7820019,1
1,0.7602416,1
0,0.31658915,0
1,0.7902999,1
1,0.84828174,1
1,0.7537472,1
1,0.7159062,1
0,0.33030316,0
0,0.7808852,1
1,0.7978916,1
0,0.76187086,1
0,0.67590415,1
0,0.54146296,1
1,0.22069007,0
0,0.57666653,1
1,0.69956344,1
1,0.57850456,1
1,0.4223235,0
1,0.39435822,0
1,0.13588656,0
1,0.117598966,0
0,0.5142962,1
1,0.06697568,0
1,0.24678479,0
0,0.3956874,0
0,0.6761874,1
1,0.8936609,1
1,0.91106105,1
1,0.79469734,1
1,0.8688746,1
1,0.7781208,1
1,0.7277814,1
0,0.6849956,1
1,0.9097345,1
1,0.73207325,1
0,0.6111975,1
0,0.5801695,1
0,0.7558913,1
1,0.77808213,1
1,0.8109129,1
0,0.2595956,0
0,0.2781844,0
0,0.14748968,0
0,0.17272744,0
0,0.27591285,0
0,0.15429997,0
1,0.63354915,1
1,0.39777863,0
0,0.39677134,0
1,0.7109161,1
1,0.6907036,1
1,0.8765652,1
1,0.7545336,1
1,0.73260546,1
1,0.7054449,1
1,0.733015,1
1,0.69929314,1
1,0.67990565,1
1,0.7962092,1
1,0.78803015,1
1,0.81900877,1
0,0.80271995,1
0,0.8613919,1
0,0.79975945,1
0,0.85311455,1
1,0.86333275,1
1,0.86946845,1
0,0.8391782,1
1,0.84651804,1
1,0.8298141,1
1,0.7512351,1
1,0.6018499,1
0,0.8184946,1
1,0.7572008,1
1,0.72451836,1
1,0.7790324,1
1,0.76739526,1
1,0.7842557,1
1,0.7860665,1
0,0.8584722,1
1,0.78587085,1
1,0.7932817,1
1,0.9135279,1
1,0.79592454,1
1,0.8922303,1
1,0.81850445,1
1,0.8631576,1
1,0.82743233,1
1,0.8485686,1
1,0.8539339,1
1,0.8971132,1
1,0.7713261,1
0,0.7585757,1
1,0.79816574,1
0,0.71163774,1
1,0.7599014,1
1,0.8534712,1
1,0.8332365,1
1,0.72510463,1
1,0.69806063,1
1,0.6544331,1
1,0.67999625,1
0,0.73482704,1
1,0.82555085,1
0,0.4128812,0
0,0.70712304,1
1,0.7945961,1
1,0.7056375,1
1,0.8149606,1
1,0.8794051,1
1,0.7821124,1
1,0.73902404,1
0,0.39029387,0
0,0.43073994,0
0,0.60399467,1
0,0.19516857,0
1,0.8155592,1
0,0.74678844,1
0,0.8287561,1
0,0.8361512,1
1,0.66961867,1
1,0.51262623,1
1,0.23298231,0
0,0.42523614,0
0,0.53692335,1
1,0.4232347,0
1,0.5591827,1
0,0.31220886,0
1,0.8862059,1
0,0.88932246,1
1,0.56324446,1
1,0.7720887,1
1,0.95797724,1
0,0.9301248,1
1,0.944845,1
1,0.951385,1
1,0.956288,1
1,0.9520978,1
0,0.9482682,1
1,0.9496981,1
1,0.8887951,1
1,0.8784156,1
0,0.9362778,1
1,0.9685606,1
1,0.9511475,1
1,0.95018137,1
1,0.948161,1
0,0.8893184,1
0,0.94137883,1
1,0.9422709,1
1,0.8822748,1
1,0.9184548,1
1,0.88838506,1
1,0.91116935,1
1,0.8931997,1
1,0.93068516,1
1,0.9657868,1
1,0.9341045,1
1,0.89705414,1
1,0.84275204,1
1,0.83036566,1
1,0.82212144,1
1,0.91333246,1
1,0.85474634,1
0,0.82676214,1
1,0.83363265,1
1,0.8762924,1
0,0.6982297,1
1,0.20458429,0
0,0.50310296,1
0,0.7664741,1
1,0.87225956,1
1,0.79350704,1
1,0.8262463,1
0,0.81688243,1
1,0.84071463,1
1,0.84789497,1
1,0.78494793,1
1,0.8376718,1
0,0.78748775,1
0,0.839652,1
1,0.83853847,1
1,0.4019444,0
1,0.40310583,0
0,0.33103058,0
0,0.34463438,0
1,0.76651293,1
1,0.75892836,1
1,0.8192642,1
1,0.7538612,1
1,0.8859855,1
1,0.78392243,1
1,0.85249025,1
1,0.86002284,1
1,0.86009943,1
1,0.80880356,1
1,0.80474794,1
1,0.7635639,1
1,0.79543316,1
1,0.8062975,1
1,0.72961897,1
0,0.82036126,1
1,0.8037008,1
1,0.7654753,1
1,0.8201202,1
1,0.78768766,1
1,0.85838556,1
1,0.7663596,1
1,0.83543766,1
1,0.7964462,1
1,0.8180289,1
1,0.67048025,1
1,0.679949,1
1,0.7107496,1
0,0.6532333,1
0,0.21755081,0
1,0.6103562,1
0,0.6726633,1
0,0.70549595,1
1,0.6010411,1
1,0.8081242,1
1,0.7801121,1
1,0.7048607,1
1,0.7868269,1
1,0.801051,1
1,0.7313957,1
1,0.73577636,1
0,0.7413766,1
1,0.70570904,1
1,0.64451987,1
1,0.81437975,1
0,0.770576,1
1,0.79109573,1
0,0.7779507,1
0,0.80973864,1
1,0.8041951,1
1,0.79070246,1
0,0.72578126,1
1,0.76475984,1
1,0.77749527,1
1,0.83141553,1
1,0.8228054,1
1,0.7960532,1
1,0.81160164,1
1,0.66295,1
1,0.82561755,1
1,0.8612343,1
1,0.83278793,1
0,0.8762233,1
1,0.83884746,1
1,0.8177405,1
1,0.8697708,1
1,0.87469375,1
1,0.8368034,1
1,0.882254,1
1,0.7346722,1
1,0.87646013,1
0,0.786614,1
1,0.8793356,1
1,0.84992576,1
1,0.8584894,1
1,0.80523884,1
1,0.8309181,1
0,0.5514938,1
1,0.6654249,1
0,0.69452745,1
0,0.7693695,1
1,0.5931594,1
1,0.8062242,1
0,0.7797117,1
1,0.7834383,1
1,0.79144144,1
0,0.8041017,1
1,0.80923396,1
1,0.8071896,1
1,0.6666542,1
1,0.7628524,1
1,0.81730163,1
1,0.78014535,1
1,0.78318745,1
1,0.7811314,1
1,0.7741725,1
1,0.81427705,1
0,0.86500436,1
1,0.8741354,1
1,0.83421665,1
0,0.8521363,1
0,0.8009683,1
1,0.82979494,1
1,0.8476372,1
0,0.79262173,1
1,0.8595224,1
1,0.8216833,1
1,0.8312676,1
1,0.7494558,1
1,0.80837154,1
1,0.7873415,1
1,0.7859306,1
1,0.77254635,1
1,0.8114583,1
1,0.8275184,1
1,0.8603641,1
1,0.7961192,1
1,0.86801565,1
1,0.84622574,1
1,0.81036466,1
1,0.8328906,1
1,0.7517714,1
0,0.79110026,1
0,0.5013883,1
0,0.8258317,1
0,0.7988468,1
1,0.7878871,1
0,0.86106175,1
1,0.8276074,1
0,0.82196826,1
1,0.8745393,1
1,0.8665161,1
1,0.7489178,1
1,0.8400884,1
1,0.838855,1
1,0.82694393,1
1,0.8211825,1
1,0.5284999,1
0,0.12291303,0
1,0.8962952,1
1,0.7744678,1
1,0.7395316,1
1,0.78707474,1
0,0.70825374,1
1,0.81209856,1
1,0.7955264,1
1,0.85952103,1
1,0.8346709,1
1,0.8757032,1
1,0.73895204,1
1,0.79096735,1
1,0.8045059,1
1,0.7554293,1
1,0.7877736,1
1,0.37534878,0
0,0.5225827,1
0,0.12997642,0
0,0.2528551,0
0,0.29535997,0
0,0.6106814,1
0,0.33095568,0
1,0.7174932,1
1,0.7324925,1
1,0.8596586,1
1,0.8624195,1
1,0.34865406,0
1,0.43062168,0
0,0.3952785,0
1,0.8983948,1
1,0.8300378,1
1,0.85023415,1
1,0.8960392,1
1,0.8951567,1
0,0.83859813,1
1,0.7793704,1
1,0.7471481,1
1,0.78560096,1
1,0.72969645,1
1,0.72222483,1
1,0.85900676,1
1,0.71543425,1
0,0.7779358,1
1,0.75742763,1
1,0.71527845,1
0,0.7069919,1
1,0.74552405,1
1,0.8021532,1
1,0.76189315,1
1,0.8228008,1
1,0.7808707,1
1,0.73042893,1
1,0.6652741,1
0,0.6244612,1
0,0.6619939,1
0,0.71445656,1
0,0.72405654,1
1,0.80790234,1
0,0.7179079,1
0,0.729903,1
1,0.78794396,1
0,0.8169579,1
0,0.49343708,0
0,0.36410862,0
1,0.61321884,1
0,0.33595094,0
1,0.38790497,0
0,0.685501,1
1,0.76176286,1
1,0.8397195,1
1,0.71268684,1
1,0.7812681,1
1,0.5409848,1
1,0.650125,1
1,0.8839231,1
0,0.8740374,1
1,0.8979,1
0,0.8887674,1
1,0.7533085,1
0,0.8639822,1
1,0.90078264,1
1,0.84706396,1
0,0.51452786,1
1,0.6885199,1
0,0.80870557,1
1,0.8168284,1
1,0.77789074,1
1,0.8403945,1
1,0.95661056,1
1,0.9008422,1
1,0.88469726,1
1,0.80656356,1
1,0.87164676,1
1,0.7604259,1
1,0.73407716,1
0,0.810595,1
1,0.66118383,1
1,0.4697817,0
1,0.6532961,1
1,0.5088338,1
0,0.40444085,0
1,0.63936883,1
1,0.544651,1
0,0.459457,0
1,0.6002905,1
0,0.54533434,1
0,0.4339863,0
1,0.40989983,0
1,0.4635157,0
0,0.38035765,0
1,0.44959033,0
1,0.45127046,0
0,0.5302577,1
1,0.31364557,0
0,0.36913285,0
1,0.39439595,0
1,0.42288366,0
1,0.658137,1
1,0.53172505,1
0,0.6282829,1
1,0.7293117,1
1,0.7292395,1
1,0.7475504,1
1,0.73668474,1
1,0.73585427,1
1,0.810254,1
0,0.78866184,1
1,0.8046041,1
1,0.7698135,1
1,0.70607805,1
1,0.6318478,1
1,0.6961495,1
1,0.752183,1
1,0.688487,1
1,0.7888012,1
1,0.66047543,1
1,0.25444752,0
1,0.40239957,0
1,0.7789125,1
1,0.8089846,1
1,0.76183623,1
1,0.7832647,1
1,0.36155275,0
1,0.63300407,1
1,0.7109217,1
0,0.7815094,1
1,0.5998878,1
1,0.67742884,1
1,0.6710401,1
1,0.5510583,1
1,0.8553794,1
1,0.7734525,1
0,0.8451977,1
1,0.84801626,1
1,0.81502974,1
1,0.5168666,1
0,0.7494004,1
0,0.8424243,1
1,0.7724819,1
1,0.70425975,1
0,0.7369179,1
0,0.7056904,1
1,0.8076467,1
1,0.75244623,1
1,0.78327084,1
1,0.7041864,1
1,0.7495491,1
0,0.6169652,1
0,0.630694,1
1,0.6868296,1
1,0.7849861,1
0,0.7025843,1
1,0.7634328,1
1,0.7681378,1
1,0.63079506,1
1,0.40902364,0
1,0.6343954,1
1,0.52095985,1
1,0.65219784,1
1,0.6815583,1
0,0.6173926,1
1,0.72816557,1
0,0.76375324,1
0,0.5941438,1
1,0.610559,1
1,0.6471921,1
0,0.7849487,1
1,0.6313353,1
1,0.74685055,1
1,0.69336003,1
1,0.7719896,1
1,0.80648404,1
1,0.78063357,1
1,0.81456476,1
1,0.8806389,1
1,0.7911543,1
1,0.6964178,1
1,0.67599195,1
1,0.6893846,1
1,0.7134027,1
1,0.7157012,1
1,0.7170358,1
1,0.70468533,1
1,0.5289905,1
1,0.7907011,1
1,0.6739366,1
0,0.7871786,1
1,0.6557499,1
0,0.6332116,1
0,0.77791816,1
1,0.88867694,1
0,0.90669596,1
1,0.8398701,1
0,0.8795039,1
1,0.81814885,1
1,0.80454195,1
1,0.8495527,1
1,0.8785241,1
0,0.7438703,1
1,0.7641339,1
1,0.78665656,1
1,0.70364714,1
1,0.80586135,1
1,0.82051164,1
1,0.8028683,1
1,0.8532267,1
1,0.84857374,1
1,0.8683167,1
1,0.89806867,1
1,0.72212154,1
0,0.7631159,1
0,0.7541603,1
0,0.74332106,1
1,0.69926786,1
1,0.68206733,1
1,0.7739525,1
1,0.86510485,1
1,0.8485632,1
1,0.81173754,1
1,0.7934295,1
0,0.7532282,1
1,0.555345,1
0,0.24094196,0
0,0.4008367,0
0,0.6239684,1
0,0.72638816,1
0,0.44535005,0
1,0.52090055,1
0,0.51003057,1
1,0.5591072,1
0,0.2048488,0
0,0.44323394,0
1,0.38811386,0
1,0.43975955,0
1,0.7626064,1
1,0.7066866,1
1,0.73874766,1
1,0.7464584,1
1,0.68693113,1
0,0.8351589,1
1,0.76157856,1
1,0.716175,1
1,0.6772737,1
0,0.707364,1
1,0.68239784,1
1,0.7088455,1
0,0.71428126,1
0,0.7849534,1
1,0.7347939,1
1,0.72395945,1
1,0.71654415,1
1,0.71336603,1
0,0.6742777,1
0,0.6945249,1
1,0.76156145,1
1,0.704455,1
1,0.62567526,1
1,0.47271279,0
1,0.5151564,1
1,0.7196399,1
0,0.7421871,1
0,0.7420035,1
1,0.86935174,1
1,0.8921073,1
1,0.8367097,1
1,0.8828105,1
0,0.87124395,1
1,0.83508044,1
0,0.8531576,1
0,0.8824076,1
1,0.86212313,1
0,0.44015625,0
1,0.8282627,1
1,0.2579394,0
0,0.31387082,0
0,0.24947046,0
0,0.27304778,0
1,0.2391342,0
0,0.28059846,0
1,0.31073222,0
0,0.21275146,0
0,0.15614852,0
0,0.124609195,0
0,0.2142906,0
1,0.6769215,1
1,0.51999635,1
1,0.7783028,1
0,0.7371442,1
1,0.4071111,0
1,0.7691872,1
1,0.71187913,1
0,0.31480467,0
0,0.57335585,1
0,0.44261408,0
0,0.24920177,0
0,0.2674996,0
0,0.18931806,0
0,0.16213028,0
1,0.5102381,1
1,0.23601215,0
1,0.79421586,1
1,0.77715385,1
1,0.82871854,1
0,0.80408275,1
1,0.84725934,1
1,0.85186625,1
1,0.8829913,1
1,0.78375185,1
1,0.8116882,1
1,0.8703891,1
0,0.89144933,1
1,0.8305351,1
1,0.7542091,1
1,0.77778256,1
1,0.77614826,1
0,0.7587796,1
0,0.7874488,1
1,0.580553,1
1,0.7877684,1
1,0.7409914,1
1,0.64049363,1
1,0.5481582,1
1,0.76804566,1
1,0.6365183,1
1,0.768037,1
0,0.77112573,1
0,0.7862434,1
1,0.7066619,1
1,0.80802315,1
1,0.7596277,1
1,0.778885,1
1,0.83025455,1
0,0.6988978,1
1,0.7057648,1
1,0.75503486,1
1,0.76953125,1
1,0.7179173,1
1,0.7620709,1
1,0.7990432,1
1,0.78447384,1
0,0.7617074,1
1,0.7363378,1
1,0.7374805,1
1,0.77603877,1
1,0.74855185,1
1,0.7912163,1
1,0.70987004,1
1,0.79145634,1
1,0.72470784,1
1,0.6160641,1
1,0.45142087,0
1,0.7929225,1
1,0.75609535,1
0,0.84530985,1
0,0.7979615,1
1,0.7290169,1
1,0.7781848,1
0,0.3757139,0
1,0.29093426,0
1,0.8560337,1
0,0.9001363,1
0,0.893619,1
1,0.87120235,1
1,0.85474306,1
1,0.8434915,1
1,0.82688946,1
0,0.8068752,1
1,0.86314994,1
1,0.84030336,1
1,0.8483919,1
0,0.8794145,1
0,0.88518286,1
0,0.8657387,1
1,0.8634616,1
1,0.7934375,1
1,0.8554036,1
1,0.83081627,1
1,0.81679004,1
1,0.7401138,1
1,0.78035015,1
1,0.7844188,1
1,0.8259054,1
0,0.77857834,1
0,0.83300877,1
1,0.74285614,1
0,0.8986537,1
0,0.73585284,1
1,0.85027826,1
1,0.90786606,1
0,0.9232186,1
1,0.8815118,1
1,0.9082484,1
0,0.84783685,1
1,0.93618554,1
1,0.91504735,1
1,0.8458563,1
1,0.8880809,1
0,0.82746804,1
1,0.7877554,1
0,0.8634407,1
1,0.81932783,1
0,0.8273225,1
1,0.72940385,1
1,0.794173,1
0,0.50003743,1
1,0.58113235,1
0,0.52093375,1
0,0.5740433,1
1,0.76778513,1
0,0.50401914,1
1,0.54839116,1
0,0.6383369,1
0,0.550509,1
0,0.5836416,1
1,0.76175064,1
1,0.6608022,1
0,0.7356289,1
1,0.7504924,1
0,0.39023265,0
0,0.7144369,1
1,0.7759081,1
1,0.878718,1
1,0.65665597,1
1,0.8557894,1
1,0.9224168,1
1,0.8580498,1
1,0.8457697,1
0,0.85210127,1
1,0.8877035,1
1,0.7331241,1
1,0.67582655,1
1,0.32910967,0
0,0.62615186,1
0,0.5630744,1
1,0.31156948,0
0,0.1486531,0
1,0.21389416,0
0,0.25410792,0
0,0.36306944,0
1,0.591748,1
0,0.7199986,1
1,0.73396343,1
1,0.63192403,1
0,0.36618483,0
0,0.33260086,0
0,0.1575391,0
0,0.31471363,0
1,0.25347653,0
1,0.31351167,0
0,0.25974265,0
1,0.8086865,1
1,0.31358013,0
1,0.8962459,1
1,0.8213738,1
1,0.8066125,1
1,0.87841964,1
0,0.7846315,1
1,0.19023874,0
0,0.19873516,0
0,0.373643,0
1,0.13163488,0
0,0.4159394,0
1,0.5785162,1
1,0.8306266,1
1,0.86886424,1
1,0.8918184,1
1,0.8656056,1
1,0.7677597,1
1,0.8900869,1
1,0.88695693,1
1,0.8569444,1
1,0.7876087,1
0,0.81373227,1
0,0.8120067,1
1,0.804717,1
0,0.77306235,1
1,0.80149394,1
1,0.88108003,1
1,0.8337392,1
1,0.79268783,1
0,0.8427162,1
1,0.7774445,1
1,0.78068334,1
1,0.8075112,1
1,0.8252383,1
1,0.82215035,1
1,0.7407667,1
1,0.855467,1
1,0.74922997,1
1,0.8688644,1
1,0.78608614,1
1,0.7601861,1
1,0.7921302,1
0,0.84049904,1
0,0.8354716,1
1,0.7836792,1
1,0.73231137,1
1,0.8917463,1
0,0.7883292,1
0,0.8091104,1
1,0.7863389,1
1,0.78283405,1
1,0.8130178,1
1,0.7935491,1
1,0.813844,1
1,0.65320575,1
1,0.24448213,0
1,0.18347852,0
1,0.18642525,0
0,0.47012502,0
0,0.66146,1
1,0.742936,1
1,0.7850259,1
1,0.843923,1
1,0.7782766,1
1,0.51001245,1
1,0.91133696,1
0,0.815239,1
0,0.699527,1
1,0.8624451,1
1,0.68176675,1
1,0.7829363,1
1,0.7029309,1
1,0.78034943,1
1,0.84178686,1
1,0.80865926,1
1,0.8583824,1
1,0.8324028,1
1,0.85391533,1
1,0.894732,1
1,0.8235435,1
0,0.25888318,0
1,0.70441335,1
1,0.6985748,1
1,0.78874177,1
1,0.7460365,1
1,0.75760585,1
0,0.79810756,1
1,0.92438287,1
1,0.82054716,1
1,0.8670359,1
0,0.8644339,1
0,0.8275778,1
1,0.89980435,1
1,0.93213034,1
1,0.9092723,1
1,0.8507211,1
1,0.82872427,1
1,0.9124393,1
0,0.7469542,1
1,0.8257237,1
1,0.850903,1
1,0.83951837,1
1,0.8227828,1
1,0.61576444,1
1,0.48468152,0
0,0.81861144,1
1,0.658333,1
1,0.6923882,1
1,0.76687163,1
1,0.54615384,1
0,0.24480164,0
0,0.6815992,1
1,0.5783616,1
1,0.72633284,1
1,0.90249026,1
1,0.862172,1
0,0.85348284,1
0,0.8658436,1
1,0.8828387,1
1,0.85332805,1
0,0.20650439,0
0,0.57465714,1
1,0.612726,1
1,0.7218162,1
1,0.5299147,1
1,0.6218166,1
0,0.7415526,1
0,0.76817185,1
1,0.7531888,1
1,0.6161982,1
0,0.6547296,1
1,0.5409472,1
0,0.5641409,1
0,0.55857754,1
0,0.39837122,0
1,0.5488435,1
0,0.38263604,0
0,0.29962817,0
1,0.53312546,1
0,0.5093275,1
1,0.7666135,1
0,0.4405081,0
1,0.49723306,0
1,0.57969505,1
1,0.5233455,1
1,0.6141781,1
1,0.6105856,1
1,0.5653352,1
0,0.52865547,1
1,0.6079786,1
0,0.64529437,1
1,0.6532187,1
0,0.119266875,0
0,0.055528387,0
0,0.13451752,0
0,0.038545083,0
0,0.117341205,0
0,0.25843552,0
0,0.2068994,0
0,0.26198512,0
0,0.1377124,0
0,0.1022805,0
0,0.2706975,0
0,0.16397312,0
0,0.1543153,0
0,0.09551432,0
0,0.17440142,0
0,0.25250888,0
1,0.59190094,1
1,0.41771343,0
0,0.48669857,0
0,0.3035957,0
0,0.2216894,0
1,0.44695583,0
1,0.2851225,0
0,0.34881142,0
1,0.45935807,0
1,0.50987184,1
0,0.63211155,1
0,0.50720966,1
0,0.6479902,1
0,0.4890427,0
0,0.6593456,1
0,0.5638735,1
0,0.68755245,1
1,0.2939612,0
1,0.40752822,0
1,0.29489022,0
1,0.72761667,1
0,0.69458956,1
1,0.82563424,1
1,0.8469202,1
1,0.83466154,1
1,0.75152785,1
0,0.7275777,1
1,0.68853354,1
0,0.8205148,1
1,0.7785157,1
0,0.7324009,1
1,0.72385794,1
1,0.84608465,1
1,0.7325077,1
0,0.6590129,1
0,0.44847545,0
1,0.690975,1
1,0.7314733,1
1,0.7127808,1
1,0.81529444,1
1,0.79629654,1
1,0.6843543,1
1,0.82477397,1
1,0.65828717,1
0,0.7097361,1
0,0.7671515,1
1,0.6722122,1
1,0.82236636,1
0,0.77300787,1
1,0.79779875,1
1,0.7873959,1
1,0.80306405,1
0,0.6923255,1
1,0.83338404,1
1,0.78259504,1
1,0.788115,1
1,0.83347374,1
1,0.70198894,1
0,0.6584973,1
1,0.71603453,1
1,0.7881906,1
0,0.7063473,1
1,0.7102966,1
1,0.7492758,1
0,0.75607616,1
1,0.8359506,1
0,0.7730528,1
1,0.7792112,1
1,0.82376903,1
0,0.76050913,1
0,0.8323965,1
1,0.8512891,1
1,0.8219668,1
1,0.5489583,1
1,0.8070699,1
1,0.73148364,1
0,0.76424843,1
1,0.8099488,1
1,0.80133766,1
1,0.8405263,1
0,0.804915,1
1,0.7923667,1
0,0.8316413,1
0,0.7583061,1
1,0.7630317,1
1,0.785927,1
1,0.8021059,1
1,0.7564838,1
1,0.81212556,1
1,0.7852289,1
1,0.8147049,1
1,0.90256745,1
1,0.9055294,1
1,0.89285374,1
1,0.55492854,1
0,0.65046567,1
0,0.7336854,1
1,0.7838141,1
1,0.7922878,1
1,0.7586257,1
0,0.79190856,1
1,0.9165819,1
1,0.88505983,1
1,0.93972903,1
1,0.9028772,1
1,0.8386185,1
1,0.687614,1
1,0.6857444,1
1,0.7240609,1
1,0.41123646,0
1,0.66954297,1
1,0.7149608,1
1,0.75540745,1
1,0.76272935,1
1,0.72785467,1
1,0.7003298,1
1,0.69017786,1
1,0.70106435,1
1,0.76688385,1
1,0.65140855,1
0,0.69649637,1
1,0.78307134,1
0,0.69046336,1
0,0.68297267,1
1,0.6421006,1
1,0.6694972,1
1,0.6856278,1
0,0.68484414,1
1,0.62910587,1
0,0.6956786,1
1,0.70632714,1
1,0.8049815,1
1,0.69290674,1
1,0.715791,1
1,0.7406069,1
1,0.712139,1
0,0.2758638,0
1,0.78962755,1
1,0.7586686,1
0,0.7648073,1
0,0.74594986,1
0,0.77658665,1
0,0.8146054,1
0,0.8127909,1
1,0.76916116,1
1,0.7607438,1
1,0.7571302,1
1,0.78044116,1
1,0.7103655,1
1,0.69841325,1
1,0.81926686,1
1,0.78762144,1
1,0.76007885,1
1,0.78632736,1
1,0.70772314,1
1,0.8010515,1
1,0.8356102,1
1,0.6272621,1
1,0.74616677,1
1,0.7063028,1
0,0.76926863,1
0,0.71844566,1
0,0.7937204,1
0,0.76100045,1
1,0.7831196,1
0,0.69168377,1
1,0.7886335,1
1,0.8130486,1
1,0.7506278,1
1,0.7994644,1
0,0.82728964,1
1,0.77640045,1
1,0.7286071,1
1,0.7695074,1
1,0.8587758,1
1,0.8380923,1
0,0.75514174,1
1,0.72802866,1
1,0.7607898,1
1,0.5049146,1
1,0.75177646,1
0,0.64319396,1
1,0.7412959,1
1,0.7379077,1
1,0.7512814,1
1,0.7656395,1
1,0.6950286,1
1,0.7305469,1
1,0.75951815,1
1,0.78960353,1
0,0.78211,1
0,0.7144278,1
1,0.6409632,1
1,0.7777982,1
1,0.8544734,1
1,0.7616964,1
0,0.7149292,1
1,0.8183717,1
1,0.80769485,1
1,0.75428903,1
0,0.72790414,1
1,0.8457083,1
1,0.7761953,1
1,0.7168678,1
0,0.7881909,1
1,0.76223505,1
1,0.6627801,1
1,0.5264771,1
0,0.86425585,1
1,0.90482354,1
1,0.85894,1
1,0.8657641,1
1,0.8881281,1
1,0.8513409,1
1,0.84241146,1
1,0.85040534,1
1,0.88767606,1
1,0.8071143,1
1,0.82578534,1
1,0.8180401,1
1,0.76071566,1
1,0.81411636,1
1,0.8594762,1
1,0.8464926,1
1,0.8412199,1
0,0.83598673,1
1,0.8062248,1
1,0.8842165,1
1,0.8536569,1
1,0.8688291,1
0,0.8845542,1
1,0.3265148,0
1,0.73164487,1
0,0.5509665,1
0,0.104273036,0
1,0.18525918,0
1,0.28760672,0
0,0.38903496,0
1,0.52155596,1
1,0.3852956,0
1,0.2855696,0
1,0.36126712,0
0,0.40674484,0
1,0.34950313,0
1,0.2728009,0
0,0.04530908,0
1,0.3807746,0
1,0.8685553,1
1,0.8779201,1
1,0.877555,1
1,0.8495017,1
0,0.82634854,1
1,0.8812563,1
0,0.7854639,1
0,0.8059685,1
0,0.74433583,1
0,0.8086159,1
0,0.74417996,1
1,0.7376834,1
0,0.7936633,1
1,0.78864866,1
1,0.7918092,1
1,0.8403449,1
1,0.88957673,1
1,0.8033517,1
1,0.7811665,1
1,0.79352677,1
1,0.81845826,1
1,0.8303728,1
0,0.74221474,1
0,0.77270204,1
0,0.7465618,1
0,0.8155542,1
0,0.72995085,1
0,0.7430958,1
0,0.65736014,1
1,0.7434278,1
0,0.7417992,1
0,0.7713877,1
1,0.7490695,1
1,0.686878,1
1,0.7499164,1
1,0.6769829,1
1,0.7293553,1
0,0.7111697,1
1,0.7761515,1
0,0.81221575,1
1,0.8094215,1
0,0.63914156,1
0,0.4245413,0
1,0.6536887,1
1,0.8742162,1
1,0.8354653,1
1,0.7487974,1
0,0.31791958,0
0,0.19486763,0
0,0.08137034,0
0,0.08667894,0
0,0.20657867,0
0,0.06339676,0
0,0.11026287,0
0,0.29117244,0
0,0.13857734,0
1,0.279121,0
0,0.31734845,0
0,0.2740323,0
1,0.27033558,0
0,0.2899225,0
1,0.3326337,0
0,0.327247,0
0,0.13356833,0
0,0.29430258,0
0,0.39431125,0
1,0.7025718,1
1,0.8937021,1
1,0.87746865,1
1,0.8303576,1
1,0.9182258,1
1,0.8918418,1
1,0.42913792,0
1,0.8458179,1
1,0.4844558,0
1,0.57452583,1
1,0.5544183,1
1,0.6256545,1
1,0.45304254,0
1,0.48076484,0
0,0.50442564,1
1,0.456166,0
0,0.34788448,0
0,0.14972778,0
0,0.2894941,0
0,0.37901375,0
0,0.4166589,0
1,0.36432058,0
0,0.5241292,1
0,0.10931733,0
1,0.7126252,1
1,0.75860554,1
1,0.8660138,1
1,0.74437094,1
1,0.82286125,1
0,0.45756158,0
1,0.759125,1
1,0.7021967,1
1,0.77444315,1
1,0.709779,1
1,0.7380341,1
0,0.7630711,1
1,0.6782169,1
1,0.7604801,1
0,0.70392925,1
1,0.73080575,1
1,0.7440411,1
1,0.7699934,1
1,0.762692,1
1,0.7480507,1
1,0.81852394,1
1,0.7821116,1
0,0.80593807,1
1,0.8092013,1
1,0.8583381,1
1,0.77050805,1
1,0.81226766,1
1,0.8155523,1
1,0.853457,1
1,0.82424146,1
1,0.79690444,1
0,0.83567554,1
1,0.85839444,1
1,0.7583763,1
1,0.75218487,1
0,0.7791824,1
1,0.86782974,1
1,0.8510934,1
1,0.87549824,1
1,0.8557351,1
0,0.8018575,1
0,0.7964152,1
0,0.7729061,1
0,0.75362784,1
1,0.756852,1
0,0.75226504,1
1,0.83628285,1
1,0.68179524,1
1,0.7016734,1
1,0.85903805,1
1,0.79539764,1
1,0.80794525,1
1,0.6623064,1
1,0.7633455,1
1,0.7035047,1
1,0.73056066,1
1,0.742573,1
0,0.8233347,1
1,0.6436522,1
1,0.6289201,1
1,0.5957147,1
1,0.76095176,1
1,0.7449042,1
1,0.74738896,1
1,0.7421819,1
1,0.79255575,1
1,0.7851988,1
1,0.46194836,0
1,0.45162076,0
1,0.6374014,1
1,0.48182324,0
0,0.6746516,1
0,0.71648455,1
1,0.74552035,1
1,0.70324045,1
0,0.78660715,1
0,0.72174186,1
0,0.6922837,1
0,0.80944985,1
1,0.7916188,1
1,0.78954375,1
1,0.8176397,1
0,0.8572238,1
1,0.85702837,1
1,0.79050595,1
1,0.84107584,1
1,0.8397227,1
1,0.73860234,1
1,0.75620556,1
1,0.86499196,1
1,0.87486744,1
1,0.75919414,1
1,0.79554105,1
1,0.8752733,1
1,0.76376206,1
1,0.80961674,1
0,0.8187187,1
0,0.7495177,1
1,0.78755033,1
0,0.82221866,1
1,0.8135214,1
1,0.8293575,1
0,0.7924824,1
1,0.8020095,1
1,0.7768712,1
1,0.774711,1
1,0.74745244,1
0,0.7821394,1
0,0.9446769,1
1,0.93715245,1
1,0.7721865,1
1,0.865569,1
1,0.9158126,1
1,0.871213,1
1,0.83521724,1
0,0.82709324,1
0,0.893656,1
1,0.9052168,1
1,0.90601605,1
1,0.892145,1
1,0.86547583,1
1,0.8760079,1
0,0.8795326,1
1,0.9003196,1
1,0.8664292,1
1,0.7686136,1
1,0.8425054,1
0,0.8802702,1
1,0.84956306,1
1,0.76970327,1
1,0.8530748,1
1,0.78617144,1
1,0.89591575,1
1,0.82780254,1
0,0.8270831,1
0,0.8393567,1
0,0.83231044,1
1,0.82018703,1
1,0.8028035,1
1,0.84437263,1
1,0.8048755,1
1,0.8273086,1
1,0.79783124,1
1,0.83633274,1
1,0.85193163,1
1,0.7854507,1
0,0.7724443,1
1,0.8225844,1
1,0.84104997,1
1,0.78864694,1
1,0.83645105,1
1,0.91252464,1
1,0.57512736,1
1,0.86225444,1
0,0.46982253,0
1,0.57836217,1
1,0.56304824,1
1,0.6741163,1
1,0.80647373,1
1,0.67820334,1
0,0.682287,1
0,0.74948764,1
0,0.54864067,1
1,0.5080639,1
1,0.44075724,0
0,0.7285925,1
0,0.48903334,0
1,0.7732533,1
1,0.7718725,1
1,0.715779,1
1,0.79658586,1
1,0.7894554,1
0,0.8336472,1
1,0.70948505,1
1,0.7479675,1
1,0.67200565,1
0,0.7220792,1
0,0.46610954,0
1,0.6047328,1
1,0.7092147,1
1,0.75132525,1
1,0.71612763,1
1,0.7587246,1
1,0.8214398,1
1,0.78592926,1
1,0.8030244,1
1,0.82451266,1
1,0.81902325,1
0,0.17372379,0
1,0.29314914,0
0,0.27327934,0
0,0.14787105,0
1,0.20842074,0
1,0.52072364,1
0,0.5920318,1
0,0.80305517,1
0,0.845932,1
1,0.77798724,1
1,0.22191817,0
0,0.25827318,0
0,0.4117561,0
1,0.62026036,1
1,0.21843585,0
1,0.20265083,0
0,0.87205523,1
1,0.936122,1
1,0.876525,1
1,0.8672295,1
1,0.82649153,1
1,0.9154105,1
1,0.88962984,1
1,0.86877984,1
0,0.81526124,1
0,0.85772204,1
0,0.7262319,1
1,0.75403243,1
1,0.6785956,1
0,0.7750512,1
1,0.75343037,1
1,0.74728745,1
0,0.71599156,1
1,0.7498878,1
1,0.74562436,1
1,0.78969693,1
1,0.9140679,1
0,0.7732716,1
1,0.8819561,1
1,0.86455333,1
0,0.32276112,0
1,0.22534727,0
1,0.21849462,0
1,0.570263,1
1,0.6916497,1
1,0.7759608,1
1,0.72833306,1
1,0.40682343,0
0,0.21484637,0
1,0.62854606,1
1,0.68198293,1
0,0.6018768,1
1,0.8221467,1
0,0.5966134,1
0,0.4186441,0
1,0.4304896,0
0,0.4919369,0
0,0.5573864,1
0,0.2946964,0
0,0.6373543,1
0,0.3788117,0
0,0.5341661,1
0,0.28729454,0
1,0.49446025,0
1,0.56308806,1
0,0.351775,0
1,0.5384354,1
0,0.36312303,0
0,0.28100297,0
0,0.5150666,1
0,0.28845504,0
0,0.39752883,0
1,0.6108803,1
1,0.6982748,1
1,0.73239577,1
1,0.7469702,1
1,0.72983503,1
1,0.63146853,1
0,0.637889,1
1,0.83888507,1
0,0.7182243,1
1,0.8143066,1
1,0.84981465,1
1,0.92290336,1
0,0.82460123,1
0,0.8713165,1
1,0.8855867,1
1,0.84158456,1
1,0.85137326,1
1,0.8282148,1
1,0.82612795,1
1,0.82650375,1
0,0.14884195,0
0,0.17369492,0
0,0.33300212,0
1,0.54471636,1
1,0.8310358,1
1,0.78925633,1
1,0.7092793,1
1,0.6365687,1
1,0.6628505,1
1,0.65208846,1
1,0.64951086,1
1,0.67318696,1
1,0.730157,1
1,0.63240534,1
0,0.6339217,1
0,0.6661336,1
0,0.7457304,1
0,0.75345904,1
0,0.6309611,1
1,0.80822945,1
1,0.7720576,1
1,0.75491065,1
0,0.71212155,1
1,0.7736803,1
1,0.6560693,1
1,0.18924072,0
1,0.73446727,1
1,0.32275695,0
1,0.43389246,0
1,0.82756305,1
0,0.8948022,1
1,0.8492619,1
1,0.8303646,1
1,0.88530916,1
1,0.8551391,1
1,0.84554404,1
1,0.8722967,1
1,0.89318234,1
1,0.8830449,1
1,0.9013854,1
1,0.9085996,1
1,0.93553185,1
1,0.91162854,1
0,0.87688875,1
1,0.9364563,1
0,0.59506434,1
0,0.584115,1
1,0.725165,1
0,0.70120686,1
1,0.6153596,1
0,0.6134218,1
1,0.5926848,1
1,0.716459,1
0,0.67324185,1
0,0.5716514,1
1,0.5918916,1
0,0.55297244,1
0,0.6677585,1
0,0.6740278,1
0,0.61587656,1
1,0.6366889,1
0,0.6268543,1
0,0.5748434,1
0,0.57934076,1
1,0.59839845,1
0,0.4663058,0
1,0.67556065,1
0,0.63304687,1
1,0.61214346,1
0,0.6066314,1
0,0.5220912,1
1,0.75101584,1
1,0.7281008,1
1,0.63971525,1
1,0.6922119,1
1,0.6914128,1
1,0.7539497,1
0,0.68722826,1
0,0.6547689,1
1,0.41069785,0
1,0.6478936,1
1,0.67499614,1
1,0.8807772,1
1,0.88947004,1
1,0.77675575,1
1,0.6523714,1
1,0.6751031,1
1,0.783743,1
0,0.86636263,1
1,0.8449724,1
1,0.81525123,1
1,0.77739763,1
0,0.86151695,1
1,0.88579535,1
1,0.824124,1
0,0.88578415,1
1,0.25543988,0
0,0.17071551,0
0,0.29835263,0
1,0.34113193,0
0,0.298582,0
1,0.5686689,1
0,0.42523408,0
0,0.73782986,1
1,0.3239168,0
0,0.58581245,1
0,0.6533901,1
1,0.7269754,1
0,0.32351995,0
1,0.88499117,1
0,0.3213562,0
0,0.6836233,1
0,0.4241604,0
0,0.50080407,1
1,0.47331345,0
0,0.41913903,0
0,0.35643706,0
0,0.5339935,1
0,0.6987649,1
1,0.3338124,0
1,0.77748466,1
1,0.8100843,1
1,0.73611057,1
1,0.90626997,1
1,0.88403744,1
1,0.87061363,1
1,0.9029464,1
1,0.8641123,1
1,0.8929021,1
1,0.8942545,1
1,0.87255216,1
1,0.9209605,1
1,0.8920275,1
0,0.91138774,1
1,0.8928218,1
1,0.8491288,1
1,0.8968002,1
1,0.8071772,1
1,0.88773626,1
1,0.8609461,1
1,0.8493831,1
1,0.8527449,1
1,0.8413062,1
0,0.8209595,1
1,0.8073207,1
1,0.80858785,1
1,0.8521911,1
0,0.8459305,1
1,0.84495616,1
1,0.34992564,0
1,0.20470728,0
1,0.39187872,0
1,0.35865507,0
1,0.44753307,0
1,0.73866606,1
1,0.83665,1
0,0.30552623,0
1,0.721402,1
0,0.6676951,1
1,0.6611328,1
1,0.60729927,1
1,0.70830756,1
1,0.7170905,1
1,0.69646204,1
0,0.69170403,1
1,0.5847993,1
0,0.596472,1
1,0.6883044,1
0,0.6218245,1
1,0.8366579,1
0,0.7798717,1
1,0.8155967,1
1,0.76748604,1
1,0.7199539,1
0,0.36414176,0
0,0.3299939,0
1,0.857234,1
1,0.88172406,1
1,0.79529667,1
1,0.8779471,1
1,0.86591643,1
1,0.6397358,1
0,0.83798814,1
1,0.7868327,1
1,0.8606451,1
1,0.8673609,1
1,0.7887917,1
1,0.77610296,1
1,0.7354839,1
1,0.91034883,1
1,0.72900283,1
0,0.26977256,0
0,0.37434885,0
0,0.38935104,0
1,0.86572665,1
1,0.9157809,1
1,0.88148546,1
1,0.61326045,1
1,0.7207036,1
1,0.84319013,1
1,0.8346422,1
1,0.28781343,0
0,0.29366207,0
1,0.7007366,1
0,0.65698045,1
1,0.7628614,1
0,0.814341,1
1,0.80622476,1
1,0.81145316,1
1,0.7742496,1
0,0.7524589,1
1,0.6976393,1
0,0.4542034,0
1,0.64023155,1
1,0.63361883,1
0,0.4775081,0
0,0.6874017,1
1,0.34947595,0
1,0.82545704,1
1,0.77692455,1
0,0.59698826,1
1,0.7267974,1
1,0.7587542,1
1,0.6819955,1
0,0.6773454,1
0,0.73369795,1
0,0.75020933,1
1,0.6857159,1
0,0.6600408,1
1,0.87975407,1
0,0.75220466,1
1,0.80790657,1
1,0.8035202,1
1,0.80496156,1
1,0.7988461,1
0,0.7782216,1
1,0.72689897,1
1,0.42476666,0
0,0.36107975,0
1,0.7724286,1
1,0.82311374,1
1,0.37378398,0
1,0.860345,1
0,0.42513907,0
0,0.5275935,1
1,0.85804635,1
1,0.8338996,1
1,0.8511308,1
1,0.8922408,1
1,0.8047743,1
1,0.84546393,1
1,0.81607413,1
1,0.86746854,1
1,0.84709305,1
1,0.84110206,1
1,0.7874152,1
1,0.7888794,1
1,0.7378878,1
0,0.7216939,1
1,0.6851485,1
1,0.737329,1
0,0.7490691,1
1,0.8031889,1
0,0.84153974,1
1,0.7742832,1
1,0.7884294,1
0,0.75499016,1
1,0.76526725,1
1,0.8141932,1
1,0.74248976,1
1,0.7719637,1
1,0.7575358,1
1,0.7561156,1
1,0.7721279,1
1,0.77825093,1
1,0.783979,1
1,0.7905186,1
1,0.79422104,1
1,0.8446222,1
1,0.7522299,1
1,0.8444591,1
1,0.8587748,1
1,0.78295636,1
1,0.8034735,1
1,0.82837695,1
1,0.84297234,1
1,0.78968275,1
1,0.78531146,1
0,0.5094657,1
0,0.6260363,1
1,0.81645674,1
1,0.80471325,1
1,0.8364786,1
1,0.8370124,1
0,0.773087,1
0,0.7607906,1
1,0.74276656,1
0,0.77381015,1
1,0.77864903,1
1,0.7359558,1
0,0.76667845,1
1,0.7455959,1
0,0.76406246,1
1,0.40532294,0
0,0.7030474,1
0,0.61339015,1
0,0.78789043,1
1,0.71118385,1
0,0.7027124,1
1,0.8166717,1
1,0.4677699,0
1,0.45021406,0
0,0.34024498,0
0,0.16750184,0
0,0.1897131,0
0,0.07696878,0
1,0.39970207,0
0,0.7036592,1
1,0.44891515,0
1,0.7812384,1
0,0.80920714,1
0,0.8147156,1
1,0.864308,1
0,0.83023477,1
1,0.76036304,1
0,0.72802484,1
1,0.7617157,1
1,0.5279325,1
0,0.7043386,1
0,0.6867856,1
1,0.6668293,1
0,0.6622573,1
0,0.72283334,1
0,0.6520642,1
0,0.6295179,1
0,0.57729226,1
1,0.58723634,1
0,0.6296687,1
1,0.65826625,1
0,0.6598352,1
0,0.6351475,1
0,0.61820203,1
0,0.690707,1
0,0.6969315,1
0,0.57656795,1
0,0.6191446,1
1,0.5360423,1
1,0.7487689,1
1,0.45959273,0
0,0.68757606,1
1,0.74564564,1
1,0.56481904,1
0,0.53167146,1
0,0.6677473,1
0,0.75564045,1
0,0.7310813,1
0,0.68345445,1
1,0.737684,1
0,0.78583145,1
0,0.6433952,1
1,0.2452024,0
1,0.5127701,1
1,0.34377798,0
0,0.39412105,0
1,0.3734715,0
0,0.11097266,0
0,0.3532935,0
1,0.822036,1
1,0.87636125,1
0,0.4137966,0
1,0.2745825,0
1,0.716506,1
1,0.88175917,1
1,0.3871529,0
1,0.14875802,0
1,0.2221636,0
1,0.38155496,0
0,0.39255473,0
1,0.6842719,1
1,0.6729776,1
0,0.8321546,1
0,0.76031446,1
1,0.7844422,1
1,0.5915526,1
1,0.54673356,1
1,0.60929257,1
1,0.83856505,1
0,0.39365315,0
1,0.532381,1
1,0.81926215,1
1,0.8485133,1
0,0.5317166,1
1,0.7777444,1
0,0.42300338,0
0,0.29692698,0
0,0.8862634,1
1,0.87450355,1
1,0.49264753,0
1,0.79003453,1
0,0.83667874,1
1,0.89059,1
0,0.4203492,0
0,0.0971614,0
0,0.48696122,0
0,0.49221826,0
0,0.78946435,1
1,0.6637861,1
1,0.70857656,1
0,0.5454423,1
1,0.20785151,0
1,0.7210316,1
1,0.84827644,1
1,0.5714859,1
1,0.16069932,0
0,0.6959798,1
0,0.2970415,0
0,0.1415002,0
1,0.7155937,1
1,0.8042839,1
0,0.7561062,1
1,0.79961187,1
1,0.79155153,1
1,0.86920565,1
1,0.8559205,1
1,0.88270336,1
0,0.8043694,1
1,0.81212693,1
1,0.8245517,1
1,0.81434953,1
1,0.88887966,1
0,0.7987851,1
1,0.8181136,1
1,0.78038484,1
1,0.8842317,1
1,0.8758685,1
1,0.8612204,1
1,0.87609565,1
0,0.1518329,0
1,0.54478467,1
1,0.7146095,1
1,0.89838344,1
1,0.8169277,1
1,0.8829387,1
1,0.8487649,1
1,0.83274794,1
1,0.8383122,1
1,0.8899857,1
1,0.87745833,1
1,0.8725972,1
1,0.9097503,1
1,0.93035537,1
0,0.87629646,1
1,0.8815339,1
0,0.48173335,0
0,0.21447654,0
1,0.42723122,0
1,0.39132446,0
1,0.38226396,0
0,0.44456142,0
1,0.28668126,0
0,0.17874955,0
0,0.08814471,0
1,0.829962,1
1,0.79375577,1
0,0.6777036,1
1,0.92244685,1
0,0.930289,1
1,0.91155237,1
1,0.84782714,1
1,0.7604643,1
1,0.8895565,1
1,0.851704,1
1,0.75380385,1
1,0.80534834,1
1,0.8522241,1
1,0.8762507,1
1,0.9112845,1
0,0.83743626,1
1,0.89130664,1
1,0.77517533,1
1,0.85635465,1
1,0.9252606,1
1,0.9404136,1
1,0.83545256,1
1,0.7930735,1
0,0.8279348,1
1,0.7617161,1
1,0.8295038,1
1,0.8645198,1
1,0.8539614,1
0,0.87739706,1
1,0.92196375,1
1,0.8630024,1
1,0.8748079,1
0,0.81951964,1
1,0.8540511,1
1,0.82497257,1
1,0.9029932,1
1,0.91480964,1
1,0.8772864,1
1,0.95432615,1
1,0.8717135,1
1,0.89644617,1
1,0.91319096,1
1,0.89909494,1
1,0.91014934,1
1,0.94175583,1
1,0.8813393,1
1,0.93838793,1
1,0.9392871,1
1,0.89289963,1
1,0.84433234,1
1,0.8411188,1
1,0.7816823,1
1,0.8070426,1
1,0.8766286,1
1,0.8779498,1
1,0.8756698,1
1,0.92646646,1
1,0.79740775,1
1,0.793713,1
1,0.82677764,1
1,0.6095818,1
1,0.7724205,1
0,0.7751141,1
0,0.8151629,1
0,0.78941596,1
1,0.8091362,1
1,0.8617931,1
1,0.73805624,1
1,0.8686389,1
1,0.6629395,1
1,0.7332625,1
1,0.72950155,1
1,0.7937995,1
1,0.76634455,1
1,0.8246513,1
0,0.74914694,1
0,0.5289359,1
0,0.61788946,1
1,0.6411892,1
0,0.6040463,1
1,0.71252996,1
1,0.5040121,1
1,0.6644921,1
1,0.45462674,0
1,0.36191487,0
1,0.4187409,0
0,0.27040905,0
0,0.6405218,1
1,0.76793987,1
1,0.8218418,1
1,0.4697353,0
1,0.8630249,1
1,0.73479885,1
1,0.7706775,1
0,0.8126562,1
1,0.79949945,1
1,0.85240155,1
1,0.820004,1
1,0.81156796,1
1,0.8367761,1
1,0.89853877,1
1,0.88232327,1
1,0.86347103,1
0,0.8381659,1
0,0.86144525,1
0,0.827959,1
0,0.83959925,1
1,0.8541212,1
1,0.78224385,1
1,0.81363153,1
1,0.8152258,1
1,0.80776215,1
1,0.8154026,1
1,0.86491865,1
1,0.647288,1
1,0.21028933,0
0,0.65088004,1
0,0.7669586,1
0,0.7008237,1
1,0.5224431,1
1,0.7562787,1
1,0.7561531,1
1,0.5644331,1
1,0.7720434,1
0,0.7677617,1
1,0.8614637,1
1,0.8460194,1
1,0.80851436,1
1,0.8111501,1
1,0.7759443,1
1,0.8148421,1
1,0.8792231,1
1,0.49652958,0
0,0.69346404,1
0,0.7723925,1
1,0.85017484,1
1,0.6475837,1
0,0.6508684,1
1,0.55487484,1
1,0.8257875,1
1,0.87972325,1
1,0.80236584,1
0,0.8600956,1
1,0.9260608,1
1,0.84091735,1
1,0.80096304,1
1,0.8789749,1
1,0.6930272,1
1,0.7683769,1
1,0.762163,1
1,0.7861762,1
0,0.6043118,1
0,0.83027166,1
1,0.8838081,1
1,0.8909238,1
1,0.9194168,1
1,0.91723657,1
1,0.9088661,1
1,0.9274936,1
1,0.85514444,1
1,0.7533267,1
1,0.7349593,1
1,0.79031163,1
1,0.6962501,1
0,0.74594927,1
1,0.68268263,1
1,0.7946749,1
1,0.7538283,1
0,0.7666796,1
1,0.7512014,1
0,0.83172345,1
1,0.7753615,1
1,0.793604,1
0,0.81061417,1
0,0.81304044,1
1,0.7302953,1
1,0.72129095,1
1,0.7994834,1
1,0.80546796,1
1,0.79054594,1
0,0.7815441,1
1,0.8036776,1
1,0.76386124,1
1,0.7321332,1
1,0.75673425,1
0,0.78142047,1
1,0.86698705,1
1,0.8645236,1
1,0.8244503,1
1,0.83514357,1
1,0.87161,1
1,0.83999157,1
1,0.8235848,1
0,0.87620217,1
1,0.85699743,1
1,0.8430359,1
1,0.89408714,1
0,0.31726915,0
1,0.79849845,1
1,0.56842536,1
1,0.6433517,1
0,0.5474745,1
1,0.6339754,1
0,0.58361405,1
1,0.7843103,1
1,0.8497451,1
0,0.82008654,1
1,0.8241052,1
1,0.8628359,1
1,0.79900527,1
1,0.80508196,1
1,0.6127055,1
0,0.7791218,1
0,0.8239135,1
1,0.86794037,1
1,0.82647645,1
1,0.7939799,1
0,0.81649435,1
0,0.49201536,0
0,0.12848167,0
0,0.3793984,0
1,0.27841958,0
0,0.07206274,0
1,0.53348523,1
0,0.52598184,1
1,0.7204758,1
1,0.7905804,1
1,0.8458174,1
1,0.8177026,1
1,0.76715434,1
1,0.85405374,1
1,0.8289295,1
1,0.7641233,1
1,0.901961,1
0,0.8609155,1
0,0.87360775,1
1,0.8805767,1
1,0.8924344,1
0,0.8866409,1
1,0.87951404,1
1,0.89524573,1
0,0.91513044,1
1,0.8171269,1
1,0.78762454,1
1,0.8471181,1
0,0.90261114,1
1,0.92677975,1
0,0.8746268,1
1,0.7872847,1
1,0.8793823,1
1,0.8523721,1
1,0.927671,1
1,0.9037418,1
1,0.8523601,1
1,0.8774806,1
1,0.77081424,1
1,0.838012,1
1,0.80030394,1
1,0.26470813,0
1,0.4226503,0
1,0.7238761,1
0,0.18630569,0
1,0.3814719,0
1,0.8182568,1
1,0.1702569,0
0,0.7504465,1
0,0.36467534,0
0,0.67079246,1
1,0.8937345,1
1,0.834546,1
1,0.869462,1
1,0.9172787,1
1,0.92094195,1
1,0.8798001,1
0,0.8367853,1
1,0.9425562,1
0,0.76486933,1
1,0.7828957,1
1,0.8506686,1
1,0.8427414,1
1,0.8660486,1
1,0.7887824,1
1,0.8848184,1
0,0.8192441,1
0,0.8999845,1
0,0.86031497,1
0,0.78511363,1
0,0.7456465,1
0,0.82606506,1
0,0.8562958,1
1,0.8577025,1
1,0.85188806,1
1,0.8841951,1
1,0.7709712,1
0,0.7557011,1
1,0.8869378,1
1,0.7571887,1
1,0.73157877,1
1,0.7490857,1
1,0.77084935,1
1,0.73197955,1
0,0.7178169,1
1,0.7789645,1
0,0.75775117,1
1,0.86044604,1
1,0.6096454,1
0,0.77588356,1
0,0.82203853,1
0,0.86301595,1
0,0.8517322,1
1,0.89603,1
1,0.8123747,1
1,0.8802859,1
0,0.6770771,1
1,0.7253874,1
1,0.8838501,1
1,0.7232302,1
1,0.8565934,1
1,0.8546753,1
1,0.76955026,1
1,0.78881115,1
1,0.736652,1
1,0.78369904,1
1,0.83838,1
0,0.63587105,1
0,0.76115316,1
0,0.6309319,1
1,0.73377126,1
0,0.7317811,1
1,0.79580337,1
0,0.64481306,1
0,0.67155296,1
1,0.7113421,1
1,0.77960825,1
1,0.91207653,1
1,0.88137907,1
1,0.9574799,1
1,0.8315361,1
1,0.8639723,1
1,0.8111382,1
1,0.74059665,1
1,0.78249955,1
1,0.66702414,1
0,0.8942141,1
1,0.76940775,1
0,0.6891112,1
1,0.88061756,1
1,0.8495133,1
1,0.8685866,1
1,0.9075263,1
1,0.89138937,1
1,0.90349233,1
1,0.8970971,1
1,0.94378334,1
1,0.9319377,1
1,0.93845624,1
1,0.9214671,1
1,0.9527903,1
1,0.9154365,1
0,0.9177976,1
0,0.899662,1
1,0.9155999,1
1,0.83959794,1
0,0.7802455,1
1,0.7741951,1
0,0.839735,1
0,0.89430076,1
1,0.89833885,1
0,0.80856407,1
1,0.8623287,1
1,0.9066164,1
1,0.82007813,1
1,0.95932937,1
0,0.96481353,1
1,0.7047375,1
1,0.6510454,1
1,0.7800749,1
1,0.8344069,1
1,0.8140911,1
1,0.8176723,1
0,0.7761657,1
0,0.72016376,1
0,0.7289374,1
0,0.76241946,1
0,0.814359,1
1,0.7578133,1
1,0.7370358,1
1,0.7532197,1
1,0.7459865,1
0,0.7614825,1
0,0.75373894,1
0,0.8813557,1
0,0.8500806,1
0,0.74939024,1
0,0.7804361,1
1,0.7478246,1
1,0.8171743,1
0,0.8311572,1
1,0.8237147,1
1,0.8378285,1
1,0.80149966,1
1,0.8465191,1
1,0.8582095,1
0,0.842133,1
1,0.8248204,1
1,0.81365824,1
1,0.8305109,1
0,0.847763,1
1,0.7590517,1
1,0.8178474,1
1,0.7733201,1
1,0.85995454,1
1,0.8304036,1
1,0.7870642,1
1,0.81313586,1
1,0.86268437,1
0,0.85945296,1
1,0.88793474,1
1,0.8056864,1
1,0.8323645,1
1,0.8168431,1
1,0.84475756,1
1,0.8177099,1
1,0.80086124,1
1,0.42247862,0
1,0.39291346,0
1,0.9531935,1
1,0.90323675,1
1,0.9092103,1
1,0.85211396,1
1,0.93255603,1
1,0.86793435,1
1,0.40110564,0
0,0.6481925,1
1,0.7831093,1
1,0.8288448,1
1,0.7820532,1
1,0.8241897,1
1,0.8001376,1
0,0.8392666,1
0,0.41464216,0
1,0.8393933,1
0,0.7593476,1
0,0.7382203,1
1,0.696126,1
0,0.8215875,1
0,0.7949671,1
0,0.8415835,1
1,0.857705,1
1,0.84965324,1
1,0.91100866,1
1,0.8873939,1
1,0.868096,1
1,0.9170151,1
1,0.78904843,1
1,0.7813917,1
1,0.817286,1
0,0.8870264,1
1,0.8721955,1
1,0.85908836,1
1,0.8897979,1
0,0.8943629,1
1,0.85690904,1
1,0.9072098,1
1,0.8451077,1
1,0.8683217,1
1,0.8630263,1
1,0.85162205,1
1,0.86052275,1
1,0.81337935,1
1,0.8038843,1
1,0.80765384,1
1,0.7532532,1
1,0.816061,1
1,0.83535284,1
1,0.8692947,1
1,0.8409875,1
1,0.83227354,1
0,0.8045056,1
0,0.75257576,1
1,0.87446356,1
1,0.8102542,1
1,0.77518237,1
1,0.821829,1
1,0.7294701,1
1,0.82048833,1
0,0.8304661,1
0,0.8019788,1
1,0.71526533,1
0,0.7138846,1
1,0.8199945,1
1,0.89146614,1
1,0.8627026,1
1,0.820353,1
1,0.83395547,1
1,0.86130095,1
1,0.89542925,1
1,0.890441,1
1,0.86652315,1
1,0.854551,1
1,0.8669095,1
1,0.86392516,1
1,0.8610083,1
1,0.8247292,1
1,0.8943275,1
1,0.8175746,1
0,0.5148249,1
1,0.38684106,0
0,0.4867289,0
1,0.3463517,0
0,0.20446965,0
0,0.34684622,0
0,0.3791727,0
1,0.19074747,0
0,0.3697882,0
0,0.5207589,1
1,0.638073,1
1,0.8881773,1
1,0.8390209,1
0,0.8779552,1
0,0.5167503,1
0,0.6891828,1
0,0.7430642,1
1,0.82904416,1
1,0.87791127,1
1,0.87915456,1
1,0.87274605,1
1,0.9052648,1
1,0.81443596,1
1,0.747627,1
1,0.9047689,1
0,0.54516,1
1,0.47270468,0
1,0.44559568,0
1,0.4962115,0
1,0.38660222,0
1,0.5164658,1
0,0.30351672,0
1,0.40094465,0
1,0.7006974,1
1,0.595594,1
1,0.37600434,0
0,0.3026004,0
1,0.670416,1
1,0.28977185,0
1,0.47469103,0
1,0.69367063,1
1,0.72914165,1
1,0.6337945,1
1,0.24181166,0
1,0.56257904,1
1,0.40322867,0
1,0.496655,0
0,0.3321357,0
1,0.36863828,0
0,0.27591875,0
1,0.39242974,0
0,0.3527246,0
0,0.57255864,1
1,0.40549523,0
1,0.6093244,1
1,0.42017403,0
1,0.72787106,1
0,0.7090725,1
1,0.5111198,1
0,0.19763024,0
1,0.11549261,0
0,0.42094523,0
1,0.44992003,0
1,0.38053736,0
0,0.41247517,0
1,0.7945662,1
1,0.6190921,1
0,0.31383133,0
0,0.33643547,0
1,0.5104763,1
1,0.68474215,1
0,0.7149076,1
0,0.7126782,1
0,0.7379765,1
1,0.82472163,1
1,0.74437773,1
1,0.76799655,1
1,0.7112407,1
1,0.8649741,1
1,0.79640055,1
1,0.68676126,1
1,0.55845314,1
1,0.65510726,1
1,0.7387025,1
0,0.7966863,1
1,0.8214502,1
0,0.7939682,1
0,0.8367739,1
0,0.8155707,1
0,0.8268429,1
1,0.84593946,1
1,0.81975067,1
0,0.7872565,1
1,0.6692693,1
1,0.6320898,1
1,0.64374346,1
1,0.612986,1
1,0.66608095,1
1,0.612503,1
1,0.59315276,1
1,0.5601463,1
1,0.59670806,1
0,0.14061813,0
0,0.31101236,0
0,0.4239966,0
1,0.36793327,0
1,0.71430576,1
1,0.85681474,1
1,0.81197494,1
1,0.7695716,1
1,0.7889503,1
1,0.81607014,1
1,0.8425524,1
1,0.8337428,1
1,0.8829372,1
0,0.81749654,1
1,0.82534164,1
1,0.8489735,1
0,0.7753477,1
1,0.8194492,1
0,0.86436874,1
1,0.8665971,1
0,0.8299376,1
1,0.8975395,1
1,0.8592904,1
0,0.8397499,1
1,0.81137514,1
0,0.78445464,1
0,0.8073787,1
0,0.8511498,1
1,0.7950232,1
1,0.78799903,1
1,0.8337075,1
0,0.7197959,1
1,0.85770965,1
0,0.7542083,1
0,0.7984279,1
0,0.806807,1
1,0.86244494,1
1,0.7843345,1
0,0.75888354,1
0,0.8020832,1
1,0.7437826,1
1,0.7106567,1
1,0.70411587,1
0,0.8303133,1
0,0.6817529,1
0,0.64064497,1
0,0.7691381,1
1,0.6016148,1
0,0.6598672,1
1,0.7203672,1
1,0.6995088,1
1,0.7655267,1
1,0.7468768,1
1,0.6694571,1
1,0.74988204,1
1,0.45496315,0
1,0.8299944,1
0,0.7105316,1
1,0.7695437,1
1,0.8054526,1
1,0.78494084,1
1,0.7676796,1
1,0.78551894,1
1,0.7921342,1
0,0.7954399,1
1,0.8083621,1
0,0.8161912,1
1,0.8364634,1
1,0.81485265,1
1,0.7926426,1
0,0.8253849,1
1,0.84378326,1
1,0.8429798,1
1,0.8024585,1
1,0.8171608,1
0,0.77944624,1
1,0.8610653,1
1,0.8245565,1
1,0.8100257,1
1,0.79464996,1
1,0.7941115,1
0,0.7068405,1
0,0.77896005,1
1,0.7960629,1
0,0.8213292,1
0,0.77944267,1
1,0.7364512,1
0,0.7722659,1
0,0.854054,1
1,0.7637188,1
1,0.7963695,1
0,0.82300705,1
0,0.82026315,1
0,0.7781928,1
1,0.7769749,1
0,0.763321,1
0,0.7672246,1
0,0.73518604,1
0,0.7786787,1
0,0.754805,1
0,0.76983696,1
1,0.78233576,1
0,0.829321,1
1,0.7445048,1
1,0.7871252,1
0,0.8175911,1
1,0.6168381,1
1,0.49329868,0
0,0.4556207,0
1,0.7412016,1
1,0.7498551,1
1,0.32020912,0
1,0.5751099,1
1,0.57733655,1
0,0.8068188,1
0,0.12846905,0
1,0.2848017,0
1,0.18905069,0
1,0.1108719,0
0,0.18429443,0
1,0.3626964,0
0,0.5294325,1
0,0.6063899,1
0,0.5465483,1
1,0.6346029,1
0,0.6528487,1
1,0.6229337,1
1,0.75543594,1
1,0.6295586,1
1,0.79953283,1
1,0.60734105,1
1,0.7605538,1
0,0.6264533,1
1,0.65017825,1
0,0.6859991,1
1,0.7271073,1
0,0.6836865,1
0,0.76030296,1
1,0.7557115,1
1,0.2923635,0
0,0.48432145,0
0,0.34963232,0
1,0.7885277,1
1,0.87171566,1
0,0.5144634,1
0,0.8623339,1
0,0.8298524,1
1,0.884191,1
1,0.921292,1
1,0.8866861,1
1,0.90561074,1
1,0.67345977,1
1,0.844621,1
1,0.7942437,1
1,0.81628484,1
1,0.81781226,1
1,0.80094707,1
0,0.8322524,1
1,0.7609594,1
1,0.80863756,1
1,0.7528141,1
0,0.24612285,0
0,0.35864785,0
0,0.24360697,0
1,0.7245444,1
0,0.33439893,0
0,0.3323076,0
0,0.56559855,1
1,0.79454166,1
1,0.80316585,1
1,0.47400072,0
1,0.32305834,0
1,0.38879743,0
1,0.5655213,1
1,0.23988904,0
1,0.23640862,0
0,0.47933194,0
0,0.19199605,0
1,0.5424688,1
1,0.35777712,0
0,0.3963804,0
1,0.8062279,1
1,0.78089905,1
1,0.7863067,1
0,0.80017865,1
0,0.7357976,1
0,0.7795371,1
1,0.7854712,1
1,0.8806758,1
1,0.88498646,1
1,0.7840177,1
1,0.8987375,1
0,0.66464156,1
0,0.572589,1
0,0.7455092,1
0,0.7272052,1
1,0.6930634,1
1,0.73832357,1
1,0.6594328,1
1,0.7696815,1
1,0.81014687,1
1,0.8676481,1
1,0.84692234,1
1,0.86401933,1
0,0.77822655,1
0,0.7377538,1
1,0.776009,1
1,0.8080783,1
1,0.7645452,1
1,0.7660296,1
1,0.78998566,1
1,0.8617048,1
1,0.8105254,1
1,0.31059182,0
1,0.29201365,0
0,0.37953654,0
1,0.31816745,0
0,0.39692447,0
0,0.32746133,0
1,0.78779256,1
1,0.75121516,1
1,0.79410243,1
1,0.8439807,1
1,0.8138062,1
1,0.8691884,1
1,0.8146234,1
1,0.75085795,1
1,0.6054605,1
1,0.72078955,1
1,0.8212787,1
1,0.77344066,1
1,0.8686746,1
1,0.81367916,1
0,0.8110406,1
0,0.8340729,1
0,0.7897884,1
0,0.7284341,1
1,0.60783607,1
0,0.7823468,1
0,0.7640231,1
1,0.7700187,1
1,0.7533735,1
0,0.71635556,1
0,0.6502602,1
0,0.7453155,1
0,0.7335596,1
1,0.6478454,1
1,0.80624294,1
1,0.75899076,1
1,0.711051,1
1,0.85862505,1
1,0.85253495,1
1,0.79027146,1
1,0.65976614,1
0,0.7520996,1
1,0.80508095,1
1,0.66224086,1
1,0.84223634,1
1,0.80434316,1
1,0.7958544,1
1,0.8298711,1
1,0.7679538,1
1,0.8319209,1
1,0.8798914,1
1,0.90413976,1
1,0.8372583,1
1,0.8585274,1
1,0.77564347,1
1,0.832294,1
1,0.88206726,1
0,0.8326885,1
1,0.821143,1
1,0.853673,1
1,0.82036847,1
1,0.83123726,1
1,0.8700416,1
1,0.8111384,1
1,0.8346381,1
1,0.880737,1
1,0.8553228,1
1,0.5024187,1
1,0.1786246,0
0,0.8807158,1
0,0.872232,1
1,0.88436884,1
1,0.8478666,1
1,0.88759875,1
1,0.9021766,1
1,0.7671981,1
1,0.43465343,0
0,0.2777788,0
0,0.12849385,0
1,0.8135882,1
1,0.744099,1
0,0.68749774,1
1,0.87965256,1
0,0.73059404,1
0,0.84426665,1
0,0.84425175,1
1,0.7620757,1
1,0.80608016,1
0,0.81612176,1
0,0.81148034,1
1,0.847108,1
0,0.82574695,1
0,0.8008989,1
1,0.7571383,1
1,0.7546705,1
1,0.787248,1
1,0.7447464,1
0,0.7346108,1
1,0.7522263,1
1,0.78407943,1
1,0.75964034,1
1,0.7680144,1
0,0.5091347,1
1,0.71609604,1
1,0.774098,1
1,0.7594134,1
1,0.77629846,1
0,0.81505716,1
1,0.7964276,1
1,0.8135298,1
1,0.8380891,1
1,0.68565387,1
1,0.54601324,1
1,0.6899401,1
1,0.7046668,1
1,0.7810133,1
1,0.8246439,1
1,0.7964466,1
1,0.1852184,0
0,0.3153413,0
0,0.050856765,0
1,0.81865364,1
1,0.75621367,1
1,0.5343078,1
0,0.60066944,1
1,0.7382848,1
1,0.7146604,1
1,0.7737128,1
1,0.8480537,1
1,0.8098323,1
1,0.8053107,1
1,0.76335734,1
1,0.74249715,1
1,0.7697484,1
1,0.7083122,1
1,0.8115899,1
1,0.7296849,1
0,0.800148,1
0,0.71937215,1
0,0.7833824,1
0,0.80453485,1
0,0.7427082,1
1,0.33776897,0
1,0.6076518,1
1,0.6528945,1
1,0.8461623,1
0,0.83733356,1
1,0.84155595,1
0,0.820428,1
0,0.8311876,1
1,0.83879167,1
1,0.8659529,1
1,0.901684,1
1,0.8675595,1
0,0.7602842,1
1,0.8038188,1
1,0.8481022,1
1,0.82280743,1
1,0.85926783,1
1,0.84381944,1
0,0.8439548,1
1,0.855266,1
1,0.86024165,1
0,0.40267676,0
1,0.59192705,1
1,0.5701994,1
0,0.4440933,0
1,0.61459297,1
0,0.30110666,0
1,0.3059365,0
1,0.47331172,0
0,0.17442375,0
1,0.5469216,1
1,0.15601902,0
1,0.45690215,0
1,0.5627152,1
1,0.6642714,1
1,0.64990216,1
1,0.76135033,1
1,0.8124806,1
1,0.80801654,1
1,0.76547474,1
1,0.73913175,1
1,0.6654776,1
1,0.6721209,1
0,0.8490898,1
1,0.7695292,1
1,0.8383605,1
1,0.77594537,1
0,0.7387415,1
1,0.60155064,1
1,0.7839923,1
0,0.7701259,1
0,0.5668932,1
0,0.7425028,1
1,0.5746788,1
1,0.7452531,1
1,0.7473286,1
1,0.10125991,0
0,0.24939866,0
1,0.47117624,0
1,0.58919185,1
1,0.32547197,0
1,0.4512649,0
1,0.74994695,1
1,0.68010145,1
1,0.363258,0
0,0.5773854,1
0,0.8142609,1
1,0.8319427,1
1,0.8219376,1
1,0.71561563,1
1,0.7436831,1
0,0.6564562,1
1,0.5931676,1
1,0.708038,1
1,0.52734053,1
1,0.7981642,1
1,0.715314,1
1,0.7627433,1
1,0.7203231,1
1,0.66077816,1
1,0.7312179,1
1,0.6263135,1
1,0.71119744,1
1,0.630264,1
0,0.26511702,0
1,0.34321657,0
1,0.3397452,0
0,0.49506387,0
0,0.2860666,0
0,0.30779257,0
1,0.64339495,1
0,0.48873433,0
1,0.6112421,1
0,0.3973207,0
1,0.36734444,0
1,0.43063068,0
1,0.47126195,0
1,0.43690684,0
0,0.35629022,0
0,0.34533164,0
0,0.35046688,0
1,0.41652656,0
0,0.32819623,0
0,0.6050621,1
0,0.34096873,0
0,0.36108148,0
0,0.061071962,0
1,0.09921838,0
0,0.43952662,0
1,0.80304897,1
0,0.53524303,1
0,0.498493,0
1,0.40140006,0
0,0.35388687,0
1,0.70202017,1
1,0.7295393,1
1,0.260861,0
0,0.3162226,0
1,0.39683786,0
1,0.47038704,0
1,0.28936988,0
1,0.89171934,1
1,0.245545,0
1,0.29693618,0
1,0.696855,1
1,0.6574109,1
0,0.70979404,1
1,0.7196109,1
1,0.69698256,1
1,0.7814001,1
1,0.6395623,1
1,0.65672874,1
0,0.7183996,1
1,0.72696996,1
1,0.4144286,0
0,0.4351135,0
0,0.40293497,0
0,0.41669786,0
0,0.42782065,0
0,0.34451923,0
0,0.3401259,0
1,0.64881456,1
1,0.27521387,0
0,0.17122073,0
1,0.61076075,1
1,0.26666304,0
1,0.4403258,0
0,0.3293459,0
0,0.3458266,0
0,0.28724992,0
0,0.40503427,0
1,0.8517643,1
1,0.86498934,1
1,0.8809785,1
1,0.8842961,1
1,0.8727365,1
0,0.8560747,1
0,0.27495968,0
0,0.355699,0
0,0.58898276,1
1,0.87361604,1
1,0.8789811,1
0,0.8328834,1
1,0.8232789,1
1,0.83171093,1
0,0.8770751,1
1,0.8631344,1
1,0.8519716,1
0,0.80219364,1
0,0.8031327,1
0,0.8465523,1
0,0.81799084,1
1,0.85586554,1
0,0.76807207,1
1,0.8388447,1
1,0.8367488,1
1,0.81506103,1
1,0.84625554,1
1,0.88860357,1
1,0.7941033,1
1,0.91784394,1
1,0.8752051,1
0,0.81717414,1
0,0.8736371,1
1,0.81678694,1
0,0.80347234,1
1,0.7297383,1
1,0.7520446,1
1,0.7614178,1
1,0.8158569,1
1,0.8092059,1
1,0.7843106,1
1,0.7641298,1
1,0.77520025,1
1,0.67850494,1
1,0.8055009,1
1,0.82006466,1
1,0.84420794,1
1,0.8010824,1
1,0.7247266,1
1,0.7711522,1
0,0.74231225,1
1,0.79116005,1
1,0.79421663,1
1,0.66397184,1
1,0.7924683,1
0,0.79994935,1
1,0.8141916,1
1,0.83496034,1
1,0.85335445,1
1,0.8571104,1
1,0.78706014,1
1,0.7783001,1
1,0.8067375,1
1,0.7767481,1
1,0.6870848,1
1,0.735224,1
1,0.6544036,1
1,0.82430774,1
1,0.87967473,1
1,0.85546815,1
1,0.84571797,1
1,0.8598966,1
1,0.8493503,1
1,0.8499608,1
1,0.86679965,1
0,0.8492141,1
1,0.8752428,1
1,0.870768,1
1,0.8005727,1
1,0.8516964,1
1,0.871568,1
0,0.8765246,1
0,0.85970885,1
0,0.8776609,1
0,0.81976974,1
0,0.82363695,1
1,0.80860084,1
1,0.844744,1
1,0.83426154,1
1,0.8386696,1
1,0.839089,1
1,0.9023885,1
1,0.88836145,1
1,0.5992694,1
0,0.08647967,0
0,0.117704295,0
0,0.45648223,0
0,0.77734196,1
1,0.6734089,1
0,0.63139087,1
1,0.5119511,1
1,0.29863635,0
1,0.5938704,1
1,0.84145236,1
1,0.76283604,1
0,0.8618961,1
1,0.6666789,1
1,0.37725535,0
1,0.72580314,1
0,0.75519025,1
1,0.8090016,1
1,0.58229494,1
1,0.80926234,1
1,0.8495056,1
0,0.8466852,1
1,0.88540316,1
1,0.90048873,1
1,0.844223,1
1,0.8921684,1
1,0.87767535,1
1,0.8711668,1
1,0.8945653,1
1,0.89724755,1
0,0.82193696,1
1,0.82360554,1
1,0.80178016,1
1,0.8094147,1
1,0.7936325,1
0,0.8477709,1
0,0.8849269,1
1,0.8637342,1
1,0.8371609,1
1,0.8005641,1
1,0.41135946,0
1,0.40356645,0
0,0.31447646,0
1,0.9166476,1
1,0.85567266,1
1,0.8558033,1
0,0.92811483,1
1,0.8524795,1
0,0.84605396,1
1,0.8856946,1
1,0.7684069,1
1,0.8809681,1
1,0.24351843,0
1,0.27309355,0
0,0.2027684,0
0,0.23353295,0
0,0.56106293,1
1,0.8648646,1
1,0.72352546,1
0,0.77635616,1
1,0.8604067,1
0,0.86041296,1
1,0.86304885,1
1,0.886118,1
0,0.8745812,1
1,0.8622162,1
0,0.83267826,1
1,0.8444704,1
1,0.8746093,1
1,0.87287444,1
1,0.9104281,1
1,0.9260966,1
0,0.8534297,1
1,0.85975957,1
1,0.9355269,1
1,0.8762338,1
1,0.9327939,1
1,0.91106874,1
1,0.87531835,1
1,0.85389656,1
0,0.8220223,1
1,0.71671504,1
1,0.8702587,1
1,0.928845,1
1,0.6881317,1
1,0.7501212,1
1,0.7076965,1
1,0.68335867,1
0,0.718652,1
1,0.6464012,1
1,0.7086835,1
1,0.5875428,1
1,0.79461306,1
0,0.29882655,0
1,0.3295011,0
1,0.7211251,1
1,0.6304479,1
0,0.6508965,1
0,0.48504338,0
1,0.5024524,1
1,0.6960204,1
1,0.7721261,1
0,0.60351276,1
0,0.6810307,1
0,0.35391515,0
1,0.81125784,1
1,0.71532965,1
1,0.7840098,1
1,0.7809415,1
0,0.80274105,1
1,0.8286032,1
0,0.80906856,1
1,0.79125243,1
1,0.8109168,1
1,0.84045935,1
1,0.80095804,1
0,0.79363173,1
1,0.74928033,1
1,0.6732275,1
1,0.73792624,1
1,0.745957,1
0,0.76609385,1
0,0.78478825,1
1,0.7316266,1
1,0.81253916,1
1,0.79704183,1
0,0.8300697,1
1,0.84474784,1
1,0.90462166,1
1,0.88219625,1
0,0.8618248,1
1,0.86896765,1
1,0.77579486,1
0,0.8412069,1
1,0.8064003,1
1,0.8252487,1
1,0.81840885,1
1,0.7339587,1
0,0.7430769,1
1,0.7426875,1
0,0.7992924,1
1,0.8279577,1
1,0.78965443,1
1,0.82113093,1
0,0.84575975,1
1,0.87390363,1
1,0.84804803,1
1,0.83611536,1
1,0.78279215,1
1,0.61909914,1
1,0.8728432,1
1,0.3565069,0
0,0.5802623,1
0,0.2843257,0
1,0.5710808,1
1,0.55818796,1
0,0.6153377,1
1,0.859084,1
1,0.8923867,1
1,0.8629331,1
1,0.867524,1
1,0.78760445,1
1,0.8611939,1
1,0.84223586,1
1,0.8577238,1
1,0.82797915,1
0,0.8344247,1
1,0.8538174,1
0,0.7287122,1
1,0.8299117,1
0,0.89924127,1
1,0.8751576,1
1,0.8650499,1
1,0.8735561,1
1,0.7688127,1
0,0.62468493,1
0,0.61117667,1
0,0.7057118,1
1,0.61643565,1
1,0.34396863,0
1,0.7116049,1
1,0.60302746,1
1,0.80523926,1
1,0.84964985,1
1,0.87281525,1
1,0.8317105,1
1,0.8163555,1
0,0.851681,1
1,0.82996887,1
1,0.8121182,1
1,0.8019809,1
1,0.8097051,1
1,0.8025311,1
1,0.8702169,1
1,0.80018157,1
1,0.81159455,1
1,0.8392304,1
1,0.84378844,1
1,0.7764797,1
1,0.6964744,1
1,0.8127938,1
0,0.8020289,1
1,0.87647885,1
0,0.850362,1
1,0.8891608,1
1,0.86838377,1
1,0.8660414,1
1,0.9100734,1
1,0.9545794,1
1,0.8940286,1
1,0.9155297,1
1,0.9221195,1
1,0.85803205,1
1,0.84374976,1
1,0.8946229,1
1,0.91850543,1
1,0.8803427,1
1,0.8173271,1
1,0.8755029,1
1,0.8679627,1
0,0.85551614,1
1,0.8798746,1
1,0.90090746,1
1,0.8632723,1
1,0.811454,1
1,0.83981675,1
1,0.84653354,1
0,0.87725246,1
0,0.8606462,1
0,0.8457095,1
0,0.8232929,1
1,0.8745085,1
1,0.9022974,1
1,0.87572205,1
0,0.8724133,1
0,0.86555064,1
1,0.928737,1
0,0.89073724,1
1,0.8800785,1
1,0.91045016,1
1,0.93601096,1
1,0.9057069,1
1,0.86819524,1
1,0.8959655,1
1,0.8828361,1
1,0.9021049,1
1,0.83508295,1
1,0.8262232,1
1,0.9020495,1
0,0.8912238,1
0,0.90640247,1
0,0.88963974,1
1,0.8425163,1
1,0.76001006,1
1,0.7923517,1
1,0.7093461,1
1,0.75543034,1
1,0.65875655,1
1,0.7419602,1
1,0.8072224,1
1,0.7607362,1
1,0.8550141,1
1,0.7179883,1
1,0.8583184,1
1,0.846457,1
1,0.80804497,1
1,0.82905746,1
1,0.8958089,1
0,0.90049356,1
1,0.8824041,1
0,0.9146129,1
1,0.9033231,1
1,0.5893201,1
1,0.72363937,1
0,0.24312113,0
0,0.6556929,1
0,0.6960214,1
1,0.71780276,1
1,0.775159,1
0,0.7355649,1
0,0.70865375,1
1,0.79280233,1
1,0.8079006,1
1,0.77860165,1
0,0.4799055,0
0,0.6005327,1
0,0.7024008,1
1,0.7220894,1
1,0.7506126,1
1,0.76595277,1
1,0.74737066,1
1,0.78869474,1
1,0.77986985,1
1,0.80618715,1
1,0.8044295,1
1,0.8543465,1
1,0.4846875,0
1,0.6717806,1
1,0.66598076,1
1,0.65755194,1
1,0.61364764,1
1,0.6771569,1
1,0.66330963,1
1,0.67170256,1
1,0.6937103,1
1,0.72098124,1
1,0.71514267,1
1,0.59145707,1
1,0.6989651,1
1,0.628891,1
1,0.80102026,1
0,0.61672115,1
1,0.68960434,1
1,0.7965136,1
0,0.779744,1
0,0.7989681,1
0,0.675198,1
1,0.7417808,1
0,0.7854761,1
1,0.7129276,1
0,0.6670737,1
0,0.6032771,1
1,0.67017895,1
0,0.65149015,1
1,0.70380414,1
1,0.6836087,1
0,0.6053322,1
0,0.62411904,1
1,0.87549645,1
1,0.7175326,1
1,0.85678506,1
1,0.4102022,0
1,0.8079845,1
0,0.8571258,1
1,0.80662405,1
1,0.83563024,1
0,0.8245424,1
1,0.8652748,1
1,0.9349242,1
1,0.8553727,1
1,0.8400103,1
1,0.43141928,0
1,0.7399345,1
1,0.61393577,1
1,0.68220925,1
1,0.8211272,1
1,0.7347002,1
0,0.6658273,1
1,0.6622131,1
0,0.33049172,0
1,0.47382906,0
0,0.7594338,1
1,0.89607596,1
1,0.9209434,1
1,0.9210804,1
0,0.91164726,1
1,0.901941,1
0,0.87574023,1
1,0.88959515,1
1,0.9099433,1
1,0.85993886,1
1,0.90679234,1
1,0.8754883,1
1,0.9159385,1
0,0.8325627,1
1,0.9127976,1
1,0.93618125,1
1,0.91764766,1
1,0.9094689,1
1,0.88942254,1
1,0.8626399,1
1,0.867254,1
1,0.77645785,1
1,0.7951709,1
1,0.8419368,1
1,0.8180122,1
1,0.81478566,1
1,0.8066822,1
0,0.7770165,1
1,0.82537353,1
1,0.785792,1
0,0.63622195,1
1,0.6016939,1
1,0.662804,1
1,0.7571952,1
1,0.78371847,1
0,0.7958289,1
0,0.78119254,1
1,0.8455548,1
1,0.8805669,1
1,0.8298883,1
1,0.8323176,1
1,0.8947862,1
1,0.8673431,1
1,0.8552808,1
1,0.85021764,1
1,0.88484824,1
1,0.8430743,1
1,0.856792,1
1,0.7612648,1
1,0.8606081,1
1,0.79693294,1
1,0.86501414,1
1,0.8399672,1
1,0.87395644,1
1,0.7725344,1
1,0.7906612,1
1,0.7832225,1
0,0.7412953,1
0,0.8435546,1
1,0.78358966,1
0,0.78818655,1
1,0.86649865,1
1,0.8312728,1
1,0.85165256,1
1,0.8499829,1
1,0.8972167,1
1,0.87121564,1
0,0.54894316,1
0,0.6588473,1
1,0.82311106,1
1,0.3735344,0
1,0.24467184,0
1,0.7519923,1
1,0.66969013,1
1,0.72242993,1
1,0.36019212,0
0,0.6274768,1
0,0.5053887,1
0,0.8018741,1
0,0.6451572,1
1,0.7161961,1
1,0.39889124,0
0,0.47813976,0
1,0.6562167,1
1,0.4860136,0
1,0.6964638,1
0,0.71572244,1
1,0.74577594,1
1,0.760709,1
1,0.7086372,1
1,0.8561606,1
1,0.6637755,1
1,0.7063731,1
1,0.8749994,1
0,0.7281614,1
0,0.04282431,0
0,0.027040234,0
0,0.09320839,0
0,0.04179497,0
0,0.041357886,0
0,0.03472289,0
0,0.049840372,0
0,0.06148853,0
0,0.06946656,0
0,0.041466556,0
0,0.09349269,0
1,0.1359867,0
0,0.1957519,0
0,0.16446956,0
0,0.2634011,0
1,0.781404,1
0,0.36478367,0
0,0.092093386,0
1,0.923193,1
1,0.9146817,1
1,0.936952,1
1,0.9026608,1
1,0.9299338,1
1,0.9329503,1
1,0.7742843,1
1,0.82025504,1
0,0.86056036,1
1,0.84338343,1
1,0.8465728,1
1,0.84720415,1
1,0.8646565,1
1,0.8541314,1
1,0.85653454,1
1,0.90653247,1
1,0.8228009,1
1,0.81685317,1
1,0.8382137,1
1,0.83500725,1
1,0.8174391,1
1,0.7849391,1
0,0.80928904,1
1,0.6160215,1
1,0.7580708,1
1,0.80236197,1
0,0.77031386,1
1,0.8322679,1
0,0.78204864,1
1,0.8041147,1
1,0.83797675,1
1,0.79362273,1
0,0.18903068,0
1,0.23896715,0
1,0.8517597,1
1,0.9384431,1
1,0.8846032,1
1,0.9305773,1
0,0.894839,1
1,0.8873118,1
0,0.9076475,1
1,0.8767183,1
1,0.9203842,1
1,0.91196996,1
1,0.8799222,1
1,0.8415639,1
1,0.9171571,1
1,0.5047667,1
0,0.24918708,0
1,0.5317985,1
0,0.15932277,0
0,0.41017625,0
0,0.36846763,0
0,0.6360537,1
0,0.27149823,0
0,0.2711935,0
0,0.16525254,0
0,0.23164938,0
0,0.14400493,0
1,0.21483885,0
0,0.7714586,1
0,0.0964116,0
1,0.39174595,0
1,0.7122756,1
1,0.32125726,0
1,0.45477113,0
1,0.865864,1
1,0.88053334,1
0,0.23438722,0
1,0.15336774,0
0,0.21346058,0
1,0.443679,0
0,0.7771851,1
1,0.80667764,1
1,0.87390876,1
1,0.8684784,1
1,0.78913283,1
1,0.81552565,1
1,0.82973087,1
1,0.8389619,1
1,0.84231734,1
0,0.8298858,1
0,0.87780184,1
1,0.7931202,1
1,0.78909343,1
1,0.80974585,1
1,0.80708694,1
1,0.8193055,1
1,0.85120195,1
1,0.8895204,1
1,0.8485864,1
1,0.82538044,1
1,0.4556949,0
0,0.5167492,1
0,0.3499121,0
1,0.7694545,1
0,0.68380225,1
0,0.21127936,0
1,0.5463491,1
0,0.27788457,0
0,0.25576857,0
1,0.5041255,1
1,0.64668953,1
1,0.63267034,1
1,0.30774042,0
1,0.3388905,0
0,0.035752658,0
0,0.031140508,0
0,0.08514169,0
0,0.38495886,0
0,0.16590562,0
1,0.3524964,0
1,0.6688155,1
1,0.77867526,1
1,0.8094831,1
0,0.7571212,1
0,0.7903737,1
1,0.74369943,1
1,0.8747279,1
1,0.148338,0
0,0.24599083,0
1,0.5983767,1
1,0.47752264,0
0,0.71703345,1
0,0.49554947,0
1,0.15982835,0
0,0.30723053,0
0,0.28253257,0
0,0.51368934,1
1,0.5879508,1
1,0.4435141,0
1,0.795863,1
0,0.4796389,0
0,0.6283418,1
0,0.6077669,1
0,0.2573833,0
0,0.22416914,0
0,0.30699718,0
0,0.6129844,1
0,0.23935439,0
0,0.32699433,0
0,0.15701531,0
1,0.1781089,0
1,0.28238243,0
1,0.7129883,1
1,0.6616611,1
0,0.7769708,1
1,0.7207439,1
0,0.7503749,1
1,0.7340483,1
1,0.81483823,1
1,0.7244558,1
1,0.82220376,1
1,0.723731,1
1,0.78630483,1
1,0.74996597,1
1,0.77390724,1
1,0.78670865,1
0,0.7879563,1
1,0.7069894,1
1,0.44435707,0
1,0.78338546,1
1,0.7149682,1
1,0.6146519,1
1,0.65450513,1
1,0.62473214,1
1,0.6808081,1
1,0.7234707,1
0,0.7108702,1
1,0.73902106,1
0,0.46694916,0
0,0.6378445,1
1,0.59702784,1
1,0.6813209,1
1,0.7962261,1
1,0.8036398,1
0,0.71565807,1
1,0.71890515,1
1,0.8032936,1
1,0.59527,1
1,0.6234773,1
1,0.67064226,1
1,0.6729388,1
1,0.69447684,1
1,0.6389789,1
1,0.8430801,1
0,0.80371344,1
1,0.81821376,1
1,0.7548761,1
1,0.86812043,1
1,0.778371,1
1,0.879824,1
1,0.88880336,1
1,0.8404031,1
1,0.81590223,1
1,0.8051404,1
1,0.8500969,1
1,0.85307866,1
1,0.82326907,1
1,0.77633643,1
1,0.8537787,1
1,0.8161784,1
1,0.81094986,1
1,0.7920482,1
0,0.7843078,1
1,0.81227124,1
0,0.81542087,1
1,0.8342851,1
1,0.8590996,1
1,0.85342103,1
1,0.8282342,1
1,0.81904364,1
1,0.8050127,1
1,0.7590238,1
1,0.8197401,1
1,0.78284496,1
1,0.7556638,1
0,0.75301886,1
0,0.78389364,1
1,0.79165184,1
1,0.8137968,1
1,0.8355718,1
1,0.821794,1
1,0.8105556,1
1,0.80714005,1
1,0.8987751,1
1,0.84657514,1
0,0.6576304,1
1,0.67538816,1
1,0.58107156,1
1,0.6090548,1
1,0.700719,1
1,0.65949893,1
1,0.79355997,1
1,0.6898425,1
0,0.6524453,1
1,0.71811026,1
0,0.7612714,1
1,0.75472933,1
0,0.7238449,1
1,0.7935889,1
0,0.78465325,1
0,0.7935074,1
1,0.8613214,1
0,0.8724412,1
1,0.82644767,1
1,0.8682319,1
1,0.86230755,1
1,0.8860611,1
1,0.81020254,1
1,0.83999765,1
1,0.7910184,1
1,0.82983154,1
1,0.73748237,1
1,0.8556601,1
1,0.86801374,1
1,0.8456272,1
1,0.84573513,1
1,0.867211,1
0,0.8577059,1
1,0.8621827,1
1,0.8056932,1
0,0.45880932,0
1,0.45717046,0
0,0.509837,1
0,0.5338565,1
1,0.31730115,0
0,0.39838737,0
1,0.56183153,1
1,0.27108383,0
1,0.7134566,1
1,0.80422753,1
1,0.7251263,1
1,0.84798133,1
1,0.84448755,1
0,0.25532636,0
0,0.4906087,0
1,0.7918458,1
1,0.884196,1
1,0.8156029,1
1,0.88974315,1
1,0.7910959,1
1,0.9326151,1
1,0.8880482,1
1,0.83679026,1
1,0.7696025,1
1,0.89765286,1
1,0.8802831,1
1,0.85882723,1
1,0.89769465,1
1,0.8207522,1
1,0.8545347,1
1,0.84359616,1
1,0.7812305,1
1,0.851166,1
1,0.86226493,1
1,0.8573975,1
1,0.8885759,1
1,0.8773585,1
1,0.87551403,1
1,0.8583951,1
0,0.8663716,1
1,0.8355187,1
1,0.85995287,1
0,0.86050934,1
0,0.86391425,1
1,0.83014023,1
1,0.8538544,1
1,0.85678214,1
0,0.89352936,1
1,0.8300012,1
1,0.80299455,1
0,0.81144476,1
1,0.84424317,1
1,0.80157167,1
1,0.8374328,1
1,0.8350277,1
1,0.9495093,1
1,0.91702026,1
1,0.83312637,1
1,0.75967395,1
1,0.8715743,1
1,0.86772496,1
1,0.9241189,1
0,0.91172564,1
0,0.79052675,1
1,0.9132375,1
1,0.85526305,1
1,0.87052006,1
0,0.89474976,1
1,0.795227,1
1,0.8675073,1
1,0.85566676,1
0,0.845883,1
1,0.88936234,1
0,0.8753229,1
1,0.8888347,1
1,0.8681861,1
0,0.8634379,1
0,0.81126976,1
0,0.81440717,1
1,0.8737594,1
1,0.76179963,1
1,0.8925159,1
1,0.8697262,1
1,0.83395624,1
1,0.83205724,1
0,0.6433743,1
0,0.69333553,1
1,0.7791014,1
1,0.7077022,1
1,0.69729364,1
0,0.65910757,1
1,0.73530424,1
1,0.70050305,1
0,0.7384629,1
1,0.7652701,1
1,0.7356611,1
1,0.7643662,1
1,0.80579615,1
1,0.74391925,1
1,0.6620265,1
1,0.7986597,1
0,0.68035406,1
1,0.7671809,1
1,0.73555243,1
1,0.6725058,1
1,0.76480055,1
1,0.74852943,1
1,0.7943574,1
0,0.76455855,1
1,0.85225105,1
0,0.8536639,1
1,0.34342134,0
1,0.61289686,1
1,0.70993143,1
0,0.3578717,0
1,0.7786319,1
1,0.38461566,0
1,0.79476005,1
1,0.76109695,1
1,0.7878154,1
1,0.8378791,1
1,0.8617972,1
0,0.20767443,0
0,0.21982746,0
0,0.7599168,1
0,0.7153061,1
1,0.6965426,1
1,0.8181104,1
1,0.8570305,1
1,0.8081673,1
1,0.7832064,1
1,0.80130374,1
1,0.8341222,1
1,0.81491977,1
1,0.8113804,1
0,0.8696394,1
1,0.8321589,1
1,0.832112,1
1,0.72120565,1
1,0.52083594,1
0,0.7224869,1
1,0.5838788,1
1,0.5329083,1
1,0.6388419,1
0,0.7188369,1
1,0.7462251,1
1,0.8014842,1
1,0.790305,1
1,0.82577246,1
1,0.86410326,1
1,0.7894551,1
1,0.8377711,1
1,0.85353774,1
1,0.7556437,1
1,0.80122614,1
0,0.73269004,1
1,0.7080677,1
0,0.43512288,0
0,0.8245363,1
1,0.82363814,1
1,0.84767735,1
1,0.8301975,1
1,0.7738493,1
1,0.8073489,1
1,0.7560079,1
1,0.81097233,1
0,0.8580013,1
1,0.81374323,1
0,0.8647516,1
0,0.798102,1
1,0.88945305,1
1,0.8845672,1
1,0.8987945,1
1,0.84311855,1
1,0.87597334,1
0,0.79280204,1
1,0.83331203,1
0,0.78652436,1
1,0.8079588,1
1,0.88216746,1
1,0.8285903,1
1,0.8361023,1
1,0.8717101,1
0,0.8386845,1
0,0.90960044,1
1,0.86222553,1
1,0.86899006,1
1,0.86271405,1
1,0.8517899,1
1,0.8548158,1
1,0.8261803,1
1,0.8543498,1
1,0.8606314,1
1,0.8763697,1
1,0.8757953,1
1,0.82036597,1
1,0.84460366,1
1,0.8594286,1
1,0.8677726,1
1,0.7910265,1
1,0.8014023,1
0,0.87112176,1
1,0.8827984,1
0,0.84671056,1
0,0.81779987,1
1,0.8900044,1
1,0.79666746,1
0,0.85675174,1
1,0.8191559,1
0,0.79455847,1
1,0.8792553,1
1,0.9250949,1
1,0.8179456,1
1,0.81717557,1
1,0.8679373,1
1,0.91567254,1
1,0.8983182,1
1,0.9076467,1
1,0.8531943,1
1,0.78123915,1
1,0.7967656,1
1,0.7892072,1
1,0.61791325,1
0,0.75644875,1
1,0.5363061,1
1,0.6008653,1
0,0.7036794,1
1,0.6192873,1
1,0.7938233,1
1,0.8412375,1
1,0.81417346,1
1,0.81503916,1
1,0.75179994,1
0,0.7993914,1
0,0.7365239,1
0,0.48703507,0
0,0.4268743,0
0,0.60128796,1
0,0.73814505,1
1,0.7765546,1
1,0.6950728,1
0,0.22308081,0
0,0.62394786,1
1,0.8176295,1
0,0.45218644,0
1,0.66436106,1
0,0.83771,1
1,0.768736,1
1,0.8390401,1
1,0.73699874,1
1,0.6709222,1
1,0.8376965,1
1,0.8444691,1
1,0.86461276,1
1,0.6938498,1
1,0.6614587,1
1,0.69853777,1
1,0.77016145,1
1,0.79009515,1
1,0.8349392,1
1,0.7225278,1
1,0.36276305,0
0,0.19291273,0
1,0.88567746,1
1,0.8751217,1
1,0.80993664,1
0,0.32874644,0
1,0.8592381,1
1,0.8474554,1
0,0.2984341,0
0,0.3417425,0
1,0.6957236,1
1,0.28578413,0
0,0.797526,1
0,0.37060806,0
0,0.15550552,0
0,0.216781,0
1,0.5445431,1
1,0.802976,1
1,0.8430228,1
1,0.80043656,1
1,0.81601655,1
1,0.81214356,1
1,0.817583,1
1,0.86994886,1
1,0.83488166,1
1,0.85129964,1
1,0.88027143,1
0,0.87977004,1
1,0.8969171,1
1,0.9421853,1
1,0.8251101,1
1,0.87812173,1
1,0.8968278,1
1,0.8931336,1
1,0.6898209,1
1,0.7937149,1
0,0.790123,1
0,0.7351477,1
0,0.8212854,1
1,0.86417127,1
1,0.83960444,1
1,0.8318509,1
1,0.87369055,1
1,0.82635254,1
1,0.76531005,1
0,0.6750331,1
1,0.8111628,1
1,0.7244939,1
0,0.7650081,1
0,0.6699606,1
1,0.6693302,1
1,0.7194156,1
1,0.71219677,1
1,0.8170928,1
1,0.82492334,1
1,0.80375165,1
1,0.82563347,1
0,0.7321752,1
0,0.22668914,0
1,0.6854374,1
0,0.5092495,1
1,0.4976414,0
1,0.74849993,1
1,0.8119935,1
1,0.80817896,1
1,0.7818568,1
0,0.7146304,1
1,0.78690994,1
1,0.7841242,1
1,0.48055562,0
1,0.79289526,1
0,0.5704966,1
0,0.41610768,0
0,0.863213,1
0,0.8547673,1
1,0.84733003,1
0,0.8090891,1
1,0.8783473,1
1,0.83050734,1
1,0.83384,1
1,0.79499525,1
1,0.8477381,1
1,0.84404474,1
1,0.60098463,1
1,0.83494633,1
1,0.83408946,1
1,0.85029805,1
1,0.8482611,1
1,0.8637027,1
1,0.8051878,1
1,0.9035321,1
0,0.79910105,1
0,0.3268362,0
1,0.61656237,1
1,0.36374107,0
0,0.2558531,0
1,0.617752,1
1,0.6588813,1
1,0.803811,1
0,0.7194336,1
1,0.37922743,0
1,0.44772142,0
1,0.8708422,1
1,0.77215356,1
1,0.8484867,1
1,0.9014379,1
1,0.91436434,1
1,0.8950467,1
0,0.8825375,1
1,0.8252895,1
0,0.90198076,1
1,0.8802379,1
0,0.7924699,1
1,0.6538512,1
1,0.75361514,1
0,0.56439066,1
0,0.584606,1
0,0.6806608,1
0,0.5629693,1
1,0.6562716,1
1,0.7645169,1
1,0.6960693,1
1,0.73653543,1
1,0.6836736,1
0,0.7841051,1
1,0.801204,1
0,0.73893595,1
0,0.75921595,1
1,0.42650905,0
0,0.42750752,0
0,0.25214523,0
1,0.23759475,0
1,0.75618404,1
1,0.83341503,1
0,0.7944235,1
1,0.7767619,1
1,0.8528727,1
1,0.64240324,1
0,0.5798644,1
1,0.11413545,0
0,0.21267517,0
0,0.28591982,0
1,0.37973553,0
0,0.099123456,0
0,0.18556662,0
1,0.2568085,0
1,0.23725328,0
0,0.29011595,0
1,0.8344866,1
0,0.32111067,0
1,0.80092925,1
1,0.84322363,1
1,0.7757983,1
0,0.6198803,1
0,0.6551679,1
0,0.5636016,1
0,0.7466045,1
1,0.66161966,1
1,0.77314025,1
1,0.7560572,1
1,0.70982087,1
1,0.6986107,1
0,0.72921157,1
1,0.6587032,1
1,0.7222815,1
1,0.6317109,1
1,0.7507209,1
1,0.68355274,1
1,0.6637347,1
0,0.54426086,1
1,0.66315466,1
0,0.71375054,1
1,0.70729,1
1,0.7073157,1
1,0.6660196,1
1,0.69389,1
1,0.7410449,1
1,0.7099751,1
1,0.7189261,1
1,0.75467074,1
1,0.69020563,1
1,0.72884244,1
0,0.7762867,1
1,0.650587,1
0,0.73441577,1
1,0.7106653,1
1,0.58082706,1
0,0.67696804,1
0,0.6043976,1
1,0.56403726,1
1,0.5766432,1
1,0.5908171,1
1,0.6024675,1
1,0.64912134,1
0,0.6512119,1
0,0.6024375,1
1,0.6593448,1
1,0.6888995,1
1,0.64781576,1
1,0.71211207,1
1,0.5238712,1
1,0.67379695,1
1,0.7000336,1
1,0.63294494,1
1,0.63947237,1
1,0.6075833,1
1,0.5927737,1
1,0.6774862,1
1,0.68552357,1
0,0.60875285,1
1,0.53148425,1
0,0.5683161,1
1,0.58994216,1
1,0.6690771,1
1,0.7048284,1
0,0.61494255,1
0,0.66818506,1
0,0.6682571,1
1,0.5893602,1
0,0.5950256,1
1,0.6203019,1
1,0.6652717,1
0,0.6877736,1
0,0.57362545,1
1,0.71357673,1
1,0.57941794,1
0,0.6723007,1
0,0.6625232,1
0,0.69733906,1
0,0.6043341,1
0,0.5753394,1
0,0.6378602,1
0,0.5833014,1
0,0.6493216,1
1,0.71453595,1
1,0.61416984,1
0,0.751585,1
1,0.69949704,1
0,0.6125724,1
0,0.6897394,1
0,0.53765965,1
1,0.75539523,1
0,0.43667912,0
1,0.7928103,1
1,0.69443506,1
0,0.6993012,1
0,0.6830702,1
0,0.79774654,1
1,0.87391984,1
1,0.8786087,1
1,0.8547097,1
1,0.8530848,1
1,0.84995043,1
1,0.8526258,1
0,0.81710863,1
1,0.8053564,1
1,0.820763,1
1,0.6938381,1
1,0.6719084,1
1,0.13701722,0
1,0.25617352,0
1,0.34427112,0
1,0.10487019,0
0,0.35843635,0
0,0.43738857,0
0,0.40359122,0
1,0.5321523,1
1,0.8989596,1
0,0.7944983,1
0,0.8605196,1
1,0.8216624,1
1,0.8442396,1
1,0.8334763,1
0,0.48347485,0
1,0.5905102,1
0,0.7177393,1
0,0.6973125,1
1,0.8195828,1
1,0.73996913,1
0,0.6872497,1
0,0.6138538,1
0,0.7697094,1
1,0.5523207,1
1,0.6804534,1
1,0.71687746,1
1,0.6266669,1
1,0.4949836,0
1,0.79344106,1
1,0.642772,1
1,0.8313799,1
1,0.82673025,1
1,0.80078775,1
1,0.79964256,1
1,0.8297449,1
1,0.8277559,1
1,0.80165076,1
0,0.67917055,1
1,0.81848973,1
1,0.80376244,1
1,0.8033342,1
0,0.70488495,1
1,0.7722556,1
1,0.7750742,1
1,0.7857401,1
1,0.82918906,1
0,0.7157785,1
0,0.83023477,1
0,0.82073253,1
1,0.8567022,1
1,0.8505419,1
1,0.78724414,1
1,0.87956655,1
1,0.88311017,1
1,0.92119974,1
1,0.87432975,1
1,0.3426429,0
1,0.8339141,1
1,0.76725596,1
1,0.8264697,1
0,0.75660634,1
1,0.6316339,1
1,0.7098453,1
0,0.8546082,1
1,0.6945084,1
0,0.89500386,1
0,0.8836501,1
1,0.82387847,1
0,0.8696919,1
1,0.8166025,1
1,0.86831975,1
1,0.8011872,1
1,0.7979266,1
1,0.8511749,1
0,0.86436164,1
1,0.80874723,1
1,0.84084404,1
1,0.80760676,1
1,0.89068145,1
1,0.833209,1
1,0.8317749,1
1,0.837598,1
1,0.8450238,1
1,0.77834404,1
1,0.89925504,1
1,0.7826743,1
1,0.85414845,1
1,0.86516654,1
1,0.7430641,1
0,0.589833,1
0,0.7399815,1
0,0.5922346,1
1,0.63527834,1
0,0.25087923,0
0,0.15346022,0
0,0.099899404,0
0,0.31812233,0
0,0.5102511,1
0,0.34522566,0
1,0.7851319,1
1,0.4537042,0
1,0.75160056,1
1,0.8321312,1
1,0.80455214,1
1,0.8504293,1
1,0.70811284,1
1,0.72789955,1
0,0.7382123,1
1,0.79493314,1
1,0.7259549,1
1,0.7915539,1
1,0.7869068,1
1,0.8206655,1
1,0.802625,1
1,0.7886731,1
1,0.86591476,1
1,0.6024534,1
1,0.17409591,0
0,0.24818814,0
0,0.25170735,0
0,0.7520399,1
1,0.6422475,1
1,0.73310673,1
1,0.7373588,1
0,0.69315183,1
1,0.7285435,1
0,0.6117834,1
0,0.8156559,1
0,0.7636373,1
0,0.83868986,1
1,0.82649606,1
0,0.85053104,1
1,0.85570407,1
1,0.8670674,1
1,0.7308693,1
0,0.7287309,1
1,0.79294795,1
0,0.5851857,1
0,0.6229811,1
1,0.8014071,1
1,0.81014836,1
1,0.7434837,1
1,0.7813411,1
1,0.8089517,1
1,0.7506938,1
1,0.7797724,1
0,0.8235935,1
1,0.7450662,1
1,0.7098484,1
1,0.7175181,1
1,0.7492921,1
0,0.71364576,1
1,0.754193,1
1,0.813752,1
1,0.8811651,1
1,0.88555783,1
1,0.74825627,1
1,0.7991793,1
1,0.82170594,1
0,0.7646775,1
0,0.60848707,1
1,0.8720117,1
1,0.80323505,1
1,0.7643165,1
1,0.8862092,1
0,0.84816164,1
1,0.78404725,1
1,0.8607644,1
1,0.90143025,1
1,0.8833662,1
1,0.8155463,1
0,0.7706867,1
0,0.89795536,1
1,0.79678667,1
0,0.9140682,1
0,0.9025452,1
1,0.89464945,1
1,0.8890515,1
1,0.82030445,1
1,0.85516554,1
1,0.852936,1
0,0.75504696,1
1,0.7693122,1
0,0.75789905,1
1,0.7027852,1
0,0.16376185,0
0,0.113786966,0
0,0.51604724,1
0,0.14868821,0
0,0.13931453,0
1,0.08701808,0
1,0.40253904,0
1,0.8620064,1
1,0.27811712,0
0,0.40095568,0
0,0.8232072,1
1,0.826022,1
1,0.81553066,1
1,0.72453797,1
1,0.82600355,1
0,0.54199433,1
0,0.6418147,1
1,0.6348044,1
1,0.40761134,0
1,0.66819686,1
1,0.66679573,1
1,0.69618654,1
0,0.60205144,1
1,0.67555004,1
1,0.7516602,1
1,0.5911342,1
0,0.81361216,1
1,0.8451772,1
1,0.9032426,1
0,0.7408661,1
1,0.8032403,1
1,0.82500875,1
0,0.8406919,1
1,0.81274956,1
1,0.8360156,1
1,0.8371703,1
1,0.82130027,1
1,0.72035056,1
0,0.7707165,1
1,0.74549615,1
1,0.743115,1
1,0.76380575,1
1,0.7767076,1
1,0.8529845,1
0,0.81873274,1
1,0.84181195,1
0,0.7765111,1
1,0.9123084,1
1,0.84038365,1
1,0.40937084,0
1,0.58337486,1
1,0.6082201,1
1,0.8977132,1
1,0.83656037,1
0,0.7153997,1
0,0.45283073,0
1,0.7018828,1
1,0.524012,1
0,0.68768317,1
0,0.3793433,0
0,0.29222593,0
0,0.36815953,0
0,0.5807159,1
1,0.71903455,1
1,0.2554051,0
1,0.9000972,1
1,0.82439166,1
1,0.6434076,1
1,0.8027101,1
1,0.78154707,1
1,0.813444,1
1,0.840191,1
0,0.8240345,1
1,0.72805035,1
1,0.85317475,1
1,0.8206935,1
1,0.79597104,1
0,0.6632311,1
1,0.7872518,1
0,0.2491551,0
1,0.348399,0
1,0.78719956,1
1,0.7690838,1
1,0.87179494,1
0,0.26728275,0
0,0.4127778,0
1,0.42726743,0
1,0.5594089,1
1,0.42848068,0
1,0.81308645,1
1,0.87185675,1
1,0.8888565,1
1,0.89386636,1
1,0.8849497,1
1,0.8551467,1
1,0.8708253,1
1,0.79784226,1
1,0.87377256,1
1,0.58634645,1
1,0.7430961,1
0,0.7515305,1
0,0.5327425,1
0,0.51942176,1
0,0.48006403,0
1,0.68329054,1
1,0.7386252,1
1,0.54788285,1
0,0.5946294,1
1,0.64519304,1
0,0.6023124,1
0,0.49554947,0
1,0.5701575,1
1,0.76278555,1
1,0.6963678,1
1,0.6786486,1
1,0.6654898,1
0,0.65075785,1
1,0.58711374,1
0,0.73043644,1
0,0.6415265,1
1,0.7111355,1
1,0.7957086,1
1,0.76912475,1
1,0.689524,1
0,0.7726889,1
1,0.8483382,1
0,0.7164875,1
1,0.680968,1
1,0.7651273,1
1,0.73922324,1
1,0.7398442,1
1,0.77439874,1
1,0.7330517,1
1,0.78707755,1
1,0.8197071,1
1,0.81251156,1
1,0.75836736,1
1,0.83865917,1
0,0.8470624,1
1,0.80389607,1
1,0.7991283,1
1,0.75462174,1
1,0.70056814,1
1,0.74089634,1
1,0.7924739,1
1,0.8811654,1
1,0.8003587,1
1,0.8404228,1
1,0.23629323,0
0,0.7610887,1
1,0.8037279,1
0,0.39374948,0
1,0.7264366,1
1,0.2728021,0
1,0.38128135,0
1,0.7141494,1
1,0.7958342,1
0,0.68725145,1
1,0.46521097,0
1,0.627623,1
1,0.83730775,1
1,0.8610906,1
1,0.83855873,1
1,0.8870237,1
1,0.8467801,1
1,0.7514566,1
1,0.7539446,1
1,0.7252852,1
0,0.6754575,1
0,0.6078464,1
0,0.7273369,1
1,0.6841744,1
1,0.6247506,1
1,0.7293989,1
1,0.70137644,1
1,0.7394144,1
1,0.66394454,1
1,0.7909475,1
1,0.79713297,1
1,0.8181728,1
0,0.8130277,1
1,0.7668939,1
0,0.7522637,1
1,0.7838495,1
1,0.7543078,1
1,0.8148775,1
1,0.7420243,1
1,0.8394831,1
1,0.8260312,1
1,0.7689734,1
1,0.7570317,1
1,0.7316821,1
1,0.810972,1
1,0.82982296,1
1,0.8609736,1
0,0.9254699,1
1,0.21416783,0
0,0.16919827,0
0,0.401469,0
1,0.2651249,0
1,0.50781107,1
1,0.29526985,0
1,0.459797,0
1,0.36268318,0
1,0.23583353,0
1,0.6804288,1
0,0.4905313,0
1,0.24061564,0
1,0.77121717,1
1,0.782942,1
1,0.81504375,1
1,0.8187182,1
1,0.568281,1
0,0.7471088,1
1,0.72997606,1
1,0.79427063,1
1,0.7919713,1
0,0.76795405,1
0,0.805251,1
0,0.8174519,1
0,0.31686962,0
0,0.31001484,0
1,0.8767127,1
1,0.4025368,0
1,0.26615205,0
1,0.5965918,1
1,0.8467253,1
1,0.761376,1
1,0.7249693,1
1,0.8547261,1
1,0.8551258,1
1,0.71237254,1
0,0.7957945,1
0,0.8046353,1
1,0.84585613,1
1,0.7881572,1
1,0.79782456,1
0,0.7636722,1
1,0.7960008,1
1,0.78296024,1
1,0.64033437,1
1,0.61321074,1
0,0.5916681,1
0,0.7295126,1
0,0.69149125,1
1,0.7256459,1
1,0.7377616,1
0,0.6535927,1
1,0.6449977,1
1,0.62767863,1
1,0.67877835,1
1,0.6802627,1
0,0.5966822,1
0,0.6587397,1
1,0.6866546,1
1,0.6635481,1
0,0.5989279,1
0,0.64817846,1
1,0.7470367,1
0,0.820841,1
1,0.7654505,1
1,0.51768714,1
0,0.58846503,1
0,0.5963244,1
0,0.5757705,1
0,0.6044243,1
0,0.6118559,1
1,0.5697919,1
0,0.6048388,1
0,0.5733052,1
1,0.7360315,1
1,0.55847305,1
0,0.5155198,1
0,0.18106663,0
0,0.33279532,0
1,0.6830444,1
1,0.73427063,1
1,0.6364631,1
0,0.65658176,1
1,0.57920253,1
1,0.48652706,0
1,0.643104,1
0,0.5895434,1
1,0.49592853,0
0,0.36347088,0
0,0.51544255,1
1,0.8523941,1
1,0.80704874,1
1,0.80356646,1
0,0.8171481,1
1,0.80883574,1
1,0.8436507,1
1,0.8359052,1
1,0.8016602,1
1,0.8793339,1
1,0.238412,0
0,0.5365775,1
0,0.32098714,0
0,0.29449874,0
1,0.31369328,0
1,0.8103674,1
1,0.83459103,1
1,0.17484908,0
1,0.8057923,1
1,0.8488857,1
0,0.6606055,1
1,0.83489615,1
1,0.82085174,1
0,0.8065259,1
1,0.72763926,1
0,0.19066244,0
0,0.79452956,1
0,0.14928637,0
0,0.2703188,0
0,0.3250563,0
0,0.130126,0
0,0.29613224,0
0,0.3199105,0
0,0.20390838,0
0,0.17697363,0
0,0.28384367,0
0,0.24637736,0
0,0.29086566,0
0,0.18243732,0
0,0.29716223,0
0,0.2951854,0
0,0.6866283,1
0,0.17005648,0
0,0.32133088,0
0,0.33535287,0
0,0.29380712,0
0,0.49730274,0
0,0.39157325,0
0,0.22444849,0
0,0.24862283,0
0,0.22063556,0
0,0.2494647,0
0,0.35311303,0
0,0.43471938,0
0,0.17918405,0
0,0.3492143,0
0,0.21224894,0
0,0.32931578,0
0,0.3470917,0
0,0.50561696,1
1,0.26809606,0
1,0.3116613,0
0,0.635625,1
0,0.6900436,1
0,0.6892098,1
1,0.72699845,1
1,0.7905345,1
0,0.655313,1
1,0.74569166,1
0,0.662378,1
1,0.6501015,1
1,0.6829516,1
1,0.6940221,1
1,0.6948307,1
1,0.7517393,1
0,0.6656468,1
0,0.65523726,1
1,0.63733166,1
1,0.6111141,1
0,0.52731824,1
0,0.37974894,0
0,0.42424506,0
0,0.20836511,0
0,0.122673064,0
0,0.38552487,0
0,0.16470481,0
0,0.11948909,0
0,0.34303308,0
0,0.24916926,0
0,0.10107389,0
0,0.2552033,0
0,0.76135874,1
0,0.17575642,0
0,0.36223426,0
0,0.18150358,0
0,0.29391497,0
0,0.18270907,0
0,0.24886677,0
0,0.3071254,0
1,0.32950413,0
0,0.22985679,0
0,0.64355063,1
0,0.515281,1
1,0.14027216,0
1,0.29939857,0
0,0.3719394,0
0,0.6519451,1
1,0.768167,1
1,0.83478606,1
1,0.7412736,1
1,0.7830299,1
1,0.75891024,1
1,0.7850159,1
1,0.6729927,1
1,0.6564867,1
1,0.7632938,1
0,0.43980452,0
0,0.17228323,0
0,0.15911086,0
1,0.667592,1
1,0.64293313,1
1,0.9066924,1
0,0.7732562,1
0,0.6161828,1
1,0.92110145,1
1,0.86039025,1
1,0.8036303,1
0,0.91449463,1
0,0.32922003,0
0,0.49863777,0
0,0.4361041,0
0,0.26791853,0
0,0.11641676,0
0,0.29420614,0
0,0.07227212,0
0,0.1309736,0
0,0.22654353,0
0,0.16929162,0
0,0.28367692,0
0,0.24862531,0
0,0.34215,0
0,0.28099126,0
0,0.3628653,0
0,0.29594734,0
0,0.25926682,0
0,0.29524517,0
0,0.2926742,0
0,0.726613,1
1,0.34648904,0
1,0.6701653,1
0,0.55123246,1
0,0.6890719,1
1,0.7129776,1
1,0.79178643,1
1,0.8047442,1
1,0.7523864,1
1,0.7732833,1
0,0.72612333,1
0,0.7130171,1
1,0.6827048,1
1,0.78139365,1
1,0.78304106,1
1,0.744375,1
1,0.7667373,1
1,0.71950895,1
1,0.7705774,1
1,0.73727155,1
0,0.80769855,1
1,0.8106906,1
1,0.6841061,1
1,0.727331,1
1,0.70973843,1
1,0.76825464,1
1,0.70699346,1
1,0.7575784,1
1,0.8238017,1
1,0.7196862,1
1,0.76260066,1
1,0.73594993,1
1,0.73024225,1
1,0.80874026,1
1,0.8359812,1
0,0.7580594,1
0,0.8201322,1
1,0.8605329,1
0,0.75630015,1
0,0.8561087,1
0,0.7937839,1
1,0.7281834,1
0,0.691765,1
0,0.3161277,0
0,0.28814802,0
0,0.26705277,0
0,0.3365367,0
0,0.15567707,0
0,0.21110305,0
0,0.21682224,0
0,0.20259023,0
0,0.22413012,0
0,0.37903497,0
0,0.13760255,0
0,0.6302799,1
0,0.18775608,0
0,0.263374,0
0,0.708884,1
0,0.23362078,0
0,0.71574134,1
0,0.18354253,0
0,0.16567361,0
0,0.4334958,0
0,0.106597915,0
0,0.14852025,0
0,0.30205518,0
0,0.38983876,0
0,0.5091586,1
0,0.13464864,0
0,0.26681745,0
0,0.37056467,0
0,0.24660325,0
0,0.13214086,0
0,0.23139103,0
0,0.52604085,1
0,0.732574,1
0,0.381814,0
0,0.21971837,0
0,0.15784428,0
0,0.12748253,0
0,0.17557716,0
0,0.15171249,0
0,0.13997082,0
0,0.27396002,0
0,0.1269668,0
0,0.3453575,0
0,0.2752219,0
1,0.5913315,1
1,0.4209742,0
0,0.48906162,0
1,0.75973755,1
1,0.70721996,1
0,0.5899384,1
1,0.63264585,1
1,0.6508085,1
0,0.16160229,0
0,0.25360438,0
0,0.2899704,0
0,0.35873783,0
0,0.38030207,0
0,0.37423274,0
0,0.40707088,0
0,0.1451218,0
0,0.41965774,0
0,0.3388944,0
0,0.55051357,1
1,0.5992087,1
0,0.31764758,0
1,0.850376,1
1,0.7390834,1
1,0.752604,1
1,0.77770644,1
1,0.84312737,1
1,0.64134747,1
0,0.77263933,1
1,0.7902593,1
0,0.24469662,0
0,0.6594699,1
0,0.46459147,0
1,0.7880389,1
1,0.7809957,1
1,0.7860204,1
1,0.7905394,1
0,0.15824205,0
0,0.15155782,0
0,0.107186414,0
0,0.271223,0
0,0.20102389,0
0,0.3118413,0
0,0.22696728,0
0,0.48113126,0
0,0.04741004,0
0,0.25381452,0
0,0.25311798,0
0,0.40931484,0
0,0.4340338,0
0,0.6512203,1
1,0.70433843,1
0,0.7334442,1
0,0.7493807,1
0,0.7235661,1
1,0.76418126,1
1,0.7941971,1
1,0.7781153,1
1,0.82354355,1
0,0.6590941,1
1,0.76067245,1
0,0.58652186,1
1,0.5659539,1
1,0.74455225,1
0,0.6026492,1
0,0.49354762,0
0,0.6248363,1
0,0.1260366,0
0,0.55355734,1
1,0.35778645,0
0,0.4058519,0
0,0.18483414,0
0,0.16307233,0
0,0.110820085,0
1,0.70444584,1
1,0.5838996,1
1,0.5908466,1
1,0.8084186,1
1,0.73404557,1
1,0.7721381,1
0,0.8327695,1
1,0.72260636,1
1,0.68408227,1
0,0.77814645,1
1,0.7548221,1
1,0.74257624,1
0,0.11949761,0
0,0.27287441,0
0,0.119390585,0
0,0.13419048,0
0,0.29452342,0
0,0.09511519,0
0,0.5005771,1
0,0.40850562,0
0,0.35488692,0
0,0.5307739,1
0,0.0734245,0
0,0.36886328,0
0,0.28190497,0
0,0.7377054,1
0,0.089831166,0
0,0.22873822,0
0,0.21746847,0
0,0.1452088,0
0,0.32635286,0
0,0.43103313,0
0,0.2911043,0
0,0.14463767,0
0,0.33290863,0
0,0.2076056,0
0,0.22745278,0
0,0.02493834,0
0,0.06336032,0
0,0.103739,0
0,0.22250785,0
0,0.14236504,0
0,0.3595344,0
0,0.2295469,0
0,0.19978902,0
0,0.16107836,0
0,0.08318871,0
0,0.25712433,0
0,0.3645254,0
0,0.58361065,1
0,0.39695212,0
0,0.27636543,0
0,0.40940386,0
0,0.37594253,0
0,0.87022996,1
1,0.7635044,1
1,0.81011164,1
1,0.7977709,1
0,0.7669957,1
0,0.8196627,1
0,0.19941078,0
0,0.14810629,0
0,0.3769786,0
0,0.19720735,0
0,0.36705482,0
0,0.2764824,0
0,0.84169376,1
0,0.23868246,0
0,0.17918508,0
0,0.8749284,1
0,0.25074482,0
0,0.35411423,0
0,0.39673078,0
0,0.39498112,0
0,0.3300507,0
0,0.24572048,0
0,0.28378323,0
0,0.1107718,0
0,0.22180058,0
0,0.51212335,1
0,0.1253673,0
0,0.83827776,1
0,0.26687437,0
0,0.28387973,0
0,0.29738867,0
0,0.32446876,0
0,0.3371031,0
0,0.12983502,0
0,0.8370711,1
0,0.1944063,0
1,0.7232464,1
1,0.7425462,1
1,0.7539261,1
1,0.76830417,1
0,0.7322339,1
1,0.7779394,1
0,0.7382248,1
0,0.7050668,1
0,0.7509934,1
0,0.7108258,1
0,0.6683735,1
0,0.62419856,1
1,0.77857614,1
1,0.7016828,1
0,0.72769517,1
1,0.7164442,1
0,0.73219126,1
1,0.8267693,1
1,0.74479616,1
1,0.73309773,1
1,0.7758273,1
0,0.2516974,0
0,0.48487023,0
0,0.14434864,0
0,0.62445915,1
0,0.1861262,0
0,0.18945007,0
0,0.22179024,0
0,0.75462395,1
0,0.57837766,1
1,0.74414986,1
1,0.65752333,1
1,0.61623406,1
0,0.7028058,1
1,0.42304456,0
1,0.8163188,1
0,0.72666794,1
0,0.7850928,1
1,0.6471254,1
1,0.7788847,1
0,0.8528676,1
1,0.8357359,1
1,0.61087537,1
1,0.655467,1
1,0.65320796,1
0,0.6993876,1
0,0.70803946,1
1,0.7808899,1
0,0.39527982,0
0,0.20940223,0
0,0.31463155,0
0,0.22665934,0
0,0.6966954,1
0,0.72134465,1
1,0.6574754,1
0,0.1230153,0
1,0.40795586,0
0,0.52868193,1
1,0.52465343,1
1,0.81928295,1
0,0.8557902,1
1,0.5824207,1
0,0.07863362,0
0,0.06444923,0
0,0.1932566,0
0,0.2290508,0
0,0.40240103,0
0,0.39112985,0
0,0.45787394,0
0,0.3517552,0
0,0.19417864,0
0,0.3788538,0
0,0.641414,1
0,0.262352,0
0,0.4149148,0
0,0.368532,0
0,0.31312677,0
0,0.2970197,0
0,0.64006394,1
0,0.36859652,0
0,0.3559774,0
0,0.35015783,0
0,0.64065284,1
0,0.07479685,0
0,0.7320812,1
0,0.3898971,0
0,0.36028963,0
0,0.22429533,0
0,0.13215484,0
0,0.14725012,0
0,0.120641574,0
1,0.39213806,0
1,0.6816951,1
0,0.43924022,0
1,0.8087704,1
1,0.83800143,1
1,0.9217632,1
0,0.8553633,1
1,0.8801795,1
1,0.8787359,1
1,0.903998,1
0,0.8688746,1
1,0.86252344,1
1,0.5075823,1
0,0.27852163,0
1,0.87821805,1
1,0.68102324,1
1,0.90576875,1
0,0.13554332,0
0,0.23217063,0
0,0.79150045,1
0,0.507076,1
0,0.6789556,1
0,0.53922963,1
0,0.29114845,0
1,0.8208645,1
1,0.86604244,1
1,0.89845747,1
1,0.8686351,1
1,0.8911612,1
0,0.8285134,1
0,0.851045,1
1,0.8604461,1
1,0.87184805,1
1,0.8332712,1
1,0.83152145,1
1,0.9215843,1
1,0.8979858,1
1,0.86125314,1
1,0.88842523,1
1,0.75509846,1
1,0.72545606,1
0,0.65564656,1
1,0.85106385,1
1,0.83684987,1
0,0.8357549,1
1,0.81983596,1
1,0.82028157,1
0,0.770832,1
0,0.83934975,1
0,0.83566356,1
1,0.8619051,1
1,0.777845,1
1,0.83011514,1
0,0.77050364,1
1,0.83879226,1
0,0.8334202,1
0,0.8524457,1
1,0.8567476,1
1,0.78359526,1
1,0.8443873,1
1,0.77642083,1
1,0.8235452,1
1,0.88701564,1
1,0.90766525,1
1,0.87437296,1
0,0.47621644,0
0,0.7012482,1
0,0.32640007,0
0,0.514645,1
0,0.37701,0
0,0.45081773,0
0,0.23372382,0
0,0.5078013,1
0,0.38176957,0
0,0.36745945,0
0,0.42932004,0
0,0.36748016,0
0,0.20108825,0
0,0.69733244,1
1,0.91932803,1
1,0.921861,1
1,0.8047532,1
0,0.9019837,1
1,0.90190953,1
1,0.92435074,1
1,0.81743526,1
0,0.91993344,1
0,0.89614624,1
1,0.88094455,1
1,0.87427497,1
1,0.8150722,1
1,0.85264564,1
1,0.8502849,1
1,0.85191345,1
1,0.80776155,1
1,0.7893009,1
1,0.7283061,1
1,0.8200193,1
1,0.8385925,1
0,0.7624594,1
1,0.79963577,1
1,0.8274504,1
1,0.8554893,1
0,0.83574337,1
1,0.8090728,1
1,0.8379124,1
1,0.82069427,1
1,0.83382016,1
0,0.075308405,0
0,0.42073894,0
1,0.26483798,0
1,0.6155786,1
0,0.72402054,1
1,0.33425108,0
1,0.74721384,1
1,0.7279852,1
1,0.7624147,1
0,0.62898374,1
1,0.75053734,1
1,0.61358136,1
1,0.7887809,1
0,0.791681,1
0,0.8063919,1
0,0.8442425,1
1,0.803064,1
1,0.49866498,0
1,0.3486239,0
0,0.36408564,0
0,0.13758458,0
0,0.27046147,0
0,0.18076727,0
0,0.10633765,0
0,0.2379553,0
0,0.23724952,0
0,0.4070443,0
0,0.26080987,0
0,0.15438946,0
0,0.29502985,0
0,0.43484145,0
0,0.37456754,0
0,0.338622,0
0,0.24028316,0
0,0.18076636,0
0,0.46595207,0
1,0.7923884,1
1,0.6673915,1
0,0.83777237,1
0,0.8422168,1
1,0.77189875,1
1,0.851116,1
0,0.81787956,1
1,0.8142387,1
1,0.75035095,1
0,0.84633946,1
0,0.83318794,1
0,0.23226209,0
0,0.2606919,0
0,0.073026545,0
0,0.6489499,1
0,0.31731424,0
0,0.23257992,0
0,0.36224502,0
0,0.36100262,0
0,0.24127756,0
0,0.09790047,0
0,0.3985581,0
0,0.403178,0
0,0.22539794,0
0,0.35533103,0
0,0.25419006,0
0,0.79285365,1
0,0.32656345,0
0,0.31769776,0
0,0.45699453,0
1,0.47603062,0
0,0.5633264,1
0,0.40673345,0
1,0.7187362,1
0,0.73584366,1
0,0.7742488,1
1,0.78332186,1
1,0.8176821,1
1,0.8266029,1
1,0.8150056,1
0,0.7910199,1
1,0.8628538,1
1,0.78166455,1
1,0.881551,1
1,0.80963594,1
1,0.81189954,1
1,0.80421114,1
1,0.73918396,1
0,0.16262555,0
0,0.16135834,0
0,0.22555044,0
0,0.32934493,0
0,0.3848671,0
0,0.13323538,0
0,0.20011897,0
0,0.22483312,0
0,0.10411135,0
0,0.3538716,0
0,0.23659515,0
0,0.37676433,0
0,0.40123802,0
0,0.26282904,0
0,0.14184117,0
0,0.35243794,0
0,0.732841,1
0,0.2664202,0
0,0.12252219,0
0,0.26528782,0
0,0.387633,0
0,0.3670653,0
0,0.26546583,0
0,0.348028,0
0,0.2609347,0
0,0.0863247,0
0,0.15382686,0
1,0.3081521,0
0,0.12401643,0
0,0.13728167,0
0,0.15505137,0
0,0.09289585,0
0,0.22852929,0
0,0.17226599,0
0,0.12615752,0
0,0.32962564,0
0,0.19361371,0
0,0.42680526,0
0,0.30020067,0
1,0.93177325,1
1,0.6797349,1
0,0.30994827,0
0,0.13751687,0
1,0.84398836,1
0,0.08134509,0
1,0.87633044,1
1,0.851384,1
0,0.83348066,1
1,0.8818523,1
1,0.839411,1
0,0.87216103,1
1,0.9213909,1
1,0.9107383,1
1,0.91572934,1
1,0.9063918,1
1,0.89879507,1
1,0.9109915,1
1,0.89379257,1
1,0.92059904,1
1,0.8826901,1
1,0.907383,1
1,0.8748231,1
1,0.9157024,1
1,0.9130145,1
1,0.9059325,1
1,0.91138965,1
0,0.913411,1
1,0.9042965,1
0,0.14668567,0
0,0.069406174,0
0,0.20868385,0
0,0.20352432,0
0,0.4342795,0
0,0.3165944,0
0,0.30182087,0
0,0.44318175,0
1,0.33731356,0
1,0.44933835,0
1,0.8219962,1
1,0.7722726,1
0,0.5347176,1
0,0.80987865,1
0,0.839872,1
1,0.8459939,1
1,0.84015936,1
1,0.60910606,1
0,0.07863463,0
0,0.19637299,0
0,0.20039076,0
0,0.22173053,0
0,0.6938019,1
0,0.37249452,0
0,0.35406724,0
0,0.24329288,0
0,0.23837502,0
0,0.2870966,0
0,0.68710095,1
0,0.29587907,0
0,0.08396462,0
0,0.09563344,0
0,0.39868873,0
0,0.5956716,1
0,0.3231671,0
0,0.22854458,0
0,0.21156031,0
0,0.23810844,0
0,0.31981286,0
0,0.33831632,0
0,0.41608736,0
0,0.22303376,0
0,0.34809658,0
0,0.4115289,0
0,0.20037921,0
0,0.34449834,0
0,0.2254418,0
0,0.44440243,0
0,0.34694093,0
1,0.70910573,1
1,0.810303,1
1,0.8090833,1
1,0.8058905,1
1,0.82725173,1
0,0.85314655,1
0,0.26004267,0
0,0.26020917,0
0,0.684063,1
0,0.82370967,1
0,0.29912513,0
0,0.2536533,0
0,0.26142174,0
0,0.3760948,0
0,0.29894194,0
0,0.41314155,0
0,0.40490758,0
0,0.21174029,0
0,0.4508579,0
1,0.41816062,0
1,0.36727443,0
1,0.62259644,1
0,0.086761855,0
0,0.3648745,0
0,0.29927093,0
0,0.21761933,0
0,0.41207698,0
0,0.25383377,0
0,0.4778125,0
1,0.63745034,1
1,0.6784505,1
1,0.77038604,1
0,0.36632723,0
0,0.4060041,0
0,0.43435043,0
0,0.28897786,0
0,0.255496,0
0,0.82298356,1
0,0.42477974,0
0,0.6188697,1
0,0.7360396,1
0,0.2965319,0
0,0.27396372,0
0,0.40231264,0
0,0.3511583,0
0,0.3090419,0
0,0.4621843,0
0,0.22197893,0
0,0.4075389,0
0,0.14080618,0
0,0.14817998,0
0,0.17418274,0
0,0.39236262,0
0,0.30628806,0
0,0.3221668,0
0,0.34260526,0
0,0.27770838,0
0,0.43742502,0
0,0.2753342,0
0,0.38509247,0
0,0.24600026,0
0,0.21727745,0
0,0.15959857,0
0,0.39574558,0
0,0.61317176,1
0,0.4118951,0
0,0.4126036,0
0,0.33850214,0
0,0.22030218,0
0,0.23290038,0
0,0.36883748,0
0,0.23918837,0
0,0.23773773,0
0,0.30587304,0
0,0.3629839,0
0,0.19220239,0
0,0.3734153,0
0,0.09634144,0
0,0.32614687,0
0,0.37802657,0
0,0.22722793,0
0,0.19311313,0
1,0.8367741,1
0,0.82762986,1
1,0.8952136,1
1,0.84269804,1
0,0.8251037,1
0,0.8445279,1
0,0.76069677,1
0,0.8337529,1
0,0.78450763,1
0,0.76097006,1
1,0.79202235,1
0,0.81304455,1
1,0.7452318,1
1,0.89357996,1
1,0.8014294,1
1,0.80769736,1
1,0.8017361,1
0,0.8025863,1
1,0.8025944,1
1,0.82330114,1
0,0.7707423,1
1,0.8118675,1
0,0.77334183,1
1,0.8472503,1
1,0.7878409,1
1,0.74612576,1
0,0.78104866,1
1,0.7407324,1
1,0.700991,1
1,0.86790156,1
1,0.8612067,1
1,0.8333282,1
1,0.88048095,1
1,0.81364316,1
1,0.7814685,1
1,0.5473478,1
1,0.7569918,1
0,0.6137101,1
1,0.7471202,1
1,0.74637884,1
0,0.7858404,1
1,0.7454832,1
1,0.48739964,0
0,0.5542814,1
0,0.34251216,0
0,0.62532777,1
1,0.8335254,1
1,0.8050243,1
1,0.811814,1
0,0.9100267,1
1,0.6286467,1
0,0.39138195,0
0,0.60740656,1
0,0.35890734,0
0,0.41136783,0
0,0.4967909,0
0,0.40294075,0
0,0.41547808,0
0,0.21151868,0
0,0.08031591,0
1,0.14393674,0
1,0.20488667,0
1,0.1451777,0
0,0.29706797,0
0,0.26764357,0
0,0.30733237,0
0,0.3975768,0
0,0.2337183,0
0,0.30944327,0
0,0.26269162,0
0,0.41719332,0
0,0.28793982,0
0,0.45105067,0
0,0.35336462,0
0,0.31707174,0
0,0.26574126,0
0,0.3271942,0
0,0.3402074,0
0,0.2899121,0
0,0.49910194,0
0,0.29600972,0
0,0.29805148,0
0,0.33472177,0
0,0.42047605,0
0,0.21020232,0
0,0.26551506,0
0,0.29970416,0
0,0.26406103,0
0,0.4147615,0
0,0.23312071,0
0,0.41596276,0
0,0.36702663,0
0,0.68439674,1
0,0.4201918,0
0,0.78318644,1
0,0.3966976,0
0,0.40662417,0
0,0.34620127,0
0,0.31545,0
1,0.79886264,1
1,0.8497497,1
1,0.8413383,1
1,0.84329987,1
0,0.84184676,1
0,0.9046257,1
1,0.87742823,1
0,0.8913639,1
1,0.9168617,1
1,0.915147,1
1,0.8985752,1
1,0.88308173,1
1,0.938918,1
1,0.86154777,1
0,0.82811886,1
1,0.82794565,1
0,0.79871315,1
0,0.80289817,1
1,0.8292089,1
1,0.8058946,1
1,0.8233609,1
1,0.82072556,1
1,0.80853283,1
1,0.89259946,1
1,0.8166472,1
1,0.8856441,1
1,0.83971757,1
1,0.79792243,1
1,0.8487574,1
1,0.8580827,1
1,0.84055656,1
1,0.8905364,1
1,0.88335603,1
0,0.8402335,1
1,0.86940247,1
0,0.38310593,0
0,0.29430288,0
0,0.5222222,1
0,0.37606418,0
0,0.69192874,1
0,0.7342122,1
0,0.3534426,0
1,0.39596093,0
1,0.68054366,1
1,0.8524058,1
1,0.8305638,1
0,0.7528385,1
0,0.8224917,1
1,0.82894367,1
1,0.74069095,1
0,0.75551075,1
0,0.713198,1
0,0.35749796,0
0,0.27965122,0
0,0.03627961,0
0,0.31802467,0
1,0.31257293,0
1,0.6506576,1
0,0.7804251,1
0,0.6127578,1
0,0.63722557,1
0,0.62136203,1
1,0.6607512,1
0,0.6623424,1
1,0.6647745,1
1,0.65522575,1
1,0.6702501,1
1,0.64585185,1
0,0.66176385,1
1,0.6902216,1
0,0.6692171,1
1,0.72986275,1
1,0.70414555,1
0,0.41563252,0
0,0.21523891,0
0,0.5724232,1
0,0.7255437,1
0,0.31716833,0
0,0.2914598,0
0,0.2467114,0
0,0.31286594,0
1,0.4015563,0
1,0.5323154,1
1,0.59207034,1
1,0.5889308,1
1,0.29649442,0
1,0.60425276,1
1,0.3610786,0
0,0.15899548,0
0,0.33972466,0
0,0.34321386,0
0,0.28082967,0
0,0.5028258,1
0,0.635082,1
1,0.7897661,1
1,0.88694173,1
1,0.8433949,1
1,0.81526935,1
1,0.85543483,1
0,0.88084877,1
0,0.87626356,1
0,0.8480167,1
1,0.8950911,1
1,0.7275939,1
0,0.8686806,1
1,0.83240324,1
0,0.72474766,1
1,0.69519764,1
1,0.66959196,1
1,0.6632053,1
1,0.7166876,1
1,0.5928233,1
1,0.63018185,1
0,0.76513195,1
1,0.70032537,1
0,0.8311473,1
1,0.71051246,1
1,0.7709167,1
1,0.79333675,1
1,0.76388127,1
1,0.8385864,1
1,0.8274011,1
1,0.81505144,1
0,0.7994908,1
1,0.84478265,1
1,0.79901415,1
1,0.8627407,1
1,0.80690867,1
1,0.8087343,1
1,0.82462597,1
1,0.8841038,1
0,0.8849523,1
1,0.91094893,1
1,0.8623971,1
1,0.60909355,1
1,0.7820983,1
1,0.7181968,1
1,0.8223913,1
1,0.7559826,1
1,0.7994568,1
1,0.8592278,1
1,0.86347014,1
1,0.8210361,1
0,0.8035637,1
1,0.7887201,1
1,0.7665192,1
0,0.7672917,1
1,0.7530109,1
1,0.7847282,1
0,0.6908873,1
0,0.71853167,1
1,0.7893529,1
1,0.77494955,1
0,0.77133733,1
0,0.7538401,1
0,0.70071536,1
1,0.817806,1
1,0.79075444,1
1,0.79865354,1
1,0.8003654,1
1,0.79468435,1
0,0.78678524,1
1,0.81277514,1
0,0.82151204,1
0,0.18869026,0
0,0.36555552,0
0,0.2867254,0
0,0.11064925,0
0,0.30198082,0
0,0.3591418,0
0,0.19084355,0
0,0.17853138,0
0,0.34814912,0
0,0.34583896,0
0,0.31679046,0
0,0.3850887,0
0,0.5555343,1
0,0.2658269,0
0,0.20487419,0
0,0.31457597,0
0,0.1451907,0
0,0.34332627,0
0,0.44080958,0
0,0.33622193,0
0,0.46631742,0
0,0.23881568,0
0,0.40666664,0
0,0.30199248,0
0,0.08170168,0
0,0.09031413,0
0,0.38992596,0
0,0.5172661,1
0,0.3523065,0
0,0.06578147,0
0,0.034648042,0
0,0.044665135,0
0,0.04823302,0
0,0.07890613,0
0,0.066254824,0
0,0.068208516,0
0,0.053918708,0
0,0.45827478,0
0,0.3233538,0
0,0.42563146,0
0,0.54090995,1
1,0.5553851,1
1,0.6434015,1
1,0.65598506,1
1,0.7002046,1
1,0.6189576,1
1,0.52118814,1
1,0.7063152,1
1,0.58338505,1
1,0.5967935,1
1,0.52965504,1
0,0.67193884,1
1,0.6607251,1
0,0.13466841,0
0,0.22753921,0
0,0.34174114,0
0,0.38473678,0
0,0.19770965,0
0,0.12695232,0
0,0.33859882,0
0,0.30209354,0
0,0.2545604,0
0,0.27260047,0
0,0.39287448,0
0,0.3600151,0
0,0.28411075,0
0,0.3314882,0
0,0.36628294,0
0,0.43111244,0
0,0.24905545,0
0,0.29365152,0
0,0.2593282,0
0,0.33131084,0
0,0.15179166,0
0,0.108894326,0
0,0.32321537,0
0,0.29182047,0
0,0.17155086,0
0,0.25660044,0
0,0.33255318,0
0,0.4819324,0
0,0.20114422,0
0,0.070223294,0
0,0.41201562,0
0,0.4552861,0
0,0.26648325,0
0,0.14712688,0
0,0.25913456,0
0,0.46443406,0
0,0.2577332,0
0,0.79548293,1
0,0.60634416,1
1,0.8036714,1
0,0.3220177,0
0,0.29205325,0
1,0.8249713,1
1,0.8286826,1
1,0.8796852,1
0,0.8542576,1
1,0.84332484,1
1,0.7831666,1
1,0.9201213,1
1,0.80018663,1
1,0.8923883,1
1,0.80894303,1
1,0.88388044,1
1,0.89750284,1
1,0.867163,1
1,0.8322234,1
1,0.82600224,1
1,0.82200414,1
1,0.8219555,1
1,0.8114872,1
1,0.85678893,1
0,0.83403134,1
1,0.8433784,1
1,0.8291126,1
1,0.84823483,1
1,0.86532,1
1,0.85076404,1
0,0.66013306,1
0,0.71510327,1
0,0.42097184,0
0,0.7314937,1
0,0.31701505,0
0,0.61030096,1
0,0.25476775,0
0,0.57058525,1
0,0.3155114,0
0,0.33077148,0
0,0.42128608,0
0,0.3429728,0
0,0.09017762,0
0,0.76986045,1
0,0.44232243,0
0,0.33870208,0
0,0.4258566,0
0,0.39421758,0
0,0.58788633,1
0,0.24958162,0
0,0.3116508,0
0,0.3117193,0
0,0.21911325,0
0,0.36477876,0
0,0.23951831,0
0,0.15867612,0
0,0.17596331,0
0,0.10766847,0
0,0.24356498,0
0,0.34516913,0
0,0.32343423,0
0,0.25325486,0
0,0.36218873,0
0,0.37666717,0
0,0.41010568,0
0,0.12074965,0
0,0.35527983,0
0,0.6169501,1
0,0.2246094,0
0,0.07902635,0
0,0.3790471,0
0,0.7601744,1
0,0.70009214,1
0,0.31762603,0
1,0.82649875,1
0,0.8461453,1
1,0.8090938,1
1,0.74900067,1
0,0.8282814,1
1,0.8142792,1
0,0.8368141,1
1,0.79321456,1
0,0.8631184,1
1,0.8186548,1
1,0.7965451,1
1,0.7916057,1
1,0.7830952,1
1,0.77110887,1
1,0.7982668,1
1,0.7697349,1
1,0.7971647,1
1,0.78129405,1
1,0.8159542,1
1,0.83655775,1
1,0.870226,1
1,0.8470139,1
0,0.8553418,1
0,0.28201553,0
0,0.3502741,0
0,0.21313927,0
0,0.3521907,0
0,0.41677025,0
0,0.30720037,0
0,0.3783368,0
0,0.31129488,0
0,0.46545574,0
0,0.36983702,0
0,0.044067115,0
0,0.108067006,0
0,0.052341096,0
0,0.04704569,0
0,0.04661215,0
0,0.04896676,0
0,0.29040602,0
0,0.38488773,0
0,0.21331604,0
0,0.21439777,0
0,0.16216949,0
0,0.45964783,0
0,0.29531795,0
0,0.19323553,0
0,0.43939483,0
0,0.31426024,0
0,0.30040172,0
0,0.20445216,0
0,0.2908882,0
1,0.8496568,1
1,0.8045711,1
1,0.8200228,1
0,0.7489493,1
1,0.7699119,1
0,0.8192771,1
1,0.73087204,1
1,0.6830225,1
0,0.80864894,1
0,0.74401814,1
1,0.74260956,1
0,0.80066764,1
1,0.73325485,1
1,0.74211854,1
1,0.6168193,1
1,0.70633495,1
1,0.79615015,1
1,0.851255,1
1,0.59130627,1
0,0.54610485,1
0,0.21478678,0
0,0.3234032,0
0,0.34942284,0
0,0.17897403,0
0,0.27583274,0
0,0.29576108,0
0,0.6513757,1
0,0.38671002,0
0,0.3026349,0
0,0.26644433,0
0,0.3227808,0
0,0.38878787,0
1,0.80646193,1
1,0.7986836,1
1,0.86240983,1
1,0.74610376,1
1,0.86483747,1
0,0.759237,1
0,0.7366244,1
1,0.7813482,1
1,0.79909486,1
1,0.78617424,1
1,0.8094063,1
1,0.82387215,1
1,0.81900764,1
1,0.92387116,1
1,0.8043976,1
0,0.7602969,1
1,0.639061,1
0,0.6933647,1
0,0.43854532,0
0,0.68563306,1
0,0.6910047,1
1,0.61140364,1
1,0.6035851,1
1,0.48200285,0
0,0.56725055,1
0,0.69055957,1
0,0.6435383,1
0,0.7023384,1
0,0.24282497,0
0,0.23038994,0
0,0.5362222,1
0,0.2051306,0
0,0.2065181,0
0,0.3554633,0
0,0.31658638,0
0,0.22635353,0
0,0.24933036,0
0,0.7751736,1
0,0.19121596,0
0,0.44355506,0
0,0.13184828,0
0,0.1112956,0
0,0.18518083,0
0,0.23146275,0
0,0.34554562,0
0,0.55926406,1
0,0.6097311,1
1,0.8100025,1
1,0.77890605,1
0,0.50496894,1
1,0.8104101,1
0,0.89067096,1
1,0.8036282,1
1,0.78429705,1
1,0.79177094,1
1,0.7325653,1
1,0.8087538,1
1,0.7948212,1
0,0.759887,1
0,0.76774466,1
1,0.7299162,1
1,0.8156108,1
1,0.8490433,1
1,0.82063526,1
1,0.81450546,1
0,0.729625,1
0,0.81256396,1
0,0.7818338,1
0,0.7190623,1
1,0.7447003,1
1,0.6524714,1
0,0.7321271,1
0,0.7226539,1
1,0.73824346,1
0,0.71637684,1
1,0.46280873,0
0,0.53786325,1
0,0.3530124,0
0,0.36549377,0
0,0.46348503,0
0,0.26042742,0
0,0.38969895,0
0,0.4505034,0
0,0.50620157,1
0,0.25352138,0
0,0.18192862,0
0,0.1279134,0
0,0.2945715,0
0,0.25263238,0
0,0.28953022,0
0,0.23828754,0
0,0.76409906,1
0,0.7289778,1
0,0.7951088,1
0,0.43078053,0
0,0.37310386,0
0,0.21046118,0
0,0.4794175,0
0,0.5567476,1
0,0.19034882,0
0,0.47017762,0
0,0.4674013,0
0,0.33129352,0
0,0.80922985,1
0,0.8033465,1
0,0.19874135,0
0,0.55184805,1
0,0.58574414,1
1,0.7139196,1
1,0.6961824,1
0,0.7692306,1
1,0.785093,1
1,0.85455763,1
1,0.75451505,1
1,0.7980392,1
1,0.84444565,1
1,0.8275216,1
1,0.81977475,1
1,0.82880443,1
1,0.74752146,1
1,0.8225092,1
1,0.8178777,1
1,0.85234773,1
0,0.79463357,1
1,0.85405636,1
1,0.8367574,1
1,0.81607056,1
1,0.79354924,1
1,0.7427549,1
0,0.8022781,1
0,0.7758828,1
1,0.8855061,1
1,0.9162564,1
1,0.8453687,1
1,0.80386287,1
0,0.5407052,1
0,0.34650457,0
0,0.36807457,0
0,0.32284057,0
0,0.15107828,0
0,0.24901742,0
0,0.31698143,0
0,0.44978282,0
0,0.29383525,0
0,0.34911862,0
0,0.39271358,0
0,0.20921826,0
0,0.26372156,0
0,0.27800345,0
0,0.79766333,1
0,0.5663307,1
1,0.5819378,1
0,0.4255088,0
0,0.39579356,0
0,0.27210248,0
0,0.38659644,0
0,0.40124103,0
0,0.31381285,0
0,0.31019232,0
0,0.3616622,0
0,0.34030357,0
0,0.3818236,0
0,0.63190067,1
0,0.59230876,1
0,0.7575381,1
1,0.7508729,1
0,0.6831466,1
0,0.57787305,1
1,0.73881036,1
0,0.38961512,0
0,0.40452975,0
0,0.33774382,0
0,0.37589574,0
0,0.2939225,0
0,0.34953305,0
0,0.3522309,0
0,0.5770912,1
0,0.30723476,0
0,0.37590232,0
0,0.13479643,0
0,0.44825992,0
0,0.28351587,0
0,0.5022702,1
0,0.4411652,0
0,0.14554681,0
0,0.12371203,0
0,0.08139313,0
0,0.17315419,0
0,0.16034737,0
0,0.18231997,0
0,0.26073465,0
0,0.23668925,0
0,0.36741146,0
0,0.39986715,0
0,0.24590753,0
0,0.41250765,0
0,0.09933281,0
0,0.27311897,0
0,0.65284926,1
0,0.3553518,0
0,0.2074888,0
0,0.32076517,0
0,0.25479114,0
0,0.32735962,0
0,0.10537642,0
0,0.28858778,0
0,0.25870115,0
0,0.13779311,0
0,0.30619627,0
0,0.35704944,0
0,0.41533327,0
1,0.48414376,0
0,0.40558589,0
1,0.4241911,0
1,0.37910837,0
0,0.2792864,0
0,0.32341596,0
0,0.34190512,0
0,0.3888598,0
0,0.2082138,0
0,0.2468788,0
0,0.37531954,0
0,0.31915593,0
0,0.4932382,0
1,0.7904829,1
1,0.30386746,0
1,0.73582923,1
1,0.7440629,1
0,0.74193794,1
0,0.73228997,1
1,0.7481293,1
1,0.8284989,1
1,0.80970705,1
1,0.80269635,1
0,0.7699282,1
1,0.8094158,1
0,0.7113207,1
1,0.6974311,1
1,0.7668581,1
1,0.74243367,1
0,0.6106337,1
1,0.7138666,1
1,0.8117491,1
1,0.7553605,1
1,0.7184847,1
0,0.70500666,1
1,0.7507406,1
1,0.79362106,1
0,0.7395943,1
1,0.7632131,1
0,0.6894763,1
1,0.7246592,1
1,0.7001449,1
1,0.79289275,1
0,0.42368105,0
0,0.18916751,0
0,0.3405225,0
1,0.4095065,0
1,0.45255274,0
0,0.25392538,0
0,0.20670393,0
0,0.5885816,1
0,0.396418,0
0,0.44238198,0
0,0.34518534,0
1,0.58950555,1
0,0.53237784,1
0,0.57889295,1
0,0.09068579,0
0,0.1860842,0
0,0.24872999,0
0,0.36954233,0
0,0.36560544,0
0,0.57573044,1
0,0.22445959,0
0,0.34433576,0
0,0.3861005,0
0,0.44735196,0
0,0.49821296,0
0,0.3166435,0
0,0.29541177,0
0,0.19313034,0
0,0.3975536,0
0,0.41832948,0
0,0.39627898,0
0,0.35169873,0
0,0.26443496,0
0,0.27193642,0
0,0.27434492,0
0,0.2189029,0
0,0.37424996,0
0,0.40575904,0
0,0.4149926,0
0,0.35836017,0
0,0.22301482,0
0,0.2311906,0
0,0.085536055,0
0,0.04617324,0
0,0.32350188,0
0,0.6952426,1
0,0.2711191,0
0,0.25928724,0
0,0.21913192,0
0,0.2735885,0
0,0.36853847,0
0,0.35103354,0
0,0.56954956,1
0,0.70398796,1
0,0.40410796,0
0,0.3696402,0
0,0.35010803,0
0,0.36827675,0
0,0.15896097,0
0,0.25847822,0
0,0.2781017,0
0,0.32711175,0
0,0.16985887,0
0,0.20127617,0
0,0.24894169,0
0,0.16197133,0
0,0.45674178,0
0,0.3034434,0
0,0.45570487,0
0,0.26001742,0
0,0.62750864,1
0,0.52871865,1
0,0.3935487,0
0,0.55834866,1
0,0.50152606,1
0,0.36156514,0
0,0.35554945,0
0,0.34694043,0
0,0.35925356,0
0,0.34373212,0
0,0.5833608,1
0,0.74704033,1
0,0.5052005,1
0,0.18902017,0
0,0.2976847,0
0,0.37225825,0
0,0.3351147,0
0,0.13781084,0
0,0.21528244,0
0,0.1367163,0
0,0.22416176,0
0,0.11083022,0
0,0.3085667,0
0,0.7985318,1
0,0.80939376,1
0,0.7587002,1
0,0.36250228,0
0,0.34049574,0
0,0.31941915,0
0,0.43206343,0
0,0.27263853,0
0,0.32279223,0
0,0.40229604,0
0,0.2836026,0
0,0.3464776,0
0,0.17017105,0
0,0.23476326,0
0,0.2824643,0
0,0.44296065,0
0,0.3717202,0
0,0.2772837,0
0,0.2504315,0
0,0.3085413,0
1,0.5904616,1
0,0.6773947,1
0,0.42720005,0
0,0.23309909,0
0,0.2336581,0
0,0.25554827,0
0,0.26229125,0
0,0.37101334,0
0,0.32986575,0
0,0.27926388,0
0,0.39016935,0
0,0.22378573,0
1,0.77077144,1
0,0.8259266,1
0,0.68152153,1
1,0.78411543,1
1,0.87966454,1
0,0.8487678,1
1,0.8286482,1
1,0.8319858,1
1,0.7829049,1
1,0.8175053,1
1,0.82490075,1
1,0.8853085,1
0,0.5009114,1
0,0.5309808,1
0,0.34973344,0
0,0.22466157,0
0,0.14162502,0
0,0.31303024,0
0,0.54962707,1
0,0.184854,0
0,0.44097513,0
0,0.3734086,0
0,0.3368913,0
0,0.1268472,0
0,0.24358389,0
0,0.33436504,0
0,0.852859,1
0,0.12910023,0
1,0.70886374,1
1,0.4028276,0
0,0.34549636,0
1,0.351298,0
0,0.6141986,1
0,0.42721516,0
0,0.21855219,0
0,0.34477118,0
0,0.19578701,0
0,0.19635911,0
0,0.46541086,0
0,0.34758812,0
0,0.38985604,0
0,0.2761684,0
0,0.488173,0
0,0.23693319,0
0,0.31091934,0
0,0.25167468,0
0,0.36154577,0
1,0.4553037,0
1,0.38940597,0
1,0.39389995,0
1,0.7425815,1
1,0.29567325,0
1,0.3290427,0
0,0.4633948,0
0,0.40991393,0
0,0.26337668,0
1,0.6419379,1
1,0.8433284,1
1,0.57604176,1
1,0.58915,1
1,0.76745147,1
1,0.71202457,1
1,0.79573786,1
1,0.7841535,1
1,0.763558,1
1,0.62333834,1
1,0.73477125,1
1,0.79984117,1
1,0.6722737,1
1,0.6597298,1
1,0.80238795,1
1,0.86942476,1
0,0.33171666,0
0,0.5695022,1
1,0.7189578,1
1,0.8739504,1
1,0.84977263,1
1,0.77879506,1
1,0.8556759,1
1,0.8239221,1
1,0.8083736,1
0,0.84949046,1
1,0.82954216,1
0,0.7016844,1
1,0.81965244,1
1,0.8652035,1
1,0.8789563,1
1,0.8202569,1
1,0.6622344,1
1,0.76728475,1
1,0.7528446,1
1,0.8068753,1
0,0.3624581,0
0,0.3143385,0
0,0.30327374,0
0,0.3270474,0
0,0.8051968,1
0,0.56937134,1
0,0.3457699,0
0,0.7712549,1
1,0.6966285,1
1,0.69802207,1
0,0.77181363,1
0,0.6431971,1
1,0.9328392,1
1,0.73911685,1
1,0.82871395,1
1,0.80393225,1
1,0.8353809,1
1,0.8472381,1
1,0.9185903,1
1,0.8405695,1
1,0.8833676,1
0,0.35044435,0
0,0.4656128,0
0,0.12343417,0
0,0.70425963,1
0,0.3320026,0
0,0.25681978,0
0,0.09470174,0
0,0.1586876,0
0,0.20223418,0
0,0.16277708,0
0,0.34344292,0
0,0.27923897,0
0,0.3289287,0
0,0.35302183,0
0,0.43596697,0
0,0.43633085,0
0,0.19862747,0
1,0.58972615,1
1,0.85099465,1
1,0.85133594,1
0,0.9016757,1
1,0.82162607,1
1,0.94861543,1
1,0.91408455,1
0,0.3273786,0
0,0.27534258,0
0,0.25834015,0
0,0.29373077,0
0,0.3949587,0
0,0.116875745,0
0,0.24095464,0
0,0.25763854,0
0,0.17376848,0
0,0.12312372,0
0,0.06546196,0
0,0.12076758,0
0,0.27513087,0
0,0.26481575,0
0,0.33363748,0
0,0.33455387,0
0,0.30928156,0
0,0.808342,1
0,0.27565417,0
0,0.08347214,0
0,0.22221911,0
0,0.19766219,0
0,0.3968246,0
0,0.27237144,0
1,0.6535369,1
1,0.6696287,1
1,0.79097056,1
1,0.5248415,1
0,0.6611721,1
1,0.657851,1
0,0.69988406,1
1,0.69442505,1
0,0.63129085,1
0,0.746816,1
1,0.7944647,1
0,0.71467364,1
1,0.68207824,1
0,0.56393,1
1,0.7207924,1
0,0.7498133,1
0,0.8198628,1
0,0.7695205,1
0,0.81175345,1
1,0.6327484,1
0,0.6168019,1
0,0.6384239,1
1,0.72438174,1
0,0.75511587,1
1,0.70249027,1
1,0.8251637,1
0,0.45771447,0
0,0.33337218,0
0,0.66527396,1
0,0.3198932,0
0,0.2455425,0
0,0.21230789,0
0,0.72017753,1
0,0.26412737,0
0,0.26427785,0
0,0.6693123,1
1,0.6264806,1
0,0.8041234,1
0,0.71491796,1
0,0.7694301,1
0,0.7381379,1
0,0.7048417,1
1,0.7000648,1
1,0.72928345,1
1,0.7883612,1
1,0.6835592,1
0,0.60522234,1
0,0.7593539,1
1,0.80095774,1
1,0.8885341,1
1,0.91250604,1
1,0.8804903,1
1,0.85954416,1
0,0.85233223,1
1,0.86548746,1
1,0.8576888,1
1,0.8497269,1
1,0.80244565,1
0,0.2420934,0
0,0.31985694,0
0,0.24824677,0
0,0.24447802,0
0,0.24617551,0
0,0.23718502,0
0,0.24271744,0
0,0.28034654,0
0,0.3146689,0
0,0.6380724,1
0,0.4176148,0
0,0.36778086,0
1,0.93467456,1
1,0.9314313,1
1,0.9325875,1
1,0.9229092,1
1,0.8700861,1
1,0.90433407,1
0,0.94449025,1
1,0.8596304,1
1,0.90268207,1
0,0.9192979,1
0,0.93259615,1
0,0.7386383,1
0,0.30376402,0
0,0.3664673,0
0,0.36396948,0
0,0.49245295,0
0,0.5490457,1
1,0.80804753,1
1,0.7831256,1
1,0.5879744,1
0,0.68316793,1
1,0.6795308,1
1,0.7708172,1
1,0.69308794,1
0,0.6789877,1
1,0.72341305,1
1,0.74366236,1
0,0.68686664,1
0,0.778386,1
1,0.76621807,1
0,0.8001988,1
1,0.77114713,1
1,0.8411242,1
0,0.19236092,0
0,0.33566928,0
0,0.34298325,0
0,0.4176943,0
0,0.30371317,0
0,0.89907116,1
1,0.7267918,1
1,0.85490364,1
1,0.7985278,1
1,0.87276036,1
1,0.84241223,1
0,0.13239715,0
0,0.16323203,0
0,0.37559488,0
0,0.3115675,0
0,0.27845612,0
0,0.60401434,1
0,0.36071408,0
0,0.19499107,0
0,0.28715724,0
1,0.8020608,1
1,0.86619943,1
1,0.86024344,1
0,0.85449666,1
1,0.8609525,1
1,0.8781323,1
1,0.87389445,1
0,0.8496825,1
1,0.78984743,1
1,0.8765236,1
1,0.8214403,1
0,0.9076003,1
1,0.86923754,1
1,0.89850605,1
1,0.9232249,1
1,0.8557184,1
0,0.82103837,1
0,0.8894022,1
1,0.89401567,1
1,0.78900397,1
1,0.798826,1
1,0.85830384,1
1,0.8899275,1
1,0.7379143,1
1,0.77222675,1
1,0.247722,0
0,0.37075344,0
0,0.38466436,0
0,0.77328813,1
0,0.3616227,0
0,0.24823005,0
0,0.34670186,0
0,0.81117094,1
0,0.4347277,0
0,0.2628803,0
0,0.39839664,0
0,0.5325144,1
0,0.2527361,0
0,0.24174424,0
0,0.43233725,0
0,0.85562456,1
0,0.70394576,1
0,0.3600073,0
1,0.43226874,0
1,0.70329267,1
1,0.72979856,1
0,0.67671216,1
1,0.72704107,1
1,0.71624327,1
1,0.81727356,1
1,0.7498421,1
1,0.81090134,1
1,0.6989951,1
0,0.42034677,0
0,0.2802425,0
0,0.3053242,0
0,0.303123,0
0,0.28084436,0
0,0.13908516,0
0,0.13807558,0
0,0.39515024,0
1,0.34862334,0
0,0.6869571,1
1,0.8021826,1
1,0.84186447,1
1,0.78428704,1
1,0.82612395,1
1,0.78882277,1
0,0.79862714,1
0,0.77971715,1
1,0.84161454,1
0,0.8136612,1
1,0.8346575,1
1,0.8492104,1
0,0.29649675,0
0,0.15284137,0
0,0.4448195,0
0,0.31630683,0
0,0.3385776,0
0,0.36014658,0
0,0.26477557,0
0,0.3197829,0
0,0.22640476,0
0,0.33923274,0
0,0.2217194,0
0,0.3068806,0
1,0.25987843,0
1,0.5099106,1
0,0.23852988,0
0,0.2799099,0
0,0.32329082,0
0,0.3742867,0
0,0.18103525,0
0,0.57443166,1
0,0.08249111,0
0,0.3082408,0
0,0.28116596,0
0,0.41796502,0
0,0.34274867,0
0,0.39134735,0
1,0.33748868,0
1,0.8908272,1
1,0.89855504,1
1,0.8006662,1
1,0.7679563,1
1,0.78195775,1
0,0.722081,1
0,0.5529944,1
0,0.49461278,0
0,0.21727863,0
0,0.26243728,0
0,0.37184423,0
0,0.2075692,0
0,0.14718314,0
0,0.09298745,0
0,0.23787758,0
0,0.30557388,0
0,0.15996082,0
0,0.35987312,0
0,0.3489514,0
0,0.16239041,0
0,0.20522878,0
0,0.62295294,1
0,0.6705005,1
0,0.50323373,1
0,0.40401334,0
0,0.3466966,0
0,0.33378243,0
0,0.23088434,0
0,0.38132197,0
0,0.32346106,0
0,0.39730665,0
0,0.39105433,0
0,0.39708403,0
0,0.5291524,1
0,0.43893233,0
0,0.8535405,1
0,0.36354315,0
0,0.36511055,0
0,0.40509722,0
0,0.36568895,0
0,0.41204986,0
0,0.48277768,0
0,0.34460726,0
0,0.30827826,0
0,0.39949375,0
0,0.3622028,0
0,0.35404894,0
0,0.23939644,0
0,0.10980239,0
0,0.34356695,0
0,0.21549265,0
0,0.2834581,0
0,0.38333175,0
0,0.23964214,0
0,0.31238866,0
0,0.43792257,0
0,0.56091297,1
0,0.25362873,0
0,0.2671362,0
0,0.8852736,1
0,0.3750064,0
0,0.224774,0
0,0.32125163,0
0,0.23367487,0
0,0.38737905,0
0,0.50475055,1
0,0.43984604,0
0,0.4171331,0
0,0.42848366,0
0,0.13715674,0
0,0.3979254,0
0,0.32254612,0
0,0.32683438,0
1,0.8257424,1
0,0.23737396,0
0,0.08180125,0
0,0.23985222,0
0,0.33161205,0
0,0.27372864,0
0,0.61624765,1
0,0.2024137,0
0,0.29954803,0
0,0.3213397,0
0,0.34708562,0
0,0.33806852,0
0,0.34190103,0
0,0.35219026,0
0,0.30088675,0
0,0.4891643,0
0,0.31237718,0
0,0.2944975,0
0,0.39664507,0
0,0.25748405,0
0,0.26774383,0
0,0.37865132,0
0,0.23697749,0
0,0.3444317,0
0,0.40362805,0
0,0.30777586,0
0,0.35103214,0
1,0.6762511,1
1,0.4925829,0
1,0.5906107,1
1,0.73963374,1
1,0.71520376,1
1,0.8356992,1
1,0.849243,1
1,0.83118,1
0,0.40003875,0
1,0.80643445,1
1,0.77074003,1
1,0.82246804,1
0,0.7742484,1
1,0.82361233,1
1,0.76835895,1
1,0.83981633,1
0,0.91061705,1
1,0.8107957,1
1,0.8463118,1
0,0.78400254,1
1,0.43085703,0
0,0.33695653,0
0,0.37128675,0
0,0.5357411,1
0,0.367071,0
0,0.40265438,0
0,0.41762766,0
0,0.68008214,1
1,0.73929596,1
1,0.90280706,1
1,0.91884357,1
1,0.83429885,1
1,0.8405472,1
1,0.7829003,1
1,0.87390566,1
0,0.49070603,0
1,0.25961182,0
0,0.40573364,0
0,0.38113177,0
0,0.26302567,0
0,0.3282077,0
0,0.31582582,0
0,0.4205925,0
0,0.4058003,0
1,0.8691679,1
0,0.77725446,1
0,0.7846293,1
1,0.7956266,1
0,0.83398956,1
1,0.8792621,1
1,0.795748,1
1,0.6745704,1
1,0.33452144,0
1,0.7925477,1
1,0.85905445,1
1,0.8445645,1
0,0.91503507,1
0,0.8988576,1
1,0.88634807,1
0,0.8156212,1
1,0.8860811,1
1,0.8300607,1
1,0.8059929,1
1,0.84065104,1
1,0.7629632,1
0,0.85914636,1
0,0.8262895,1
1,0.7014919,1
1,0.86308056,1
0,0.77505064,1
0,0.7494613,1
1,0.76853704,1
1,0.844921,1
1,0.8564784,1
1,0.80579615,1
1,0.8584694,1
1,0.8149442,1
1,0.7910369,1
1,0.82304645,1
1,0.8421087,1
1,0.85352975,1
1,0.7755058,1
1,0.73182523,1
0,0.26791418,0
0,0.4119374,0
0,0.41122618,0
1,0.43064448,0
1,0.83175975,1
1,0.41168562,0
1,0.7921756,1
1,0.8243806,1
1,0.80526376,1
1,0.76438165,1
1,0.6829707,1
1,0.72097695,1
0,0.7697116,1
1,0.72385275,1
1,0.8053941,1
1,0.78936344,1
1,0.8157267,1
1,0.7455789,1
0,0.4414084,0
1,0.69516563,1
0,0.5032432,1
1,0.82237613,1
1,0.4501762,0
0,0.45264095,0
0,0.4206962,0
1,0.5402204,1
1,0.46166244,0
1,0.41044345,0
0,0.2693732,0
0,0.23132329,0
0,0.09041975,0
0,0.18935749,0
0,0.1781063,0
0,0.3030131,0
0,0.2566148,0
1,0.31031504,0
1,0.48719978,0
0,0.26357597,0
0,0.36165804,0
0,0.10816149,0
0,0.59895927,1
0,0.40468028,0
0,0.26453367,0
0,0.3195341,0
0,0.40496615,0
0,0.38223845,0
0,0.18620673,0
0,0.37983805,0
0,0.22759081,0
0,0.63973534,1
0,0.31582,0
0,0.15671962,0
0,0.41653392,0
0,0.28757828,0
0,0.40157774,0
1,0.8812586,1
1,0.77947444,1
0,0.88274735,1
1,0.7385359,1
1,0.8704232,1
0,0.22465281,0
0,0.45119086,0
0,0.2998016,0
0,0.3758134,0
0,0.35688353,0
0,0.21282266,0
0,0.40046513,0
0,0.36030233,0
0,0.2759935,0
0,0.37435606,0
0,0.32513827,0
1,0.7718804,1
1,0.572494,1
1,0.67722833,1
1,0.84258986,1
0,0.85077256,1
0,0.86975694,1
1,0.86209273,1
0,0.8256309,1
0,0.7809325,1
1,0.81912273,1
1,0.7382569,1
0,0.89468855,1
1,0.88978726,1
1,0.8774609,1
1,0.8678602,1
0,0.8540511,1
0,0.31238806,0
0,0.5252602,1
0,0.36390448,0
0,0.31720075,0
0,0.41043884,0
0,0.35124558,0
0,0.21183583,0
0,0.2001121,0
0,0.3900895,0
0,0.33982518,0
0,0.29270914,0
1,0.75614,1
1,0.7905938,1
0,0.7811544,1
1,0.7759797,1
0,0.8101652,1
0,0.7977447,1
0,0.79847264,1
1,0.67350304,1
1,0.73587865,1
1,0.8212137,1
0,0.78768814,1
1,0.7920787,1
1,0.7937935,1
0,0.33184057,0
0,0.32959506,0
0,0.3234341,0
0,0.22641166,0
0,0.26799038,0
0,0.26327682,0
0,0.31884295,0
0,0.3226378,0
0,0.42792523,0
0,0.38056022,0
0,0.36654493,0
1,0.95001394,1
0,0.4125503,0
1,0.760651,1
0,0.15697221,0
0,0.58857125,1
1,0.7695001,1
0,0.35353234,0
0,0.3105944,0
1,0.5495593,1
0,0.56200206,1
1,0.7792588,1
1,0.7991776,1
1,0.81998587,1
0,0.4545857,0
0,0.3119949,0
0,0.37971357,0
0,0.31706256,0
0,0.39125502,0
0,0.38816288,0
0,0.371107,0
0,0.3924158,0
1,0.68143415,1
1,0.8488652,1
0,0.5559007,1
0,0.6095104,1
0,0.2646621,0
0,0.26866657,0
0,0.18931521,0
0,0.26182485,0
0,0.3056542,0
0,0.31488997,0
0,0.21606225,0
0,0.2699723,0
0,0.10957874,0
0,0.11717013,0
0,0.29351974,0
0,0.16510719,0
0,0.30428064,0
0,0.36586753,0
0,0.16043614,0
0,0.35565546,0
0,0.31591138,0
1,0.49598113,0
0,0.6847839,1
1,0.8167347,1
1,0.86248475,1
0,0.14610696,0
1,0.67063403,1
1,0.7625385,1
1,0.8102135,1
1,0.7482716,1
1,0.79695016,1
1,0.7913288,1
1,0.80196625,1
1,0.8001362,1
1,0.78380364,1
0,0.82411605,1
1,0.80670166,1
1,0.76811874,1
1,0.82748306,1
1,0.8101351,1
1,0.8632953,1
1,0.8210407,1
1,0.7736544,1
1,0.8573619,1
1,0.8262151,1
1,0.8921633,1
1,0.858419,1
0,0.862683,1
1,0.85546345,1
0,0.83184576,1
0,0.851246,1
1,0.8434038,1
1,0.8823664,1
1,0.8711106,1
1,0.8690342,1
1,0.7781129,1
1,0.86952955,1
1,0.8656774,1
0,0.88433534,1
1,0.87264824,1
1,0.7829275,1
1,0.84315693,1
1,0.7437414,1
1,0.82077,1
0,0.7895419,1
1,0.79909503,1
0,0.38227302,0
0,0.2885389,0
0,0.41622603,0
0,0.41872677,0
0,0.3856074,0
0,0.40592903,0
1,0.3359291,0
0,0.6842982,1
1,0.27073076,0
1,0.8160542,1
1,0.66402584,1
1,0.6758483,1
1,0.6830966,1
1,0.7056778,1
0,0.73886085,1
1,0.6176209,1
1,0.42436448,0
1,0.6267278,1
1,0.5982968,1
1,0.72224486,1
1,0.6537807,1
1,0.66800755,1
1,0.5521572,1
1,0.5666327,1
1,0.70351577,1
0,0.66368616,1
1,0.7217328,1
0,0.42346218,0
0,0.28503168,0
0,0.21095726,0
0,0.30796537,0
0,0.22173178,0
0,0.21590845,0
0,0.35864043,0
0,0.37613428,0
0,0.27518138,0
0,0.3285643,0
0,0.24215311,0
0,0.3695986,0
0,0.3079602,0
0,0.40322387,0
1,0.21311422,0
0,0.23497477,0
0,0.41889074,0
0,0.30685014,0
0,0.30694106,0
0,0.41329226,0
0,0.22736079,0
0,0.2014742,0
0,0.26096743,0
0,0.11980199,0
1,0.71680564,1
0,0.8404483,1
0,0.6289762,1
0,0.6614658,1
0,0.6946262,1
1,0.6072359,1
1,0.66435647,1
1,0.6461875,1
1,0.6774541,1
0,0.6355622,1
0,0.6297092,1
0,0.8308219,1
0,0.3394306,0
0,0.26789218,0
0,0.50839233,1
0,0.4129893,0
0,0.18962602,0
0,0.18024378,0
0,0.3828375,0
0,0.25673705,0
0,0.39860132,0
0,0.36913502,0
0,0.26651376,0
0,0.21960922,0
0,0.32919288,0
0,0.7692761,1
0,0.6889986,1
0,0.1751135,0
0,0.40128815,0
0,0.22834921,0
0,0.10533905,0
0,0.45120788,0
0,0.5530657,1
0,0.4693147,0
0,0.076020695,0
0,0.28524494,0
0,0.36732537,0
0,0.41064024,0
0,0.28126824,0
0,0.1388946,0
0,0.19826087,0
0,0.3350403,0
0,0.4550091,0
0,0.15954722,0
0,0.35372856,0
0,0.19652383,0
0,0.40399995,0
0,0.4264154,0
0,0.24199663,0
0,0.38238725,0
0,0.28491205,0
0,0.59970677,1
0,0.3638147,0
1,0.7446132,1
1,0.6926651,1
0,0.7320085,1
0,0.7102403,1
1,0.7795116,1
1,0.833921,1
1,0.7605655,1
1,0.7475083,1
1,0.7692948,1
1,0.7956372,1
1,0.7852952,1
0,0.81787497,1
1,0.79148424,1
0,0.6905451,1
0,0.7594623,1
1,0.79269683,1
0,0.7377323,1
0,0.8036467,1
1,0.6775186,1
0,0.77212757,1
0,0.7118238,1
0,0.43819374,0
0,0.56219774,1
0,0.37280494,0
0,0.039569963,0
0,0.42718735,0
0,0.43045443,0
0,0.35661387,0
1,0.73970485,1
1,0.7913785,1
0,0.8266736,1
1,0.52996856,1
1,0.7453892,1
1,0.7825893,1
1,0.8302162,1
1,0.78632444,1
1,0.8367707,1
0,0.4653241,0
0,0.5190904,1
0,0.21182697,0
0,0.39558944,0
0,0.2268849,0
0,0.30258206,0
0,0.46937358,0
0,0.34898597,0
0,0.39370844,0
0,0.3673885,0
0,0.37510037,0
0,0.33207232,0
0,0.29780197,0
0,0.38795412,0
0,0.4196765,0
0,0.35951778,0
0,0.3620798,0
0,0.48698246,0
0,0.42555633,0
0,0.24368931,0
0,0.39421728,0
0,0.30279878,0
0,0.39587086,0
1,0.56055355,1
1,0.49423528,0
1,0.70264685,1
0,0.8051984,1
1,0.5913875,1
0,0.7036699,1
1,0.73750895,1
1,0.7372648,1
1,0.739937,1
1,0.6645739,1
1,0.67653304,1
1,0.6254132,1
0,0.5046242,1
0,0.71772087,1
1,0.79096216,1
1,0.9008992,1
0,0.8164131,1
1,0.9641718,1
1,0.86859864,1
1,0.8867139,1
1,0.906855,1
1,0.9287848,1
1,0.8404548,1
1,0.8583945,1
1,0.8364462,1
1,0.7782035,1
1,0.8699919,1
1,0.87505966,1
1,0.89150137,1
0,0.822537,1
1,0.8884613,1
1,0.9201958,1
1,0.9209332,1
1,0.9308596,1
1,0.8659125,1
1,0.8097288,1
1,0.9071316,1
1,0.86983347,1
1,0.90874314,1
1,0.8355565,1
1,0.9005652,1
1,0.84107274,1
0,0.8913136,1
1,0.82896584,1
1,0.8107483,1
0,0.8621934,1
1,0.85279495,1
1,0.8234864,1
1,0.8456286,1
0,0.8266308,1
1,0.73584074,1
1,0.76200014,1
1,0.8115915,1
0,0.8549792,1
1,0.76291937,1
1,0.67989755,1
0,0.76551795,1
0,0.68193126,1
0,0.73484904,1
0,0.73184115,1
1,0.7970644,1
1,0.6838556,1
1,0.6694279,1
1,0.6353527,1
0,0.61286205,1
0,0.45066002,0
1,0.72652245,1
1,0.77501565,1
1,0.7890083,1
1,0.8019087,1
1,0.8098629,1
1,0.8176315,1
0,0.7854752,1
1,0.7615384,1
1,0.7899003,1
0,0.82954377,1
1,0.802381,1
1,0.81515694,1
1,0.7995028,1
1,0.8545672,1
1,0.8146104,1
0,0.8040762,1
1,0.83333033,1
0,0.83894545,1
0,0.8377931,1
0,0.8946067,1
0,0.3676122,0
0,0.17047271,0
0,0.58715487,1
0,0.32128268,0
0,0.33973226,0
0,0.35948816,0
0,0.36315465,0
0,0.65571415,1
0,0.36266014,0
0,0.48913395,0
0,0.41676933,0
0,0.34800258,0
0,0.15335158,0
0,0.40051162,0
0,0.4903811,0
0,0.60394,1
0,0.7437028,1
0,0.5755663,1
1,0.48719662,0
0,0.24736144,0
1,0.3928992,0
0,0.54102564,1
0,0.2662123,0
1,0.7608264,1
0,0.7117924,1
1,0.7993097,1
0,0.86680627,1
1,0.8198076,1
1,0.79607165,1
1,0.8050624,1
0,0.7275222,1
1,0.7169481,1
1,0.7679489,1
0,0.8115992,1
0,0.39796904,0
0,0.2762776,0
0,0.34466958,0
1,0.85143125,1
1,0.7559519,1
1,0.83542645,1
1,0.64780366,1
0,0.7680888,1
1,0.65310913,1
0,0.6727583,1
1,0.77356493,1
1,0.73652047,1
1,0.8001196,1
0,0.763992,1
1,0.7849573,1
0,0.7549098,1
1,0.752555,1
0,0.6456762,1
1,0.6846754,1
0,0.4792165,0
0,0.5496732,1
0,0.27205193,0
0,0.31549835,0
0,0.36085963,0
0,0.44095263,0
0,0.16817014,0
0,0.29156587,0
0,0.22577712,0
0,0.24782106,0
0,0.16357096,0
0,0.22287953,0
0,0.17324589,0
0,0.25556037,0
0,0.29522258,0
0,0.2772842,0
0,0.39784086,0
0,0.40658274,0
1,0.9617464,1
1,0.92587256,1
0,0.33731806,0
0,0.3510674,0
0,0.37444875,0
0,0.34379667,0
0,0.22367956,0
0,0.22917512,0
0,0.4333096,0
0,0.42192855,0
0,0.44906673,0
0,0.661405,1
0,0.19322474,0
0,0.38461462,0
0,0.38144067,0
0,0.11073012,0
0,0.40637472,0
0,0.33726063,0
0,0.52458227,1
0,0.3113327,0
0,0.81729245,1
0,0.28530535,0
0,0.15538128,0
0,0.29522455,0
0,0.33057243,0
0,0.6658067,1
0,0.19528173,0
0,0.80566376,1
1,0.6746151,1
1,0.45672062,0
1,0.6212997,1
1,0.7314038,1
1,0.6146361,1
1,0.6586671,1
0,0.71695304,1
1,0.7062471,1
1,0.6431281,1
1,0.7045098,1
1,0.67215437,1
1,0.7906499,1
0,0.8118837,1
1,0.82682675,1
1,0.7375985,1
1,0.67823064,1
0,0.7880364,1
0,0.81327474,1
1,0.7909416,1
0,0.823639,1
0,0.844054,1
0,0.86379814,1
1,0.8389411,1
0,0.89436406,1
1,0.7565292,1
1,0.8057657,1
1,0.8283937,1
1,0.87279063,1
1,0.75243264,1
1,0.7304385,1
1,0.87655944,1
1,0.7424666,1
1,0.7393642,1
1,0.78606933,1
0,0.3257577,0
0,0.14102596,0
0,0.18862325,0
0,0.23561215,0
0,0.28253707,0
0,0.35585964,0
0,0.18490277,0
0,0.27528644,0
0,0.48274168,0
0,0.47508305,0
0,0.32475197,0
0,0.23204874,0
0,0.4241966,0
0,0.36253774,0
0,0.5622524,1
0,0.397346,0
0,0.14696929,0
0,0.20204404,0
0,0.28010097,0
0,0.28168985,0
0,0.31966218,0
0,0.106447674,0
0,0.2132287,0
0,0.18398383,0
0,0.26928005,0
0,0.10595687,0
0,0.23941077,0
0,0.18981852,0
1,0.31685182,0
0,0.29914793,0
1,0.60799456,1
0,0.41919398,0
0,0.46157303,0
1,0.31680262,0
1,0.41663083,0
1,0.7457606,1
1,0.6177333,1
1,0.68103856,1
1,0.79541945,1
0,0.2101812,0
1,0.8672903,1
1,0.7505852,1
1,0.849,1
1,0.78409815,1
0,0.13519046,0
1,0.35599658,0
1,0.17411777,0
0,0.59705675,1
1,0.3971795,0
0,0.30031672,0
0,0.21813962,0
0,0.4103579,0
0,0.61955196,1
0,0.18928398,0
0,0.21470231,0
0,0.45471522,0
0,0.092799835,0
0,0.6491883,1
0,0.36505562,0
0,0.62616265,1
0,0.26727572,0
0,0.36219925,0
0,0.40461984,0
0,0.21155785,0
0,0.2269758,0
0,0.090188265,0
0,0.21193458,0
0,0.24438635,0
0,0.26265267,0
0,0.15852007,0
0,0.38981983,0
0,0.430195,0
0,0.28482273,0
0,0.3733371,0
0,0.3988122,0
0,0.54875666,1
0,0.48530695,0
0,0.44326147,0
0,0.37117556,0
0,0.28969637,0
0,0.28032783,0
0,0.5708796,1
0,0.3954681,0
0,0.09337663,0
0,0.09028773,0
0,0.30510032,0
0,0.4793509,0
1,0.5045387,1
1,0.666405,1
0,0.67081165,1
1,0.4535523,0
1,0.7027907,1
1,0.7759125,1
1,0.75407773,1
0,0.7965078,1
0,0.7945448,1
1,0.7730875,1
1,0.8086201,1
1,0.8062729,1
1,0.85373724,1
0,0.41956115,0
0,0.3877384,0
0,0.29404035,0
0,0.5912562,1
0,0.3084707,0
0,0.3705698,0
0,0.2189107,0
0,0.2620751,0
0,0.34021246,0
0,0.22270027,0
0,0.3001294,0
0,0.40308672,0
0,0.37098262,0
0,0.27979407,0
1,0.66935337,1
0,0.6858335,1
1,0.69255316,1
0,0.89636725,1
1,0.7209656,1
1,0.84881383,1
1,0.7948931,1
1,0.73597276,1
1,0.78196883,1
1,0.84663904,1
1,0.78764695,1
1,0.7654584,1
0,0.7938037,1
0,0.5353923,1
0,0.4149525,0
0,0.36606187,0
0,0.82988435,1
0,0.14409375,0
0,0.4877708,0
0,0.29480165,0
0,0.5949753,1
0,0.2842367,0
0,0.38401556,0
0,0.3262392,0
0,0.4119999,0
0,0.20298386,0
0,0.23108552,0
0,0.25590247,0
0,0.21843013,0
0,0.5929869,1
0,0.2594555,0
0,0.4157213,0
0,0.33101413,0
0,0.34160453,0
0,0.29893202,0
0,0.36444744,0
0,0.28240517,0
0,0.22968337,0
0,0.27572557,0
0,0.47234643,0
0,0.15622425,0
0,0.33423448,0
0,0.4257518,0
0,0.41807666,0
0,0.1451129,0
0,0.60155916,1
0,0.5326446,1
0,0.16303375,0
0,0.34811896,0
0,0.4981858,0
0,0.41593266,0
1,0.6253748,1
0,0.6694405,1
1,0.841966,1
1,0.7897936,1
1,0.7701093,1
1,0.8876022,1
0,0.76064754,1
1,0.86521894,1
1,0.8397792,1
1,0.8280764,1
1,0.83931595,1
0,0.61164296,1
1,0.76437783,1
0,0.5513858,1
0,0.50820327,1
1,0.8534897,1
1,0.66645753,1
1,0.8972033,1
1,0.8902821,1
1,0.8814038,1
1,0.8282101,1
1,0.93658876,1
1,0.8477707,1
1,0.87393004,1
1,0.8407359,1
1,0.7642536,1
0,0.7279783,1
1,0.6666907,1
1,0.67784786,1
1,0.7215489,1
1,0.6330952,1
1,0.6787348,1
1,0.7274363,1
0,0.73332375,1
1,0.6764638,1
1,0.7678996,1
0,0.6874063,1
0,0.7293031,1
0,0.70058095,1
0,0.7059595,1
0,0.67243004,1
1,0.7821025,1
1,0.65134466,1
0,0.6817242,1
1,0.7389556,1
1,0.711086,1
0,0.7223911,1
1,0.7219096,1
1,0.8472959,1
0,0.83812,1
0,0.7808917,1
1,0.75843924,1
1,0.83433104,1
1,0.82428026,1
1,0.8073807,1
0,0.8215206,1
0,0.23002997,0
0,0.34802073,0
0,0.33701214,0
0,0.37847257,0
0,0.32464525,0
0,0.16346294,0
0,0.27347347,0
0,0.4056088,0
0,0.1684641,0
0,0.18494353,0
0,0.29510882,0
0,0.14399628,0
0,0.13693704,0
0,0.3030327,0
0,0.2928709,0
0,0.38512692,0
0,0.501504,1
0,0.36324215,0
0,0.2854542,0
0,0.23316965,0
0,0.30598304,0
0,0.79823804,1
0,0.3971131,0
0,0.330309,0
0,0.36893618,0
0,0.22853476,0
0,0.38223606,0
0,0.36131832,0
0,0.42805803,0
0,0.29978845,0
0,0.15950142,0
0,0.1811978,0
0,0.18895905,0
0,0.21896498,0
0,0.3785868,0
0,0.45533097,0
0,0.38531938,0
0,0.22750662,0
0,0.22566643,0
0,0.5456577,1
0,0.31014717,0
0,0.34615597,0
0,0.28499547,0
0,0.14343041,0
0,0.2749823,0
0,0.360952,0
0,0.29506314,0
0,0.5130974,1
1,0.5788305,1
1,0.57943887,1
1,0.5725483,1
0,0.45463625,0
0,0.74786896,1
1,0.7817672,1
0,0.35732618,0
0,0.36558768,0
0,0.28745753,0
0,0.27618635,0
0,0.388652,0
0,0.26560014,0
0,0.8223883,1
0,0.16429177,0
0,0.25858444,0
0,0.17185344,0
0,0.04670938,0
0,0.46717364,0
0,0.467846,0
1,0.67992145,1
0,0.6609996,1
1,0.5075965,1
0,0.63957715,1
0,0.72039026,1
1,0.7376325,1
1,0.6839152,1
1,0.6993698,1
1,0.6914758,1
1,0.6011538,1
1,0.75226057,1
1,0.62047935,1
1,0.76709974,1
1,0.790348,1
0,0.5417912,1
0,0.36578166,0
0,0.39503834,0
1,0.7575119,1
1,0.70032626,1
0,0.6725737,1
0,0.6525315,1
0,0.64098907,1
0,0.25792935,0
0,0.33255586,0
0,0.35911405,0
0,0.34690303,0
0,0.3780251,0
0,0.33497646,0
0,0.35894832,0
0,0.39265135,0
1,0.85482717,1
0,0.68799096,1
0,0.7614134,1
1,0.68778616,1
1,0.5637457,1
1,0.7968703,1
1,0.7843951,1
1,0.7783663,1
1,0.855345,1
1,0.8172963,1
0,0.7838919,1
1,0.88380384,1
1,0.9427984,1
1,0.8845231,1
1,0.90817726,1
1,0.8474882,1
1,0.9182433,1
1,0.8248094,1
1,0.8213206,1
0,0.31692755,0
0,0.4348583,0
1,0.7407489,1
1,0.7123112,1
1,0.611563,1
0,0.7206393,1
1,0.32821286,0
0,0.2798219,0
0,0.47261983,0
1,0.5562478,1
0,0.40356234,0
0,0.2582072,0
0,0.5648462,1
0,0.14306071,0
0,0.16251433,0
0,0.38508347,0
0,0.45602295,0
0,0.13363092,0
0,0.36442932,0
0,0.29303667,0
0,0.27898252,0
0,0.20390739,0
0,0.38628784,0
0,0.4056632,0
0,0.42049283,0
0,0.56103027,1
0,0.4471391,0
0,0.2999573,0
0,0.30077556,0
0,0.1844915,0
1,0.29915026,0
1,0.28584483,0
0,0.3140159,0
0,0.37117222,0
0,0.29210916,0
0,0.30394754,0
1,0.31126872,0
1,0.3377387,0
1,0.4312227,0
1,0.5442218,1
1,0.71568537,1
0,0.5389899,1
1,0.33975956,0
0,0.4638713,0
0,0.39721218,0
0,0.36353514,0
0,0.31892535,0
0,0.7610388,1
0,0.22838056,0
0,0.39988118,0
0,0.3340976,0
0,0.31598803,0
0,0.041770097,0
0,0.08801876,0
0,0.3203575,0
0,0.18542677,0
0,0.35593614,0
1,0.8612609,1
0,0.42233106,0
0,0.36181828,0
0,0.14799508,0
0,0.52816993,1
0,0.36537296,0
0,0.3047801,0
0,0.12421228,0
0,0.28963795,0
0,0.28521264,0
0,0.15965834,0
0,0.31696776,0
0,0.29360092,0
0,0.5381126,1
0,0.31611145,0
0,0.2875509,0
0,0.4086249,0
0,0.33036628,0
0,0.330343,0
0,0.41116863,0
0,0.2504471,0
0,0.19111426,0
0,0.30805576,0
0,0.3182211,0
0,0.34190542,0
0,0.3643814,0
0,0.39904445,0
0,0.3311968,0
0,0.16407706,0
0,0.19324674,0
0,0.14155677,0
0,0.7857268,1
0,0.239992,0
0,0.3093582,0
0,0.1138983,0
0,0.24137126,0
0,0.38322738,0
0,0.4264117,0
0,0.35056305,0
0,0.32348272,0
0,0.30587858,0
0,0.19614618,0
0,0.27783906,0
0,0.35699856,0
0,0.47467116,0
0,0.2668891,0
0,0.11451982,0
0,0.1818984,0
0,0.32643455,0
0,0.31540632,0
0,0.22353356,0
0,0.50954956,1
0,0.22843999,0
0,0.08983167,0
0,0.26400405,0
0,0.051002618,0
0,0.1284034,0
0,0.26647848,0
0,0.35555828,0
0,0.18748724,0
0,0.3565382,0
0,0.38858476,0
0,0.18908535,0
0,0.2643941,0
0,0.3613804,0
0,0.4139403,0
0,0.31406575,0
0,0.10243849,0
0,0.34060445,0
0,0.3135423,0
1,0.30318564,0
1,0.23143177,0
0,0.2078074,0
0,0.3082526,0
0,0.47604942,0
0,0.114752576,0
0,0.2629838,0
0,0.33893475,0
0,0.38220808,0
0,0.39448544,0
0,0.3722785,0
0,0.2768906,0
0,0.24402215,0
0,0.46265015,0
0,0.42249867,0
0,0.15227422,0
0,0.2588003,0
0,0.41519067,0
0,0.2451794,0
0,0.36276278,0
0,0.39050278,0
0,0.24592684,0
0,0.27383196,0
0,0.12655199,0
0,0.28654888,0
0,0.42945668,0
0,0.30213517,0
0,0.40852618,0
0,0.2867321,0
1,0.63750964,1
1,0.6699716,1
1,0.8572193,1
1,0.78965133,1
0,0.8699383,1
0,0.86522543,1
0,0.85018337,1
1,0.9253583,1
1,0.790696,1
0,0.83861846,1
0,0.6912451,1
1,0.85221654,1
1,0.7267817,1
0,0.344531,0
1,0.33436373,0
0,0.5540384,1
1,0.8030422,1
1,0.8163887,1
1,0.74582833,1
1,0.34701142,0
0,0.5897313,1
0,0.35058457,0
0,0.28184056,0
0,0.40816617,0
0,0.31140888,0
0,0.30211586,0
0,0.3235255,0
0,0.40158924,0
0,0.24680664,0
0,0.31014025,0
0,0.18611945,0
0,0.25685942,0
0,0.22797216,0
0,0.35468626,0
0,0.6544748,1
0,0.35485825,0
0,0.26603678,0
0,0.53591835,1
0,0.27282748,0
0,0.08470307,0
0,0.05070182,0
1,0.6031588,1
1,0.8021719,1
1,0.7541884,1
1,0.7493156,1
0,0.8031048,1
1,0.750769,1
1,0.8475135,1
1,0.77319235,1
1,0.71262515,1
1,0.7321801,1
1,0.7348058,1
0,0.73354244,1
0,0.71294004,1
1,0.7594873,1
1,0.755883,1
0,0.73509204,1
0,0.81248164,1
0,0.7450858,1
0,0.7270713,1
0,0.7135573,1
1,0.16951089,0
1,0.1138098,0
0,0.14782025,0
0,0.12622315,0
0,0.189763,0
0,0.24650267,0
0,0.2169746,0
0,0.08034249,0
0,0.37877443,0
0,0.35123998,0
0,0.27528238,0
0,0.40691358,0
0,0.30473503,0
0,0.22895737,0
0,0.2632076,0
0,0.39550087,0
0,0.23212995,0
0,0.3236567,0
0,0.51071,1
0,0.23455626,0
0,0.21827425,0
1,0.6654857,1
0,0.56185836,1
1,0.777522,1
1,0.6887458,1
1,0.75946206,1
1,0.7703623,1
0,0.57252157,1
1,0.79585594,1
1,0.8729207,1
1,0.7256578,1
1,0.57052845,1
1,0.59557694,1
1,0.7665909,1
1,0.7795244,1
1,0.7304692,1
1,0.7900106,1
1,0.84829587,1
1,0.87569624,1
1,0.84976095,1
0,0.7823137,1
0,0.86137897,1
1,0.8635394,1
1,0.8489565,1
1,0.8233542,1
1,0.78313845,1
1,0.76914376,1
1,0.8473296,1
1,0.84477216,1
0,0.80695367,1
0,0.8658264,1
1,0.8339207,1
0,0.6965272,1
0,0.76456195,1
0,0.76322937,1
1,0.79560953,1
1,0.8348298,1
0,0.61721385,1
1,0.8187231,1
1,0.4722891,0
1,0.74509066,1
1,0.7428218,1
1,0.7403859,1
1,0.7900124,1
0,0.7234324,1
1,0.78008133,1
1,0.83988863,1
1,0.7634336,1
1,0.8305749,1
1,0.78794897,1
1,0.8429597,1
1,0.81292844,1
0,0.8183978,1
0,0.8474784,1
0,0.8884693,1
1,0.83539414,1
1,0.80923057,1
1,0.79481065,1
1,0.83299243,1
0,0.8553891,1
0,0.8208373,1
1,0.82095736,1
1,0.8337008,1
0,0.843145,1
0,0.17630447,0
0,0.110430904,0
0,0.3845269,0
0,0.29236406,0
0,0.5412312,1
0,0.63311565,1
0,0.39718795,0
0,0.3514815,0
0,0.2508586,0
0,0.55835485,1
0,0.80577993,1
0,0.3457531,0
0,0.20884569,0
0,0.31498003,0
0,0.94115543,1
0,0.1691318,0
0,0.18814008,0
0,0.41371706,0
0,0.5218649,1
0,0.09160331,0
0,0.45857963,0
0,0.23185693,0
0,0.38878086,0
0,0.3536619,0
0,0.2010451,0
0,0.3367081,0
0,0.39683238,0
0,0.2753815,0
0,0.46168837,0
1,0.728736,1
0,0.23973885,0
0,0.42614007,0
1,0.42464703,0
0,0.35763043,0
0,0.07687911,0
0,0.306738,0
0,0.28385463,0
0,0.319896,0
0,0.81154495,1
0,0.27344728,0
0,0.19373038,0
0,0.44717687,0
0,0.6026986,1
0,0.37824747,0
0,0.32669225,0
0,0.31026053,0
0,0.4283727,0
1,0.40538982,0
0,0.2508229,0
0,0.21402226,0
0,0.5006559,1
0,0.27581936,0
0,0.39600652,0
0,0.6846246,1
0,0.42377076,0
0,0.4148479,0
0,0.6470375,1
0,0.5382066,1
0,0.7271818,1
0,0.32565174,0
0,0.40538383,0
0,0.2747517,0
0,0.19368678,0
0,0.3484648,0
0,0.74057525,1
0,0.3980045,0
0,0.42542005,0
0,0.5577491,1
0,0.30812186,0
0,0.37193564,0
0,0.3901322,0
0,0.27816698,0
0,0.26482886,0
0,0.33729148,0
0,0.37132987,0
0,0.41277978,0
0,0.31633148,0
0,0.23872203,0
0,0.3092622,0
0,0.17307228,0
0,0.32213968,0
0,0.41164544,0
0,0.30875957,0
0,0.315064,0
0,0.3694364,0
0,0.6696161,1
0,0.20295489,0
0,0.2487242,0
0,0.30409017,0
0,0.32588145,0
0,0.7094672,1
0,0.32164755,0
0,0.33621228,0
0,0.58706117,1
0,0.2287332,0
0,0.8080536,1
0,0.22040892,0
0,0.26487893,0
0,0.17324115,0
0,0.21551244,0
0,0.24202998,0
0,0.20898363,0
0,0.3746491,0
0,0.25533468,0
0,0.3258197,0
0,0.31183687,0
0,0.21644424,0
0,0.72325027,1
0,0.2967209,0
0,0.19448814,0
0,0.3203602,0
0,0.4391712,0
0,0.36142212,0
0,0.33225146,0
0,0.11098832,0
0,0.14686376,0
0,0.21020924,0
0,0.23441447,0
0,0.32140094,0
0,0.25938094,0
0,0.07082499,0
0,0.013241368,0
0,0.046922475,0
0,0.03836803,0
0,0.11487627,0
0,0.13868073,0
0,0.020988623,0
