true_label,prob_s2efftuned,pred_s2efftuned
1,0.4111,0
1,0.3643,0
1,0.6978,1
1,0.3406,0
1,0.707,1
1,0.3843,0
1,0.3994,0
1,0.4912,0
0,0.5176,1
1,0.587,1
1,0.646,1
1,0.621,1
1,0.7583,1
1,0.6997,1
1,0.717,1
1,0.6987,1
0,0.617,1
1,0.69,1
1,0.677,1
1,0.6987,1
1,0.6484,1
1,0.679,1
0,0.6846,1
0,0.697,1
0,0.699,1
0,0.732,1
1,0.711,1
0,0.835,1
1,0.7417,1
1,0.8105,1
1,0.3079,0
1,0.06586,0
1,0.2175,0
1,0.3906,0
1,0.5654,1
1,0.566,1
1,0.4443,0
1,0.6,1
1,0.56,1
1,0.5967,1
1,0.5273,1
1,0.637,1
1,0.643,1
1,0.592,1
1,0.575,1
1,0.5283,1
0,0.5317,1
1,0.5757,1
1,0.4258,0
1,0.3452,0
1,0.4556,0
1,0.322,0
1,0.1985,0
1,0.3113,0
1,0.517,1
1,0.6343,1
1,0.7075,1
0,0.4434,0
0,0.609,1
1,0.711,1
0,0.697,1
1,0.7188,1
1,0.4983,0
0,0.5376,1
0,0.626,1
0,0.4153,0
1,0.699,1
1,0.613,1
1,0.4065,0
1,0.6357,1
1,0.6836,1
1,0.734,1
1,0.3777,0
1,0.636,1
0,0.635,1
0,0.707,1
1,0.67,1
0,0.665,1
1,0.594,1
1,0.547,1
0,0.722,1
1,0.636,1
1,0.4097,0
1,0.7114,1
1,0.6904,1
1,0.685,1
1,0.575,1
1,0.66,1
1,0.5796,1
1,0.6826,1
1,0.697,1
1,0.588,1
1,0.725,1
1,0.4453,0
1,0.5845,1
1,0.6753,1
1,0.605,1
0,0.654,1
1,0.6606,1
1,0.705,1
1,0.4507,0
0,0.5547,1
1,0.7207,1
0,0.636,1
0,0.6543,1
1,0.615,1
0,0.613,1
1,0.5986,1
1,0.6597,1
1,0.649,1
1,0.654,1
1,0.5923,1
1,0.5757,1
1,0.644,1
1,0.668,1
1,0.4778,0
1,0.3057,0
1,0.584,1
1,0.6226,1
0,0.591,1
0,0.4941,0
1,0.656,1
1,0.6064,1
1,0.2295,0
0,0.791,1
1,0.6167,1
1,0.7783,1
1,0.832,1
1,0.8623,1
1,0.759,1
1,0.771,1
1,0.571,1
1,0.769,1
1,0.7334,1
1,0.7676,1
1,0.739,1
1,0.7734,1
1,0.8,1
1,0.8296,1
1,0.8335,1
1,0.7485,1
1,0.6606,1
1,0.7114,1
1,0.72,1
1,0.7544,1
1,0.667,1
1,0.725,1
1,0.735,1
1,0.737,1
1,0.6426,1
1,0.721,1
1,0.711,1
1,0.7637,1
1,0.7305,1
1,0.7393,1
0,0.6235,1
1,0.7075,1
1,0.761,1
0,0.6963,1
1,0.756,1
1,0.742,1
1,0.7656,1
1,0.717,1
1,0.798,1
1,0.812,1
1,0.8257,1
0,0.8174,1
0,0.741,1
1,0.7036,1
1,0.3113,0
1,0.658,1
1,0.8247,1
0,0.405,0
0,0.413,0
1,0.6396,1
0,0.4246,0
0,0.6035,1
1,0.6914,1
1,0.5605,1
1,0.615,1
0,0.5225,1
0,0.6387,1
1,0.444,0
0,0.553,1
1,0.7695,1
1,0.762,1
1,0.7744,1
0,0.3132,0
0,0.684,1
1,0.7837,1
0,0.6987,1
1,0.7466,1
0,0.7905,1
1,0.8364,1
1,0.7827,1
1,0.7,1
1,0.7866,1
1,0.7627,1
1,0.8105,1
1,0.8384,1
0,0.8325,1
1,0.7383,1
0,0.7837,1
1,0.8027,1
1,0.821,1
1,0.7036,1
1,0.739,1
1,0.8135,1
0,0.7305,1
1,0.771,1
0,0.8057,1
0,0.7544,1
0,0.7856,1
0,0.8037,1
0,0.798,1
0,0.8335,1
1,0.7534,1
1,0.6895,1
1,0.8325,1
0,0.78,1
1,0.5176,1
1,0.8447,1
0,0.7817,1
1,0.697,1
1,0.682,1
1,0.7725,1
1,0.7915,1
0,0.661,1
1,0.8394,1
0,0.7563,1
1,0.8125,1
1,0.717,1
1,0.803,1
1,0.759,1
1,0.7734,1
1,0.8096,1
1,0.7744,1
0,0.768,1
1,0.8384,1
0,0.8037,1
1,0.7817,1
0,0.7783,1
1,0.7695,1
1,0.8164,1
0,0.75,1
0,0.787,1
1,0.853,1
1,0.8086,1
1,0.819,1
1,0.7925,1
1,0.809,1
0,0.7856,1
0,0.7925,1
0,0.772,1
0,0.4756,0
0,0.627,1
0,0.4336,0
0,0.5156,1
0,0.3035,0
0,0.6963,1
1,0.4888,0
0,0.632,1
0,0.6177,1
0,0.3074,0
0,0.651,1
0,0.565,1
0,0.5176,1
0,0.6396,1
0,0.2913,0
0,0.1863,0
0,0.3845,0
0,0.5093,1
0,0.3708,0
1,0.6523,1
1,0.2834,0
1,0.35,0
1,0.2524,0
0,0.5874,1
1,0.7217,1
1,0.85,1
1,0.586,1
1,0.8984,1
1,0.789,1
1,0.8594,1
1,0.7334,1
1,0.835,1
1,0.7417,1
1,0.8086,1
1,0.841,1
1,0.7754,1
1,0.758,1
0,0.8384,1
1,0.836,1
1,0.835,1
0,0.851,1
1,0.718,1
1,0.7285,1
1,0.744,1
1,0.6484,1
1,0.6094,1
1,0.7295,1
1,0.7407,1
1,0.777,1
1,0.772,1
0,0.7837,1
1,0.7646,1
1,0.72,1
0,0.7485,1
1,0.7554,1
1,0.8057,1
0,0.8823,1
1,0.793,1
1,0.4463,0
1,0.7285,1
1,0.701,1
1,0.876,1
0,0.824,1
1,0.8193,1
1,0.6455,1
1,0.719,1
0,0.8135,1
0,0.8403,1
1,0.8184,1
1,0.806,1
1,0.7305,1
0,0.711,1
0,0.7275,1
0,0.2272,0
1,0.1616,0
0,0.2595,0
0,0.0403,0
0,0.479,0
1,0.485,0
1,0.458,0
0,0.7676,1
1,0.719,1
0,0.779,1
1,0.692,1
1,0.7114,1
1,0.6577,1
1,0.7314,1
1,0.6387,1
1,0.6465,1
1,0.7417,1
1,0.6426,1
0,0.1892,0
0,0.1009,0
1,0.456,0
1,0.3833,0
1,0.576,1
1,0.5903,1
1,0.4453,0
1,0.583,1
0,0.4492,0
1,0.3994,0
0,0.3218,0
1,0.725,1
1,0.7485,1
0,0.7017,1
1,0.8003,1
1,0.784,1
0,0.5513,1
0,0.5146,1
1,0.699,1
0,0.56,1
0,0.6025,1
1,0.3635,0
1,0.3936,0
0,0.6323,1
0,0.4644,0
0,0.2908,0
1,0.552,1
1,0.5444,1
0,0.5127,1
1,0.665,1
1,0.6626,1
1,0.814,1
1,0.881,1
1,0.5913,1
1,0.5205,1
0,0.6577,1
0,0.505,1
0,0.3713,0
0,0.4456,0
0,0.4368,0
1,0.5386,1
0,0.5176,1
1,0.4355,0
0,0.4863,0
1,0.541,1
1,0.5503,1
1,0.6206,1
1,0.8145,1
0,0.7827,1
1,0.56,1
1,0.7603,1
0,0.3943,0
1,0.6636,1
1,0.7246,1
1,0.6646,1
0,0.6943,1
0,0.566,1
1,0.3135,0
0,0.6885,1
1,0.6343,1
0,0.3315,0
1,0.7905,1
1,0.838,1
1,0.7944,1
1,0.5234,1
1,0.298,0
0,0.3643,0
0,0.3948,0
1,0.8604,1
0,0.771,1
1,0.789,1
1,0.7734,1
1,0.8057,1
1,0.8496,1
1,0.8457,1
1,0.8604,1
0,0.728,1
0,0.8213,1
0,0.7373,1
1,0.6836,1
1,0.7417,1
1,0.7295,1
1,0.793,1
1,0.76,1
1,0.682,1
1,0.86,1
1,0.6826,1
1,0.6616,1
1,0.7793,1
1,0.658,1
1,0.551,1
1,0.5835,1
1,0.7695,1
1,0.602,1
1,0.5903,1
1,0.591,1
1,0.6274,1
1,0.679,1
0,0.6226,1
1,0.6904,1
1,0.546,1
1,0.6494,1
1,0.53,1
1,0.7007,1
0,0.6094,1
1,0.6323,1
1,0.5283,1
0,0.6406,1
0,0.6157,1
1,0.587,1
0,0.524,1
1,0.5967,1
1,0.447,0
0,0.5806,1
1,0.379,0
1,0.6255,1
1,0.509,1
1,0.499,0
1,0.581,1
0,0.5386,1
1,0.523,1
0,0.4023,0
0,0.634,1
1,0.4543,0
1,0.3967,0
0,0.535,1
0,0.4995,0
0,0.0993,0
0,0.3406,0
0,0.3855,0
1,0.3008,0
0,0.1074,0
0,0.448,0
0,0.5957,1
0,0.1597,0
0,0.4868,0
0,0.5796,1
0,0.7666,1
1,0.5894,1
0,0.505,1
0,0.1396,0
0,0.5938,1
0,0.505,1
1,0.694,1
1,0.2185,0
0,0.2844,0
0,0.2676,0
0,0.8,1
1,0.7837,1
0,0.7393,1
0,0.7383,1
1,0.7397,1
0,0.2903,0
0,0.2175,0
1,0.1958,0
1,0.1715,0
0,0.758,1
1,0.799,1
1,0.7256,1
0,0.76,1
1,0.7607,1
1,0.7725,1
1,0.824,1
1,0.754,1
1,0.7007,1
1,0.7188,1
0,0.753,1
1,0.777,1
1,0.6626,1
1,0.6904,1
1,0.571,1
0,0.616,1
0,0.695,1
0,0.6206,1
0,0.718,1
0,0.711,1
1,0.659,1
1,0.799,1
0,0.4429,0
1,0.3945,0
1,0.4558,0
0,0.1519,0
1,0.2378,0
1,0.4285,0
1,0.6562,1
0,0.4138,0
0,0.5225,1
1,0.7593,1
0,0.4963,0
0,0.6514,1
0,0.5713,1
0,0.6055,1
1,0.6636,1
1,0.4082,0
1,0.6387,1
1,0.6846,1
1,0.6987,1
0,0.6704,1
0,0.6895,1
0,0.6436,1
1,0.695,1
0,0.5337,1
1,0.6016,1
0,0.6987,1
0,0.659,1
0,0.699,1
1,0.629,1
1,0.6562,1
1,0.272,0
1,0.7505,1
1,0.737,1
1,0.6245,1
0,0.6704,1
1,0.603,1
0,0.6733,1
1,0.7314,1
1,0.794,1
1,0.6973,1
1,0.724,1
1,0.742,1
1,0.719,1
0,0.725,1
1,0.7773,1
0,0.632,1
0,0.6763,1
1,0.6377,1
0,0.702,1
1,0.4785,0
0,0.6753,1
1,0.875,1
0,0.6455,1
0,0.6714,1
0,0.5527,1
1,0.8726,1
1,0.8887,1
1,0.789,1
1,0.812,1
1,0.7686,1
1,0.826,1
0,0.5225,1
1,0.5728,1
1,0.4841,0
1,0.756,1
0,0.731,1
0,0.7554,1
1,0.7417,1
1,0.6753,1
0,0.7197,1
1,0.5845,1
1,0.6846,1
1,0.8613,1
0,0.8135,1
1,0.829,1
1,0.822,1
0,0.818,1
0,0.4463,0
1,0.8687,1
1,0.8237,1
1,0.805,1
1,0.829,1
0,0.742,1
0,0.8735,1
1,0.852,1
0,0.2585,0
0,0.6543,1
1,0.8906,1
1,0.8423,1
1,0.847,1
1,0.8174,1
1,0.803,1
1,0.7754,1
1,0.789,1
1,0.506,1
1,0.3562,0
1,0.855,1
1,0.639,1
1,0.575,1
0,0.8823,1
1,0.851,1
1,0.7705,1
1,0.8774,1
1,0.5083,1
1,0.7446,1
1,0.799,1
0,0.868,1
1,0.44,0
1,0.5264,1
1,0.714,1
1,0.6514,1
1,0.5913,1
0,0.2007,0
0,0.3286,0
1,0.352,0
1,0.714,1
1,0.7305,1
1,0.7974,1
1,0.8696,1
1,0.883,1
1,0.914,1
1,0.857,1
1,0.8423,1
1,0.842,1
1,0.7876,1
1,0.864,1
0,0.63,1
0,0.765,1
1,0.8022,1
1,0.847,1
1,0.7515,1
1,0.2467,0
0,0.3933,0
1,0.4355,0
1,0.678,1
1,0.8594,1
0,0.452,0
0,0.6265,1
0,0.4006,0
0,0.376,0
0,0.09283,0
0,0.1443,0
0,0.3926,0
0,0.1256,0
0,0.2156,0
0,0.352,0
0,0.3057,0
0,0.3816,0
0,0.336,0
1,0.463,0
1,0.7188,1
1,0.3137,0
0,0.10614,0
1,0.4954,0
0,0.6206,1
0,0.6304,1
0,0.541,1
1,0.458,0
1,0.6123,1
0,0.3806,0
0,0.66,1
1,0.088,0
1,0.8706,1
1,0.814,1
1,0.832,1
1,0.2913,0
0,0.2493,0
0,0.3052,0
1,0.3296,0
1,0.3674,0
0,0.3428,0
1,0.3167,0
0,0.4128,0
1,0.4622,0
1,0.4304,0
1,0.3225,0
1,0.868,1
1,0.7827,1
0,0.3638,0
0,0.522,1
0,0.441,0
0,0.3076,0
1,0.2413,0
0,0.329,0
1,0.392,0
0,0.1958,0
1,0.3452,0
1,0.3533,0
1,0.47,0
1,0.6353,1
0,0.442,0
1,0.7363,1
1,0.266,0
1,0.4292,0
0,0.6206,1
1,0.6167,1
0,0.3108,0
1,0.633,1
1,0.4348,0
1,0.5337,1
1,0.6353,1
1,0.573,1
1,0.549,1
1,0.3604,0
0,0.6104,1
1,0.6196,1
1,0.2264,0
0,0.3633,0
1,0.7495,1
1,0.751,1
1,0.8203,1
0,0.8555,1
1,0.8447,1
1,0.8857,1
1,0.723,1
1,0.5796,1
1,0.7935,1
1,0.6265,1
1,0.586,1
1,0.5073,1
1,0.4873,0
1,0.5596,1
1,0.643,1
1,0.7075,1
1,0.5312,1
0,0.3171,0
1,0.5493,1
1,0.5293,1
0,0.03366,0
0,0.1609,0
0,0.03912,0
0,0.1478,0
0,0.11755,0
1,0.6367,1
0,0.528,1
1,0.279,0
1,0.664,1
0,0.759,1
1,0.81,1
1,0.835,1
1,0.755,1
1,0.7847,1
0,0.8296,1
1,0.8105,1
0,0.7676,1
0,0.7734,1
0,0.766,1
1,0.7627,1
0,0.7305,1
1,0.561,1
1,0.755,1
0,0.782,1
1,0.715,1
1,0.747,1
0,0.7,1
0,0.7944,1
1,0.7095,1
1,0.7856,1
1,0.845,1
0,0.8276,1
1,0.868,1
1,0.8267,1
1,0.438,0
0,0.2544,0
0,0.1562,0
1,0.2474,0
0,0.2913,0
0,0.417,0
1,0.4485,0
1,0.6733,1
0,0.304,0
0,0.1366,0
1,0.776,1
0,0.589,1
1,0.2976,0
0,0.2316,0
0,0.358,0
0,0.3713,0
0,0.384,0
1,0.3052,0
0,0.3398,0
1,0.4314,0
1,0.4722,0
1,0.5938,1
1,0.8276,1
1,0.6484,1
1,0.8516,1
1,0.6934,1
1,0.6216,1
0,0.51,1
1,0.4087,0
0,0.4287,0
0,0.664,1
0,0.4617,0
0,0.5957,1
0,0.5273,1
0,0.3782,0
1,0.4778,0
1,0.6523,1
1,0.437,0
1,0.4216,0
1,0.04858,0
1,0.2842,0
1,0.3496,0
1,0.3755,0
1,0.2297,0
1,0.6973,1
1,0.4285,0
1,0.8423,1
1,0.669,1
1,0.6206,1
0,0.467,0
1,0.682,1
0,0.562,1
1,0.573,1
1,0.4622,0
0,0.532,1
0,0.727,1
1,0.823,1
0,0.8,1
0,0.853,1
0,0.715,1
1,0.757,1
1,0.68,1
0,0.3877,0
0,0.536,1
0,0.7056,1
1,0.604,1
0,0.5547,1
1,0.6187,1
0,0.573,1
0,0.5938,1
1,0.2218,0
1,0.7275,1
1,0.699,1
1,0.753,1
1,0.7373,1
1,0.7827,1
1,0.787,1
1,0.752,1
1,0.771,1
1,0.7124,1
0,0.782,1
1,0.7197,1
1,0.762,1
1,0.6816,1
1,0.728,1
1,0.7983,1
0,0.7773,1
0,0.765,1
1,0.6436,1
1,0.792,1
1,0.828,1
1,0.747,1
1,0.718,1
0,0.762,1
1,0.7227,1
1,0.7783,1
1,0.63,1
1,0.757,1
1,0.7964,1
0,0.7905,1
1,0.668,1
1,0.716,1
1,0.7314,1
0,0.7783,1
1,0.8145,1
0,0.796,1
0,0.779,1
0,0.582,1
1,0.6416,1
0,0.7417,1
0,0.8125,1
0,0.309,0
0,0.1675,0
0,0.0729,0
0,0.2788,0
1,0.02596,0
0,0.1487,0
0,0.06537,0
1,0.25,0
0,0.1582,0
0,0.252,0
1,0.5903,1
1,0.1842,0
1,0.57,1
1,0.2351,0
1,0.2612,0
0,0.2898,0
1,0.5615,1
0,0.7793,1
1,0.7896,1
1,0.781,1
1,0.663,1
1,0.6904,1
1,0.734,1
1,0.7417,1
0,0.77,1
0,0.6914,1
1,0.717,1
1,0.6953,1
1,0.808,1
0,0.623,1
1,0.656,1
1,0.6904,1
1,0.756,1
1,0.6226,1
1,0.895,1
1,0.4707,0
0,0.7324,1
1,0.756,1
1,0.6685,1
1,0.684,1
1,0.835,1
1,0.7734,1
1,0.759,1
0,0.791,1
1,0.8247,1
1,0.537,1
1,0.79,1
0,0.6934,1
1,0.797,1
1,0.803,1
0,0.8516,1
0,0.811,1
1,0.754,1
0,0.8027,1
1,0.857,1
1,0.527,1
1,0.5728,1
1,0.635,1
1,0.628,1
0,0.526,1
1,0.654,1
1,0.618,1
1,0.7515,1
1,0.5137,1
1,0.754,1
1,0.7476,1
1,0.76,1
1,0.6973,1
0,0.687,1
1,0.4163,0
0,0.568,1
1,0.4004,0
0,0.666,1
1,0.72,1
1,0.3354,0
0,0.4463,0
1,0.61,1
0,0.722,1
1,0.6846,1
0,0.798,1
1,0.595,1
1,0.7393,1
1,0.6167,1
1,0.7383,1
1,0.662,1
1,0.6143,1
1,0.553,1
1,0.651,1
0,0.5176,1
1,0.7437,1
1,0.696,1
0,0.6,1
0,0.693,1
1,0.69,1
1,0.665,1
0,0.8184,1
0,0.7515,1
1,0.7397,1
1,0.7236,1
1,0.7017,1
0,0.788,1
1,0.599,1
1,0.6465,1
1,0.771,1
1,0.7314,1
1,0.5996,1
1,0.772,1
1,0.836,1
1,0.713,1
1,0.739,1
1,0.708,1
1,0.819,1
1,0.883,1
1,0.7617,1
1,0.886,1
0,0.8267,1
1,0.784,1
1,0.846,1
0,0.8394,1
1,0.8555,1
1,0.8325,1
1,0.7935,1
1,0.7964,1
1,0.806,1
1,0.663,1
1,0.798,1
1,0.8325,1
1,0.824,1
0,0.2319,0
0,0.1946,0
0,0.1775,0
0,0.2666,0
0,0.2346,0
0,0.3816,0
1,0.5723,1
1,0.695,1
1,0.8486,1
0,0.7476,1
1,0.774,1
1,0.3418,0
1,0.756,1
1,0.544,1
0,0.707,1
0,0.516,1
1,0.4392,0
0,0.3564,0
0,0.681,1
0,0.746,1
0,0.635,1
0,0.6846,1
0,0.7764,1
1,0.815,1
0,0.8315,1
0,0.766,1
0,0.834,1
0,0.861,1
0,0.827,1
1,0.7676,1
1,0.6006,1
0,0.6753,1
0,0.5117,1
1,0.7563,1
0,0.7563,1
1,0.8506,1
0,0.8105,1
1,0.7544,1
1,0.8267,1
1,0.762,1
0,0.751,1
0,0.6665,1
0,0.2954,0
0,0.656,1
0,0.647,1
1,0.7485,1
0,0.731,1
0,0.408,0
0,0.5957,1
1,0.6235,1
1,0.4265,0
0,0.692,1
0,0.584,1
1,0.4814,0
1,0.3914,0
1,0.563,1
1,0.4429,0
0,0.829,1
1,0.842,1
0,0.807,1
0,0.793,1
0,0.8354,1
0,0.611,1
0,0.861,1
0,0.4624,0
1,0.122,0
0,0.2128,0
0,0.0612,0
1,0.3154,0
1,0.2467,0
1,0.2656,0
1,0.3787,0
1,0.2451,0
1,0.2175,0
0,0.32,0
0,0.1099,0
1,0.1178,0
0,0.1301,0
1,0.399,0
1,0.3284,0
0,0.4355,0
0,0.3865,0
0,0.4756,0
0,0.547,1
0,0.3213,0
0,0.4707,0
1,0.616,1
1,0.4534,0
0,0.3484,0
0,0.3704,0
1,0.4702,0
1,0.3484,0
1,0.3386,0
1,0.4678,0
1,0.07263,0
0,0.314,0
1,0.4812,0
0,0.378,0
0,0.533,1
0,0.3035,0
0,0.3926,0
1,0.5576,1
1,0.6953,1
1,0.765,1
1,0.846,1
1,0.785,1
1,0.7114,1
1,0.8315,1
0,0.4988,0
0,0.437,0
0,0.6416,1
0,0.778,1
0,0.663,1
1,0.724,1
1,0.682,1
1,0.765,1
1,0.815,1
1,0.824,1
1,0.8096,1
0,0.665,1
1,0.79,1
1,0.803,1
1,0.849,1
1,0.8237,1
1,0.7866,1
0,0.6943,1
1,0.591,1
1,0.771,1
1,0.698,1
1,0.735,1
1,0.7397,1
1,0.7246,1
1,0.8574,1
1,0.866,1
1,0.88,1
1,0.3625,0
0,0.6196,1
0,0.157,0
0,0.3208,0
0,0.685,1
1,0.55,1
1,0.4873,0
1,0.6494,1
1,0.6934,1
1,0.6533,1
1,0.594,1
1,0.6826,1
1,0.6104,1
1,0.2976,0
0,0.7495,1
0,0.4536,0
1,0.103,0
0,0.03073,0
0,0.01462,0
0,0.1772,0
0,0.2556,0
1,0.1359,0
1,0.3154,0
1,0.568,1
1,0.441,0
1,0.61,1
0,0.701,1
1,0.6865,1
1,0.752,1
0,0.5156,1
1,0.6294,1
1,0.0139,0
0,0.375,0
0,0.6084,1
1,0.757,1
0,0.865,1
1,0.7314,1
1,0.4626,0
0,0.6255,1
0,0.6216,1
1,0.6997,1
0,0.6,1
1,0.814,1
0,0.5405,1
0,0.3608,0
1,0.5273,1
0,0.2578,0
1,0.503,1
1,0.449,0
0,0.4255,0
1,0.3757,0
0,0.2627,0
1,0.4658,0
0,0.656,1
0,0.6035,1
0,0.6284,1
0,0.5444,1
0,0.657,1
1,0.5483,1
1,0.559,1
1,0.6514,1
0,0.5312,1
0,0.559,1
1,0.6406,1
0,0.414,0
1,0.585,1
1,0.596,1
1,0.556,1
0,0.4,0
0,0.6396,1
1,0.5415,1
1,0.546,1
0,0.5303,1
1,0.5493,1
1,0.5513,1
1,0.307,0
1,0.385,0
1,0.6577,1
1,0.785,1
0,0.749,1
0,0.622,1
0,0.716,1
1,0.3696,0
0,0.1324,0
0,0.4666,0
0,0.3853,0
1,0.1864,0
1,0.7246,1
1,0.363,0
0,0.517,1
1,0.7617,1
1,0.8276,1
0,0.6,1
1,0.856,1
0,0.609,1
1,0.7925,1
0,0.7773,1
1,0.764,1
1,0.875,1
1,0.764,1
0,0.598,1
0,0.7954,1
1,0.11316,0
0,0.0334,0
0,0.04312,0
0,0.1274,0
1,0.772,1
1,0.7817,1
0,0.7886,1
0,0.8413,1
1,0.8047,1
0,0.8325,1
1,0.756,1
1,0.776,1
0,0.8125,1
1,0.773,1
1,0.762,1
1,0.851,1
1,0.8467,1
1,0.811,1
1,0.774,1
1,0.801,1
1,0.842,1
1,0.8364,1
1,0.865,1
0,0.856,1
1,0.824,1
0,0.855,1
1,0.825,1
0,0.809,1
0,0.7725,1
1,0.822,1
0,0.768,1
0,0.8213,1
0,0.8423,1
1,0.8057,1
1,0.836,1
1,0.833,1
1,0.782,1
0,0.795,1
1,0.8203,1
1,0.806,1
0,0.8477,1
1,0.8286,1
1,0.794,1
1,0.7554,1
0,0.83,1
1,0.82,1
0,0.8354,1
1,0.7964,1
1,0.82,1
1,0.8057,1
1,0.8335,1
1,0.8345,1
1,0.8525,1
1,0.8276,1
0,0.8096,1
0,0.8164,1
1,0.8193,1
1,0.8296,1
1,0.795,1
0,0.8237,1
1,0.7964,1
1,0.7856,1
0,0.7754,1
0,0.754,1
1,0.754,1
0,0.75,1
0,0.8066,1
0,0.7993,1
0,0.768,1
1,0.7695,1
0,0.8496,1
0,0.729,1
1,0.7827,1
1,0.829,1
1,0.812,1
0,0.799,1
0,0.8267,1
0,0.808,1
0,0.854,1
1,0.7637,1
1,0.752,1
1,0.7324,1
1,0.7915,1
0,0.705,1
0,0.826,1
1,0.7656,1
1,0.786,1
1,0.7983,1
0,0.766,1
0,0.8394,1
0,0.8384,1
0,0.7603,1
1,0.8276,1
0,0.7993,1
1,0.835,1
1,0.823,1
0,0.825,1
0,0.8257,1
0,0.806,1
0,0.812,1
1,0.7676,1
1,0.727,1
1,0.7876,1
1,0.778,1
1,0.7534,1
1,0.7905,1
0,0.827,1
1,0.7456,1
1,0.8438,1
1,0.7393,1
0,0.7573,1
0,0.76,1
1,0.779,1
0,0.7783,1
1,0.8086,1
1,0.8184,1
0,0.8184,1
1,0.84,1
1,0.7085,1
0,0.8125,1
0,0.8145,1
1,0.762,1
1,0.726,1
1,0.8354,1
1,0.7515,1
0,0.792,1
0,0.8115,1
1,0.816,1
0,0.785,1
1,0.792,1
0,0.778,1
0,0.793,1
1,0.7593,1
1,0.8066,1
1,0.802,1
0,0.8125,1
0,0.755,1
0,0.752,1
0,0.763,1
0,0.7593,1
1,0.7617,1
1,0.574,1
0,0.5728,1
0,0.4956,0
0,0.526,1
0,0.2162,0
0,0.3691,0
1,0.576,1
0,0.2322,0
0,0.2235,0
1,0.675,1
1,0.7285,1
1,0.504,1
1,0.6724,1
1,0.7085,1
1,0.771,1
1,0.7144,1
1,0.777,1
1,0.7593,1
1,0.8257,1
0,0.8984,1
1,0.5957,1
1,0.799,1
0,0.8286,1
1,0.7896,1
1,0.773,1
1,0.834,1
1,0.8887,1
1,0.876,1
1,0.864,1
1,0.847,1
1,0.6685,1
1,0.7715,1
1,0.831,1
1,0.8135,1
1,0.83,1
1,0.777,1
1,0.879,1
1,0.881,1
1,0.853,1
1,0.2664,0
0,0.656,1
1,0.6475,1
0,0.618,1
1,0.369,0
1,0.652,1
0,0.6313,1
1,0.5327,1
1,0.6265,1
0,0.6455,1
0,0.6875,1
1,0.697,1
1,0.4531,0
0,0.4226,0
1,0.6196,1
1,0.4915,0
1,0.6655,1
1,0.5576,1
0,0.5713,1
1,0.7104,1
1,0.702,1
0,0.6626,1
0,0.5405,1
0,0.724,1
0,0.6646,1
1,0.732,1
1,0.6455,1
1,0.6694,1
0,0.717,1
0,0.6377,1
1,0.7397,1
0,0.742,1
1,0.747,1
1,0.701,1
1,0.765,1
1,0.8267,1
1,0.8457,1
1,0.8267,1
1,0.756,1
1,0.8438,1
1,0.5923,1
1,0.5566,1
1,0.558,1
0,0.096,0
1,0.551,1
1,0.7905,1
1,0.668,1
1,0.6924,1
1,0.7144,1
0,0.7837,1
0,0.68,1
1,0.8203,1
1,0.8164,1
1,0.712,1
1,0.234,0
1,0.4482,0
1,0.553,1
0,0.8916,1
0,0.4028,0
1,0.737,1
1,0.83,1
1,0.561,1
1,0.656,1
1,0.3757,0
0,0.788,1
0,0.7266,1
0,0.672,1
0,0.549,1
1,0.51,1
0,0.5117,1
1,0.3755,0
1,0.5674,1
0,0.643,1
1,0.5615,1
1,0.4739,0
0,0.764,1
1,0.728,1
1,0.833,1
1,0.789,1
1,0.8086,1
1,0.335,0
1,0.3684,0
0,0.4143,0
1,0.8286,1
1,0.755,1
1,0.871,1
1,0.743,1
1,0.729,1
1,0.71,1
1,0.764,1
1,0.71,1
1,0.5967,1
0,0.546,1
1,0.352,0
0,0.6875,1
1,0.677,1
1,0.812,1
0,0.838,1
1,0.771,1
1,0.6895,1
1,0.726,1
0,0.378,0
1,0.719,1
0,0.7695,1
1,0.7935,1
0,0.7163,1
1,0.782,1
1,0.8267,1
0,0.2015,0
1,0.4937,0
1,0.2413,0
1,0.486,0
0,0.39,0
0,0.3164,0
1,0.3652,0
0,0.3157,0
1,0.563,1
1,0.373,0
1,0.2947,0
1,0.3623,0
1,0.778,1
0,0.7065,1
0,0.75,1
0,0.6514,1
1,0.771,1
1,0.683,1
1,0.781,1
1,0.817,1
1,0.795,1
1,0.823,1
1,0.812,1
1,0.7373,1
1,0.778,1
1,0.7505,1
1,0.763,1
0,0.695,1
1,0.6987,1
0,0.6807,1
1,0.775,1
1,0.7886,1
1,0.791,1
1,0.69,1
1,0.658,1
1,0.7583,1
1,0.768,1
1,0.7075,1
1,0.3428,0
1,0.783,1
1,0.7876,1
0,0.69,1
0,0.7656,1
1,0.6553,1
0,0.8125,1
1,0.7695,1
1,0.789,1
1,0.7944,1
1,0.7266,1
1,0.7373,1
1,0.747,1
1,0.743,1
0,0.705,1
1,0.7456,1
0,0.748,1
1,0.749,1
1,0.728,1
1,0.7173,1
0,0.793,1
0,0.755,1
1,0.77,1
1,0.733,1
1,0.7866,1
1,0.802,1
1,0.776,1
0,0.81,1
1,0.7476,1
0,0.627,1
0,0.6904,1
0,0.7666,1
0,0.3257,0
0,0.4163,0
1,0.5996,1
1,0.5586,1
1,0.6045,1
1,0.6914,1
1,0.704,1
1,0.566,1
1,0.7124,1
1,0.3247,0
1,0.7305,1
0,0.698,1
1,0.6323,1
1,0.545,1
1,0.5767,1
0,0.5425,1
0,0.662,1
1,0.7534,1
1,0.7056,1
1,0.728,1
0,0.7246,1
1,0.638,1
1,0.6836,1
0,0.755,1
1,0.7095,1
1,0.8516,1
1,0.7886,1
1,0.7656,1
1,0.881,1
1,0.804,1
1,0.742,1
1,0.7637,1
1,0.7812,1
0,0.84,1
0,0.8027,1
0,0.729,1
1,0.7817,1
1,0.834,1
1,0.809,1
1,0.863,1
1,0.774,1
1,0.827,1
1,0.8203,1
1,0.857,1
1,0.7817,1
1,0.792,1
1,0.806,1
1,0.852,1
1,0.7554,1
1,0.757,1
1,0.7305,1
1,0.7646,1
1,0.7954,1
1,0.8247,1
0,0.808,1
1,0.7954,1
1,0.764,1
1,0.815,1
1,0.67,1
1,0.744,1
0,0.7026,1
0,0.707,1
1,0.7056,1
1,0.827,1
1,0.7915,1
1,0.7837,1
1,0.7026,1
0,0.7354,1
1,0.741,1
1,0.644,1
1,0.4355,0
1,0.775,1
0,0.7466,1
0,0.7227,1
0,0.6763,1
1,0.6636,1
0,0.1439,0
1,0.566,1
0,0.3572,0
0,0.27,0
0,0.02635,0
0,0.0862,0
0,0.0724,0
0,0.4949,0
0,0.2576,0
1,0.5967,1
1,0.2856,0
0,0.02937,0
0,0.04578,0
1,0.613,1
1,0.746,1
1,0.624,1
0,0.6987,1
0,0.621,1
0,0.762,1
1,0.757,1
1,0.5737,1
0,0.483,0
1,0.588,1
1,0.6416,1
1,0.6216,1
0,0.781,1
0,0.84,1
0,0.7583,1
1,0.7646,1
0,0.8335,1
1,0.7847,1
0,0.724,1
1,0.786,1
1,0.7495,1
1,0.715,1
1,0.7095,1
1,0.797,1
1,0.7983,1
1,0.8525,1
0,0.8154,1
1,0.6924,1
1,0.703,1
1,0.786,1
1,0.775,1
1,0.7983,1
1,0.753,1
0,0.8047,1
0,0.7593,1
1,0.781,1
1,0.7373,1
1,0.839,1
0,0.7817,1
1,0.825,1
1,0.786,1
1,0.796,1
0,0.819,1
1,0.829,1
1,0.763,1
1,0.7285,1
0,0.7954,1
1,0.8223,1
0,0.657,1
0,0.5566,1
1,0.742,1
0,0.8315,1
1,0.8057,1
1,0.8037,1
1,0.7993,1
1,0.8364,1
1,0.66,1
0,0.7603,1
0,0.8677,1
0,0.785,1
0,0.82,1
1,0.8394,1
0,0.8564,1
0,0.8,1
1,0.7656,1
0,0.7837,1
0,0.7944,1
1,0.817,1
0,0.839,1
1,0.7773,1
0,0.8154,1
0,0.7285,1
0,0.6064,1
0,0.738,1
1,0.7944,1
0,0.7686,1
1,0.854,1
1,0.8086,1
1,0.8535,1
1,0.739,1
1,0.8037,1
1,0.7944,1
1,0.7217,1
0,0.6846,1
0,0.6973,1
1,0.7856,1
1,0.7515,1
0,0.6562,1
1,0.7866,1
0,0.774,1
1,0.8096,1
0,0.0248,0
1,0.6626,1
1,0.69,1
0,0.6733,1
0,0.5684,1
0,0.04932,0
0,0.335,0
1,0.6597,1
1,0.6567,1
0,0.399,0
0,0.322,0
0,0.337,0
0,0.3647,0
0,0.1467,0
1,0.1735,0
0,0.09686,0
0,0.3572,0
0,0.3535,0
1,0.1907,0
1,0.243,0
1,0.6206,1
0,0.684,1
1,0.7075,1
1,0.6567,1
1,0.546,1
1,0.3875,0
0,0.6094,1
0,0.3035,0
0,0.3765,0
0,0.7046,1
1,0.6895,1
0,0.03928,0
0,0.2756,0
1,0.667,1
1,0.7734,1
1,0.779,1
1,0.7666,1
1,0.6733,1
0,0.01029,0
0,0.02065,0
0,0.4468,0
0,0.4563,0
0,0.367,0
0,0.563,1
1,0.4595,0
0,0.5273,1
1,0.509,1
0,0.378,0
1,0.4592,0
1,0.404,0
0,0.4788,0
0,0.4573,0
1,0.5474,1
1,0.4944,0
0,0.3926,0
1,0.4175,0
1,0.7534,1
1,0.771,1
0,0.723,1
1,0.7734,1
1,0.6562,1
1,0.6587,1
0,0.3445,0
0,0.2588,0
1,0.2737,0
1,0.505,1
1,0.7,1
1,0.7715,1
1,0.706,1
0,0.561,1
1,0.841,1
0,0.4048,0
0,0.3691,0
1,0.545,1
1,0.619,1
1,0.4983,0
1,0.8057,1
1,0.5767,1
1,0.6675,1
0,0.7334,1
0,0.827,1
0,0.852,1
0,0.885,1
1,0.877,1
1,0.8633,1
1,0.8413,1
1,0.738,1
1,0.822,1
1,0.4783,0
1,0.4336,0
1,0.7954,1
0,0.717,1
0,0.09753,0
0,0.605,1
0,0.1844,0
0,0.7793,1
1,0.726,1
0,0.6685,1
0,0.601,1
0,0.722,1
1,0.4907,0
0,0.643,1
1,0.87,1
0,0.6025,1
0,0.563,1
0,0.64,1
1,0.7437,1
0,0.685,1
0,0.5884,1
0,0.6206,1
0,0.7324,1
1,0.469,0
0,0.791,1
1,0.681,1
1,0.4492,0
0,0.2983,0
0,0.6167,1
0,0.68,1
0,0.5674,1
1,0.5464,1
1,0.488,0
1,0.8057,1
1,0.61,1
1,0.68,1
0,0.3943,0
1,0.7993,1
0,0.3809,0
0,0.6616,1
0,0.408,0
0,0.533,1
1,0.576,1
1,0.6816,1
0,0.6875,1
1,0.7056,1
1,0.681,1
1,0.526,1
1,0.4932,0
1,0.5703,1
0,0.45,0
1,0.5254,1
1,0.4543,0
0,0.462,0
0,0.4766,0
1,0.5166,1
1,0.542,1
1,0.615,1
1,0.6885,1
1,0.7183,1
0,0.1225,0
1,0.2588,0
1,0.518,1
1,0.3079,0
0,0.09283,0
1,0.4846,0
1,0.6377,1
1,0.708,1
1,0.6147,1
1,0.6934,1
0,0.8887,1
0,0.88,1
1,0.838,1
1,0.92,1
1,0.88,1
1,0.89,1
1,0.841,1
1,0.842,1
1,0.8735,1
1,0.7617,1
1,0.8335,1
1,0.7817,1
1,0.745,1
1,0.746,1
1,0.6685,1
0,0.7407,1
0,0.689,1
1,0.791,1
1,0.76,1
1,0.84,1
1,0.864,1
1,0.8403,1
1,0.7183,1
1,0.699,1
1,0.821,1
1,0.743,1
0,0.818,1
0,0.7476,1
1,0.187,0
0,0.328,0
0,0.3699,0
0,0.1562,0
0,0.1726,0
1,0.2485,0
0,0.4106,0
0,0.01602,0
0,0.01678,0
0,0.118,0
1,0.2238,0
1,0.01659,0
0,0.2786,0
0,0.3262,0
1,0.3015,0
0,0.3167,0
0,0.442,0
1,0.2747,0
0,0.4468,0
0,0.2761,0
0,0.801,1
0,0.642,1
0,0.794,1
1,0.672,1
1,0.8154,1
1,0.8193,1
1,0.8154,1
1,0.768,1
1,0.837,1
0,0.359,0
1,0.709,1
1,0.798,1
1,0.6724,1
1,0.822,1
1,0.701,1
1,0.6626,1
1,0.87,1
1,0.8794,1
1,0.8237,1
1,0.3777,0
1,0.5015,1
1,0.561,1
1,0.8315,1
1,0.827,1
1,0.4668,0
1,0.7715,1
1,0.778,1
0,0.5376,1
1,0.764,1
1,0.721,1
0,0.829,1
1,0.7515,1
0,0.7734,1
0,0.3604,0
1,0.8564,1
1,0.86,1
0,0.7773,1
0,0.849,1
0,0.7793,1
0,0.604,1
0,0.616,1
1,0.5815,1
1,0.6895,1
1,0.83,1
1,0.7627,1
1,0.6177,1
0,0.5625,1
0,0.4946,0
1,0.4126,0
0,0.2417,0
0,0.1097,0
0,0.2869,0
0,0.2659,0
1,0.7544,1
1,0.7676,1
1,0.7046,1
0,0.7646,1
1,0.76,1
1,0.706,1
1,0.7563,1
0,0.7163,1
0,0.7217,1
0,0.659,1
1,0.497,0
1,0.6445,1
1,0.745,1
1,0.6064,1
1,0.682,1
1,0.7275,1
1,0.698,1
1,0.697,1
1,0.6904,1
1,0.624,1
1,0.718,1
1,0.6284,1
0,0.5845,1
0,0.5825,1
1,0.6753,1
0,0.6084,1
0,0.6094,1
1,0.6265,1
0,0.4836,0
0,0.6294,1
0,0.6265,1
0,0.566,1
1,0.708,1
0,0.6045,1
1,0.734,1
0,0.729,1
1,0.7656,1
1,0.718,1
0,0.7285,1
1,0.765,1
1,0.824,1
0,0.7944,1
1,0.8203,1
1,0.716,1
1,0.6816,1
1,0.7603,1
1,0.755,1
1,0.674,1
0,0.71,1
0,0.701,1
0,0.7905,1
0,0.6626,1
0,0.7593,1
0,0.6655,1
1,0.654,1
1,0.734,1
1,0.6465,1
1,0.58,1
1,0.5835,1
0,0.6304,1
1,0.3904,0
1,0.521,1
0,0.6235,1
1,0.652,1
1,0.5947,1
1,0.7285,1
1,0.682,1
1,0.711,1
1,0.7646,1
1,0.729,1
1,0.684,1
1,0.716,1
1,0.833,1
1,0.799,1
0,0.7705,1
1,0.807,1
1,0.75,1
0,0.7314,1
1,0.8135,1
1,0.7217,1
1,0.733,1
1,0.832,1
0,0.762,1
0,0.10144,0
0,0.12085,0
1,0.4133,0
0,0.5864,1
1,0.8535,1
1,0.333,0
1,0.3022,0
1,0.03162,0
1,0.526,1
1,0.3076,0
0,0.1727,0
0,0.1913,0
0,0.583,1
1,0.6562,1
0,0.5146,1
0,0.5327,1
0,0.1263,0
1,0.4868,0
1,0.4,0
0,0.4517,0
0,0.7173,1
0,0.5933,1
0,0.5312,1
0,0.5356,1
0,0.4968,0
0,0.2368,0
1,0.7236,1
1,0.6323,1
1,0.328,0
1,0.562,1
1,0.5767,1
1,0.7266,1
1,0.65,1
1,0.2622,0
0,0.4812,0
0,0.3677,0
1,0.678,1
1,0.737,1
1,0.752,1
1,0.4065,0
1,0.382,0
0,0.0205,0
1,0.3708,0
1,0.6226,1
0,0.0225,0
0,0.0263,0
1,0.565,1
1,0.0539,0
0,0.1976,0
1,0.2473,0
1,0.431,0
1,0.689,1
0,0.1625,0
0,0.1584,0
0,0.3066,0
1,0.8247,1
0,0.769,1
0,0.7573,1
0,0.796,1
1,0.77,1
1,0.7163,1
1,0.774,1
1,0.4907,0
1,0.8306,1
1,0.749,1
1,0.767,1
0,0.755,1
1,0.733,1
0,0.724,1
1,0.7583,1
1,0.8228,1
1,0.682,1
0,0.734,1
1,0.566,1
0,0.3435,0
1,0.611,1
0,0.645,1
1,0.6777,1
1,0.5586,1
1,0.8276,1
0,0.7095,1
1,0.7886,1
1,0.8745,1
1,0.8403,1
0,0.8457,1
0,0.89,1
0,0.543,1
1,0.7236,1
0,0.7495,1
0,0.3538,0
0,0.775,1
0,0.719,1
1,0.7085,1
0,0.635,1
1,0.3286,0
0,0.5376,1
1,0.2048,0
1,0.7856,1
1,0.8135,1
0,0.686,1
1,0.7,1
0,0.579,1
1,0.6196,1
1,0.7573,1
0,0.5396,1
0,0.871,1
1,0.843,1
1,0.8984,1
1,0.788,1
1,0.8647,1
1,0.7637,1
1,0.852,1
1,0.862,1
1,0.8457,1
1,0.8833,1
1,0.849,1
1,0.882,1
1,0.8677,1
1,0.835,1
1,0.823,1
1,0.816,1
1,0.8823,1
1,0.8506,1
1,0.755,1
1,0.75,1
1,0.8066,1
1,0.8125,1
1,0.7905,1
1,0.8286,1
1,0.8228,1
1,0.7983,1
0,0.465,0
0,0.5166,1
1,0.4844,0
0,0.4023,0
0,0.347,0
0,0.3882,0
0,0.41,0
1,0.5054,1
0,0.621,1
0,0.506,1
0,0.4116,0
0,0.312,0
0,0.2637,0
0,0.2101,0
0,0.1473,0
1,0.1703,0
1,0.249,0
1,0.4385,0
0,0.794,1
0,0.4465,0
1,0.674,1
1,0.8125,1
1,0.895,1
1,0.742,1
1,0.772,1
1,0.8013,1
1,0.5557,1
1,0.71,1
0,0.5903,1
0,0.4666,0
1,0.638,1
1,0.621,1
0,0.6577,1
1,0.501,1
1,0.611,1
1,0.7207,1
0,0.6562,1
1,0.604,1
1,0.871,1
1,0.8447,1
1,0.8413,1
0,0.3162,0
1,0.783,1
1,0.7954,1
0,0.8447,1
1,0.834,1
1,0.737,1
1,0.649,1
1,0.859,1
0,0.7817,1
0,0.741,1
0,0.6416,1
1,0.767,1
1,0.946,1
0,0.663,1
1,0.7417,1
1,0.7515,1
1,0.759,1
1,0.6436,1
0,0.7837,1
1,0.7603,1
1,0.651,1
0,0.7104,1
1,0.839,1
1,0.8125,1
1,0.3,0
0,0.437,0
1,0.7183,1
1,0.399,0
1,0.04724,0
0,0.2157,0
0,0.1516,0
0,0.0629,0
0,0.7144,1
0,0.387,0
1,0.2815,0
1,0.577,1
1,0.7256,1
1,0.7104,1
1,0.504,1
1,0.793,1
1,0.8,1
1,0.7563,1
1,0.862,1
1,0.7886,1
1,0.832,1
1,0.734,1
1,0.7036,1
1,0.8022,1
0,0.7524,1
1,0.8027,1
1,0.7856,1
0,0.628,1
1,0.695,1
1,0.727,1
1,0.6455,1
1,0.7026,1
0,0.7617,1
1,0.675,1
1,0.4163,0
1,0.5786,1
1,0.5366,1
0,0.6836,1
1,0.5693,1
0,0.515,1
1,0.562,1
1,0.2327,0
1,0.6416,1
1,0.3901,0
1,0.3223,0
0,0.535,1
1,0.3904,0
1,0.712,1
1,0.3494,0
1,0.5654,1
1,0.3235,0
1,0.4006,0
1,0.3335,0
0,0.263,0
0,0.357,0
0,0.3628,0
0,0.283,0
1,0.5835,1
1,0.28,0
0,0.178,0
0,0.156,0
0,0.1663,0
0,0.1443,0
0,0.259,0
0,0.1744,0
1,0.3972,0
1,0.5396,1
1,0.3643,0
1,0.212,0
1,0.629,1
0,0.0703,0
1,0.2473,0
0,0.1186,0
0,0.264,0
0,0.3215,0
1,0.2786,0
0,0.516,1
1,0.7456,1
1,0.854,1
1,0.861,1
1,0.6636,1
1,0.8506,1
0,0.1887,0
0,0.697,1
1,0.617,1
1,0.859,1
1,0.8945,1
1,0.6396,1
1,0.786,1
1,0.686,1
1,0.6685,1
1,0.731,1
1,0.8135,1
0,0.775,1
1,0.6865,1
0,0.591,1
1,0.813,1
1,0.4712,0
0,0.7563,1
1,0.8003,1
0,0.7446,1
0,0.836,1
0,0.833,1
1,0.06995,0
1,0.8047,1
0,0.8726,1
1,0.748,1
1,0.8584,1
0,0.8535,1
1,0.8457,1
1,0.854,1
0,0.3875,0
0,0.3403,0
0,0.6377,1
0,0.6157,1
0,0.5874,1
1,0.3958,0
1,0.433,0
0,0.4463,0
1,0.3936,0
0,0.4502,0
1,0.1431,0
1,0.1445,0
1,0.3833,0
0,0.4207,0
0,0.642,1
1,0.7554,1
1,0.7095,1
1,0.695,1
1,0.676,1
1,0.7046,1
1,0.6475,1
0,0.3032,0
1,0.1836,0
0,0.658,1
0,0.6934,1
0,0.3545,0
1,0.7905,1
0,0.632,1
1,0.6885,1
1,0.8135,1
1,0.703,1
1,0.7627,1
1,0.622,1
1,0.7856,1
1,0.6973,1
1,0.7515,1
1,0.856,1
1,0.7505,1
1,0.763,1
1,0.815,1
1,0.8213,1
1,0.782,1
1,0.7646,1
0,0.76,1
1,0.7646,1
1,0.8647,1
1,0.804,1
1,0.8037,1
1,0.8276,1
0,0.651,1
0,0.639,1
0,0.3196,0
0,0.3062,0
1,0.533,1
1,0.6924,1
1,0.6846,1
0,0.2544,0
0,0.278,0
0,0.4841,0
0,0.3677,0
0,0.3704,0
0,0.7144,1
1,0.819,1
1,0.6465,1
0,0.658,1
0,0.633,1
0,0.8237,1
1,0.11633,0
0,0.2668,0
0,0.1707,0
0,0.2563,0
1,0.2094,0
0,0.2434,0
0,0.419,0
0,0.5566,1
1,0.66,1
1,0.6245,1
0,0.3179,0
1,0.8247,1
1,0.2751,0
0,0.2347,0
1,0.3105,0
1,0.362,0
1,0.3696,0
1,0.1929,0
0,0.5166,1
0,0.3877,0
1,0.269,0
0,0.3086,0
0,0.4521,0
0,0.376,0
0,0.672,1
1,0.349,0
0,0.292,0
1,0.452,0
0,0.1903,0
0,0.2937,0
0,0.1315,0
1,0.3606,0
0,0.496,0
1,0.1032,0
0,0.1144,0
1,0.1866,0
0,0.1962,0
1,0.1664,0
1,0.469,0
1,0.348,0
0,0.2888,0
1,0.58,1
0,0.1174,0
0,0.4023,0
1,0.542,1
0,0.2194,0
0,0.3462,0
0,0.369,0
1,0.4492,0
0,0.0895,0
0,0.08466,0
1,0.593,1
1,0.6562,1
1,0.687,1
1,0.3074,0
1,0.2059,0
0,0.411,0
0,0.2874,0
1,0.62,1
0,0.2646,0
1,0.871,1
1,0.852,1
1,0.8276,1
1,0.794,1
1,0.689,1
1,0.8267,1
0,0.8364,1
1,0.8257,1
1,0.8174,1
1,0.8276,1
0,0.827,1
1,0.8496,1
1,0.853,1
1,0.799,1
0,0.879,1
0,0.7812,1
0,0.786,1
0,0.838,1
1,0.857,1
1,0.799,1
1,0.5933,1
1,0.6494,1
1,0.7397,1
1,0.6484,1
1,0.645,1
1,0.706,1
1,0.783,1
1,0.7886,1
0,0.598,1
1,0.7676,1
1,0.7354,1
1,0.644,1
0,0.7075,1
1,0.7295,1
1,0.7056,1
1,0.7217,1
1,0.8057,1
1,0.7974,1
1,0.7583,1
1,0.7236,1
1,0.7363,1
1,0.744,1
1,0.741,1
1,0.7285,1
1,0.782,1
1,0.8306,1
1,0.8003,1
1,0.8516,1
1,0.767,1
1,0.78,1
1,0.774,1
1,0.799,1
1,0.7134,1
1,0.7393,1
1,0.7603,1
1,0.759,1
1,0.726,1
1,0.769,1
1,0.7466,1
1,0.7915,1
1,0.745,1
1,0.804,1
0,0.769,1
1,0.7744,1
1,0.723,1
1,0.6533,1
1,0.7275,1
1,0.7505,1
1,0.7183,1
1,0.7607,1
1,0.7505,1
1,0.811,1
0,0.2566,0
1,0.8354,1
1,0.79,1
0,0.629,1
0,0.6265,1
0,0.58,1
1,0.571,1
0,0.6177,1
0,0.3862,0
1,0.7104,1
1,0.513,1
1,0.645,1
1,0.5654,1
1,0.749,1
0,0.599,1
1,0.6655,1
1,0.664,1
0,0.7124,1
1,0.7383,1
1,0.549,1
1,0.597,1
1,0.6074,1
1,0.5786,1
0,0.10175,0
1,0.1506,0
0,0.5884,1
1,0.1833,0
1,0.0442,0
1,0.2123,0
1,0.6567,1
1,0.798,1
1,0.451,0
1,0.1704,0
0,0.2113,0
1,0.222,0
1,0.2786,0
0,0.452,0
1,0.1266,0
1,0.4072,0
0,0.1954,0
0,0.0621,0
1,0.06097,0
0,0.2069,0
1,0.5156,1
1,0.7285,1
1,0.5776,1
0,0.683,1
1,0.377,0
1,0.4812,0
1,0.4824,0
1,0.3992,0
0,0.5146,1
0,0.3704,0
1,0.454,0
1,0.416,0
1,0.695,1
1,0.5522,1
0,0.586,1
1,0.584,1
0,0.3406,0
0,0.622,1
0,0.6396,1
0,0.54,1
0,0.453,0
0,0.1974,0
1,0.6245,1
1,0.6904,1
0,0.8027,1
0,0.498,0
1,0.3848,0
0,0.3699,0
1,0.3123,0
1,0.8623,1
1,0.624,1
1,0.3027,0
1,0.1974,0
1,0.3662,0
0,0.399,0
1,0.395,0
1,0.4604,0
1,0.5664,1
1,0.1785,0
1,0.499,0
1,0.2394,0
0,0.5933,1
1,0.2114,0
1,0.3333,0
0,0.2301,0
0,0.2966,0
1,0.638,1
1,0.317,0
0,0.505,1
0,0.484,0
1,0.3655,0
0,0.06165,0
0,0.4026,0
1,0.4282,0
1,0.3823,0
1,0.7827,1
1,0.727,1
1,0.67,1
1,0.5396,1
1,0.5146,1
0,0.4539,0
1,0.606,1
0,0.599,1
1,0.4941,0
1,0.5444,1
1,0.6177,1
1,0.7095,1
1,0.8047,1
1,0.797,1
1,0.7344,1
0,0.5903,1
0,0.5693,1
1,0.573,1
1,0.708,1
1,0.649,1
1,0.7754,1
1,0.7437,1
1,0.7334,1
1,0.8335,1
0,0.484,0
0,0.7617,1
1,0.4724,0
1,0.375,0
0,0.5156,1
1,0.4717,0
1,0.507,1
1,0.4443,0
0,0.5967,1
1,0.554,1
1,0.4634,0
0,0.3298,0
1,0.4927,0
0,0.0379,0
1,0.06464,0
1,0.274,0
1,0.0656,0
1,0.10126,0
1,0.1653,0
0,0.2693,0
0,0.2181,0
0,0.2272,0
0,0.76,1
1,0.776,1
0,0.7886,1
0,0.71,1
1,0.2776,0
1,0.0643,0
0,0.706,1
0,0.6104,1
0,0.286,0
1,0.0801,0
0,0.5713,1
1,0.711,1
1,0.755,1
1,0.2742,0
1,0.523,1
1,0.5796,1
1,0.5127,1
1,0.521,1
1,0.5225,1
1,0.697,1
0,0.817,1
1,0.7646,1
1,0.751,1
0,0.7905,1
0,0.57,1
0,0.688,1
1,0.764,1
1,0.5483,1
1,0.6177,1
1,0.783,1
1,0.758,1
0,0.7944,1
0,0.5527,1
1,0.4133,0
1,0.5166,1
1,0.3696,0
0,0.06244,0
0,0.1425,0
0,0.2737,0
1,0.04895,0
0,0.1099,0
0,0.04178,0
0,0.158,0
0,0.2051,0
1,0.8403,1
1,0.5283,1
1,0.3157,0
1,0.561,1
1,0.5107,1
0,0.614,1
0,0.5234,1
1,0.553,1
0,0.5444,1
1,0.4558,0
0,0.10706,0
1,0.639,1
0,0.1478,0
1,0.02428,0
0,0.2913,0
0,0.1282,0
0,0.615,1
1,0.3552,0
0,0.199,0
1,0.6924,1
1,0.5454,1
0,0.1458,0
0,0.705,1
1,0.556,1
1,0.38,0
0,0.6196,1
0,0.5347,1
0,0.4602,0
0,0.571,1
0,0.2352,0
0,0.503,1
1,0.4937,0
1,0.616,1
1,0.5605,1
1,0.769,1
1,0.612,1
1,0.7397,1
1,0.723,1
1,0.6284,1
0,0.6265,1
1,0.4802,0
1,0.496,0
0,0.1959,0
0,0.199,0
0,0.2903,0
1,0.405,0
1,0.3396,0
0,0.4937,0
0,0.03156,0
0,0.09125,0
0,0.04877,0
0,0.1943,0
0,0.03812,0
1,0.2135,0
1,0.3518,0
0,0.28,0
0,0.2512,0
0,0.02254,0
0,0.1267,0
0,0.03397,0
0,0.0644,0
0,0.1725,0
0,0.2367,0
0,0.439,0
1,0.4104,0
0,0.2712,0
0,0.02733,0
0,0.10394,0
1,0.0914,0
1,0.3289,0
1,0.2075,0
1,0.6235,1
1,0.7026,1
1,0.789,1
1,0.7974,1
0,0.7925,1
0,0.7754,1
0,0.799,1
0,0.7188,1
0,0.828,1
0,0.866,1
1,0.742,1
1,0.7383,1
1,0.8525,1
1,0.8096,1
1,0.828,1
1,0.8237,1
0,0.8887,1
1,0.861,1
0,0.8794,1
1,0.8516,1
1,0.8877,1
1,0.88,1
1,0.806,1
0,0.6284,1
1,0.557,1
0,0.19,0
0,0.2307,0
0,0.5703,1
1,0.8423,1
1,0.5015,1
1,0.5776,1
1,0.534,1
0,0.3684,0
1,0.516,1
1,0.411,0
1,0.4712,0
1,0.581,1
0,0.6475,1
1,0.4,0
0,0.525,1
1,0.799,1
1,0.7803,1
0,0.407,0
0,0.4778,0
0,0.3396,0
0,0.3657,0
1,0.6084,1
0,0.7207,1
1,0.6377,1
1,0.49,0
1,0.402,0
1,0.6367,1
0,0.1249,0
0,0.21,0
1,0.3254,0
1,0.3184,0
1,0.612,1
0,0.1705,0
1,0.4812,0
1,0.5967,1
1,0.2145,0
1,0.588,1
0,0.3062,0
0,0.4844,0
1,0.5635,1
1,0.2659,0
1,0.5747,1
0,0.4993,0
1,0.522,1
1,0.6357,1
1,0.5864,1
0,0.504,1
1,0.3562,0
1,0.1514,0
1,0.1823,0
1,0.702,1
0,0.2335,0
0,0.656,1
1,0.5425,1
1,0.6855,1
1,0.731,1
1,0.74,1
1,0.7427,1
1,0.8228,1
0,0.799,1
1,0.7056,1
1,0.847,1
1,0.762,1
0,0.7285,1
1,0.793,1
0,0.788,1
0,0.8296,1
0,0.751,1
1,0.8115,1
0,0.888,1
1,0.853,1
1,0.8506,1
0,0.8213,1
1,0.853,1
1,0.8916,1
1,0.876,1
1,0.7407,1
1,0.9062,1
1,0.8306,1
1,0.8223,1
1,0.8867,1
1,0.878,1
1,0.8745,1
1,0.763,1
1,0.76,1
1,0.792,1
1,0.711,1
0,0.554,1
1,0.539,1
0,0.7373,1
1,0.7324,1
1,0.7334,1
1,0.7266,1
1,0.734,1
1,0.7515,1
0,0.6895,1
0,0.684,1
1,0.7676,1
0,0.641,1
0,0.7393,1
1,0.7773,1
0,0.5933,1
1,0.4846,0
0,0.557,1
1,0.6035,1
1,0.6675,1
0,0.5635,1
0,0.4775,0
0,0.55,1
0,0.5444,1
1,0.653,1
1,0.6294,1
0,0.6104,1
0,0.723,1
1,0.722,1
1,0.73,1
1,0.6694,1
0,0.7334,1
0,0.754,1
1,0.673,1
1,0.664,1
1,0.651,1
0,0.8105,1
0,0.7646,1
1,0.719,1
0,0.719,1
1,0.762,1
1,0.7646,1
0,0.7803,1
1,0.771,1
1,0.8325,1
1,0.8467,1
1,0.8228,1
1,0.883,1
0,0.7935,1
1,0.8535,1
0,0.7476,1
0,0.765,1
1,0.6016,1
1,0.856,1
1,0.846,1
0,0.8447,1
0,0.8267,1
1,0.8125,1
1,0.802,1
1,0.831,1
1,0.8916,1
1,0.8267,1
0,0.7573,1
1,0.7812,1
1,0.776,1
1,0.793,1
0,0.8203,1
1,0.841,1
0,0.597,1
0,0.4277,0
0,0.3386,0
0,0.1934,0
1,0.255,0
0,0.3904,0
1,0.3657,0
0,0.7417,1
1,0.784,1
1,0.866,1
0,0.755,1
1,0.6973,1
1,0.7236,1
1,0.699,1
0,0.2489,0
1,0.3716,0
1,0.5723,1
1,0.4485,0
1,0.376,0
1,0.47,0
0,0.7085,1
1,0.7446,1
1,0.764,1
1,0.8193,1
0,0.4348,0
0,0.3176,0
1,0.609,1
0,0.6826,1
0,0.366,0
0,0.675,1
1,0.489,0
1,0.7314,1
1,0.547,1
0,0.6807,1
0,0.65,1
0,0.648,1
0,0.3418,0
0,0.534,1
0,0.459,0
1,0.75,1
0,0.597,1
0,0.389,0
1,0.7017,1
1,0.337,0
0,0.4104,0
0,0.6406,1
1,0.4614,0
0,0.6113,1
1,0.589,1
1,0.7354,1
1,0.5786,1
1,0.4038,0
0,0.6704,1
1,0.618,1
0,0.2917,0
1,0.614,1
1,0.4587,0
1,0.7026,1
1,0.304,0
0,0.6377,1
1,0.635,1
0,0.5957,1
0,0.422,0
0,0.2837,0
0,0.3137,0
0,0.5396,1
1,0.4653,0
1,0.556,1
1,0.6675,1
1,0.659,1
1,0.566,1
0,0.4895,0
0,0.214,0
0,0.3987,0
1,0.3235,0
0,0.323,0
0,0.4075,0
0,0.518,1
1,0.618,1
1,0.5747,1
1,0.5024,1
1,0.6226,1
0,0.332,0
0,0.504,1
0,0.3032,0
1,0.4878,0
0,0.583,1
1,0.619,1
1,0.5723,1
1,0.63,1
1,0.674,1
1,0.7124,1
0,0.4165,0
0,0.67,1
1,0.5376,1
0,0.2272,0
0,0.1043,0
1,0.5947,1
0,0.2664,0
1,0.604,1
0,0.3533,0
0,0.3179,0
0,0.4375,0
1,0.408,0
0,0.4246,0
1,0.5474,1
1,0.623,1
1,0.8276,1
1,0.563,1
1,0.583,1
1,0.4724,0
0,0.1544,0
0,0.515,1
1,0.665,1
0,0.8013,1
1,0.831,1
1,0.849,1
0,0.839,1
1,0.8286,1
1,0.84,1
1,0.8677,1
1,0.837,1
1,0.8467,1
1,0.8413,1
1,0.8657,1
1,0.6436,1
1,0.7896,1
1,0.691,1
1,0.8354,1
1,0.7886,1
1,0.7993,1
1,0.756,1
0,0.736,1
1,0.7114,1
1,0.7207,1
1,0.6816,1
1,0.7773,1
1,0.8228,1
1,0.7866,1
1,0.8516,1
1,0.819,1
1,0.8003,1
0,0.7783,1
1,0.814,1
0,0.1516,0
0,0.06696,0
0,0.154,0
1,0.2163,0
0,0.648,1
1,0.7734,1
1,0.775,1
0,0.674,1
1,0.7266,1
1,0.687,1
1,0.636,1
0,0.655,1
0,0.5024,1
0,0.6353,1
0,0.552,1
0,0.7427,1
1,0.45,0
1,0.01401,0
0,0.02727,0
0,0.01752,0
0,0.00916,0
0,0.7095,1
0,0.701,1
1,0.868,1
1,0.8486,1
1,0.7744,1
0,0.771,1
1,0.4082,0
1,0.3718,0
1,0.3223,0
1,0.9126,1
1,0.7397,1
0,0.3457,0
1,0.574,1
1,0.669,1
1,0.0871,0
1,0.096,0
1,0.2286,0
1,0.2255,0
1,0.3325,0
1,0.7305,1
1,0.7764,1
1,0.61,1
1,0.672,1
0,0.682,1
1,0.6245,1
0,0.6113,1
1,0.573,1
1,0.515,1
0,0.2161,0
1,0.6636,1
1,0.7993,1
0,0.779,1
0,0.639,1
1,0.6274,1
0,0.6753,1
0,0.6016,1
0,0.4016,0
0,0.3276,0
1,0.4512,0
1,0.84,1
1,0.6875,1
1,0.4668,0
0,0.6675,1
1,0.728,1
1,0.68,1
1,0.827,1
1,0.581,1
1,0.7446,1
1,0.7915,1
1,0.752,1
1,0.751,1
1,0.8022,1
1,0.6943,1
1,0.523,1
0,0.6646,1
1,0.755,1
0,0.6646,1
1,0.6934,1
1,0.542,1
0,0.631,1
1,0.6924,1
1,0.6797,1
1,0.7334,1
1,0.7876,1
0,0.7227,1
1,0.5635,1
0,0.644,1
1,0.669,1
1,0.6943,1
1,0.7153,1
0,0.7925,1
1,0.7197,1
1,0.7705,1
1,0.7026,1
1,0.688,1
1,0.6426,1
1,0.758,1
0,0.6665,1
0,0.7007,1
1,0.4275,0
1,0.7,1
0,0.6577,1
1,0.6543,1
0,0.538,1
1,0.6465,1
1,0.724,1
1,0.742,1
1,0.639,1
1,0.6606,1
0,0.6675,1
0,0.5513,1
1,0.795,1
1,0.6904,1
1,0.801,1
0,0.617,1
1,0.729,1
0,0.6406,1
1,0.509,1
1,0.7656,1
1,0.792,1
1,0.72,1
0,0.7637,1
0,0.565,1
1,0.781,1
1,0.796,1
1,0.8096,1
0,0.571,1
1,0.737,1
1,0.5996,1
1,0.783,1
0,0.688,1
0,0.6597,1
0,0.5327,1
1,0.705,1
0,0.632,1
0,0.5684,1
0,0.8145,1
1,0.475,0
0,0.7236,1
1,0.8247,1
0,0.75,1
1,0.708,1
1,0.6904,1
1,0.5776,1
1,0.592,1
0,0.537,1
1,0.549,1
1,0.4133,0
1,0.6694,1
0,0.579,1
1,0.687,1
0,0.83,1
1,0.728,1
1,0.7476,1
1,0.805,1
1,0.3552,0
1,0.3586,0
1,0.5522,1
1,0.3875,0
0,0.3538,0
1,0.559,1
1,0.5425,1
0,0.03876,0
1,0.656,1
1,0.767,1
0,0.5684,1
1,0.665,1
1,0.6187,1
1,0.6104,1
1,0.6113,1
1,0.725,1
0,0.732,1
1,0.671,1
1,0.739,1
1,0.6177,1
1,0.6704,1
1,0.593,1
0,0.8086,1
0,0.7544,1
0,0.1412,0
1,0.3452,0
0,0.0888,0
0,0.408,0
1,0.10376,0
0,0.3057,0
0,0.2673,0
1,0.7964,1
0,0.674,1
0,0.4585,0
0,0.4744,0
0,0.573,1
0,0.6265,1
1,0.3374,0
1,0.531,1
1,0.6978,1
1,0.5137,1
0,0.3176,0
1,0.457,0
0,0.459,0
0,0.4875,0
0,0.656,1
0,0.6045,1
1,0.5576,1
1,0.708,1
0,0.636,1
1,0.5586,1
0,0.6196,1
1,0.3838,0
1,0.5977,1
1,0.6797,1
1,0.6787,1
1,0.5566,1
1,0.7876,1
1,0.738,1
0,0.7495,1
1,0.761,1
1,0.687,1
1,0.7217,1
1,0.737,1
1,0.771,1
1,0.794,1
1,0.782,1
1,0.6396,1
1,0.7314,1
1,0.6333,1
0,0.6655,1
1,0.705,1
1,0.5894,1
0,0.657,1
1,0.677,1
1,0.6704,1
1,0.7515,1
1,0.6616,1
0,0.653,1
1,0.727,1
1,0.72,1
0,0.5254,1
1,0.7275,1
1,0.6196,1
1,0.757,1
1,0.4893,0
0,0.65,1
0,0.5073,1
1,0.5576,1
0,0.341,0
1,0.5938,1
0,0.515,1
0,0.4905,0
0,0.718,1
0,0.537,1
1,0.593,1
1,0.773,1
1,0.257,0
0,0.4229,0
0,0.6816,1
0,0.6367,1
0,0.6675,1
0,0.6714,1
1,0.765,1
1,0.818,1
1,0.7856,1
1,0.652,1
1,0.634,1
1,0.623,1
0,0.567,1
1,0.656,1
1,0.7866,1
0,0.5815,1
0,0.0715,0
0,0.3108,0
0,0.454,0
1,0.6274,1
1,0.5,1
0,0.477,0
1,0.6772,1
1,0.629,1
0,0.4006,0
0,0.4482,0
1,0.539,1
0,0.444,0
0,0.7124,1
1,0.6255,1
1,0.698,1
1,0.5693,1
0,0.2554,0
0,0.1981,0
1,0.731,1
1,0.7466,1
1,0.5986,1
0,0.7627,1
0,0.5703,1
1,0.4202,0
1,0.7725,1
1,0.7793,1
1,0.7266,1
0,0.3396,0
1,0.8374,1
1,0.6675,1
1,0.6797,1
0,0.654,1
1,0.6436,1
0,0.634,1
0,0.739,1
0,0.6133,1
0,0.443,0
0,0.5386,1
0,0.7,1
1,0.479,0
1,0.6377,1
1,0.597,1
0,0.5093,1
1,0.345,0
0,0.583,1
1,0.712,1
1,0.8213,1
1,0.7207,1
1,0.861,1
1,0.7173,1
0,0.832,1
1,0.8315,1
1,0.7456,1
1,0.7983,1
1,0.787,1
1,0.678,1
1,0.7764,1
1,0.78,1
1,0.3804,0
1,0.3618,0
1,0.7026,1
1,0.786,1
0,0.7324,1
1,0.7554,1
1,0.7407,1
0,0.7827,1
1,0.512,1
1,0.7314,1
1,0.7397,1
0,0.7837,1
1,0.7603,1
1,0.79,1
1,0.781,1
1,0.7456,1
0,0.746,1
1,0.7773,1
1,0.7896,1
1,0.7007,1
1,0.804,1
0,0.7773,1
1,0.7485,1
1,0.803,1
1,0.868,1
1,0.758,1
1,0.762,1
1,0.7607,1
1,0.783,1
1,0.8076,1
1,0.831,1
1,0.738,1
0,0.7266,1
0,0.7656,1
1,0.796,1
1,0.6895,1
1,0.7715,1
1,0.808,1
1,0.774,1
0,0.812,1
1,0.661,1
1,0.806,1
1,0.6885,1
1,0.776,1
0,0.704,1
1,0.2964,0
0,0.1415,0
0,0.1396,0
1,0.2942,0
0,0.1539,0
0,0.312,0
0,0.241,0
0,0.3064,0
0,0.1743,0
0,0.323,0
1,0.3108,0
1,0.503,1
1,0.4473,0
1,0.139,0
0,0.52,1
0,0.6665,1
0,0.3757,0
0,0.3862,0
0,0.11127,0
0,0.3865,0
0,0.4084,0
0,0.3396,0
0,0.63,1
1,0.8125,1
1,0.712,1
0,0.8237,1
1,0.858,1
1,0.8105,1
0,0.7466,1
1,0.6426,1
1,0.7373,1
1,0.7563,1
0,0.6733,1
1,0.631,1
1,0.732,1
1,0.8184,1
0,0.659,1
0,0.718,1
1,0.6743,1
0,0.7373,1
1,0.8013,1
0,0.7544,1
1,0.8286,1
1,0.6855,1
1,0.6924,1
1,0.757,1
1,0.6504,1
1,0.7754,1
1,0.7793,1
0,0.01343,0
0,0.01862,0
0,0.00923,0
1,0.014786,0
0,0.632,1
0,0.752,1
1,0.555,1
1,0.636,1
0,0.4893,0
1,0.3115,0
0,0.2202,0
0,0.0656,0
1,0.3008,0
0,0.3323,0
1,0.368,0
0,0.4788,0
1,0.6387,1
1,0.7812,1
1,0.2144,0
0,0.602,1
1,0.761,1
1,0.7646,1
0,0.8105,1
1,0.729,1
1,0.8125,1
1,0.4895,0
1,0.6333,1
1,0.5903,1
0,0.5312,1
1,0.02211,0
0,0.3167,0
0,0.02774,0
0,0.0203,0
0,0.0277,0
0,0.0937,0
0,0.01945,0
0,0.0937,0
0,0.06064,0
0,0.036,0
0,0.01851,0
0,0.058,0
0,0.03418,0
0,0.1005,0
0,0.0536,0
0,0.2124,0
0,0.09235,0
0,0.0677,0
1,0.9033,1
1,0.88,1
1,0.872,1
1,0.845,1
1,0.8706,1
1,0.9033,1
1,0.906,1
1,0.8354,1
1,0.8765,1
1,0.707,1
1,0.8184,1
1,0.883,1
1,0.5,1
0,0.563,1
1,0.749,1
1,0.5693,1
1,0.768,1
1,0.685,1
1,0.623,1
1,0.5913,1
0,0.3716,0
1,0.5596,1
0,0.3708,0
1,0.2966,0
0,0.06964,0
0,0.0703,0
0,0.03516,0
0,0.0161,0
0,0.10284,0
1,0.8413,1
1,0.363,0
0,0.408,0
0,0.251,0
1,0.319,0
0,0.258,0
1,0.3477,0
1,0.3057,0
1,0.0724,0
1,0.3564,0
1,0.1593,0
1,0.1533,0
0,0.1394,0
0,0.07965,0
0,0.0979,0
1,0.0827,0
0,0.1921,0
1,0.0932,0
0,0.251,0
1,0.5205,1
1,0.8257,1
1,0.699,1
1,0.872,1
0,0.723,1
0,0.83,1
1,0.7725,1
1,0.8623,1
0,0.822,1
0,0.815,1
1,0.8535,1
1,0.8696,1
1,0.8374,1
0,0.555,1
1,0.5303,1
1,0.7646,1
1,0.7476,1
1,0.775,1
1,0.783,1
0,0.2913,0
1,0.4792,0
1,0.733,1
1,0.752,1
1,0.7964,1
0,0.762,1
1,0.71,1
1,0.751,1
0,0.1126,0
0,0.1936,0
0,0.2059,0
1,0.628,1
0,0.3362,0
0,0.1757,0
0,0.1699,0
0,0.2815,0
1,0.2654,0
0,0.1937,0
1,0.05194,0
1,0.2893,0
1,0.692,1
1,0.6914,1
1,0.3735,0
1,0.623,1
1,0.3481,0
1,0.4731,0
0,0.388,0
0,0.3884,0
0,0.361,0
0,0.5366,1
1,0.4924,0
0,0.5977,1
1,0.3206,0
0,0.601,1
1,0.7583,1
0,0.6206,1
1,0.678,1
0,0.777,1
1,0.434,0
1,0.627,1
1,0.765,1
1,0.6543,1
1,0.6265,1
1,0.551,1
1,0.714,1
1,0.721,1
1,0.7363,1
0,0.4133,0
1,0.83,1
1,0.536,1
1,0.6973,1
1,0.7534,1
1,0.703,1
0,0.735,1
1,0.614,1
0,0.7104,1
0,0.306,0
0,0.62,1
0,0.6465,1
0,0.578,1
0,0.832,1
1,0.8105,1
1,0.827,1
1,0.7544,1
1,0.7466,1
0,0.7036,1
0,0.8403,1
1,0.8154,1
1,0.591,1
0,0.811,1
1,0.801,1
1,0.6646,1
0,0.789,1
0,0.683,1
0,0.6597,1
1,0.687,1
0,0.7593,1
0,0.6797,1
0,0.779,1
0,0.737,1
0,0.7856,1
1,0.7676,1
1,0.7627,1
0,0.6636,1
1,0.782,1
1,0.8115,1
1,0.7744,1
0,0.7173,1
0,0.774,1
0,0.5474,1
0,0.6416,1
1,0.673,1
1,0.6274,1
1,0.6855,1
0,0.7026,1
0,0.665,1
0,0.83,1
0,0.829,1
0,0.746,1
0,0.825,1
0,0.803,1
0,0.8154,1
1,0.767,1
1,0.636,1
0,0.536,1
0,0.6973,1
1,0.711,1
0,0.696,1
0,0.7324,1
0,0.7075,1
0,0.793,1
0,0.744,1
0,0.758,1
1,0.7896,1
1,0.7856,1
1,0.774,1
1,0.719,1
0,0.705,1
0,0.667,1
1,0.4175,0
0,0.726,1
0,0.8496,1
1,0.581,1
1,0.7407,1
1,0.706,1
1,0.565,1
0,0.5664,1
0,0.784,1
1,0.4287,0
0,0.5054,1
0,0.4294,0
1,0.712,1
1,0.825,1
0,0.7974,1
1,0.6797,1
1,0.83,1
1,0.819,1
1,0.884,1
1,0.8643,1
1,0.8794,1
1,0.751,1
1,0.812,1
1,0.8545,1
1,0.812,1
0,0.8516,1
1,0.7583,1
1,0.625,1
0,0.758,1
1,0.814,1
0,0.785,1
0,0.743,1
1,0.775,1
1,0.8564,1
1,0.752,1
1,0.8623,1
0,0.7817,1
1,0.822,1
1,0.7656,1
1,0.8374,1
1,0.806,1
1,0.836,1
1,0.873,1
1,0.869,1
0,0.7866,1
0,0.847,1
1,0.829,1
1,0.798,1
1,0.831,1
1,0.799,1
0,0.7686,1
0,0.818,1
0,0.7095,1
0,0.732,1
1,0.621,1
1,0.4338,0
1,0.3306,0
0,0.7056,1
1,0.73,1
0,0.7144,1
0,0.4177,0
1,0.643,1
0,0.6035,1
1,0.641,1
1,0.637,1
1,0.625,1
0,0.683,1
0,0.561,1
0,0.713,1
1,0.7246,1
1,0.7104,1
1,0.5557,1
1,0.7153,1
0,0.5835,1
0,0.546,1
1,0.523,1
1,0.5854,1
1,0.6753,1
1,0.75,1
1,0.762,1
1,0.777,1
0,0.6714,1
0,0.7285,1
1,0.709,1
1,0.6616,1
1,0.7266,1
1,0.715,1
1,0.6816,1
1,0.7285,1
1,0.7505,1
1,0.585,1
1,0.564,1
1,0.509,1
1,0.717,1
1,0.552,1
0,0.498,0
0,0.2295,0
0,0.622,1
1,0.7295,1
0,0.816,1
1,0.239,0
1,0.3071,0
1,0.415,0
1,0.3547,0
0,0.3196,0
0,0.6187,1
1,0.627,1
1,0.8154,1
1,0.889,1
1,0.7354,1
1,0.718,1
0,0.77,1
1,0.7437,1
0,0.8403,1
1,0.784,1
1,0.7993,1
0,0.8096,1
0,0.8604,1
1,0.818,1
1,0.6807,1
0,0.698,1
0,0.768,1
0,0.7935,1
0,0.7695,1
0,0.811,1
0,0.823,1
1,0.7715,1
1,0.801,1
1,0.8276,1
1,0.8105,1
1,0.636,1
1,0.6675,1
1,0.758,1
1,0.7656,1
0,0.02504,0
1,0.582,1
1,0.804,1
1,0.8325,1
1,0.517,1
1,0.799,1
1,0.61,1
1,0.617,1
0,0.577,1
1,0.705,1
0,0.4714,0
1,0.7114,1
0,0.623,1
0,0.5576,1
0,0.594,1
1,0.7705,1
1,0.622,1
1,0.6396,1
1,0.62,1
1,0.7817,1
1,0.6475,1
1,0.6655,1
0,0.776,1
0,0.842,1
1,0.8145,1
0,0.718,1
1,0.7314,1
1,0.7603,1
1,0.751,1
1,0.7407,1
1,0.808,1
1,0.762,1
0,0.6616,1
0,0.72,1
1,0.8203,1
0,0.8804,1
1,0.852,1
1,0.8,1
1,0.825,1
0,0.8516,1
1,0.6514,1
0,0.1362,0
0,0.2162,0
1,0.4216,0
0,0.3271,0
0,0.583,1
1,0.4785,0
0,0.36,0
0,0.6187,1
0,0.7397,1
0,0.8105,1
1,0.6455,1
0,0.6743,1
1,0.635,1
1,0.6304,1
1,0.657,1
1,0.694,1
1,0.6226,1
1,0.7393,1
1,0.769,1
1,0.7803,1
1,0.803,1
1,0.2384,0
1,0.2428,0
1,0.1967,0
0,0.3489,0
1,0.076,0
0,0.04654,0
0,0.00518,0
0,0.004135,0
1,0.7534,1
1,0.8115,1
1,0.801,1
0,0.27,0
0,0.03506,0
0,0.06335,0
1,0.3,0
0,0.0981,0
0,0.03296,0
0,0.02817,0
0,0.0305,0
0,0.03845,0
1,0.6514,1
1,0.7583,1
1,0.7075,1
1,0.6826,1
0,0.4546,0
0,0.295,0
0,0.1631,0
1,0.823,1
1,0.4365,0
1,0.4285,0
0,0.4067,0
1,0.692,1
1,0.7217,1
0,0.6465,1
1,0.7,1
1,0.8125,1
0,0.8174,1
1,0.7876,1
1,0.9263,1
0,0.908,1
1,0.507,1
1,0.5967,1
1,0.3655,0
0,0.4592,0
0,0.3853,0
1,0.565,1
0,0.115,0
0,0.2433,0
1,0.8164,1
1,0.796,1
1,0.857,1
0,0.3484,0
1,0.3972,0
1,0.653,1
1,0.0222,0
1,0.5005,1
0,0.764,1
0,0.6646,1
1,0.652,1
1,0.8228,1
1,0.771,1
1,0.6973,1
1,0.719,1
1,0.649,1
1,0.4194,0
1,0.578,1
1,0.4795,0
1,0.1866,0
1,0.456,0
1,0.6265,1
0,0.6855,1
0,0.3535,0
0,0.2627,0
1,0.333,0
1,0.4663,0
1,0.609,1
1,0.47,0
1,0.5024,1
1,0.4668,0
0,0.545,1
1,0.638,1
1,0.7925,1
1,0.633,1
1,0.6445,1
0,0.727,1
1,0.777,1
1,0.7373,1
1,0.6553,1
0,0.6978,1
0,0.695,1
0,0.748,1
0,0.5107,1
0,0.6577,1
1,0.7256,1
0,0.585,1
0,0.603,1
0,0.5693,1
0,0.38,0
0,0.4934,0
1,0.47,0
1,0.469,0
1,0.1661,0
0,0.3345,0
1,0.555,1
1,0.852,1
1,0.6465,1
1,0.7876,1
1,0.7676,1
0,0.687,1
1,0.6787,1
1,0.797,1
1,0.511,1
0,0.6514,1
1,0.58,1
0,0.7144,1
0,0.704,1
1,0.7373,1
0,0.586,1
0,0.707,1
1,0.7974,1
0,0.8003,1
1,0.691,1
1,0.768,1
1,0.781,1
1,0.7905,1
1,0.6816,1
1,0.807,1
1,0.785,1
0,0.832,1
1,0.4346,0
0,0.472,0
1,0.4585,0
1,0.56,1
0,0.3467,0
0,0.491,0
0,0.7583,1
1,0.558,1
1,0.5776,1
1,0.615,1
1,0.591,1
0,0.0504,0
1,0.3203,0
1,0.6157,1
1,0.4727,0
1,0.6216,1
1,0.6455,1
1,0.739,1
1,0.717,1
1,0.6665,1
1,0.7944,1
0,0.762,1
1,0.762,1
1,0.8193,1
1,0.743,1
0,0.7876,1
0,0.6045,1
1,0.376,0
1,0.6914,1
0,0.6016,1
0,0.4072,0
1,0.304,0
1,0.615,1
1,0.6997,1
1,0.781,1
1,0.7197,1
0,0.2418,0
1,0.5903,1
0,0.61,1
0,0.04578,0
1,0.7407,1
0,0.10376,0
1,0.7686,1
1,0.8735,1
1,0.8394,1
0,0.009895,0
0,0.2556,0
0,0.03918,0
0,0.01439,0
0,0.1124,0
1,0.1539,0
0,0.1423,0
1,0.00629,0
1,0.3477,0
0,0.1974,0
0,0.0802,0
0,0.0532,0
0,0.8696,1
1,0.779,1
1,0.8413,1
1,0.831,1
1,0.808,1
1,0.793,1
1,0.7246,1
1,0.938,1
1,0.83,1
1,0.8564,1
0,0.67,1
1,0.893,1
1,0.7705,1
1,0.4924,0
1,0.4146,0
0,0.7217,1
0,0.728,1
0,0.6035,1
0,0.646,1
1,0.714,1
1,0.806,1
1,0.7866,1
1,0.7344,1
1,0.7944,1
1,0.839,1
1,0.7964,1
1,0.6357,1
0,0.0959,0
0,0.0543,0
0,0.0848,0
1,0.1416,0
1,0.2001,0
1,0.5244,1
1,0.6963,1
0,0.7227,1
0,0.778,1
0,0.7656,1
1,0.7334,1
1,0.4807,0
1,0.7246,1
0,0.276,0
1,0.49,0
1,0.531,1
1,0.2081,0
1,0.5728,1
1,0.6543,1
0,0.5596,1
0,0.4263,0
1,0.756,1
1,0.6675,1
1,0.7437,1
1,0.7617,1
1,0.628,1
1,0.7163,1
1,0.7554,1
1,0.624,1
0,0.3767,0
0,0.207,0
0,0.1687,0
1,0.6377,1
1,0.678,1
0,0.764,1
0,0.827,1
0,0.6816,1
1,0.6763,1
1,0.1831,0
0,0.2576,0
0,0.0764,0
0,0.683,1
0,0.3853,0
0,0.5596,1
0,0.0173,0
0,0.0786,0
0,0.02576,0
0,0.2494,0
0,0.5483,1
1,0.7065,1
1,0.58,1
1,0.5767,1
1,0.358,0
1,0.57,1
1,0.6816,1
0,0.769,1
0,0.743,1
0,0.8076,1
1,0.7446,1
0,0.6074,1
0,0.7886,1
1,0.758,1
1,0.7593,1
0,0.751,1
1,0.777,1
1,0.7124,1
0,0.7856,1
0,0.7974,1
1,0.7847,1
1,0.643,1
1,0.4905,0
1,0.6035,1
1,0.7793,1
0,0.6367,1
0,0.5986,1
0,0.806,1
1,0.695,1
1,0.8037,1
1,0.8115,1
1,0.643,1
1,0.824,1
0,0.595,1
0,0.678,1
0,0.7095,1
1,0.7534,1
1,0.684,1
1,0.7275,1
1,0.5913,1
1,0.7954,1
1,0.815,1
1,0.6484,1
1,0.5376,1
1,0.8354,1
1,0.8022,1
1,0.818,1
1,0.757,1
1,0.8164,1
1,0.806,1
1,0.8525,1
1,0.821,1
1,0.772,1
1,0.807,1
0,0.9053,1
1,0.683,1
0,0.6733,1
0,0.5127,1
1,0.6816,1
1,0.718,1
1,0.7617,1
1,0.754,1
1,0.742,1
1,0.7,1
1,0.7544,1
1,0.6626,1
1,0.626,1
1,0.85,1
1,0.6943,1
1,0.6953,1
0,0.7217,1
0,0.711,1
0,0.632,1
0,0.6494,1
0,0.655,1
1,0.7344,1
1,0.502,1
1,0.8174,1
1,0.5635,1
1,0.683,1
1,0.839,1
1,0.801,1
1,0.7563,1
0,0.681,1
1,0.716,1
0,0.5107,1
0,0.4895,0
0,0.578,1
1,0.7974,1
1,0.753,1
1,0.761,1
1,0.854,1
0,0.7256,1
1,0.7876,1
1,0.7456,1
1,0.759,1
1,0.834,1
0,0.799,1
0,0.7324,1
1,0.792,1
1,0.669,1
1,0.7476,1
1,0.826,1
1,0.763,1
1,0.7983,1
1,0.6494,1
0,0.7812,1
0,0.7803,1
1,0.6978,1
0,0.689,1
1,0.7056,1
1,0.4983,0
1,0.705,1
1,0.75,1
0,0.6323,1
1,0.726,1
0,0.7485,1
1,0.7837,1
1,0.7915,1
1,0.8433,1
1,0.7974,1
1,0.8457,1
1,0.786,1
1,0.8066,1
1,0.5283,1
0,0.4568,0
0,0.6304,1
1,0.6323,1
1,0.4307,0
1,0.7007,1
1,0.8257,1
1,0.8457,1
0,0.8213,1
0,0.865,1
1,0.8125,1
0,0.753,1
1,0.556,1
1,0.653,1
0,0.1637,0
0,0.2651,0
0,0.3113,0
1,0.656,1
1,0.7207,1
0,0.0702,0
1,0.537,1
1,0.587,1
1,0.8267,1
0,0.818,1
1,0.1373,0
0,0.548,1
1,0.7476,1
1,0.874,1
1,0.8867,1
1,0.12,0
1,0.9326,1
0,0.7607,1
1,0.7827,1
0,0.6177,1
1,0.8027,1
1,0.776,1
0,0.758,1
1,0.8354,1
1,0.783,1
1,0.754,1
1,0.692,1
1,0.8164,1
1,0.8413,1
1,0.8516,1
1,0.904,1
0,0.9316,1
1,0.902,1
0,0.736,1
0,0.7515,1
1,0.582,1
1,0.7427,1
1,0.826,1
1,0.8105,1
1,0.755,1
1,0.7793,1
1,0.8354,1
1,0.4297,0
0,0.5093,1
1,0.4824,0
1,0.6973,1
1,0.8643,1
1,0.8447,1
1,0.849,1
1,0.8276,1
1,0.4297,0
1,0.2922,0
1,0.6523,1
1,0.57,1
1,0.407,0
1,0.662,1
1,0.4995,0
1,0.4424,0
1,0.5474,1
1,0.6987,1
0,0.75,1
0,0.3198,0
1,0.697,1
1,0.554,1
1,0.5967,1
0,0.4521,0
1,0.63,1
1,0.647,1
1,0.6963,1
1,0.6577,1
1,0.4727,0
1,0.5933,1
1,0.3403,0
0,0.6226,1
0,0.4038,0
0,0.5435,1
0,0.5635,1
0,0.53,1
1,0.5527,1
0,0.7666,1
0,0.2043,0
1,0.6177,1
0,0.4363,0
1,0.5713,1
0,0.3662,0
1,0.6694,1
1,0.843,1
1,0.8315,1
1,0.7896,1
1,0.877,1
1,0.8394,1
1,0.7847,1
1,0.7207,1
0,0.7495,1
1,0.5957,1
1,0.351,0
1,0.612,1
0,0.666,1
1,0.6694,1
0,0.772,1
1,0.826,1
1,0.8564,1
1,0.7827,1
1,0.571,1
1,0.5537,1
0,0.591,1
0,0.0896,0
1,0.3108,0
1,0.5493,1
1,0.3472,0
1,0.2424,0
1,0.321,0
0,0.2883,0
0,0.3887,0
0,0.362,0
0,0.4639,0
1,0.5635,1
1,0.6304,1
0,0.6353,1
0,0.3887,0
0,0.5264,1
0,0.4023,0
0,0.2129,0
0,0.06305,0
0,0.5024,1
0,0.2272,0
1,0.0909,0
1,0.4746,0
1,0.4233,0
1,0.1935,0
0,0.2013,0
1,0.2301,0
1,0.309,0
0,0.207,0
1,0.582,1
1,0.414,0
0,0.4946,0
1,0.695,1
1,0.8193,1
1,0.8647,1
0,0.9033,1
0,0.9077,1
1,0.9336,1
1,0.841,1
1,0.8716,1
1,0.794,1
1,0.9463,1
1,0.7764,1
0,0.8765,1
0,0.7114,1
0,0.8037,1
1,0.892,1
1,0.921,1
1,0.915,1
1,0.841,1
1,0.64,1
1,0.932,1
1,0.7744,1
1,0.6797,1
1,0.763,1
0,0.768,1
1,0.842,1
1,0.3008,0
0,0.09686,0
0,0.0682,0
0,0.1422,0
0,0.0395,0
0,0.0689,0
0,0.04288,0
1,0.0937,0
0,0.1841,0
0,0.2766,0
0,0.314,0
1,0.2852,0
0,0.2883,0
0,0.2822,0
0,0.31,0
0,0.04724,0
0,0.2013,0
1,0.2218,0
1,0.2896,0
0,0.2239,0
1,0.7046,1
1,0.873,1
1,0.878,1
1,0.5884,1
1,0.8813,1
1,0.79,1
0,0.3591,0
1,0.47,0
0,0.4055,0
1,0.513,1
1,0.4653,0
0,0.4841,0
0,0.442,0
0,0.3887,0
0,0.338,0
0,0.3525,0
0,0.36,0
0,0.4202,0
0,0.8306,1
1,0.4412,0
1,0.452,0
1,0.455,0
0,0.1229,0
1,0.3271,0
0,0.6035,1
1,0.8125,1
1,0.802,1
1,0.4292,0
1,0.3674,0
1,0.4622,0
0,0.5596,1
0,0.153,0
1,0.3115,0
1,0.702,1
1,0.6606,1
1,0.6465,1
1,0.718,1
1,0.7617,1
0,0.7407,1
1,0.6797,1
1,0.762,1
1,0.8096,1
0,0.799,1
1,0.7524,1
0,0.777,1
1,0.758,1
1,0.7812,1
1,0.752,1
0,0.7954,1
1,0.794,1
1,0.677,1
1,0.732,1
1,0.6504,1
0,0.7407,1
0,0.746,1
1,0.726,1
1,0.7217,1
1,0.7593,1
1,0.7754,1
1,0.627,1
1,0.677,1
1,0.7656,1
1,0.8516,1
1,0.8516,1
0,0.64,1
0,0.724,1
1,0.6104,1
1,0.726,1
1,0.7935,1
1,0.665,1
0,0.758,1
0,0.829,1
0,0.7925,1
1,0.795,1
1,0.7554,1
1,0.8716,1
1,0.7236,1
1,0.7554,1
1,0.841,1
0,0.2229,0
1,0.445,0
1,0.6436,1
1,0.724,1
1,0.7783,1
0,0.817,1
1,0.7563,1
1,0.6904,1
1,0.7983,1
1,0.662,1
1,0.5186,1
1,0.5645,1
1,0.6655,1
1,0.625,1
1,0.6577,1
1,0.784,1
1,0.6636,1
0,0.7515,1
1,0.6133,1
0,0.005447,0
0,0.0786,0
0,0.03326,0
0,0.04904,0
0,0.01634,0
0,0.01187,0
0,0.02834,0
0,0.01343,0
0,0.03174,0
0,0.384,0
0,0.035,0
0,0.1251,0
1,0.03174,0
1,0.755,1
0,0.386,0
1,0.665,1
0,0.2886,0
0,0.01525,0
1,0.03683,0
0,0.2693,0
0,0.179,0
0,0.6396,1
0,0.3345,0
0,0.5366,1
0,0.607,1
0,0.544,1
0,0.685,1
0,0.619,1
1,0.4202,0
1,0.521,1
0,0.565,1
0,0.5156,1
0,0.4265,0
0,0.6084,1
0,0.5083,1
0,0.63,1
0,0.574,1
1,0.6597,1
0,0.6875,1
1,0.6084,1
1,0.5625,1
1,0.508,1
1,0.4675,0
1,0.6797,1
1,0.586,1
1,0.616,1
1,0.4722,0
0,0.6987,1
0,0.617,1
0,0.5317,1
0,0.645,1
0,0.726,1
1,0.68,1
1,0.5737,1
1,0.6504,1
0,0.6846,1
1,0.636,1
0,0.717,1
1,0.6553,1
1,0.545,1
0,0.5117,1
1,0.4622,0
1,0.584,1
0,0.6016,1
1,0.555,1
0,0.4673,0
1,0.6255,1
0,0.62,1
0,0.43,0
1,0.4324,0
0,0.699,1
1,0.6265,1
0,0.7754,1
0,0.7026,1
1,0.7275,1
0,0.7812,1
1,0.828,1
1,0.89,1
0,0.6265,1
1,0.772,1
1,0.762,1
1,0.699,1
1,0.782,1
0,0.7646,1
0,0.624,1
1,0.5283,1
1,0.594,1
0,0.686,1
1,0.868,1
0,0.4668,0
0,0.272,0
0,0.5283,1
1,0.572,1
1,0.7275,1
0,0.8706,1
1,0.3364,0
1,0.6157,1
1,0.7046,1
1,0.7036,1
1,0.636,1
1,0.6646,1
1,0.536,1
1,0.5767,1
1,0.5044,1
1,0.3975,0
1,0.3557,0
1,0.6187,1
1,0.678,1
1,0.7466,1
1,0.826,1
1,0.827,1
0,0.439,0
1,0.04153,0
0,0.03085,0
0,0.0785,0
0,0.1624,0
1,0.3235,0
1,0.5635,1
0,0.7646,1
1,0.4404,0
1,0.6025,1
1,0.05118,0
1,0.234,0
1,0.565,1
1,0.5195,1
1,0.6567,1
0,0.4736,0
1,0.705,1
1,0.735,1
0,0.6963,1
1,0.711,1
1,0.774,1
1,0.7563,1
1,0.875,1
1,0.685,1
1,0.588,1
1,0.6016,1
1,0.4573,0
0,0.6167,1
1,0.632,1
1,0.5425,1
1,0.5596,1
1,0.714,1
0,0.1857,0
0,0.2195,0
0,0.4692,0
0,0.7485,1
1,0.723,1
1,0.861,1
1,0.8535,1
0,0.822,1
1,0.824,1
1,0.794,1
0,0.766,1
0,0.6465,1
1,0.594,1
1,0.589,1
1,0.573,1
1,0.583,1
1,0.627,1
0,0.644,1
0,0.6396,1
1,0.5234,1
1,0.3545,0
1,0.7036,1
0,0.7065,1
1,0.776,1
0,0.7183,1
0,0.758,1
0,0.7686,1
1,0.6846,1
1,0.711,1
1,0.6924,1
0,0.327,0
0,0.4912,0
0,0.398,0
0,0.4883,0
1,0.4717,0
1,0.382,0
1,0.8096,1
0,0.533,1
1,0.2751,0
1,0.5366,1
1,0.1566,0
1,0.1251,0
1,0.1675,0
1,0.2712,0
0,0.3557,0
0,0.2573,0
1,0.3135,0
1,0.517,1
0,0.5093,1
1,0.4038,0
1,0.548,1
0,0.4434,0
1,0.693,1
1,0.4995,0
1,0.4592,0
0,0.768,1
1,0.5283,1
1,0.2487,0
1,0.817,1
1,0.431,0
0,0.3752,0
1,0.3032,0
1,0.3062,0
0,0.3591,0
0,0.7,1
1,0.6587,1
1,0.3655,0
1,0.6255,1
0,0.59,1
0,0.5913,1
1,0.6943,1
1,0.6885,1
0,0.6396,1
1,0.558,1
1,0.3826,0
0,0.5225,1
0,0.746,1
0,0.6914,1
0,0.5747,1
1,0.6963,1
1,0.767,1
1,0.7407,1
0,0.815,1
0,0.6772,1
1,0.7095,1
1,0.7607,1
0,0.777,1
1,0.644,1
0,0.795,1
1,0.716,1
0,0.8047,1
0,0.783,1
0,0.5728,1
0,0.5815,1
1,0.4663,0
0,0.516,1
0,0.7534,1
1,0.7275,1
1,0.5527,1
1,0.4434,0
0,0.593,1
0,0.1954,0
0,0.5596,1
1,0.839,1
0,0.7393,1
1,0.7583,1
1,0.763,1
1,0.0823,0
0,0.494,0
0,0.756,1
1,0.641,1
1,0.7144,1
1,0.5557,1
1,0.6177,1
1,0.7417,1
1,0.5884,1
0,0.6245,1
0,0.717,1
0,0.691,1
1,0.8364,1
1,0.722,1
1,0.84,1
1,0.7026,1
1,0.657,1
1,0.7144,1
1,0.706,1
1,0.6963,1
1,0.713,1
1,0.7803,1
1,0.579,1
0,0.5146,1
1,0.6357,1
1,0.505,1
1,0.7485,1
1,0.777,1
1,0.817,1
0,0.4958,0
0,0.4841,0
0,0.4937,0
1,0.616,1
1,0.57,1
1,0.6636,1
1,0.671,1
1,0.62,1
1,0.4978,0
0,0.63,1
1,0.3525,0
1,0.557,1
1,0.5737,1
1,0.593,1
1,0.487,0
0,0.4043,0
0,0.567,1
1,0.41,0
1,0.501,1
1,0.349,0
1,0.127,0
1,0.2703,0
1,0.6396,1
0,0.756,1
1,0.729,1
1,0.8335,1
1,0.7466,1
0,0.745,1
0,0.727,1
0,0.657,1
0,0.661,1
1,0.7544,1
0,0.722,1
1,0.735,1
1,0.685,1
1,0.6973,1
0,0.5044,1
1,0.623,1
1,0.3718,0
0,0.578,1
1,0.751,1
1,0.7524,1
1,0.664,1
0,0.7,1
0,0.251,0
1,0.607,1
1,0.6367,1
0,0.668,1
1,0.7285,1
1,0.7446,1
0,0.791,1
1,0.709,1
0,0.568,1
1,0.6553,1
1,0.7915,1
0,0.746,1
1,0.7905,1
1,0.6787,1
0,0.4397,0
0,0.731,1
0,0.562,1
0,0.7144,1
0,0.5483,1
0,0.04443,0
0,0.3467,0
0,0.2966,0
0,0.253,0
0,0.6284,1
1,0.2566,0
1,0.3928,0
1,0.2742,0
0,0.3115,0
1,0.4758,0
0,0.724,1
0,0.6533,1
1,0.67,1
1,0.699,1
1,0.721,1
0,0.8096,1
1,0.7495,1
0,0.7256,1
1,0.7827,1
1,0.7676,1
1,0.8477,1
1,0.834,1
1,0.7437,1
0,0.7363,1
1,0.893,1
1,0.8613,1
1,0.7246,1
0,0.6934,1
1,0.7085,1
1,0.7344,1
0,0.731,1
0,0.3628,0
1,0.368,0
0,0.3123,0
0,0.1241,0
0,0.1984,0
0,0.27,0
1,0.384,0
1,0.7407,1
1,0.677,1
1,0.0655,0
1,0.2922,0
0,0.4292,0
1,0.7207,1
1,0.887,1
1,0.791,1
1,0.4563,0
0,0.3513,0
0,0.6016,1
1,0.7803,1
1,0.4897,0
1,0.779,1
1,0.4849,0
0,0.4453,0
0,0.4448,0
0,0.339,0
0,0.361,0
0,0.523,1
0,0.7305,1
1,0.4514,0
1,0.7183,1
1,0.7275,1
0,0.775,1
1,0.5576,1
1,0.682,1
1,0.6436,1
1,0.727,1
1,0.7114,1
1,0.7046,1
0,0.705,1
1,0.6885,1
1,0.6987,1
1,0.3225,0
1,0.4658,0
0,0.581,1
0,0.406,0
0,0.3132,0
0,0.412,0
0,0.439,0
0,0.6772,1
1,0.6606,1
1,0.4438,0
1,0.7686,1
1,0.744,1
1,0.706,1
0,0.4983,0
1,0.5283,1
1,0.5586,1
1,0.598,1
1,0.7017,1
0,0.4646,0
1,0.676,1
1,0.587,1
1,0.7046,1
1,0.5225,1
1,0.541,1
1,0.576,1
1,0.5796,1
1,0.6235,1
1,0.5815,1
1,0.603,1
1,0.658,1
1,0.6406,1
1,0.5415,1
1,0.5396,1
1,0.581,1
0,0.6084,1
0,0.603,1
1,0.6367,1
1,0.414,0
1,0.5845,1
0,0.622,1
0,0.5264,1
0,0.524,1
0,0.4463,0
0,0.3975,0
0,0.517,1
0,0.6055,1
0,0.6973,1
0,0.6177,1
0,0.01999,0
1,0.6616,1
1,0.69,1
1,0.814,1
1,0.858,1
1,0.5684,1
1,0.781,1
1,0.8706,1
1,0.789,1
0,0.1528,0
0,0.849,1
1,0.8374,1
1,0.795,1
1,0.851,1
1,0.865,1
0,0.856,1
1,0.8486,1
0,0.6953,1
1,0.07465,0
1,0.5464,1
1,0.3772,0
1,0.6987,1
1,0.8545,1
1,0.825,1
1,0.4912,0
1,0.7427,1
1,0.517,1
1,0.4973,0
1,0.741,1
1,0.705,1
1,0.5244,1
1,0.63,1
1,0.709,1
1,0.784,1
1,0.7734,1
0,0.664,1
1,0.7046,1
1,0.3818,0
0,0.1172,0
0,0.327,0
0,0.522,1
1,0.4072,0
0,0.4456,0
0,0.4985,0
0,0.5034,1
0,0.2269,0
0,0.1599,0
0,0.2388,0
0,0.02254,0
1,0.233,0
1,0.3127,0
1,0.698,1
1,0.7524,1
1,0.385,0
1,0.6377,1
1,0.2573,0
1,0.679,1
1,0.344,0
0,0.377,0
0,0.2335,0
0,0.2104,0
0,0.06915,0
1,0.2996,0
1,0.5605,1
1,0.628,1
0,0.842,1
0,0.7227,1
0,0.5747,1
1,0.4336,0
0,0.327,0
0,0.344,0
1,0.2668,0
1,0.0859,0
0,0.1918,0
1,0.7153,1
1,0.5347,1
1,0.5757,1
1,0.3213,0
1,0.412,0
0,0.193,0
0,0.1222,0
0,0.09155,0
1,0.1682,0
0,0.2056,0
0,0.2123,0
0,0.3796,0
0,0.1621,0
1,0.1665,0
0,0.306,0
0,0.646,1
0,0.1653,0
1,0.7275,1
1,0.1482,0
0,0.1482,0
1,0.6963,1
1,0.607,1
0,0.111,0
0,0.43,0
1,0.4717,0
0,0.504,1
0,0.3286,0
1,0.2874,0
1,0.276,0
0,0.3696,0
0,0.3186,0
0,0.527,1
1,0.774,1
1,0.753,1
1,0.2418,0
0,0.4275,0
1,0.7417,1
0,0.4326,0
0,0.1796,0
1,0.6597,1
1,0.4587,0
0,0.3064,0
0,0.2452,0
0,0.0986,0
1,0.889,1
0,0.645,1
0,0.7236,1
0,0.73,1
0,0.654,1
1,0.664,1
1,0.02484,0
1,0.1573,0
0,0.10724,0
0,0.2157,0
1,0.503,1
0,0.776,1
1,0.771,1
1,0.5903,1
0,0.7935,1
1,0.836,1
1,0.6636,1
1,0.8213,1
1,0.8613,1
1,0.81,1
1,0.8086,1
1,0.841,1
1,0.7734,1
1,0.863,1
1,0.8564,1
1,0.811,1
1,0.7656,1
1,0.863,1
0,0.8403,1
1,0.779,1
1,0.7793,1
1,0.8076,1
1,0.8286,1
1,0.7744,1
0,0.686,1
1,0.6255,1
1,0.756,1
1,0.7383,1
1,0.715,1
1,0.619,1
1,0.7383,1
0,0.7324,1
1,0.838,1
1,0.7734,1
1,0.783,1
1,0.7773,1
1,0.791,1
1,0.712,1
1,0.7144,1
1,0.74,1
0,0.718,1
0,0.6694,1
1,0.6797,1
0,0.72,1
1,0.5254,1
1,0.809,1
0,0.801,1
1,0.749,1
0,0.7617,1
1,0.75,1
1,0.8584,1
1,0.83,1
1,0.8867,1
1,0.7383,1
1,0.812,1
1,0.7524,1
1,0.34,0
1,0.2837,0
1,0.576,1
0,0.539,1
1,0.4355,0
0,0.543,1
0,0.4724,0
0,0.6963,1
1,0.7974,1
1,0.793,1
1,0.4365,0
0,0.4897,0
0,0.4534,0
0,0.4355,0
0,0.6396,1
0,0.59,1
1,0.6436,1
1,0.4885,0
1,0.5522,1
0,0.632,1
1,0.481,0
1,0.57,1
1,0.341,0
1,0.3086,0
1,0.4258,0
0,0.4756,0
0,0.73,1
0,0.4727,0
0,0.4116,0
1,0.8096,1
1,0.8804,1
1,0.776,1
1,0.735,1
0,0.5913,1
1,0.612,1
0,0.578,1
1,0.3948,0
1,0.278,0
1,0.3987,0
1,0.426,0
1,0.864,1
1,0.855,1
1,0.712,1
1,0.8257,1
0,0.8696,1
0,0.864,1
1,0.862,1
1,0.86,1
1,0.757,1
1,0.654,1
0,0.194,0
0,0.1316,0
1,0.04263,0
1,0.02586,0
1,0.103,0
0,0.1054,0
1,0.8965,1
1,0.191,0
0,0.1841,0
1,0.4602,0
1,0.5996,1
1,0.7593,1
1,0.814,1
1,0.831,1
1,0.9155,1
1,0.8604,1
1,0.775,1
1,0.7964,1
1,0.8784,1
1,0.7827,1
1,0.752,1
1,0.3752,0
1,0.2637,0
1,0.3877,0
0,0.5703,1
1,0.6953,1
1,0.6387,1
1,0.6836,1
1,0.787,1
1,0.7,1
0,0.69,1
1,0.5996,1
0,0.5586,1
0,0.5645,1
0,0.63,1
1,0.7783,1
1,0.6646,1
1,0.7236,1
1,0.715,1
0,0.7,1
1,0.709,1
1,0.769,1
0,0.7144,1
0,0.824,1
1,0.718,1
0,0.6953,1
1,0.6855,1
0,0.679,1
1,0.67,1
1,0.6743,1
1,0.743,1
1,0.6094,1
0,0.6616,1
1,0.72,1
1,0.6675,1
1,0.7505,1
1,0.783,1
0,0.7344,1
1,0.723,1
1,0.6387,1
0,0.8237,1
0,0.6606,1
0,0.7725,1
0,0.72,1
1,0.8164,1
1,0.729,1
1,0.682,1
1,0.0612,0
1,0.0824,0
1,0.2466,0
1,0.6016,1
1,0.55,1
1,0.6875,1
1,0.7007,1
1,0.8447,1
0,0.8203,1
0,0.767,1
0,0.803,1
1,0.83,1
1,0.8096,1
1,0.851,1
1,0.8022,1
1,0.8145,1
0,0.8066,1
1,0.784,1
0,0.8135,1
1,0.7603,1
1,0.372,0
0,0.0979,0
0,0.0785,0
0,0.1927,0
0,0.1243,0
1,0.8604,1
1,0.785,1
1,0.801,1
1,0.7827,1
1,0.7876,1
1,0.7305,1
1,0.7515,1
1,0.775,1
1,0.7715,1
1,0.7876,1
1,0.812,1
1,0.905,1
0,0.8267,1
0,0.8047,1
1,0.867,1
1,0.866,1
1,0.8564,1
1,0.836,1
1,0.7954,1
1,0.7856,1
1,0.832,1
1,0.8506,1
1,0.8223,1
0,0.865,1
1,0.823,1
1,0.811,1
1,0.8843,1
0,0.844,1
1,0.8247,1
1,0.7466,1
0,0.857,1
1,0.8447,1
1,0.89,1
1,0.855,1
1,0.8555,1
1,0.85,1
1,0.6084,1
0,0.3503,0
1,0.4326,0
1,0.657,1
0,0.7256,1
0,0.7793,1
0,0.7417,1
1,0.6826,1
0,0.4219,0
0,0.4224,0
0,0.25,0
0,0.2463,0
0,0.3955,0
0,0.2424,0
1,0.323,0
1,0.309,0
0,0.1686,0
0,0.2705,0
0,0.3394,0
0,0.1243,0
0,0.07263,0
0,0.3533,0
0,0.1329,0
1,0.546,1
1,0.7246,1
1,0.754,1
0,0.4478,0
0,0.715,1
0,0.56,1
1,0.5464,1
1,0.4905,0
1,0.6323,1
0,0.602,1
0,0.651,1
1,0.551,1
1,0.478,0
1,0.758,1
1,0.7954,1
0,0.8105,1
1,0.7603,1
1,0.7915,1
1,0.7104,1
0,0.751,1
0,0.6475,1
1,0.6104,1
1,0.638,1
1,0.754,1
1,0.7476,1
1,0.683,1
0,0.6714,1
1,0.6704,1
1,0.7407,1
0,0.7256,1
0,0.7334,1
0,0.6953,1
0,0.795,1
0,0.641,1
0,0.7573,1
1,0.645,1
1,0.6597,1
1,0.6665,1
0,0.685,1
0,0.6167,1
0,0.7344,1
0,0.75,1
0,0.6724,1
1,0.7095,1
0,0.6914,1
0,0.707,1
0,0.7446,1
0,0.676,1
0,0.7837,1
1,0.362,0
1,0.6914,1
1,0.654,1
0,0.7676,1
1,0.7617,1
1,0.7217,1
1,0.8833,1
1,0.8677,1
1,0.4136,0
1,0.7773,1
1,0.821,1
1,0.5713,1
1,0.681,1
1,0.4087,0
0,0.646,1
1,0.5146,1
0,0.604,1
0,0.6646,1
0,0.486,0
1,0.623,1
1,0.6187,1
1,0.3433,0
1,0.8447,1
0,0.4434,0
0,0.6123,1
0,0.591,1
0,0.71,1
0,0.658,1
1,0.8296,1
1,0.7715,1
1,0.706,1
1,0.692,1
0,0.7134,1
1,0.8174,1
1,0.893,1
1,0.911,1
1,0.8325,1
1,0.9077,1
1,0.8154,1
1,0.897,1
1,0.8936,1
1,0.879,1
1,0.894,1
1,0.6694,1
0,0.8564,1
1,0.8755,1
1,0.8687,1
1,0.9043,1
1,0.7993,1
1,0.874,1
1,0.8403,1
1,0.8086,1
1,0.745,1
1,0.815,1
1,0.8354,1
0,0.809,1
0,0.7573,1
0,0.854,1
0,0.8467,1
1,0.812,1
1,0.9263,1
1,0.867,1
1,0.8926,1
1,0.8555,1
0,0.889,1
1,0.83,1
0,0.715,1
1,0.7266,1
1,0.5303,1
1,0.315,0
1,0.599,1
1,0.572,1
1,0.6636,1
1,0.7085,1
1,0.292,0
1,0.533,1
1,0.3872,0
1,0.543,1
1,0.73,1
0,0.717,1
0,0.725,1
1,0.806,1
1,0.781,1
1,0.796,1
1,0.8223,1
0,0.729,1
0,0.539,1
0,0.3298,0
0,0.7056,1
1,0.853,1
1,0.8433,1
1,0.8726,1
1,0.1503,0
0,0.164,0
1,0.1606,0
1,0.1251,0
0,0.6973,1
0,0.447,0
1,0.4858,0
1,0.749,1
1,0.829,1
1,0.4963,0
1,0.6943,1
1,0.286,0
0,0.11816,0
1,0.2578,0
0,0.1554,0
1,0.531,1
1,0.5464,1
1,0.04443,0
0,0.05664,0
1,0.4946,0
1,0.07465,0
1,0.797,1
1,0.8013,1
0,0.8276,1
0,0.8906,1
0,0.7515,1
0,0.6816,1
0,0.7715,1
0,0.6987,1
0,0.804,1
1,0.7676,1
1,0.7114,1
0,0.7134,1
1,0.852,1
1,0.801,1
1,0.2303,0
0,0.205,0
1,0.2415,0
1,0.317,0
0,0.3474,0
0,0.395,0
0,0.3137,0
1,0.889,1
1,0.866,1
1,0.2913,0
0,0.0712,0
0,0.2029,0
0,0.277,0
1,0.2566,0
1,0.1884,0
1,0.2299,0
1,0.8745,1
1,0.9043,1
1,0.572,1
1,0.5244,1
1,0.5977,1
0,0.4456,0
1,0.8535,1
0,0.641,1
0,0.6064,1
1,0.4065,0
0,0.7246,1
1,0.4678,0
1,0.8145,1
1,0.7144,1
1,0.6436,1
1,0.6807,1
1,0.753,1
1,0.829,1
1,0.6245,1
0,0.748,1
0,0.839,1
0,0.7383,1
0,0.6973,1
0,0.7314,1
0,0.3286,0
0,0.3318,0
0,0.2515,0
0,0.2751,0
1,0.5967,1
1,0.7007,1
0,0.556,1
1,0.6196,1
0,0.5034,1
1,0.4277,0
1,0.5405,1
0,0.4863,0
0,0.3054,0
0,0.5225,1
0,0.4905,0
0,0.255,0
0,0.673,1
0,0.4578,0
1,0.476,0
0,0.1671,0
1,0.3193,0
0,0.3042,0
0,0.5703,1
0,0.4512,0
1,0.461,0
0,0.3975,0
0,0.557,1
1,0.897,1
1,0.8115,1
1,0.4153,0
0,0.4556,0
0,0.3079,0
0,0.2751,0
0,0.44,0
0,0.7153,1
0,0.298,0
0,0.243,0
0,0.385,0
0,0.371,0
1,0.4023,0
0,0.3384,0
1,0.8335,1
1,0.7144,1
1,0.5312,1
1,0.6816,1
1,0.743,1
1,0.6304,1
1,0.6177,1
1,0.7607,1
1,0.7563,1
0,0.596,1
1,0.72,1
0,0.4124,0
1,0.6265,1
0,0.405,0
0,0.6323,1
0,0.5454,1
0,0.6943,1
1,0.722,1
1,0.7007,1
1,0.779,1
1,0.723,1
1,0.711,1
0,0.7427,1
1,0.827,1
1,0.7637,1
1,0.715,1
1,0.791,1
1,0.7207,1
1,0.8013,1
0,0.757,1
1,0.7095,1
1,0.541,1
0,0.6167,1
1,0.588,1
1,0.7974,1
1,0.5654,1
1,0.724,1
1,0.7534,1
0,0.631,1
1,0.813,1
1,0.75,1
0,0.725,1
1,0.743,1
1,0.779,1
1,0.7275,1
1,0.807,1
1,0.757,1
1,0.7305,1
1,0.693,1
0,0.6934,1
1,0.7256,1
1,0.6484,1
1,0.6553,1
1,0.676,1
1,0.7124,1
1,0.7017,1
1,0.7246,1
1,0.746,1
1,0.7163,1
0,0.7153,1
1,0.5947,1
0,0.716,1
1,0.7954,1
1,0.811,1
1,0.7695,1
0,0.737,1
1,0.775,1
1,0.629,1
1,0.702,1
1,0.738,1
1,0.668,1
1,0.8516,1
0,0.6406,1
1,0.8135,1
1,0.8066,1
0,0.882,1
0,0.8516,1
1,0.919,1
1,0.8877,1
1,0.5693,1
1,0.1984,0
0,0.2181,0
1,0.8555,1
0,0.712,1
0,0.744,1
1,0.855,1
1,0.8594,1
1,0.472,0
1,0.6514,1
0,0.1993,0
1,0.2517,0
1,0.567,1
0,0.73,1
1,0.7485,1
1,0.5166,1
0,0.07385,0
1,0.544,1
1,0.7354,1
0,0.3784,0
1,0.1906,0
1,0.682,1
1,0.4265,0
1,0.414,0
1,0.6396,1
0,0.64,1
1,0.529,1
1,0.5137,1
0,0.5547,1
1,0.76,1
1,0.7456,1
1,0.738,1
1,0.75,1
0,0.6973,1
0,0.6914,1
1,0.762,1
1,0.747,1
1,0.505,1
1,0.781,1
1,0.8105,1
1,0.7856,1
1,0.801,1
1,0.719,1
1,0.7656,1
1,0.7114,1
1,0.771,1
1,0.7393,1
1,0.6577,1
1,0.6685,1
0,0.5605,1
1,0.705,1
0,0.639,1
1,0.63,1
0,0.717,1
0,0.6274,1
1,0.6646,1
1,0.4705,0
0,0.5654,1
0,0.5483,1
1,0.617,1
1,0.8633,1
1,0.6523,1
1,0.429,0
1,0.6733,1
0,0.6914,1
0,0.574,1
1,0.594,1
0,0.603,1
0,0.542,1
1,0.726,1
0,0.5615,1
1,0.3433,0
1,0.6157,1
1,0.584,1
0,0.6885,1
1,0.3433,0
1,0.5645,1
0,0.4429,0
1,0.68,1
0,0.616,1
1,0.6895,1
1,0.4673,0
0,0.511,1
0,0.755,1
0,0.692,1
1,0.6777,1
0,0.6855,1
1,0.65,1
1,0.6807,1
1,0.712,1
1,0.6665,1
1,0.628,1
1,0.4573,0
1,0.6304,1
0,0.5146,1
0,0.4438,0
1,0.5547,1
0,0.69,1
1,0.6035,1
1,0.6826,1
1,0.76,1
1,0.7417,1
1,0.7207,1
1,0.7354,1
1,0.792,1
0,0.807,1
0,0.724,1
0,0.714,1
0,0.7817,1
0,0.8247,1
1,0.6416,1
0,0.7295,1
1,0.7725,1
1,0.7964,1
1,0.7974,1
1,0.6436,1
0,0.7017,1
1,0.682,1
1,0.7236,1
0,0.7026,1
1,0.732,1
0,0.6914,1
0,0.824,1
1,0.81,1
0,0.7417,1
1,0.674,1
1,0.679,1
1,0.7227,1
1,0.806,1
0,0.7056,1
0,0.697,1
0,0.6196,1
0,0.7393,1
0,0.7427,1
0,0.672,1
1,0.7007,1
1,0.659,1
1,0.711,1
1,0.776,1
0,0.678,1
1,0.7144,1
1,0.632,1
0,0.05185,0
0,0.06198,0
0,0.0432,0
0,0.03754,0
1,0.0693,0
0,0.4766,0
0,0.7915,1
1,0.8306,1
1,0.3147,0
0,0.183,0
0,0.0785,0
1,0.1829,0
1,0.772,1
1,0.688,1
1,0.8276,1
1,0.8267,1
1,0.8247,1
1,0.77,1
1,0.782,1
1,0.778,1
0,0.8755,1
0,0.7847,1
1,0.7114,1
0,0.384,0
1,0.2786,0
0,0.4084,0
1,0.428,0
0,0.783,1
1,0.7803,1
1,0.8203,1
1,0.8267,1
0,0.714,1
0,0.781,1
1,0.746,1
1,0.83,1
1,0.8467,1
0,0.85,1
1,0.857,1
1,0.4902,0
1,0.8364,1
1,0.834,1
1,0.7783,1
0,0.094,0
0,0.1688,0
1,0.3115,0
1,0.574,1
1,0.785,1
1,0.7144,1
1,0.7715,1
1,0.734,1
0,0.6675,1
0,0.709,1
0,0.7,1
0,0.733,1
1,0.7876,1
1,0.8013,1
1,0.699,1
1,0.7773,1
1,0.797,1
1,0.778,1
0,0.504,1
1,0.824,1
1,0.489,0
0,0.71,1
1,0.658,1
1,0.704,1
1,0.735,1
0,0.6235,1
1,0.6875,1
0,0.758,1
1,0.721,1
0,0.574,1
0,0.4421,0
0,0.3992,0
0,0.623,1
0,0.2847,0
0,0.514,1
1,0.4385,0
0,0.751,1
0,0.319,0
1,0.0708,0
0,0.5513,1
0,0.3496,0
0,0.5664,1
0,0.72,1
0,0.5513,1
0,0.188,0
0,0.4956,0
0,0.2588,0
1,0.2698,0
1,0.3071,0
0,0.2515,0
1,0.2642,0
1,0.329,0
0,0.3115,0
0,0.5786,1
1,0.516,1
0,0.5654,1
1,0.4688,0
1,0.685,1
1,0.4392,0
1,0.603,1
0,0.8086,1
1,0.813,1
1,0.723,1
1,0.657,1
1,0.6265,1
1,0.657,1
1,0.7515,1
1,0.622,1
1,0.4614,0
0,0.3276,0
1,0.555,1
1,0.5547,1
0,0.5195,1
0,0.5967,1
1,0.4504,0
1,0.6406,1
1,0.3416,0
1,0.207,0
0,0.844,1
1,0.866,1
1,0.904,1
1,0.8267,1
1,0.7515,1
1,0.8857,1
1,0.8477,1
1,0.7485,1
1,0.8296,1
1,0.867,1
1,0.897,1
1,0.7163,1
1,0.7,1
1,0.791,1
0,0.8237,1
0,0.905,1
0,0.8,1
1,0.821,1
1,0.82,1
0,0.8887,1
1,0.7993,1
1,0.808,1
1,0.8735,1
1,0.8774,1
1,0.882,1
1,0.8677,1
0,0.839,1
1,0.8545,1
1,0.845,1
1,0.8564,1
0,0.889,1
0,0.885,1
0,0.868,1
0,0.8267,1
1,0.8457,1
1,0.627,1
1,0.687,1
1,0.8384,1
1,0.836,1
1,0.698,1
1,0.893,1
1,0.7686,1
0,0.714,1
0,0.557,1
1,0.7227,1
1,0.808,1
1,0.7095,1
1,0.749,1
1,0.617,1
1,0.7886,1
1,0.739,1
0,0.73,1
1,0.5996,1
0,0.658,1
1,0.74,1
1,0.7607,1
1,0.731,1
1,0.7095,1
1,0.646,1
1,0.7417,1
0,0.8364,1
1,0.726,1
0,0.6587,1
1,0.632,1
0,0.7383,1
1,0.781,1
1,0.7397,1
0,0.7637,1
1,0.6636,1
1,0.7935,1
1,0.701,1
1,0.7446,1
1,0.7217,1
1,0.7476,1
0,0.5684,1
1,0.8306,1
1,0.654,1
1,0.7275,1
1,0.8037,1
1,0.7236,1
1,0.725,1
1,0.653,1
0,0.5205,1
1,0.62,1
1,0.4944,0
1,0.689,1
1,0.743,1
1,0.608,1
1,0.7056,1
0,0.6787,1
1,0.707,1
1,0.7104,1
1,0.6284,1
1,0.734,1
0,0.6084,1
0,0.6987,1
1,0.701,1
1,0.7153,1
1,0.726,1
1,0.717,1
1,0.6714,1
1,0.768,1
1,0.717,1
1,0.826,1
1,0.778,1
1,0.7344,1
0,0.727,1
1,0.7334,1
1,0.7275,1
1,0.733,1
1,0.7104,1
0,0.7065,1
0,0.7866,1
1,0.614,1
1,0.7876,1
1,0.77,1
0,0.725,1
1,0.7017,1
1,0.758,1
1,0.682,1
1,0.7485,1
1,0.7114,1
1,0.647,1
0,0.681,1
0,0.5356,1
0,0.777,1
1,0.644,1
1,0.6943,1
0,0.7324,1
1,0.6777,1
1,0.5854,1
1,0.662,1
1,0.791,1
1,0.69,1
1,0.6816,1
1,0.7173,1
1,0.664,1
1,0.688,1
1,0.7944,1
1,0.7676,1
1,0.6353,1
0,0.58,1
1,0.6133,1
1,0.66,1
0,0.7656,1
1,0.7573,1
1,0.753,1
0,0.729,1
0,0.695,1
1,0.806,1
1,0.691,1
1,0.7656,1
1,0.7686,1
0,0.688,1
1,0.712,1
1,0.7324,1
0,0.6436,1
0,0.707,1
0,0.7188,1
1,0.658,1
1,0.626,1
1,0.833,1
1,0.698,1
0,0.3826,0
1,0.706,1
1,0.6694,1
0,0.627,1
1,0.637,1
1,0.768,1
0,0.7666,1
1,0.7383,1
1,0.603,1
1,0.6704,1
1,0.718,1
0,0.7476,1
1,0.674,1
0,0.7544,1
1,0.8525,1
1,0.7373,1
0,0.6885,1
1,0.6836,1
1,0.76,1
1,0.82,1
0,0.4314,0
0,0.5586,1
1,0.8047,1
1,0.72,1
1,0.8066,1
1,0.618,1
1,0.7393,1
0,0.643,1
0,0.711,1
1,0.6187,1
1,0.6953,1
1,0.7266,1
1,0.739,1
1,0.7812,1
1,0.7,1
1,0.579,1
1,0.719,1
1,0.544,1
1,0.6367,1
1,0.6514,1
1,0.7188,1
1,0.6606,1
1,0.6978,1
1,0.578,1
1,0.582,1
1,0.497,0
0,0.6865,1
1,0.536,1
1,0.759,1
1,0.591,1
0,0.743,1
1,0.807,1
1,0.7524,1
1,0.687,1
0,0.715,1
0,0.618,1
0,0.6187,1
1,0.6357,1
1,0.689,1
1,0.7383,1
0,0.656,1
1,0.73,1
1,0.567,1
0,0.02148,0
1,0.839,1
0,0.8203,1
0,0.862,1
1,0.853,1
1,0.8076,1
1,0.8296,1
0,0.784,1
0,0.8506,1
1,0.866,1
1,0.8145,1
0,0.8145,1
0,0.772,1
0,0.754,1
1,0.7935,1
1,0.7754,1
1,0.788,1
1,0.7407,1
1,0.6284,1
1,0.787,1
1,0.7607,1
1,0.842,1
1,0.762,1
1,0.746,1
1,0.7856,1
1,0.789,1
1,0.84,1
1,0.867,1
1,0.8306,1
0,0.796,1
1,0.8735,1
1,0.831,1
1,0.7866,1
1,0.655,1
1,0.719,1
1,0.848,1
1,0.606,1
1,0.866,1
0,0.693,1
0,0.825,1
1,0.904,1
1,0.864,1
0,0.7686,1
1,0.7856,1
0,0.901,1
1,0.8164,1
0,0.45,0
0,0.6235,1
1,0.678,1
1,0.768,1
1,0.729,1
0,0.702,1
0,0.7583,1
1,0.729,1
1,0.721,1
0,0.836,1
1,0.8486,1
1,0.8374,1
1,0.7383,1
0,0.2913,0
0,0.03235,0
0,0.5483,1
1,0.3335,0
0,0.667,1
0,0.797,1
0,0.689,1
0,0.674,1
0,0.8555,1
1,0.74,1
0,0.5415,1
1,0.5864,1
1,0.577,1
1,0.8228,1
1,0.725,1
0,0.545,1
1,0.771,1
0,0.7847,1
1,0.7676,1
1,0.7905,1
0,0.744,1
0,0.786,1
1,0.746,1
1,0.644,1
1,0.692,1
1,0.815,1
1,0.816,1
1,0.811,1
0,0.6,1
0,0.7446,1
0,0.7515,1
0,0.8047,1
0,0.795,1
0,0.7935,1
0,0.812,1
1,0.824,1
1,0.833,1
1,0.8066,1
0,0.814,1
1,0.6685,1
1,0.62,1
0,0.6714,1
1,0.531,1
1,0.639,1
1,0.7056,1
1,0.7314,1
1,0.619,1
1,0.75,1
1,0.6113,1
0,0.5903,1
0,0.6187,1
1,0.713,1
1,0.7085,1
1,0.6826,1
1,0.528,1
1,0.7383,1
1,0.692,1
1,0.74,1
1,0.844,1
0,0.8447,1
1,0.7354,1
1,0.7583,1
1,0.7764,1
1,0.7285,1
1,0.7944,1
1,0.7183,1
1,0.707,1
1,0.6724,1
1,0.734,1
0,0.5938,1
1,0.679,1
0,0.05154,0
0,0.2037,0
0,0.1407,0
0,0.2024,0
0,0.1534,0
1,0.73,1
1,0.5996,1
1,0.8057,1
1,0.7266,1
0,0.8604,1
0,0.8354,1
1,0.65,1
1,0.6265,1
1,0.8003,1
1,0.794,1
1,0.8154,1
1,0.7026,1
1,0.2449,0
0,0.43,0
1,0.679,1
1,0.6406,1
1,0.6367,1
1,0.5146,1
0,0.3777,0
1,0.10175,0
1,0.5103,1
1,0.37,0
1,0.705,1
1,0.582,1
1,0.609,1
1,0.5913,1
0,0.776,1
1,0.7485,1
1,0.6724,1
1,0.899,1
1,0.7324,1
1,0.8525,1
1,0.613,1
0,0.5376,1
1,0.8457,1
0,0.2908,0
0,0.3262,0
0,0.2429,0
1,0.3296,0
1,0.5566,1
1,0.595,1
0,0.3057,0
1,0.2352,0
0,0.1798,0
0,0.1757,0
0,0.251,0
0,0.2323,0
1,0.587,1
1,0.6333,1
1,0.776,1
1,0.837,1
1,0.7544,1
0,0.8174,1
0,0.5073,1
1,0.6855,1
1,0.4185,0
1,0.8936,1
0,0.4958,0
0,0.4219,0
0,0.3503,0
1,0.3606,0
0,0.509,1
1,0.511,1
0,0.4814,0
1,0.4436,0
1,0.5225,1
0,0.4658,0
1,0.531,1
0,0.535,1
0,0.6377,1
1,0.5654,1
0,0.3982,0
0,0.513,1
0,0.5596,1
1,0.546,1
1,0.777,1
1,0.808,1
0,0.4263,0
1,0.4705,0
1,0.5093,1
1,0.672,1
1,0.735,1
0,0.2708,0
0,0.10266,0
0,0.0637,0
0,0.04977,0
0,0.335,0
1,0.694,1
1,0.3896,0
0,0.217,0
1,0.5474,1
1,0.605,1
0,0.3906,0
0,0.08374,0
0,0.1152,0
0,0.0857,0
0,0.0933,0
0,0.1255,0
0,0.06165,0
1,0.3142,0
1,0.832,1
1,0.8535,1
1,0.744,1
1,0.7036,1
1,0.7324,1
1,0.6367,1
0,0.7065,1
1,0.606,1
0,0.6807,1
1,0.7363,1
0,0.8716,1
0,0.8657,1
0,0.7715,1
0,0.849,1
1,0.7397,1
1,0.7954,1
0,0.836,1
1,0.79,1
1,0.858,1
0,0.4026,0
0,0.6143,1
0,0.2507,0
0,0.4067,0
0,0.07544,0
0,0.4272,0
1,0.6797,1
1,0.8467,1
1,0.869,1
1,0.8706,1
1,0.8853,1
1,0.8975,1
1,0.836,1
1,0.851,1
1,0.805,1
1,0.6313,1
1,0.2732,0
1,0.3777,0
0,0.278,0
0,0.10724,0
0,0.433,0
0,0.3486,0
1,0.3435,0
0,0.4326,0
1,0.4377,0
1,0.5415,1
1,0.418,0
0,0.288,0
0,0.2302,0
0,0.4219,0
0,0.3132,0
0,0.334,0
0,0.4084,0
0,0.04208,0
0,0.3506,0
0,0.396,0
0,0.2834,0
1,0.2433,0
0,0.0591,0
1,0.3315,0
0,0.4133,0
0,0.3933,0
0,0.4985,0
0,0.096,0
0,0.226,0
0,0.3496,0
0,0.5054,1
0,0.3218,0
0,0.2974,0
0,0.675,1
0,0.3833,0
0,0.288,0
0,0.2004,0
0,0.328,0
1,0.345,0
0,0.2402,0
0,0.3035,0
0,0.1677,0
0,0.2473,0
0,0.2335,0
1,0.649,1
1,0.732,1
1,0.778,1
1,0.8384,1
0,0.7876,1
1,0.8037,1
1,0.68,1
1,0.792,1
1,0.5615,1
1,0.6187,1
1,0.6455,1
1,0.785,1
0,0.659,1
1,0.678,1
1,0.7065,1
0,0.613,1
1,0.784,1
0,0.6943,1
0,0.648,1
1,0.644,1
1,0.7075,1
1,0.745,1
1,0.7065,1
1,0.783,1
1,0.7856,1
1,0.7373,1
1,0.7065,1
1,0.695,1
1,0.758,1
1,0.746,1
0,0.741,1
0,0.673,1
0,0.5684,1
1,0.664,1
1,0.7285,1
1,0.788,1
1,0.7734,1
1,0.8154,1
0,0.7314,1
1,0.5005,1
0,0.0874,0
0,0.1552,0
0,0.1316,0
1,0.0856,0
1,0.04922,0
0,0.0821,0
1,0.1443,0
0,0.0879,0
0,0.10486,0
0,0.1964,0
0,0.1326,0
0,0.144,0
0,0.04752,0
0,0.1633,0
0,0.03418,0
0,0.0536,0
0,0.06076,0
0,0.1782,0
0,0.1307,0
0,0.1271,0
1,0.041,0
1,0.261,0
1,0.4707,0
1,0.2306,0
0,0.154,0
0,0.129,0
0,0.0997,0
1,0.1569,0
0,0.1294,0
0,0.4045,0
1,0.6616,1
1,0.788,1
1,0.7715,1
1,0.832,1
1,0.863,1
1,0.884,1
1,0.887,1
1,0.8374,1
0,0.4114,0
1,0.501,1
1,0.8696,1
1,0.851,1
0,0.2957,0
0,0.2089,0
1,0.4185,0
0,0.183,0
1,0.855,1
1,0.615,1
1,0.0865,0
1,0.03308,0
1,0.2343,0
1,0.74,1
0,0.709,1
0,0.642,1
0,0.647,1
1,0.4424,0
1,0.5938,1
1,0.683,1
0,0.42,0
1,0.6597,1
1,0.6626,1
1,0.761,1
1,0.7817,1
1,0.765,1
1,0.7275,1
1,0.7856,1
1,0.292,0
1,0.61,1
1,0.5605,1
0,0.6606,1
1,0.4885,0
0,0.6406,1
1,0.6587,1
1,0.4368,0
0,0.594,1
0,0.4395,0
0,0.2922,0
1,0.6704,1
0,0.7144,1
0,0.58,1
1,0.643,1
0,0.6753,1
1,0.795,1
1,0.77,1
1,0.713,1
1,0.8384,1
1,0.679,1
1,0.82,1
1,0.7544,1
1,0.79,1
1,0.739,1
1,0.7764,1
1,0.747,1
1,0.802,1
1,0.7837,1
1,0.804,1
0,0.74,1
1,0.7734,1
0,0.8057,1
1,0.8403,1
1,0.8237,1
1,0.698,1
1,0.753,1
1,0.758,1
1,0.8213,1
1,0.868,1
1,0.8315,1
1,0.8237,1
1,0.7744,1
1,0.796,1
1,0.7837,1
0,0.7993,1
0,0.772,1
1,0.768,1
1,0.851,1
1,0.854,1
1,0.783,1
1,0.7505,1
1,0.7666,1
1,0.738,1
1,0.8213,1
1,0.729,1
1,0.7954,1
1,0.2002,0
1,0.0201,0
0,0.2181,0
0,0.333,0
1,0.0891,0
1,0.3672,0
0,0.1451,0
0,0.03812,0
1,0.8784,1
0,0.185,0
1,0.391,0
1,0.5083,1
1,0.657,1
1,0.551,1
1,0.713,1
1,0.8203,1
1,0.7446,1
1,0.556,1
1,0.7036,1
1,0.716,1
1,0.7886,1
0,0.7627,1
1,0.543,1
1,0.6206,1
1,0.558,1
1,0.6587,1
1,0.5503,1
1,0.5283,1
1,0.7627,1
1,0.8022,1
1,0.8047,1
1,0.7437,1
1,0.75,1
1,0.8257,1
1,0.704,1
1,0.2666,0
1,0.6343,1
1,0.826,1
1,0.714,1
1,0.6187,1
1,0.6685,1
0,0.798,1
1,0.8135,1
0,0.872,1
1,0.8657,1
1,0.869,1
1,0.868,1
1,0.8076,1
1,0.844,1
1,0.829,1
1,0.857,1
1,0.8604,1
1,0.6387,1
0,0.839,1
1,0.7437,1
1,0.714,1
1,0.4937,0
0,0.4307,0
0,0.518,1
1,0.662,1
1,0.74,1
0,0.6875,1
1,0.716,1
1,0.706,1
1,0.557,1
1,0.862,1
1,0.8096,1
1,0.7495,1
0,0.51,1
0,0.6978,1
1,0.6353,1
1,0.816,1
1,0.736,1
1,0.696,1
1,0.8296,1
1,0.6714,1
1,0.4731,0
1,0.659,1
1,0.7593,1
1,0.6343,1
1,0.5654,1
0,0.736,1
1,0.793,1
0,0.7524,1
1,0.7866,1
0,0.7373,1
1,0.7705,1
1,0.802,1
1,0.769,1
0,0.531,1
0,0.594,1
0,0.6177,1
1,0.7515,1
1,0.7505,1
1,0.727,1
1,0.5957,1
1,0.6514,1
0,0.713,1
0,0.733,1
1,0.746,1
1,0.6606,1
1,0.7974,1
1,0.729,1
1,0.6577,1
1,0.7075,1
1,0.8433,1
0,0.774,1
1,0.382,0
0,0.494,0
1,0.4246,0
0,0.524,1
0,0.3396,0
0,0.5947,1
1,0.638,1
1,0.619,1
0,0.2627,0
1,0.2947,0
1,0.6265,1
1,0.589,1
0,0.595,1
0,0.699,1
1,0.437,0
1,0.8374,1
0,0.323,0
1,0.751,1
0,0.603,1
0,0.3745,0
0,0.4248,0
1,0.3872,0
0,0.3765,0
0,0.2323,0
0,0.2407,0
1,0.351,0
1,0.8413,1
1,0.676,1
0,0.849,1
0,0.851,1
0,0.86,1
0,0.801,1
1,0.7983,1
0,0.8374,1
1,0.7925,1
1,0.7676,1
1,0.736,1
1,0.797,1
1,0.7764,1
1,0.7334,1
1,0.843,1
1,0.8633,1
1,0.881,1
1,0.777,1
0,0.857,1
1,0.785,1
1,0.8413,1
0,0.8145,1
0,0.6865,1
1,0.822,1
1,0.4087,0
1,0.8066,1
1,0.855,1
1,0.8184,1
1,0.836,1
1,0.868,1
1,0.8384,1
1,0.776,1
1,0.8086,1
1,0.8467,1
1,0.8457,1
1,0.8125,1
1,0.862,1
1,0.829,1
1,0.78,1
1,0.875,1
1,0.8374,1
1,0.879,1
1,0.922,1
1,0.844,1
1,0.8735,1
0,0.8784,1
1,0.8643,1
1,0.84,1
0,0.8755,1
0,0.884,1
1,0.8447,1
1,0.886,1
1,0.8813,1
1,0.9087,1
1,0.881,1
1,0.8716,1
1,0.89,1
1,0.912,1
0,0.8916,1
1,0.8643,1
1,0.8774,1
1,0.82,1
0,0.889,1
1,0.8447,1
1,0.906,1
1,0.3916,0
1,0.6724,1
0,0.355,0
0,0.356,0
1,0.2368,0
0,0.01843,0
0,0.2615,0
0,0.672,1
0,0.3367,0
0,0.234,0
0,0.02002,0
1,0.728,1
1,0.375,0
0,0.1826,0
0,0.06085,0
1,0.3352,0
0,0.2133,0
0,0.328,0
1,0.02351,0
0,0.4053,0
0,0.5625,1
0,0.5137,1
1,0.5728,1
0,0.8447,1
1,0.3462,0
0,0.4727,0
1,0.602,1
1,0.61,1
1,0.712,1
1,0.7725,1
1,0.8164,1
1,0.1718,0
1,0.743,1
1,0.754,1
1,0.761,1
1,0.8066,1
1,0.899,1
1,0.879,1
1,0.784,1
1,0.8438,1
0,0.7793,1
1,0.844,1
0,0.6587,1
1,0.7646,1
1,0.84,1
1,0.873,1
1,0.7427,1
1,0.7715,1
1,0.4822,0
0,0.2737,0
1,0.617,1
0,0.4985,0
1,0.222,0
1,0.4648,0
0,0.738,1
1,0.663,1
0,0.2673,0
0,0.3599,0
0,0.3074,0
1,0.3074,0
0,0.292,0
0,0.3813,0
1,0.755,1
1,0.6987,1
1,0.893,1
1,0.8857,1
1,0.887,1
1,0.7925,1
1,0.53,1
0,0.5684,1
0,0.5684,1
0,0.506,1
1,0.5474,1
1,0.639,1
0,0.7915,1
1,0.5273,1
1,0.3152,0
0,0.584,1
0,0.3877,0
1,0.682,1
1,0.809,1
1,0.834,1
1,0.8438,1
1,0.66,1
0,0.1661,0
1,0.474,0
0,0.362,0
1,0.616,1
0,0.4253,0
1,0.4216,0
1,0.598,1
0,0.054,0
0,0.1721,0
1,0.6646,1
0,0.5664,1
1,0.8735,1
1,0.619,1
1,0.3193,0
0,0.1561,0
0,0.3494,0
0,0.275,0
0,0.2844,0
1,0.2969,0
1,0.2993,0
1,0.507,1
0,0.7974,1
0,0.4097,0
1,0.758,1
1,0.67,1
1,0.7104,1
1,0.2915,0
0,0.4563,0
1,0.85,1
1,0.7803,1
1,0.735,1
1,0.722,1
1,0.747,1
1,0.847,1
1,0.7993,1
0,0.794,1
1,0.7812,1
0,0.6636,1
1,0.7275,1
0,0.7134,1
0,0.706,1
1,0.775,1
1,0.7524,1
1,0.797,1
1,0.2964,0
1,0.801,1
1,0.76,1
0,0.7075,1
0,0.752,1
1,0.6567,1
0,0.529,1
0,0.2035,0
1,0.8726,1
1,0.944,1
1,0.2418,0
1,0.6426,1
0,0.09436,0
1,0.5527,1
1,0.5103,1
1,0.5957,1
1,0.6885,1
1,0.726,1
0,0.6475,1
0,0.885,1
0,0.8574,1
0,0.8403,1
1,0.821,1
1,0.7744,1
1,0.809,1
0,0.2397,0
0,0.1934,0
1,0.7817,1
0,0.427,0
0,0.3635,0
1,0.6123,1
1,0.7837,1
1,0.4521,0
1,0.6284,1
1,0.39,0
1,0.5835,1
0,0.6006,1
0,0.5728,1
1,0.6606,1
1,0.5864,1
1,0.5894,1
1,0.764,1
1,0.7524,1
1,0.751,1
1,0.8257,1
1,0.8423,1
1,0.7217,1
0,0.7876,1
1,0.812,1
0,0.76,1
1,0.8545,1
0,0.812,1
1,0.827,1
1,0.8643,1
0,0.792,1
1,0.806,1
1,0.768,1
1,0.684,1
0,0.6987,1
0,0.707,1
1,0.839,1
1,0.781,1
0,0.791,1
1,0.7773,1
0,0.79,1
1,0.724,1
0,0.7974,1
1,0.5874,1
0,0.785,1
0,0.844,1
0,0.795,1
1,0.842,1
0,0.8037,1
0,0.7837,1
1,0.7817,1
0,0.7485,1
1,0.8037,1
0,0.75,1
0,0.7617,1
1,0.7744,1
1,0.728,1
0,0.7876,1
0,0.8022,1
1,0.75,1
0,0.808,1
1,0.8125,1
1,0.813,1
1,0.869,1
1,0.7817,1
1,0.679,1
0,0.753,1
0,0.758,1
0,0.7524,1
1,0.7183,1
1,0.7925,1
1,0.7285,1
1,0.7837,1
1,0.8154,1
1,0.852,1
0,0.7476,1
1,0.794,1
1,0.7827,1
0,0.8145,1
0,0.8027,1
1,0.771,1
1,0.825,1
1,0.7485,1
1,0.8174,1
1,0.7754,1
1,0.6816,1
1,0.8057,1
1,0.723,1
1,0.7324,1
1,0.751,1
1,0.8315,1
1,0.7983,1
1,0.772,1
1,0.7646,1
1,0.783,1
1,0.751,1
0,0.7993,1
1,0.532,1
0,0.814,1
1,0.7983,1
0,0.8027,1
0,0.773,1
1,0.7603,1
1,0.823,1
1,0.791,1
1,0.787,1
0,0.7964,1
0,0.839,1
1,0.7676,1
1,0.7593,1
1,0.7905,1
1,0.7544,1
1,0.7876,1
0,0.73,1
0,0.77,1
0,0.7866,1
1,0.7534,1
1,0.6865,1
0,0.6997,1
0,0.708,1
1,0.701,1
1,0.7427,1
1,0.7695,1
1,0.729,1
0,0.7783,1
1,0.8,1
1,0.811,1
1,0.822,1
1,0.755,1
0,0.8003,1
0,0.823,1
1,0.718,1
1,0.659,1
1,0.8174,1
0,0.6875,1
1,0.807,1
1,0.791,1
1,0.8145,1
0,0.8164,1
1,0.309,0
0,0.6963,1
1,0.747,1
1,0.772,1
1,0.7905,1
0,0.4165,0
1,0.842,1
1,0.777,1
1,0.8896,1
1,0.8525,1
1,0.7656,1
0,0.8613,1
0,0.839,1
1,0.864,1
0,0.7666,1
1,0.7676,1
1,0.879,1
1,0.7627,1
0,0.6694,1
1,0.698,1
1,0.8003,1
0,0.6143,1
1,0.783,1
1,0.8403,1
1,0.826,1
0,0.865,1
0,0.12103,0
1,0.526,1
1,0.282,0
1,0.649,1
1,0.692,1
0,0.5522,1
1,0.2764,0
1,0.769,1
1,0.673,1
1,0.726,1
0,0.5327,1
1,0.7983,1
1,0.758,1
1,0.7188,1
1,0.797,1
1,0.6973,1
0,0.7305,1
1,0.833,1
1,0.369,0
1,0.6245,1
1,0.678,1
1,0.7104,1
1,0.7856,1
1,0.733,1
1,0.7944,1
1,0.774,1
1,0.6035,1
1,0.4893,0
1,0.4836,0
1,0.581,1
1,0.577,1
1,0.5815,1
1,0.733,1
0,0.601,1
1,0.5933,1
1,0.467,0
1,0.488,0
1,0.494,0
0,0.5703,1
1,0.5264,1
1,0.573,1
0,0.5234,1
1,0.4292,0
1,0.6924,1
1,0.665,1
1,0.6196,1
0,0.566,1
1,0.573,1
0,0.655,1
1,0.6094,1
1,0.7314,1
0,0.5425,1
1,0.693,1
0,0.421,0
0,0.4019,0
1,0.4692,0
1,0.2397,0
1,0.3032,0
1,0.3984,0
1,0.2715,0
1,0.526,1
1,0.616,1
1,0.4314,0
1,0.5,1
1,0.6797,1
1,0.5645,1
1,0.5776,1
1,0.362,0
1,0.482,0
1,0.3809,0
1,0.4746,0
1,0.2294,0
0,0.2255,0
1,0.7285,1
1,0.377,0
1,0.2598,0
1,0.336,0
1,0.2947,0
0,0.2903,0
1,0.6616,1
1,0.2925,0
0,0.6133,1
1,0.7764,1
1,0.589,1
0,0.5845,1
1,0.5996,1
0,0.4766,0
0,0.3179,0
0,0.1254,0
1,0.6025,1
0,0.1276,0
0,0.682,1
1,0.136,0
0,0.439,0
1,0.11554,0
0,0.403,0
0,0.3892,0
0,0.5547,1
1,0.5728,1
1,0.775,1
1,0.586,1
1,0.663,1
1,0.834,1
1,0.795,1
1,0.705,1
1,0.753,1
1,0.76,1
0,0.6934,1
1,0.759,1
1,0.7393,1
1,0.8,1
1,0.7173,1
0,0.6406,1
1,0.7915,1
0,0.6313,1
1,0.6523,1
0,0.7153,1
0,0.4827,0
1,0.697,1
1,0.743,1
0,0.7676,1
1,0.7803,1
1,0.75,1
1,0.5225,1
1,0.588,1
0,0.549,1
1,0.561,1
0,0.5874,1
1,0.6655,1
0,0.4878,0
1,0.753,1
0,0.59,1
0,0.5464,1
1,0.3018,0
1,0.684,1
0,0.609,1
1,0.6704,1
1,0.358,0
0,0.524,1
1,0.3218,0
0,0.6147,1
0,0.6875,1
0,0.686,1
0,0.601,1
1,0.585,1
0,0.7217,1
0,0.6187,1
1,0.7534,1
1,0.525,1
0,0.52,1
0,0.3616,0
1,0.07355,0
0,0.614,1
0,0.547,1
0,0.06744,0
0,0.0708,0
1,0.5903,1
1,0.3772,0
0,0.7275,1
1,0.601,1
0,0.5737,1
1,0.6284,1
0,0.2766,0
0,0.0752,0
0,0.2269,0
0,0.3364,0
0,0.2898,0
0,0.768,1
1,0.55,1
1,0.7334,1
1,0.8403,1
1,0.4834,0
1,0.797,1
0,0.2534,0
0,0.2646,0
0,0.14,0
1,0.2384,0
1,0.53,1
0,0.4443,0
0,0.2301,0
0,0.2615,0
0,0.5312,1
0,0.5103,1
1,0.262,0
0,0.2993,0
1,0.807,1
1,0.849,1
0,0.4812,0
1,0.575,1
1,0.804,1
1,0.4727,0
1,0.2998,0
1,0.5146,1
1,0.7075,1
0,0.602,1
1,0.6206,1
1,0.769,1
1,0.6885,1
1,0.554,1
1,0.5557,1
1,0.697,1
1,0.4114,0
1,0.3315,0
0,0.3801,0
1,0.2294,0
1,0.5693,1
1,0.2898,0
1,0.4875,0
1,0.4202,0
1,0.3477,0
1,0.4316,0
1,0.4546,0
1,0.471,0
1,0.588,1
1,0.633,1
1,0.4246,0
1,0.181,0
1,0.06076,0
1,0.3489,0
1,0.3997,0
1,0.383,0
1,0.4165,0
1,0.3586,0
1,0.3564,0
1,0.4817,0
1,0.5015,1
0,0.458,0
1,0.4438,0
0,0.4714,0
1,0.419,0
1,0.3992,0
1,0.3281,0
1,0.439,0
1,0.4058,0
1,0.3225,0
1,0.3083,0
1,0.3403,0
1,0.347,0
1,0.3716,0
0,0.291,0
1,0.634,1
1,0.6753,1
1,0.6924,1
1,0.614,1
1,0.5635,1
1,0.4731,0
1,0.44,0
1,0.4219,0
1,0.3303,0
1,0.3408,0
1,0.2086,0
1,0.3076,0
0,0.615,1
1,0.2998,0
1,0.4587,0
0,0.4785,0
0,0.691,1
0,0.466,0
0,0.3557,0
1,0.2944,0
0,0.3608,0
1,0.2827,0
0,0.1487,0
1,0.39,0
1,0.2935,0
1,0.6694,1
1,0.4075,0
1,0.2961,0
1,0.5767,1
1,0.6055,1
0,0.3948,0
0,0.2976,0
1,0.595,1
0,0.2542,0
0,0.3381,0
0,0.597,1
0,0.5137,1
0,0.3691,0
0,0.239,0
0,0.1375,0
1,0.6143,1
1,0.722,1
1,0.4883,0
0,0.634,1
1,0.7246,1
1,0.768,1
1,0.6997,1
0,0.5625,1
0,0.601,1
0,0.608,1
0,0.695,1
0,0.6255,1
1,0.6914,1
1,0.558,1
0,0.4053,0
0,0.6685,1
0,0.2695,0
0,0.284,0
0,0.4868,0
0,0.308,0
0,0.565,1
1,0.6836,1
0,0.3916,0
1,0.3752,0
0,0.4243,0
1,0.5786,1
0,0.8135,1
0,0.609,1
0,0.2494,0
1,0.2734,0
0,0.3362,0
1,0.555,1
1,0.6626,1
0,0.6284,1
1,0.711,1
0,0.658,1
1,0.5796,1
0,0.7505,1
1,0.6416,1
1,0.6655,1
1,0.658,1
1,0.812,1
1,0.673,1
1,0.6606,1
1,0.6978,1
1,0.6196,1
1,0.7603,1
0,0.6084,1
0,0.6543,1
0,0.49,0
0,0.563,1
1,0.7607,1
1,0.6465,1
1,0.5815,1
0,0.5903,1
0,0.5186,1
0,0.6567,1
0,0.7295,1
0,0.5923,1
0,0.7285,1
0,0.6997,1
1,0.8003,1
1,0.743,1
1,0.8013,1
1,0.814,1
0,0.845,1
1,0.8496,1
1,0.807,1
1,0.868,1
1,0.825,1
1,0.8643,1
0,0.8027,1
0,0.7495,1
0,0.7954,1
0,0.8306,1
1,0.7803,1
1,0.909,1
1,0.7373,1
1,0.784,1
1,0.3367,0
0,0.896,1
1,0.8535,1
1,0.7876,1
0,0.9194,1
1,0.8447,1
1,0.771,1
0,0.3872,0
0,0.3516,0
0,0.358,0
0,0.2344,0
0,0.346,0
0,0.321,0
1,0.3545,0
0,0.4226,0
0,0.2798,0
0,0.4094,0
0,0.4958,0
0,0.2615,0
0,0.5073,1
0,0.065,0
0,0.11816,0
0,0.4622,0
0,0.1958,0
1,0.855,1
0,0.823,1
1,0.6904,1
1,0.6733,1
1,0.8423,1
1,0.8213,1
1,0.839,1
1,0.778,1
1,0.7246,1
0,0.738,1
0,0.8657,1
0,0.6953,1
0,0.6616,1
0,0.586,1
1,0.748,1
1,0.9062,1
1,0.8003,1
1,0.766,1
0,0.6665,1
0,0.705,1
1,0.7925,1
0,0.721,1
1,0.714,1
1,0.785,1
1,0.8174,1
0,0.8467,1
1,0.8223,1
1,0.714,1
0,0.7065,1
1,0.7817,1
1,0.8677,1
1,0.7705,1
0,0.73,1
1,0.4634,0
0,0.7417,1
1,0.842,1
1,0.793,1
0,0.6875,1
1,0.791,1
1,0.853,1
1,0.775,1
1,0.7734,1
1,0.7554,1
1,0.7534,1
1,0.7485,1
0,0.8516,1
1,0.772,1
1,0.6313,1
1,0.6914,1
0,0.603,1
0,0.6343,1
1,0.6465,1
1,0.7373,1
0,0.769,1
1,0.8047,1
0,0.756,1
0,0.745,1
0,0.83,1
0,0.791,1
0,0.8374,1
1,0.858,1
1,0.853,1
1,0.874,1
0,0.696,1
1,0.8477,1
1,0.4553,0
1,0.668,1
1,0.6094,1
1,0.7407,1
1,0.714,1
1,0.8755,1
0,0.9175,1
1,0.85,1
1,0.818,1
1,0.615,1
0,0.784,1
1,0.8027,1
1,0.7646,1
0,0.8267,1
0,0.694,1
1,0.744,1
1,0.629,1
1,0.678,1
1,0.6846,1
1,0.717,1
1,0.808,1
1,0.8145,1
0,0.7817,1
1,0.782,1
1,0.856,1
1,0.7676,1
1,0.8115,1
1,0.7905,1
1,0.7173,1
1,0.79,1
0,0.7036,1
0,0.8003,1
0,0.665,1
1,0.735,1
1,0.5356,1
1,0.801,1
1,0.7344,1
1,0.696,1
1,0.795,1
1,0.8516,1
1,0.8203,1
0,0.831,1
1,0.7485,1
0,0.6885,1
1,0.744,1
0,0.7393,1
1,0.724,1
1,0.7935,1
1,0.7876,1
1,0.864,1
1,0.846,1
1,0.802,1
0,0.7905,1
1,0.7725,1
1,0.848,1
1,0.881,1
1,0.8433,1
1,0.8354,1
1,0.8354,1
1,0.8345,1
1,0.769,1
1,0.805,1
1,0.677,1
0,0.763,1
0,0.763,1
1,0.6562,1
0,0.6133,1
1,0.8047,1
1,0.701,1
1,0.8022,1
1,0.8545,1
1,0.6733,1
1,0.6797,1
1,0.5547,1
1,0.692,1
1,0.645,1
0,0.5127,1
0,0.6685,1
1,0.654,1
1,0.7676,1
1,0.789,1
1,0.6978,1
1,0.7705,1
1,0.408,0
0,0.05646,0
1,0.7817,1
0,0.8315,1
0,0.3972,0
0,0.8433,1
1,0.8086,1
1,0.7163,1
0,0.8447,1
1,0.8423,1
1,0.802,1
1,0.8477,1
0,0.606,1
1,0.84,1
1,0.8306,1
1,0.91,1
1,0.9253,1
1,0.904,1
1,0.8823,1
1,0.9014,1
1,0.7466,1
1,0.834,1
1,0.508,1
1,0.5317,1
1,0.709,1
1,0.7183,1
1,0.708,1
0,0.6777,1
0,0.4304,0
0,0.1829,0
0,0.8994,1
1,0.8413,1
1,0.342,0
0,0.2998,0
0,0.2803,0
1,0.6284,1
1,0.639,1
1,0.8096,1
1,0.8906,1
0,0.8706,1
1,0.8867,1
1,0.8145,1
0,0.735,1
0,0.58,1
0,0.5703,1
0,0.401,0
1,0.2986,0
1,0.587,1
0,0.8794,1
1,0.811,1
1,0.8413,1
1,0.8647,1
0,0.7393,1
1,0.746,1
1,0.7407,1
1,0.731,1
1,0.6816,1
1,0.6855,1
1,0.6733,1
1,0.6606,1
0,0.2075,0
1,0.604,1
1,0.7075,1
1,0.8257,1
0,0.298,0
0,0.263,0
0,0.294,0
1,0.5938,1
0,0.5728,1
0,0.5757,1
1,0.3103,0
1,0.46,0
1,0.3953,0
1,0.559,1
1,0.2874,0
1,0.4126,0
1,0.5854,1
1,0.802,1
1,0.6553,1
1,0.5815,1
1,0.6714,1
1,0.75,1
1,0.641,1
1,0.7915,1
1,0.707,1
1,0.756,1
1,0.7314,1
0,0.779,1
0,0.709,1
1,0.7773,1
1,0.7954,1
1,0.7476,1
1,0.746,1
1,0.7715,1
0,0.7593,1
1,0.6973,1
1,0.7485,1
1,0.706,1
0,0.635,1
1,0.655,1
0,0.659,1
1,0.636,1
1,0.4067,0
0,0.489,0
1,0.2747,0
1,0.3306,0
1,0.687,1
0,0.727,1
1,0.0955,0
0,0.1345,0
1,0.798,1
1,0.827,1
0,0.6914,1
0,0.732,1
0,0.7456,1
0,0.7515,1
1,0.787,1
1,0.783,1
0,0.6387,1
0,0.3875,0
1,0.6377,1
0,0.4495,0
1,0.3054,0
0,0.08374,0
1,0.3416,0
1,0.809,1
1,0.7944,1
1,0.7026,1
1,0.6216,1
0,0.761,1
0,0.8047,1
0,0.733,1
1,0.767,1
1,0.491,0
1,0.712,1
0,0.8276,1
1,0.6235,1
1,0.655,1
0,0.801,1
0,0.7036,1
1,0.7417,1
1,0.6694,1
1,0.7246,1
1,0.711,1
0,0.6826,1
1,0.715,1
1,0.677,1
1,0.7456,1
0,0.6875,1
0,0.763,1
1,0.747,1
1,0.764,1
1,0.809,1
1,0.7173,1
1,0.78,1
1,0.525,1
1,0.5854,1
1,0.7246,1
1,0.669,1
0,0.639,1
1,0.7124,1
1,0.5757,1
1,0.581,1
1,0.6465,1
1,0.6006,1
1,0.669,1
0,0.6294,1
0,0.6094,1
1,0.3105,0
1,0.765,1
0,0.8027,1
1,0.698,1
1,0.6396,1
1,0.759,1
0,0.819,1
0,0.692,1
0,0.7456,1
1,0.4983,0
1,0.7275,1
1,0.768,1
1,0.649,1
0,0.3252,0
1,0.676,1
1,0.6426,1
0,0.707,1
1,0.8003,1
1,0.746,1
0,0.742,1
0,0.791,1
1,0.847,1
1,0.757,1
1,0.8125,1
1,0.839,1
1,0.824,1
1,0.697,1
1,0.7754,1
1,0.6567,1
1,0.769,1
1,0.717,1
1,0.765,1
1,0.7925,1
1,0.631,1
1,0.637,1
1,0.763,1
1,0.746,1
1,0.3132,0
1,0.2379,0
0,0.7715,1
1,0.813,1
1,0.8457,1
1,0.8096,1
1,0.7993,1
1,0.8545,1
0,0.3918,0
1,0.785,1
1,0.611,1
0,0.0972,0
0,0.03284,0
0,0.2043,0
0,0.132,0
0,0.0977,0
0,0.3247,0
0,0.2339,0
0,0.3096,0
0,0.1864,0
0,0.1641,0
0,0.3296,0
0,0.335,0
1,0.2935,0
0,0.7104,1
1,0.916,1
1,0.8496,1
0,0.8267,1
1,0.848,1
1,0.7944,1
0,0.10876,0
0,0.3103,0
1,0.6895,1
1,0.4458,0
1,0.777,1
1,0.762,1
1,0.746,1
1,0.722,1
1,0.4485,0
0,0.6733,1
0,0.6963,1
0,0.775,1
1,0.6934,1
0,0.7183,1
0,0.5796,1
0,0.4294,0
1,0.406,0
0,0.3716,0
0,0.07184,0
0,0.683,1
1,0.742,1
1,0.6636,1
1,0.627,1
1,0.769,1
0,0.3018,0
1,0.4246,0
0,0.3196,0
1,0.331,0
0,0.4053,0
0,0.4424,0
0,0.732,1
1,0.3264,0
0,0.2756,0
0,0.2747,0
1,0.261,0
1,0.2166,0
0,0.53,1
1,0.772,1
0,0.618,1
0,0.4414,0
0,0.2678,0
1,0.788,1
1,0.5605,1
1,0.706,1
1,0.6245,1
0,0.4202,0
0,0.3223,0
0,0.6084,1
0,0.4514,0
1,0.376,0
0,0.4868,0
0,0.6704,1
0,0.4065,0
0,0.553,1
1,0.703,1
1,0.7207,1
0,0.7686,1
1,0.734,1
1,0.677,1
0,0.7397,1
0,0.786,1
1,0.825,1
1,0.774,1
1,0.7827,1
1,0.8457,1
1,0.772,1
1,0.707,1
0,0.8027,1
1,0.834,1
1,0.813,1
1,0.788,1
1,0.743,1
0,0.755,1
1,0.705,1
0,0.745,1
1,0.783,1
0,0.799,1
0,0.7485,1
1,0.744,1
1,0.6597,1
1,0.7393,1
0,0.6978,1
0,0.746,1
1,0.7485,1
1,0.727,1
1,0.659,1
0,0.8584,1
0,0.8096,1
0,0.7773,1
0,0.74,1
1,0.7188,1
1,0.7754,1
1,0.744,1
1,0.66,1
1,0.6997,1
1,0.621,1
1,0.6475,1
0,0.6367,1
1,0.6597,1
1,0.7373,1
1,0.5996,1
1,0.6235,1
1,0.689,1
1,0.7173,1
1,0.628,1
0,0.686,1
0,0.5894,1
1,0.737,1
1,0.477,0
0,0.6333,1
1,0.658,1
1,0.66,1
1,0.4907,0
1,0.4888,0
1,0.6245,1
1,0.678,1
0,0.6353,1
1,0.6836,1
1,0.6636,1
0,0.3408,0
1,0.605,1
0,0.816,1
0,0.4556,0
1,0.746,1
1,0.2456,0
1,0.8345,1
1,0.7534,1
1,0.8135,1
1,0.8096,1
1,0.8433,1
1,0.817,1
1,0.8213,1
0,0.8657,1
1,0.8696,1
0,0.886,1
1,0.8413,1
1,0.8643,1
1,0.808,1
1,0.1318,0
0,0.283,0
0,0.6016,1
1,0.7583,1
1,0.878,1
1,0.886,1
1,0.649,1
1,0.7563,1
0,0.69,1
1,0.778,1
0,0.6855,1
1,0.661,1
1,0.732,1
1,0.701,1
1,0.878,1
1,0.6333,1
1,0.4438,0
0,0.7744,1
1,0.7446,1
0,0.4946,0
1,0.546,1
1,0.779,1
1,0.862,1
1,0.524,1
1,0.8765,1
1,0.848,1
0,0.56,1
0,0.882,1
1,0.7915,1
0,0.7485,1
1,0.908,1
1,0.787,1
0,0.821,1
1,0.9316,1
1,0.8843,1
1,0.883,1
1,0.929,1
1,0.931,1
1,0.8813,1
1,0.868,1
0,0.867,1
1,0.812,1
1,0.81,1
1,0.849,1
1,0.8525,1
1,0.8174,1
1,0.796,1
1,0.8384,1
1,0.8374,1
1,0.919,1
1,0.8325,1
0,0.7764,1
1,0.806,1
0,0.7397,1
1,0.774,1
1,0.85,1
0,0.7627,1
0,0.72,1
0,0.753,1
0,0.8,1
0,0.783,1
0,0.726,1
1,0.74,1
1,0.6895,1
0,0.7803,1
0,0.4927,0
1,0.06995,0
1,0.07306,0
0,0.09827,0
0,0.0672,0
1,0.02586,0
1,0.1879,0
1,0.514,1
1,0.58,1
1,0.527,1
1,0.6445,1
0,0.6245,1
1,0.7075,1
1,0.7876,1
1,0.795,1
1,0.7847,1
1,0.7925,1
0,0.718,1
1,0.795,1
1,0.841,1
0,0.7837,1
1,0.9014,1
1,0.857,1
1,0.803,1
1,0.871,1
1,0.824,1
1,0.8193,1
0,0.7944,1
0,0.9204,1
0,0.8506,1
1,0.879,1
1,0.8975,1
1,0.8154,1
1,0.76,1
1,0.8394,1
1,0.798,1
0,0.849,1
0,0.8726,1
0,0.8564,1
1,0.822,1
1,0.8174,1
1,0.8086,1
0,0.63,1
0,0.7837,1
0,0.6196,1
0,0.773,1
0,0.7124,1
0,0.697,1
0,0.711,1
0,0.7295,1
1,0.75,1
0,0.7354,1
1,0.04877,0
0,0.746,1
1,0.702,1
1,0.846,1
1,0.8813,1
1,0.801,1
1,0.7847,1
1,0.801,1
1,0.682,1
1,0.594,1
1,0.5522,1
0,0.5884,1
1,0.71,1
1,0.707,1
0,0.7266,1
0,0.723,1
0,0.6826,1
0,0.7173,1
0,0.7734,1
1,0.8643,1
1,0.497,0
1,0.532,1
1,0.7725,1
1,0.7856,1
1,0.81,1
1,0.7915,1
1,0.7173,1
1,0.681,1
1,0.766,1
1,0.655,1
1,0.5566,1
1,0.7485,1
0,0.645,1
1,0.6846,1
1,0.7285,1
1,0.749,1
1,0.683,1
0,0.6753,1
0,0.658,1
1,0.6323,1
1,0.8013,1
1,0.818,1
1,0.8154,1
1,0.793,1
1,0.783,1
1,0.7183,1
1,0.7544,1
1,0.734,1
1,0.7227,1
1,0.7646,1
0,0.7217,1
1,0.768,1
1,0.744,1
1,0.7686,1
1,0.703,1
1,0.76,1
1,0.7446,1
0,0.656,1
1,0.6846,1
1,0.621,1
1,0.674,1
0,0.71,1
1,0.726,1
1,0.663,1
1,0.5767,1
1,0.694,1
1,0.681,1
1,0.735,1
1,0.594,1
1,0.561,1
1,0.669,1
1,0.6665,1
1,0.6616,1
1,0.865,1
0,0.8716,1
1,0.7935,1
1,0.8535,1
0,0.8535,1
0,0.8203,1
0,0.822,1
1,0.815,1
1,0.8037,1
1,0.8296,1
1,0.8496,1
1,0.8677,1
1,0.8647,1
1,0.8833,1
0,0.8325,1
1,0.88,1
1,0.868,1
1,0.858,1
1,0.8486,1
1,0.8354,1
1,0.8286,1
1,0.842,1
1,0.8223,1
1,0.7812,1
0,0.0546,0
0,0.04794,0
1,0.2047,0
1,0.2769,0
0,0.2642,0
1,0.469,0
1,0.5435,1
0,0.5874,1
1,0.1482,0
1,0.3914,0
1,0.725,1
1,0.8594,1
0,0.12067,0
0,0.617,1
0,0.7383,1
1,0.5996,1
0,0.4548,0
0,0.5815,1
0,0.277,0
1,0.6567,1
1,0.648,1
1,0.7905,1
1,0.3674,0
1,0.433,0
1,0.3223,0
1,0.672,1
1,0.792,1
1,0.7666,1
1,0.699,1
0,0.6724,1
0,0.639,1
1,0.6074,1
1,0.7056,1
1,0.8657,1
1,0.4622,0
0,0.4688,0
1,0.4756,0
1,0.5522,1
0,0.626,1
1,0.5366,1
1,0.4563,0
1,0.482,0
1,0.2156,0
1,0.3494,0
1,0.6123,1
0,0.3682,0
0,0.06232,0
0,0.2512,0
0,0.0578,0
1,0.562,1
1,0.1791,0
1,0.2656,0
1,0.7505,1
1,0.757,1
1,0.804,1
0,0.514,1
0,0.28,0
0,0.382,0
0,0.1329,0
0,0.208,0
0,0.0649,0
1,0.2769,0
0,0.4434,0
0,0.576,1
0,0.8276,1
1,0.821,1
0,0.6646,1
1,0.8633,1
1,0.858,1
1,0.905,1
1,0.837,1
0,0.825,1
1,0.862,1
1,0.833,1
1,0.8003,1
1,0.7017,1
0,0.8877,1
1,0.824,1
1,0.885,1
1,0.8457,1
1,0.3286,0
0,0.567,1
0,0.4563,0
1,0.78,1
0,0.6035,1
1,0.7812,1
0,0.307,0
1,0.1858,0
0,0.473,0
1,0.3218,0
1,0.4253,0
1,0.3154,0
0,0.27,0
0,0.2861,0
0,0.2517,0
0,0.3093,0
0,0.2668,0
1,0.4773,0
1,0.6436,1
0,0.8745,1
1,0.877,1
1,0.742,1
1,0.5527,1
1,0.4482,0
0,0.3018,0
0,0.3286,0
0,0.3228,0
1,0.592,1
1,0.3325,0
1,0.698,1
0,0.3745,0
1,0.793,1
0,0.2761,0
1,0.679,1
1,0.789,1
1,0.8765,1
1,0.524,1
1,0.8335,1
0,0.8306,1
1,0.752,1
1,0.829,1
0,0.5996,1
0,0.3835,0
0,0.1821,0
0,0.4556,0
0,0.2026,0
0,0.282,0
0,0.3926,0
0,0.3884,0
0,0.3408,0
0,0.4868,0
0,0.334,0
0,0.217,0
0,0.4873,0
0,0.354,0
0,0.3926,0
0,0.529,1
0,0.2217,0
0,0.2754,0
1,0.699,1
1,0.6416,1
1,0.7153,1
1,0.6636,1
1,0.673,1
1,0.622,1
0,0.624,1
1,0.6255,1
1,0.7383,1
1,0.672,1
1,0.686,1
0,0.603,1
1,0.666,1
0,0.4277,0
1,0.731,1
1,0.7363,1
1,0.78,1
1,0.721,1
1,0.711,1
1,0.7427,1
1,0.6875,1
1,0.775,1
1,0.757,1
0,0.72,1
1,0.597,1
0,0.693,1
1,0.528,1
1,0.6924,1
0,0.664,1
1,0.767,1
1,0.748,1
1,0.6636,1
0,0.73,1
1,0.6787,1
1,0.673,1
1,0.7837,1
1,0.8105,1
0,0.6885,1
1,0.8174,1
1,0.784,1
1,0.671,1
1,0.7476,1
1,0.7285,1
1,0.7983,1
1,0.714,1
0,0.6646,1
1,0.7114,1
0,0.747,1
1,0.711,1
0,0.746,1
1,0.6714,1
1,0.2715,0
1,0.2089,0
0,0.547,1
0,0.3193,0
0,0.07697,0
1,0.8374,1
1,0.902,1
1,0.907,1
1,0.9087,1
1,0.8823,1
1,0.7256,1
1,0.7363,1
1,0.906,1
1,0.8867,1
1,0.878,1
1,0.871,1
1,0.8745,1
1,0.8813,1
1,0.868,1
1,0.731,1
0,0.8574,1
1,0.8174,1
1,0.89,1
1,0.905,1
0,0.0854,0
0,0.0656,0
0,0.1973,0
1,0.4177,0
1,0.45,0
1,0.7134,1
0,0.1041,0
1,0.265,0
0,0.325,0
1,0.7104,1
0,0.64,1
1,0.7676,1
0,0.7544,1
1,0.6934,1
0,0.6685,1
0,0.663,1
1,0.725,1
1,0.6045,1
1,0.6216,1
1,0.668,1
1,0.8433,1
1,0.8516,1
1,0.878,1
1,0.8706,1
1,0.8706,1
1,0.855,1
1,0.851,1
1,0.7754,1
1,0.7764,1
1,0.663,1
1,0.774,1
1,0.3606,0
1,0.652,1
1,0.832,1
0,0.8267,1
1,0.7646,1
1,0.7954,1
1,0.6665,1
0,0.3882,0
0,0.3733,0
1,0.0964,0
1,0.6357,1
1,0.8013,1
1,0.8276,1
0,0.823,1
1,0.8804,1
1,0.791,1
1,0.846,1
1,0.76,1
1,0.808,1
1,0.7114,1
1,0.8467,1
1,0.8965,1
1,0.803,1
1,0.7207,1
1,0.6797,1
1,0.756,1
1,0.842,1
1,0.886,1
1,0.271,0
0,0.4282,0
1,0.6436,1
0,0.5503,1
1,0.61,1
1,0.6436,1
1,0.686,1
1,0.51,1
1,0.5312,1
1,0.6694,1
0,0.52,1
1,0.7437,1
1,0.766,1
1,0.7993,1
0,0.7812,1
1,0.5864,1
0,0.3062,0
0,0.1076,0
0,0.1054,0
1,0.6553,1
1,0.7354,1
1,0.8657,1
1,0.894,1
1,0.907,1
1,0.7886,1
1,0.7754,1
1,0.6914,1
0,0.803,1
1,0.87,1
0,0.8145,1
1,0.7817,1
1,0.824,1
1,0.8613,1
1,0.83,1
1,0.8647,1
1,0.8643,1
0,0.737,1
1,0.8604,1
0,0.7524,1
0,0.881,1
0,0.8823,1
1,0.857,1
1,0.8657,1
1,0.8955,1
1,0.737,1
1,0.818,1
1,0.775,1
0,0.8125,1
1,0.474,0
1,0.8223,1
1,0.852,1
0,0.2637,0
1,0.7646,1
1,0.6816,1
0,0.804,1
1,0.774,1
1,0.7593,1
1,0.8164,1
1,0.8154,1
1,0.888,1
1,0.8296,1
1,0.773,1
1,0.4094,0
0,0.407,0
0,0.3416,0
1,0.3127,0
0,0.17,0
0,0.3936,0
0,0.4146,0
0,0.2844,0
0,0.3052,0
1,0.7583,1
1,0.613,1
1,0.172,0
1,0.3809,0
0,0.7256,1
1,0.465,0
1,0.78,1
1,0.7163,1
1,0.748,1
1,0.8633,1
1,0.836,1
1,0.809,1
1,0.8027,1
1,0.6235,1
1,0.673,1
0,0.5156,1
1,0.7905,1
1,0.8013,1
1,0.7627,1
1,0.748,1
1,0.8804,1
0,0.888,1
0,0.813,1
1,0.8667,1
1,0.4048,0
1,0.424,0
1,0.3062,0
0,0.3726,0
1,0.288,0
0,0.4263,0
0,0.3274,0
1,0.3801,0
0,0.4363,0
0,0.3525,0
0,0.262,0
1,0.6104,1
1,0.7715,1
1,0.7954,1
0,0.4045,0
0,0.4563,0
1,0.8423,1
1,0.828,1
1,0.7524,1
0,0.1943,0
0,0.53,1
0,0.7427,1
1,0.4087,0
0,0.2422,0
0,0.3298,0
0,0.3145,0
0,0.564,1
1,0.3896,0
1,0.823,1
0,0.2832,0
0,0.303,0
1,0.517,1
0,0.11633,0
0,0.1527,0
1,0.675,1
1,0.2637,0
0,0.2493,0
0,0.2708,0
0,0.2415,0
0,0.2205,0
0,0.8887,1
0,0.873,1
1,0.3694,0
1,0.867,1
0,0.4207,0
1,0.788,1
1,0.2482,0
1,0.4556,0
1,0.8696,1
1,0.3843,0
1,0.2654,0
0,0.2053,0
1,0.6406,1
1,0.75,1
1,0.641,1
1,0.793,1
1,0.676,1
1,0.7036,1
1,0.717,1
1,0.774,1
0,0.892,1
0,0.7817,1
1,0.7974,1
0,0.595,1
0,0.3528,0
0,0.5654,1
0,0.582,1
1,0.7505,1
1,0.7295,1
0,0.698,1
1,0.675,1
0,0.8677,1
0,0.1688,0
0,0.8374,1
0,0.1956,0
1,0.7915,1
0,0.696,1
0,0.638,1
1,0.8896,1
1,0.8447,1
1,0.8203,1
1,0.865,1
1,0.8857,1
1,0.8574,1
0,0.878,1
0,0.8687,1
1,0.8525,1
0,0.877,1
1,0.898,1
1,0.806,1
1,0.869,1
0,0.8457,1
1,0.8745,1
1,0.6025,1
1,0.8657,1
1,0.8574,1
1,0.796,1
1,0.8906,1
1,0.847,1
1,0.848,1
1,0.879,1
1,0.8047,1
1,0.8687,1
1,0.8633,1
1,0.89,1
1,0.8804,1
0,0.85,1
1,0.843,1
1,0.7866,1
1,0.8647,1
1,0.9126,1
1,0.8267,1
1,0.899,1
1,0.857,1
1,0.904,1
1,0.8965,1
1,0.8916,1
1,0.8125,1
1,0.8286,1
1,0.876,1
0,0.793,1
0,0.8496,1
0,0.8584,1
1,0.8716,1
1,0.8164,1
0,0.871,1
0,0.8735,1
1,0.6787,1
1,0.8604,1
0,0.8574,1
0,0.8374,1
1,0.8413,1
1,0.885,1
1,0.876,1
1,0.836,1
1,0.83,1
1,0.8193,1
1,0.765,1
1,0.879,1
1,0.812,1
1,0.8994,1
1,0.8345,1
1,0.873,1
1,0.924,1
0,0.82,1
1,0.828,1
1,0.798,1
1,0.844,1
1,0.7944,1
0,0.845,1
1,0.8135,1
1,0.8384,1
1,0.5146,1
1,0.868,1
1,0.797,1
1,0.6675,1
1,0.8633,1
1,0.851,1
1,0.8184,1
1,0.851,1
1,0.8457,1
1,0.7437,1
1,0.849,1
1,0.8433,1
1,0.82,1
1,0.8027,1
1,0.8135,1
1,0.8833,1
1,0.8174,1
1,0.8037,1
1,0.735,1
1,0.772,1
1,0.853,1
0,0.809,1
1,0.844,1
1,0.816,1
1,0.871,1
0,0.883,1
1,0.8047,1
1,0.84,1
1,0.8633,1
1,0.8438,1
1,0.879,1
1,0.7173,1
1,0.791,1
0,0.8716,1
0,0.838,1
0,0.697,1
1,0.818,1
1,0.816,1
1,0.8257,1
1,0.834,1
1,0.8237,1
1,0.7393,1
1,0.778,1
1,0.7046,1
1,0.839,1
1,0.865,1
1,0.8687,1
1,0.875,1
1,0.8086,1
1,0.864,1
1,0.762,1
1,0.791,1
0,0.7725,1
1,0.8433,1
1,0.809,1
0,0.797,1
1,0.87,1
0,0.879,1
0,0.8237,1
0,0.7734,1
1,0.7046,1
1,0.78,1
1,0.777,1
1,0.813,1
0,0.802,1
1,0.7393,1
0,0.8555,1
0,0.801,1
0,0.8657,1
1,0.7944,1
1,0.7334,1
0,0.8423,1
0,0.3818,0
1,0.5405,1
1,0.5537,1
0,0.2299,0
1,0.4143,0
1,0.3923,0
0,0.646,1
0,0.4363,0
1,0.3757,0
0,0.536,1
1,0.5615,1
1,0.7256,1
0,0.2664,0
0,0.252,0
0,0.06647,0
0,0.03802,0
1,0.347,0
1,0.594,1
1,0.5713,1
1,0.5503,1
1,0.8335,1
1,0.7183,1
1,0.6978,1
0,0.7046,1
1,0.774,1
1,0.653,1
0,0.4272,0
1,0.08374,0
1,0.8667,1
1,0.7397,1
1,0.798,1
1,0.876,1
1,0.8403,1
0,0.831,1
1,0.5923,1
1,0.2222,0
1,0.539,1
1,0.517,1
1,0.621,1
1,0.662,1
1,0.7974,1
1,0.901,1
1,0.878,1
1,0.8315,1
1,0.828,1
1,0.9053,1
1,0.8564,1
1,0.881,1
1,0.7896,1
1,0.831,1
1,0.8735,1
1,0.764,1
1,0.829,1
1,0.8267,1
1,0.664,1
1,0.6343,1
0,0.8247,1
0,0.652,1
0,0.655,1
1,0.6494,1
1,0.7725,1
1,0.782,1
1,0.7505,1
1,0.4858,0
0,0.6743,1
1,0.6475,1
1,0.5156,1
1,0.422,0
1,0.4963,0
1,0.4663,0
0,0.686,1
1,0.5786,1
1,0.6455,1
0,0.764,1
1,0.6714,1
0,0.567,1
1,0.6533,1
1,0.6636,1
0,0.579,1
1,0.632,1
1,0.6245,1
1,0.5854,1
1,0.5947,1
1,0.614,1
1,0.5967,1
1,0.745,1
1,0.6846,1
0,0.1763,0
0,0.3694,0
0,0.5356,1
0,0.404,0
0,0.5835,1
0,0.4482,0
0,0.6035,1
1,0.867,1
1,0.855,1
1,0.8203,1
1,0.4617,0
1,0.418,0
1,0.1709,0
1,0.2646,0
1,0.3247,0
1,0.311,0
1,0.0874,0
0,0.1544,0
0,0.2399,0
1,0.5347,1
1,0.51,1
1,0.7544,1
1,0.5195,1
1,0.6396,1
1,0.636,1
1,0.558,1
1,0.738,1
1,0.561,1
1,0.7393,1
1,0.556,1
1,0.77,1
1,0.6416,1
1,0.7324,1
0,0.785,1
1,0.6577,1
1,0.5835,1
1,0.7383,1
1,0.5283,1
1,0.761,1
0,0.6597,1
1,0.648,1
0,0.7275,1
0,0.5713,1
1,0.6333,1
1,0.717,1
1,0.766,1
1,0.849,1
1,0.689,1
0,0.825,1
1,0.579,1
1,0.6685,1
1,0.5415,1
1,0.77,1
1,0.5767,1
1,0.729,1
1,0.8496,1
1,0.584,1
0,0.11536,0
0,0.02942,0
0,0.0831,0
0,0.2018,0
0,0.2084,0
0,0.2908,0
0,0.263,0
0,0.1174,0
0,0.0865,0
0,0.02069,0
0,0.2837,0
0,0.172,0
1,0.1538,0
0,0.1603,0
0,0.08435,0
0,0.05634,0
0,0.1367,0
1,0.563,1
1,0.4702,0
1,0.6895,1
1,0.67,1
1,0.6265,1
1,0.741,1
1,0.7524,1
1,0.6353,1
1,0.812,1
1,0.688,1
1,0.718,1
1,0.6597,1
1,0.787,1
1,0.76,1
1,0.722,1
1,0.711,1
1,0.725,1
1,0.819,1
1,0.779,1
1,0.779,1
1,0.735,1
1,0.7695,1
0,0.7334,1
0,0.68,1
1,0.306,0
1,0.2803,0
1,0.4033,0
1,0.3542,0
1,0.3374,0
1,0.2712,0
0,0.09125,0
0,0.3306,0
0,0.1738,0
0,0.158,0
0,0.4536,0
1,0.3276,0
0,0.195,0
1,0.3015,0
0,0.612,1
0,0.4626,0
1,0.7246,1
0,0.7734,1
1,0.7495,1
1,0.7334,1
1,0.821,1
1,0.661,1
1,0.1729,0
1,0.56,1
0,0.3142,0
0,0.532,1
1,0.4937,0
0,0.6914,1
1,0.6626,1
0,0.74,1
1,0.548,1
1,0.676,1
1,0.7734,1
1,0.782,1
1,0.6587,1
1,0.675,1
1,0.7144,1
1,0.7944,1
1,0.739,1
0,0.5923,1
0,0.3467,0
0,0.3816,0
0,0.3523,0
0,0.4058,0
0,0.4556,0
0,0.3992,0
0,0.3965,0
0,0.495,0
0,0.3083,0
1,0.702,1
0,0.5366,1
1,0.4285,0
0,0.2114,0
1,0.1765,0
0,0.2156,0
0,0.2825,0
0,0.208,0
1,0.635,1
0,0.3225,0
1,0.5444,1
1,0.593,1
1,0.8394,1
1,0.8423,1
1,0.878,1
1,0.6533,1
0,0.742,1
1,0.1943,0
1,0.2942,0
0,0.2198,0
0,0.13,0
0,0.3816,0
0,0.2812,0
0,0.298,0
0,0.0708,0
0,0.6045,1
1,0.4543,0
1,0.7603,1
1,0.3813,0
0,0.2627,0
0,0.4695,0
0,0.2861,0
0,0.286,0
0,0.5986,1
1,0.5854,1
1,0.5083,1
1,0.5654,1
0,0.3665,0
1,0.3066,0
0,0.4485,0
1,0.4368,0
0,0.4287,0
0,0.2397,0
0,0.3206,0
1,0.2852,0
1,0.771,1
0,0.03442,0
1,0.11127,0
1,0.719,1
1,0.06915,0
0,0.2113,0
0,0.1047,0
0,0.1415,0
1,0.4268,0
1,0.6826,1
1,0.7583,1
0,0.301,0
0,0.604,1
0,0.2822,0
0,0.3276,0
1,0.7275,1
1,0.675,1
0,0.5034,1
0,0.5005,1
0,0.4238,0
1,0.5938,1
1,0.8364,1
1,0.727,1
1,0.814,1
0,0.4485,0
1,0.7144,1
1,0.5464,1
1,0.7114,1
1,0.5083,1
1,0.6245,1
1,0.5796,1
1,0.62,1
1,0.5786,1
1,0.6704,1
1,0.6543,1
1,0.6357,1
0,0.6543,1
1,0.614,1
1,0.6265,1
1,0.68,1
0,0.623,1
0,0.6387,1
1,0.6387,1
1,0.716,1
1,0.803,1
1,0.6553,1
1,0.551,1
0,0.013954,0
1,0.1821,0
0,0.2455,0
1,0.471,0
1,0.7085,1
1,0.767,1
0,0.5464,1
1,0.5977,1
1,0.5034,1
1,0.5815,1
1,0.563,1
0,0.12177,0
1,0.0707,0
1,0.3347,0
1,0.7163,1
1,0.737,1
1,0.708,1
0,0.7344,1
1,0.756,1
1,0.6743,1
1,0.6665,1
1,0.6387,1
1,0.6533,1
1,0.757,1
1,0.671,1
1,0.646,1
1,0.695,1
1,0.563,1
1,0.698,1
1,0.3635,0
1,0.7603,1
1,0.656,1
1,0.682,1
1,0.5894,1
1,0.7944,1
1,0.7983,1
0,0.634,1
0,0.8516,1
1,0.702,1
1,0.686,1
1,0.8135,1
1,0.6924,1
1,0.702,1
1,0.7466,1
0,0.7607,1
1,0.5747,1
1,0.664,1
1,0.2654,0
1,0.452,0
1,0.61,1
1,0.571,1
1,0.6714,1
1,0.7407,1
0,0.642,1
1,0.6465,1
0,0.1696,0
1,0.05292,0
1,0.0682,0
0,0.335,0
1,0.12494,0
0,0.06915,0
0,0.3186,0
0,0.04202,0
0,0.484,0
1,0.1512,0
0,0.02887,0
1,0.1214,0
1,0.782,1
0,0.7075,1
1,0.8276,1
1,0.735,1
0,0.7534,1
1,0.588,1
0,0.545,1
1,0.3184,0
1,0.1458,0
1,0.5093,1
1,0.461,0
0,0.436,0
1,0.9097,1
1,0.588,1
0,0.638,1
1,0.8184,1
0,0.8203,1
1,0.851,1
0,0.554,1
0,0.7217,1
1,0.3845,0
0,0.3987,0
1,0.786,1
1,0.7856,1
1,0.2742,0
0,0.4211,0
0,0.2747,0
1,0.4514,0
1,0.2627,0
1,0.2754,0
0,0.279,0
0,0.3042,0
0,0.2573,0
0,0.2595,0
1,0.3787,0
1,0.7554,1
1,0.587,1
1,0.6675,1
1,0.5493,1
1,0.4038,0
1,0.683,1
0,0.675,1
0,0.6714,1
1,0.6265,1
1,0.728,1
1,0.8745,1
1,0.865,1
1,0.8096,1
1,0.846,1
1,0.886,1
1,0.876,1
0,0.824,1
1,0.8076,1
0,0.818,1
0,0.853,1
1,0.8535,1
1,0.8125,1
1,0.7383,1
1,0.682,1
1,0.8096,1
1,0.623,1
1,0.8066,1
1,0.6904,1
0,0.793,1
1,0.764,1
1,0.823,1
1,0.857,1
1,0.705,1
1,0.787,1
1,0.7476,1
1,0.7397,1
1,0.8516,1
1,0.703,1
1,0.7754,1
1,0.7354,1
1,0.5796,1
1,0.634,1
1,0.7275,1
0,0.7354,1
0,0.763,1
0,0.6284,1
0,0.709,1
0,0.6377,1
1,0.7705,1
1,0.7812,1
0,0.7856,1
1,0.8154,1
1,0.8647,1
0,0.7974,1
0,0.7812,1
0,0.796,1
0,0.742,1
1,0.793,1
0,0.844,1
0,0.69,1
1,0.8267,1
1,0.827,1
0,0.8115,1
1,0.7847,1
1,0.8086,1
1,0.706,1
1,0.806,1
1,0.8086,1
0,0.728,1
1,0.7686,1
0,0.864,1
0,0.8115,1
0,0.781,1
0,0.8364,1
1,0.7764,1
1,0.765,1
1,0.7773,1
0,0.805,1
0,0.837,1
1,0.803,1
1,0.769,1
1,0.812,1
0,0.7754,1
1,0.79,1
1,0.852,1
1,0.771,1
1,0.7847,1
1,0.8438,1
1,0.782,1
0,0.742,1
1,0.7627,1
0,0.7803,1
0,0.751,1
1,0.8496,1
1,0.6997,1
1,0.8696,1
1,0.792,1
1,0.838,1
1,0.8174,1
1,0.8374,1
1,0.8496,1
1,0.786,1
1,0.818,1
1,0.8345,1
1,0.779,1
1,0.837,1
1,0.806,1
1,0.8115,1
1,0.8604,1
1,0.7886,1
1,0.8145,1
1,0.8076,1
1,0.853,1
0,0.802,1
1,0.801,1
1,0.7617,1
1,0.8545,1
1,0.8003,1
1,0.7134,1
1,0.701,1
1,0.8545,1
1,0.861,1
0,0.7495,1
1,0.825,1
1,0.809,1
1,0.83,1
1,0.807,1
1,0.739,1
1,0.845,1
1,0.746,1
1,0.7803,1
1,0.8647,1
1,0.804,1
0,0.794,1
1,0.7773,1
1,0.7666,1
1,0.863,1
1,0.832,1
1,0.795,1
1,0.8257,1
1,0.8516,1
1,0.793,1
1,0.8267,1
1,0.8584,1
1,0.8135,1
1,0.844,1
0,0.608,1
1,0.6284,1
0,0.623,1
1,0.701,1
0,0.781,1
1,0.7007,1
0,0.2478,0
0,0.03622,0
0,0.07837,0
0,0.0354,0
0,0.0825,0
1,0.1349,0
1,0.07434,0
0,0.0981,0
0,0.326,0
0,0.357,0
0,0.5044,1
0,0.8306,1
1,0.8926,1
1,0.8784,1
0,0.8286,1
0,0.548,1
1,0.799,1
1,0.8447,1
1,0.7476,1
1,0.743,1
0,0.7207,1
0,0.7583,1
1,0.748,1
0,0.7847,1
1,0.755,1
0,0.652,1
0,0.742,1
1,0.7,1
1,0.7812,1
1,0.6445,1
1,0.7427,1
1,0.702,1
1,0.702,1
1,0.8184,1
1,0.79,1
1,0.7754,1
0,0.7817,1
1,0.8833,1
1,0.8193,1
1,0.848,1
0,0.6714,1
1,0.7095,1
0,0.4915,0
1,0.602,1
1,0.4712,0
0,0.5615,1
1,0.8057,1
1,0.854,1
1,0.8076,1
0,0.4104,0
0,0.3345,0
0,0.3127,0
0,0.3418,0
1,0.382,0
1,0.6567,1
1,0.817,1
1,0.8086,1
1,0.598,1
1,0.2874,0
0,0.3127,0
0,0.753,1
0,0.2399,0
1,0.4119,0
1,0.711,1
1,0.7603,1
1,0.7417,1
1,0.2612,0
0,0.2927,0
1,0.867,1
1,0.8804,1
1,0.8223,1
1,0.802,1
0,0.6255,1
0,0.471,0
0,0.332,0
0,0.5083,1
0,0.4055,0
0,0.302,0
0,0.644,1
1,0.255,0
1,0.7065,1
1,0.7305,1
1,0.8735,1
1,0.8916,1
1,0.855,1
1,0.706,1
1,0.823,1
1,0.8306,1
1,0.807,1
0,0.93,1
1,0.861,1
1,0.8584,1
1,0.84,1
1,0.8105,1
1,0.814,1
1,0.8633,1
1,0.882,1
1,0.8545,1
1,0.4739,0
1,0.628,1
1,0.6426,1
0,0.7046,1
0,0.682,1
0,0.6685,1
1,0.764,1
1,0.8086,1
0,0.5566,1
1,0.4985,0
1,0.6704,1
1,0.82,1
0,0.8965,1
0,0.882,1
0,0.799,1
1,0.10596,0
0,0.0263,0
0,0.03062,0
0,0.02457,0
0,0.06042,0
0,0.3257,0
0,0.1753,0
1,0.368,0
0,0.5522,1
0,0.591,1
1,0.2722,0
0,0.3674,0
0,0.661,1
0,0.6514,1
0,0.6777,1
1,0.6826,1
1,0.651,1
1,0.542,1
0,0.1453,0
0,0.07947,0
0,0.5063,1
1,0.06076,0
1,0.342,0
0,0.1901,0
0,0.2598,0
0,0.03995,0
0,0.1128,0
0,0.5347,1
1,0.6177,1
0,0.7026,1
1,0.613,1
1,0.55,1
0,0.583,1
0,0.6016,1
1,0.6514,1
0,0.6113,1
1,0.6694,1
0,0.533,1
0,0.54,1
0,0.654,1
1,0.7217,1
0,0.8125,1
0,0.7207,1
1,0.722,1
1,0.703,1
1,0.7944,1
1,0.7793,1
1,0.7534,1
1,0.779,1
1,0.7236,1
1,0.6924,1
0,0.7773,1
1,0.737,1
0,0.8193,1
0,0.8384,1
0,0.7905,1
0,0.7437,1
0,0.726,1
1,0.7324,1
1,0.2507,0
1,0.8247,1
0,0.0508,0
1,0.12463,0
0,0.703,1
1,0.3635,0
1,0.3752,0
0,0.6167,1
0,0.3174,0
0,0.3376,0
0,0.04083,0
0,0.3743,0
0,0.3743,0
0,0.583,1
1,0.444,0
1,0.676,1
0,0.1709,0
0,0.6797,1
0,0.3352,0
0,0.5103,1
0,0.31,0
1,0.6025,1
1,0.76,1
1,0.725,1
1,0.785,1
1,0.654,1
1,0.742,1
1,0.726,1
1,0.7876,1
0,0.285,0
1,0.7954,1
1,0.776,1
1,0.7954,1
1,0.821,1
0,0.64,1
0,0.7754,1
0,0.7583,1
0,0.6807,1
1,0.749,1
0,0.793,1
1,0.742,1
0,0.6855,1
0,0.6396,1
1,0.629,1
1,0.522,1
1,0.623,1
1,0.4788,0
1,0.7197,1
1,0.527,1
1,0.7363,1
1,0.666,1
1,0.5786,1
1,0.5703,1
1,0.7334,1
1,0.7686,1
1,0.691,1
1,0.705,1
1,0.7676,1
0,0.677,1
0,0.6646,1
0,0.6323,1
1,0.7383,1
1,0.586,1
1,0.4656,0
1,0.7056,1
0,0.708,1
1,0.605,1
1,0.1917,0
1,0.397,0
1,0.2761,0
0,0.2954,0
1,0.2417,0
0,0.6772,1
0,0.506,1
1,0.66,1
0,0.11755,0
0,0.308,0
1,0.2883,0
0,0.2896,0
0,0.2937,0
0,0.3481,0
0,0.2678,0
0,0.2756,0
0,0.3713,0
1,0.3872,0
0,0.3542,0
0,0.2605,0
0,0.2175,0
0,0.3408,0
0,0.317,0
1,0.35,0
0,0.252,0
1,0.3652,0
1,0.4258,0
0,0.4377,0
0,0.2964,0
0,0.4246,0
1,0.529,1
1,0.7666,1
1,0.8228,1
1,0.717,1
1,0.4092,0
1,0.715,1
0,0.636,1
1,0.718,1
1,0.638,1
1,0.646,1
1,0.755,1
1,0.7075,1
0,0.514,1
1,0.8223,1
1,0.8486,1
1,0.6836,1
0,0.6895,1
1,0.598,1
1,0.671,1
0,0.72,1
1,0.6875,1
0,0.3752,0
1,0.4163,0
0,0.3,0
1,0.8345,1
1,0.704,1
1,0.696,1
0,0.5796,1
1,0.6504,1
0,0.4478,0
1,0.693,1
1,0.7993,1
1,0.8433,1
1,0.7646,1
1,0.797,1
1,0.7793,1
1,0.7446,1
1,0.7773,1
1,0.657,1
0,0.6763,1
1,0.816,1
1,0.7803,1
1,0.7627,1
1,0.711,1
1,0.7397,1
1,0.638,1
1,0.568,1
1,0.4858,0
1,0.4165,0
1,0.598,1
0,0.7803,1
1,0.719,1
1,0.5923,1
0,0.6167,1
1,0.6226,1
0,0.6265,1
0,0.6064,1
1,0.424,0
1,0.392,0
1,0.5605,1
0,0.7544,1
1,0.6177,1
1,0.563,1
1,0.6997,1
0,0.391,0
1,0.3132,0
1,0.3206,0
0,0.04047,0
0,0.1964,0
0,0.1315,0
1,0.1095,0
0,0.362,0
1,0.6196,1
0,0.4617,0
0,0.602,1
1,0.5044,1
0,0.4287,0
1,0.599,1
1,0.8315,1
1,0.28,0
1,0.603,1
0,0.5586,1
0,0.5605,1
1,0.2761,0
1,0.3564,0
1,0.423,0
0,0.4788,0
1,0.7134,1
0,0.705,1
1,0.5503,1
0,0.858,1
0,0.645,1
1,0.7144,1
1,0.5796,1
1,0.6704,1
0,0.752,1
1,0.6724,1
1,0.7847,1
1,0.7847,1
1,0.73,1
1,0.828,1
1,0.779,1
1,0.8203,1
1,0.6543,1
1,0.8145,1
1,0.5737,1
1,0.795,1
1,0.7524,1
1,0.797,1
1,0.824,1
1,0.857,1
1,0.8286,1
1,0.5645,1
0,0.8306,1
0,0.7583,1
0,0.7466,1
1,0.819,1
1,0.84,1
1,0.677,1
1,0.48,0
1,0.39,0
1,0.6313,1
1,0.7734,1
1,0.7715,1
1,0.5947,1
1,0.806,1
1,0.7783,1
1,0.557,1
1,0.4602,0
1,0.4482,0
1,0.257,0
1,0.2983,0
1,0.5137,1
1,0.5117,1
1,0.5317,1
1,0.4763,0
0,0.3303,0
0,0.5537,1
0,0.3003,0
1,0.706,1
1,0.7036,1
1,0.4607,0
0,0.5537,1
0,0.359,0
0,0.4478,0
0,0.536,1
1,0.4087,0
0,0.3733,0
0,0.5664,1
0,0.576,1
0,0.736,1
1,0.707,1
1,0.724,1
0,0.7544,1
1,0.506,1
1,0.6846,1
0,0.6777,1
1,0.8384,1
1,0.8,1
0,0.79,1
1,0.8276,1
0,0.7603,1
1,0.8027,1
1,0.8257,1
0,0.565,1
0,0.794,1
1,0.7495,1
1,0.6772,1
1,0.551,1
1,0.6377,1
1,0.7173,1
0,0.7803,1
1,0.6357,1
1,0.9023,1
0,0.6304,1
1,0.582,1
1,0.6416,1
1,0.594,1
1,0.746,1
1,0.4614,0
1,0.5195,1
1,0.6685,1
1,0.702,1
1,0.7617,1
1,0.8013,1
1,0.7456,1
0,0.8174,1
0,0.7,1
1,0.8286,1
1,0.744,1
1,0.7705,1
1,0.815,1
0,0.7334,1
1,0.7983,1
1,0.8843,1
1,0.8506,1
1,0.785,1
0,0.6655,1
1,0.7173,1
1,0.4685,0
1,0.7144,1
1,0.7896,1
1,0.6606,1
1,0.7217,1
1,0.7417,1
1,0.6987,1
1,0.788,1
1,0.8105,1
1,0.798,1
1,0.821,1
1,0.7725,1
0,0.804,1
1,0.743,1
1,0.8516,1
1,0.8613,1
1,0.8306,1
0,0.785,1
1,0.731,1
1,0.6797,1
1,0.806,1
1,0.7837,1
1,0.8037,1
1,0.8184,1
1,0.7637,1
1,0.8174,1
0,0.848,1
0,0.856,1
0,0.807,1
0,0.8647,1
1,0.887,1
0,0.807,1
1,0.81,1
1,0.674,1
1,0.769,1
1,0.827,1
1,0.8174,1
1,0.821,1
1,0.844,1
1,0.861,1
1,0.7793,1
1,0.7764,1
1,0.841,1
0,0.7793,1
0,0.828,1
1,0.895,1
1,0.736,1
0,0.804,1
1,0.8594,1
0,0.8374,1
1,0.8794,1
1,0.8853,1
1,0.836,1
1,0.86,1
1,0.809,1
1,0.8716,1
1,0.7495,1
1,0.7217,1
1,0.7153,1
0,0.757,1
0,0.6987,1
1,0.742,1
1,0.6772,1
0,0.7363,1
0,0.712,1
0,0.74,1
0,0.6304,1
0,0.7515,1
1,0.6963,1
1,0.726,1
1,0.743,1
1,0.713,1
1,0.736,1
1,0.2234,0
1,0.6504,1
0,0.73,1
0,0.685,1
0,0.762,1
1,0.779,1
0,0.629,1
1,0.6387,1
0,0.7036,1
0,0.297,0
1,0.6235,1
0,0.726,1
1,0.684,1
1,0.5703,1
1,0.6846,1
1,0.742,1
1,0.7046,1
1,0.665,1
0,0.797,1
1,0.673,1
0,0.7256,1
1,0.675,1
1,0.69,1
1,0.708,1
0,0.6987,1
1,0.74,1
1,0.7134,1
0,0.7065,1
1,0.701,1
0,0.7305,1
1,0.72,1
1,0.8022,1
0,0.7466,1
1,0.717,1
1,0.7734,1
1,0.774,1
0,0.663,1
1,0.562,1
0,0.3977,0
0,0.5723,1
1,0.8374,1
1,0.6177,1
1,0.7993,1
1,0.5454,1
1,0.339,0
1,0.8896,1
0,0.854,1
1,0.8677,1
1,0.828,1
1,0.861,1
1,0.6304,1
1,0.812,1
1,0.8315,1
1,0.837,1
1,0.864,1
1,0.847,1
0,0.851,1
1,0.3237,0
1,0.82,1
1,0.803,1
0,0.836,1
0,0.8154,1
1,0.6475,1
0,0.831,1
1,0.83,1
1,0.8354,1
0,0.887,1
0,0.8677,1
0,0.821,1
0,0.814,1
1,0.8086,1
1,0.808,1
1,0.741,1
1,0.8506,1
1,0.856,1
1,0.82,1
1,0.864,1
1,0.8843,1
1,0.8716,1
1,0.805,1
1,0.852,1
1,0.81,1
1,0.8276,1
0,0.837,1
1,0.9,1
1,0.822,1
1,0.882,1
1,0.823,1
1,0.755,1
1,0.2338,0
1,0.7544,1
0,0.844,1
1,0.8135,1
1,0.8506,1
1,0.827,1
1,0.8633,1
1,0.8833,1
1,0.9062,1
0,0.7856,1
1,0.8555,1
0,0.8477,1
1,0.825,1
1,0.786,1
1,0.7856,1
1,0.7188,1
1,0.8335,1
0,0.2104,0
0,0.434,0
0,0.3984,0
0,0.682,1
0,0.6025,1
1,0.7974,1
1,0.812,1
1,0.7715,1
1,0.752,1
1,0.5312,1
1,0.707,1
0,0.4536,0
0,0.4104,0
1,0.2605,0
0,0.4258,0
0,0.255,0
0,0.366,0
0,0.4233,0
0,0.4822,0
0,0.5103,1
0,0.4377,0
0,0.269,0
0,0.323,0
0,0.2273,0
0,0.07184,0
0,0.6577,1
0,0.7554,1
1,0.7705,1
0,0.609,1
1,0.7163,1
0,0.5874,1
1,0.6,1
0,0.277,0
0,0.1454,0
0,0.2766,0
0,0.4922,0
0,0.07227,0
0,0.4597,0
0,0.1388,0
1,0.4,0
1,0.4036,0
1,0.5996,1
1,0.8076,1
1,0.8496,1
0,0.3176,0
0,0.2239,0
1,0.5796,1
1,0.659,1
1,0.4885,0
1,0.6196,1
1,0.7065,1
1,0.782,1
1,0.5957,1
1,0.1603,0
0,0.468,0
0,0.515,1
1,0.405,0
1,0.766,1
0,0.53,1
1,0.7617,1
1,0.7603,1
0,0.7515,1
1,0.1499,0
1,0.6055,1
0,0.1636,0
1,0.299,0
0,0.7563,1
0,0.5713,1
0,0.414,0
1,0.4402,0
1,0.5825,1
0,0.6245,1
1,0.8296,1
1,0.537,1
0,0.7085,1
1,0.734,1
0,0.5317,1
1,0.794,1
1,0.8076,1
0,0.7456,1
1,0.8447,1
1,0.861,1
1,0.7456,1
0,0.659,1
1,0.922,1
0,0.2407,0
1,0.8374,1
1,0.822,1
1,0.8716,1
1,0.8213,1
1,0.829,1
1,0.838,1
1,0.798,1
1,0.857,1
1,0.752,1
1,0.5757,1
1,0.7827,1
0,0.823,1
0,0.736,1
1,0.814,1
1,0.873,1
1,0.875,1
1,0.8677,1
0,0.8784,1
1,0.9146,1
1,0.878,1
1,0.9033,1
1,0.9165,1
1,0.863,1
1,0.7725,1
1,0.806,1
1,0.83,1
1,0.85,1
1,0.835,1
1,0.8823,1
1,0.807,1
1,0.8335,1
0,0.795,1
1,0.817,1
1,0.7896,1
1,0.7495,1
1,0.8384,1
1,0.7983,1
0,0.8604,1
1,0.801,1
0,0.84,1
1,0.817,1
1,0.854,1
0,0.797,1
1,0.687,1
1,0.7793,1
0,0.838,1
1,0.7705,1
1,0.8096,1
0,0.8086,1
1,0.8027,1
1,0.818,1
0,0.8354,1
1,0.867,1
1,0.3652,0
1,0.05212,0
0,0.0645,0
1,0.452,0
1,0.1255,0
1,0.2313,0
0,0.1034,0
1,0.1539,0
1,0.3416,0
0,0.1995,0
0,0.0925,0
0,0.2018,0
0,0.1142,0
1,0.2986,0
0,0.435,0
1,0.5576,1
0,0.756,1
1,0.6606,1
1,0.8506,1
1,0.842,1
1,0.717,1
1,0.6836,1
1,0.3704,0
1,0.0548,0
1,0.1993,0
1,0.82,1
1,0.8013,1
1,0.495,0
0,0.644,1
1,0.7393,1
1,0.7817,1
1,0.7197,1
1,0.79,1
1,0.667,1
0,0.1462,0
0,0.1885,0
0,0.4976,0
0,0.577,1
0,0.2722,0
1,0.7183,1
1,0.7407,1
0,0.6284,1
0,0.682,1
1,0.6704,1
0,0.7354,1
0,0.854,1
0,0.864,1
0,0.8125,1
1,0.8833,1
1,0.882,1
1,0.8374,1
1,0.869,1
1,0.789,1
0,0.753,1
1,0.8184,1
1,0.801,1
1,0.8716,1
1,0.849,1
1,0.8833,1
1,0.873,1
1,0.8706,1
1,0.865,1
1,0.896,1
1,0.8726,1
1,0.829,1
1,0.849,1
0,0.2332,0
0,0.09106,0
1,0.7935,1
1,0.7583,1
1,0.845,1
0,0.0651,0
0,0.281,0
0,0.0752,0
1,0.815,1
1,0.889,1
1,0.7847,1
0,0.767,1
1,0.7305,1
1,0.7236,1
1,0.461,0
1,0.58,1
1,0.4873,0
1,0.8213,1
1,0.8164,1
1,0.768,1
1,0.8486,1
1,0.7817,1
1,0.801,1
1,0.8345,1
1,0.8125,1
0,0.831,1
1,0.786,1
0,0.8003,1
1,0.793,1
0,0.6313,1
1,0.8105,1
1,0.7017,1
0,0.6807,1
1,0.7065,1
0,0.79,1
0,0.7314,1
0,0.737,1
1,0.7227,1
1,0.756,1
0,0.812,1
0,0.7305,1
1,0.655,1
1,0.6934,1
1,0.7305,1
0,0.802,1
1,0.852,1
1,0.7163,1
1,0.835,1
1,0.902,1
1,0.84,1
1,0.879,1
1,0.8276,1
1,0.875,1
1,0.819,1
1,0.8193,1
1,0.7715,1
1,0.8135,1
1,0.7964,1
0,0.8564,1
1,0.8086,1
1,0.8315,1
1,0.7964,1
1,0.8647,1
0,0.666,1
1,0.8105,1
1,0.883,1
1,0.8247,1
1,0.764,1
1,0.836,1
0,0.747,1
1,0.8535,1
1,0.836,1
1,0.7944,1
1,0.8726,1
1,0.865,1
1,0.8174,1
1,0.8105,1
1,0.787,1
1,0.8613,1
1,0.857,1
0,0.825,1
1,0.8604,1
1,0.8438,1
1,0.8145,1
1,0.8525,1
0,0.8037,1
1,0.871,1
1,0.718,1
1,0.8467,1
1,0.6445,1
1,0.812,1
0,0.8413,1
1,0.807,1
1,0.7534,1
1,0.7725,1
0,0.8364,1
1,0.783,1
1,0.8066,1
1,0.7637,1
1,0.4639,0
1,0.8613,1
1,0.8823,1
1,0.8916,1
1,0.8306,1
0,0.844,1
1,0.8257,1
1,0.8486,1
0,0.782,1
1,0.772,1
0,0.8022,1
1,0.8447,1
1,0.851,1
0,0.8286,1
1,0.7383,1
1,0.838,1
1,0.8555,1
1,0.87,1
1,0.8804,1
1,0.8916,1
1,0.825,1
1,0.732,1
1,0.7783,1
1,0.7725,1
1,0.8037,1
1,0.887,1
1,0.841,1
1,0.7783,1
1,0.6978,1
1,0.656,1
1,0.8076,1
1,0.718,1
1,0.7246,1
1,0.8457,1
1,0.803,1
1,0.7393,1
1,0.6714,1
1,0.8057,1
1,0.7793,1
1,0.821,1
1,0.8325,1
1,0.8345,1
1,0.827,1
1,0.8267,1
0,0.1989,0
0,0.162,0
1,0.2352,0
0,0.01164,0
0,0.0627,0
1,0.4949,0
0,0.709,1
0,0.108,0
1,0.7803,1
1,0.8125,1
0,0.6655,1
1,0.7725,1
1,0.741,1
1,0.703,1
1,0.7095,1
1,0.824,1
0,0.7603,1
1,0.686,1
1,0.7295,1
0,0.7144,1
1,0.724,1
0,0.7373,1
1,0.715,1
1,0.624,1
1,0.774,1
0,0.6987,1
1,0.6885,1
1,0.744,1
1,0.743,1
1,0.7456,1
0,0.7656,1
1,0.798,1
1,0.651,1
0,0.681,1
0,0.743,1
1,0.837,1
0,0.826,1
1,0.7593,1
1,0.7705,1
0,0.779,1
0,0.7617,1
0,0.765,1
1,0.822,1
1,0.8174,1
1,0.7827,1
1,0.8335,1
1,0.7344,1
0,0.8267,1
1,0.7095,1
1,0.844,1
1,0.711,1
0,0.5225,1
1,0.58,1
1,0.7896,1
1,0.6113,1
0,0.5684,1
1,0.6377,1
1,0.7725,1
1,0.753,1
1,0.682,1
1,0.6772,1
1,0.653,1
1,0.779,1
1,0.7617,1
1,0.4614,0
1,0.495,0
1,0.7476,1
1,0.7583,1
1,0.854,1
1,0.814,1
0,0.7734,1
1,0.767,1
1,0.721,1
1,0.8833,1
0,0.882,1
1,0.8335,1
0,0.8584,1
1,0.806,1
1,0.884,1
1,0.8745,1
1,0.869,1
1,0.8857,1
1,0.695,1
1,0.8354,1
1,0.8843,1
0,0.758,1
0,0.6885,1
0,0.8433,1
1,0.834,1
0,0.8296,1
1,0.7925,1
0,0.8525,1
1,0.741,1
0,0.7974,1
1,0.778,1
0,0.734,1
0,0.7744,1
1,0.7246,1
1,0.798,1
1,0.634,1
0,0.5713,1
0,0.7744,1
1,0.7495,1
0,0.729,1
1,0.764,1
1,0.6577,1
0,0.595,1
0,0.736,1
1,0.746,1
0,0.841,1
1,0.7515,1
0,0.6997,1
1,0.819,1
1,0.7935,1
1,0.796,1
0,0.779,1
0,0.737,1
1,0.678,1
0,0.72,1
1,0.6978,1
1,0.755,1
0,0.7817,1
0,0.7993,1
1,0.833,1
1,0.8574,1
1,0.795,1
1,0.8604,1
1,0.792,1
1,0.8013,1
1,0.705,1
1,0.8286,1
0,0.7983,1
1,0.8003,1
1,0.797,1
1,0.8105,1
1,0.7036,1
1,0.7188,1
1,0.764,1
1,0.7295,1
1,0.724,1
1,0.8145,1
1,0.7974,1
0,0.772,1
0,0.8223,1
0,0.8286,1
0,0.8027,1
0,0.82,1
1,0.7847,1
1,0.756,1
1,0.6797,1
1,0.729,1
1,0.7866,1
1,0.728,1
1,0.681,1
1,0.8477,1
1,0.7188,1
0,0.6543,1
0,0.745,1
0,0.6943,1
0,0.7656,1
1,0.6963,1
1,0.724,1
0,0.722,1
0,0.7563,1
0,0.758,1
1,0.7417,1
1,0.7783,1
1,0.724,1
1,0.795,1
0,0.774,1
1,0.713,1
1,0.7534,1
0,0.783,1
0,0.756,1
0,0.7207,1
1,0.8306,1
1,0.76,1
0,0.7783,1
1,0.7915,1
1,0.8145,1
1,0.813,1
0,0.732,1
1,0.688,1
1,0.779,1
1,0.713,1
0,0.765,1
0,0.7827,1
1,0.7935,1
1,0.753,1
1,0.804,1
1,0.2233,0
1,0.763,1
1,0.4922,0
1,0.02216,0
0,0.0883,0
0,0.3577,0
1,0.2405,0
1,0.10144,0
0,0.2395,0
0,0.154,0
0,0.2668,0
0,0.1838,0
1,0.2328,0
1,0.2186,0
1,0.251,0
0,0.3115,0
0,0.2502,0
0,0.2194,0
0,0.3428,0
0,0.3948,0
0,0.412,0
0,0.4841,0
0,0.108,0
0,0.2795,0
0,0.10376,0
0,0.2086,0
1,0.4087,0
0,0.3218,0
0,0.4253,0
0,0.622,1
0,0.2815,0
0,0.293,0
1,0.775,1
1,0.5874,1
1,0.7373,1
0,0.7744,1
0,0.874,1
1,0.818,1
1,0.855,1
1,0.5015,1
0,0.1605,0
0,0.1124,0
1,0.6147,1
0,0.7783,1
1,0.673,1
0,0.7256,1
1,0.789,1
1,0.724,1
0,0.782,1
1,0.78,1
1,0.7456,1
1,0.8135,1
1,0.8354,1
1,0.753,1
1,0.6943,1
1,0.8296,1
1,0.797,1
1,0.7183,1
1,0.853,1
1,0.7646,1
1,0.656,1
1,0.859,1
1,0.8594,1
0,0.4197,0
1,0.8467,1
1,0.847,1
1,0.9116,1
1,0.7886,1
0,0.3442,0
1,0.0772,0
1,0.791,1
1,0.05865,0
0,0.4407,0
0,0.1501,0
1,0.213,0
0,0.04263,0
1,0.239,0
1,0.09656,0
0,0.01772,0
0,0.011246,0
0,0.01834,0
0,0.012054,0
0,0.00986,0
0,0.2822,0
0,0.007317,0
0,0.642,1
1,0.2788,0
0,0.1495,0
0,0.01909,0
0,0.059,0
0,0.08496,0
1,0.2922,0
0,0.05212,0
1,0.2869,0
0,0.3164,0
0,0.2156,0
0,0.3203,0
0,0.243,0
0,0.263,0
1,0.224,0
0,0.295,0
0,0.3782,0
0,0.2021,0
1,0.3843,0
0,0.3528,0
1,0.2808,0
0,0.3074,0
0,0.1614,0
0,0.3184,0
0,0.3337,0
0,0.05203,0
0,0.0707,0
0,0.0531,0
1,0.7983,1
1,0.2607,0
0,0.1759,0
0,0.04526,0
1,0.5244,1
0,0.2191,0
0,0.4302,0
1,0.74,1
1,0.8906,1
1,0.7773,1
1,0.8774,1
0,0.776,1
1,0.8037,1
1,0.839,1
1,0.79,1
1,0.865,1
1,0.7715,1
0,0.717,1
1,0.8247,1
1,0.8076,1
0,0.8384,1
1,0.832,1
1,0.8486,1
1,0.7993,1
0,0.3843,0
1,0.4583,0
1,0.702,1
0,0.1052,0
0,0.565,1
0,0.571,1
0,0.4287,0
0,0.4133,0
0,0.4197,0
1,0.82,1
1,0.8726,1
1,0.8477,1
1,0.6426,1
1,0.724,1
0,0.6997,1
1,0.51,1
1,0.393,0
1,0.444,0
1,0.3235,0
0,0.5034,1
0,0.8096,1
1,0.852,1
1,0.7495,1
1,0.4272,0
1,0.8467,1
1,0.8096,1
1,0.7876,1
1,0.786,1
0,0.6235,1
1,0.7075,1
0,0.671,1
1,0.7476,1
0,0.82,1
0,0.8467,1
0,0.8423,1
1,0.7944,1
1,0.641,1
1,0.8413,1
1,0.639,1
1,0.649,1
1,0.7173,1
1,0.744,1
0,0.7534,1
1,0.7036,1
1,0.6016,1
1,0.785,1
1,0.642,1
1,0.6035,1
1,0.5654,1
0,0.614,1
1,0.725,1
1,0.721,1
0,0.2295,0
0,0.4495,0
1,0.575,1
1,0.2637,0
0,0.1561,0
0,0.2058,0
0,0.06744,0
1,0.9243,1
1,0.8945,1
1,0.846,1
1,0.864,1
1,0.893,1
0,0.8267,1
1,0.8706,1
1,0.8804,1
1,0.8364,1
1,0.8647,1
1,0.792,1
1,0.8438,1
0,0.4512,0
1,0.8447,1
1,0.916,1
1,0.7993,1
0,0.2637,0
0,0.4421,0
0,0.3389,0
1,0.724,1
1,0.474,0
1,0.7183,1
0,0.3208,0
0,0.7607,1
0,0.3027,0
1,0.6704,1
0,0.3423,0
1,0.7983,1
1,0.619,1
0,0.6406,1
0,0.384,0
1,0.2637,0
0,0.138,0
1,0.247,0
0,0.3132,0
1,0.3965,0
1,0.3606,0
1,0.755,1
1,0.7754,1
1,0.2847,0
0,0.3135,0
0,0.3113,0
1,0.2869,0
0,0.5,1
1,0.458,0
1,0.493,0
1,0.2202,0
0,0.504,1
1,0.3206,0
0,0.4617,0
0,0.165,0
0,0.3545,0
0,0.0661,0
0,0.03253,0
0,0.1326,0
0,0.05655,0
0,0.2133,0
1,0.855,1
0,0.571,1
0,0.0263,0
0,0.0939,0
1,0.0417,0
0,0.277,0
0,0.37,0
0,0.3245,0
0,0.3381,0
0,0.4534,0
0,0.206,0
1,0.3318,0
1,0.688,1
1,0.7354,1
1,0.727,1
1,0.5083,1
0,0.2717,0
0,0.04272,0
0,0.04886,0
0,0.1361,0
0,0.147,0
1,0.8403,1
1,0.818,1
0,0.3909,0
0,0.6426,1
0,0.545,1
0,0.634,1
1,0.6626,1
0,0.6284,1
1,0.6045,1
1,0.734,1
0,0.6235,1
1,0.1371,0
1,0.697,1
1,0.7734,1
1,0.7065,1
1,0.8213,1
0,0.6475,1
0,0.675,1
1,0.739,1
0,0.67,1
0,0.652,1
1,0.6255,1
0,0.5444,1
0,0.7607,1
0,0.7046,1
0,0.7847,1
1,0.8105,1
0,0.773,1
1,0.802,1
0,0.8438,1
1,0.792,1
1,0.689,1
1,0.7026,1
0,0.709,1
1,0.7725,1
0,0.7383,1
1,0.802,1
1,0.734,1
1,0.729,1
1,0.7397,1
1,0.684,1
1,0.75,1
1,0.79,1
1,0.7134,1
1,0.544,1
0,0.645,1
0,0.4084,0
0,0.362,0
1,0.7515,1
1,0.747,1
0,0.791,1
1,0.87,1
1,0.8296,1
1,0.8237,1
1,0.849,1
1,0.837,1
1,0.698,1
0,0.853,1
0,0.7993,1
1,0.8296,1
0,0.8916,1
0,0.6675,1
1,0.701,1
1,0.8564,1
1,0.748,1
1,0.7324,1
1,0.7456,1
1,0.8135,1
1,0.717,1
1,0.806,1
1,0.7144,1
1,0.6875,1
1,0.598,1
0,0.1771,0
0,0.372,0
1,0.72,1
1,0.818,1
0,0.09656,0
1,0.6494,1
1,0.4062,0
1,0.869,1
0,0.1405,0
0,0.05737,0
1,0.8413,1
1,0.806,1
1,0.84,1
1,0.819,1
1,0.7915,1
1,0.841,1
1,0.845,1
1,0.855,1
1,0.8506,1
1,0.921,1
1,0.3474,0
1,0.217,0
0,0.2927,0
1,0.599,1
1,0.22,0
1,0.525,1
1,0.385,0
0,0.6694,1
0,0.7007,1
1,0.6914,1
1,0.785,1
1,0.8584,1
1,0.871,1
1,0.8525,1
0,0.8486,1
1,0.828,1
1,0.771,1
1,0.841,1
1,0.851,1
1,0.878,1
0,0.2235,0
1,0.6226,1
1,0.7256,1
1,0.9023,1
1,0.8516,1
1,0.9185,1
1,0.83,1
1,0.8604,1
1,0.894,1
1,0.8364,1
1,0.86,1
1,0.851,1
1,0.8,1
1,0.6973,1
0,0.8423,1
1,0.855,1
1,0.8584,1
1,0.832,1
0,0.816,1
1,0.863,1
1,0.845,1
1,0.83,1
1,0.834,1
1,0.818,1
1,0.8594,1
1,0.8296,1
1,0.811,1
1,0.8613,1
1,0.8125,1
1,0.8823,1
1,0.8774,1
1,0.8696,1
1,0.806,1
1,0.8696,1
0,0.7466,1
1,0.858,1
0,0.8477,1
0,0.7607,1
0,0.868,1
1,0.843,1
0,0.815,1
0,0.778,1
1,0.814,1
1,0.8213,1
1,0.8496,1
1,0.8335,1
1,0.8223,1
1,0.835,1
1,0.812,1
1,0.8203,1
1,0.886,1
1,0.7163,1
0,0.8403,1
1,0.8696,1
0,0.361,0
1,0.714,1
0,0.8354,1
1,0.887,1
1,0.824,1
0,0.816,1
1,0.885,1
1,0.8545,1
1,0.8027,1
1,0.3594,0
0,0.1235,0
0,0.6787,1
0,0.6045,1
1,0.4185,0
0,0.4014,0
0,0.257,0
0,0.3909,0
0,0.01909,0
0,0.3062,0
0,0.1128,0
1,0.3325,0
1,0.2815,0
1,0.4663,0
0,0.2278,0
0,0.268,0
1,0.685,1
0,0.623,1
0,0.8193,1
0,0.707,1
0,0.6235,1
1,0.681,1
1,0.4075,0
1,0.677,1
1,0.813,1
1,0.807,1
1,0.805,1
1,0.7534,1
0,0.7705,1
1,0.79,1
1,0.6743,1
1,0.65,1
1,0.6567,1
0,0.6904,1
0,0.00504,0
0,0.00746,0
0,0.0761,0
0,0.2251,0
1,0.8667,1
1,0.8613,1
1,0.8384,1
1,0.859,1
0,0.6973,1
1,0.7275,1
1,0.719,1
1,0.841,1
1,0.76,1
1,0.807,1
1,0.831,1
1,0.769,1
1,0.8506,1
1,0.8306,1
1,0.817,1
1,0.869,1
1,0.8945,1
0,0.868,1
1,0.8384,1
1,0.88,1
1,0.792,1
1,0.8403,1
1,0.701,1
1,0.8027,1
0,0.82,1
1,0.8267,1
1,0.7847,1
1,0.904,1
1,0.8696,1
0,0.553,1
0,0.10724,0
1,0.2559,0
0,0.0544,0
1,0.2961,0
1,0.09894,0
1,0.05878,0
0,0.0914,0
0,0.0205,0
1,0.2722,0
1,0.133,0
0,0.2074,0
1,0.435,0
1,0.7227,1
1,0.7188,1
1,0.6704,1
1,0.721,1
1,0.739,1
1,0.736,1
0,0.776,1
0,0.769,1
1,0.764,1
1,0.7275,1
1,0.6616,1
0,0.3772,0
0,0.7725,1
1,0.7334,1
1,0.797,1
0,0.843,1
1,0.705,1
1,0.8667,1
1,0.8,1
1,0.7393,1
1,0.7964,1
1,0.7607,1
0,0.883,1
1,0.9365,1
0,0.763,1
1,0.853,1
1,0.8794,1
1,0.843,1
1,0.888,1
0,0.771,1
1,0.8345,1
1,0.8447,1
1,0.771,1
1,0.8105,1
1,0.8325,1
1,0.704,1
1,0.76,1
1,0.8784,1
1,0.643,1
1,0.818,1
1,0.8423,1
0,0.8394,1
0,0.813,1
0,0.7646,1
1,0.831,1
1,0.815,1
1,0.82,1
0,0.8647,1
1,0.8706,1
1,0.9106,1
1,0.808,1
0,0.796,1
1,0.864,1
1,0.837,1
1,0.8774,1
1,0.8286,1
1,0.8247,1
1,0.8535,1
0,0.8706,1
1,0.8354,1
1,0.8647,1
1,0.792,1
1,0.7964,1
0,0.8955,1
0,0.8604,1
1,0.865,1
1,0.879,1
1,0.883,1
0,0.8604,1
1,0.83,1
1,0.864,1
1,0.841,1
1,0.8154,1
1,0.8667,1
1,0.713,1
1,0.5415,1
0,0.2905,0
0,0.3345,0
1,0.817,1
1,0.04453,0
0,0.516,1
0,0.1285,0
1,0.6963,1
1,0.4314,0
1,0.687,1
1,0.786,1
1,0.289,0
1,0.5425,1
1,0.528,1
0,0.582,1
0,0.5483,1
0,0.3152,0
0,0.2976,0
0,0.5454,1
0,0.2854,0
1,0.447,0
1,0.3672,0
1,0.5186,1
1,0.4646,0
1,0.486,0
0,0.2527,0
1,0.405,0
1,0.4453,0
0,0.3489,0
1,0.501,1
0,0.3481,0
0,0.6416,1
0,0.1898,0
0,0.4614,0
0,0.464,0
1,0.338,0
0,0.2505,0
0,0.313,0
0,0.2803,0
0,0.06143,0
0,0.7197,1
1,0.745,1
1,0.7046,1
0,0.4329,0
0,0.0945,0
1,0.11395,0
0,0.05988,0
0,0.4954,0
0,0.2532,0
0,0.4653,0
1,0.0496,0
0,0.2927,0
0,0.4138,0
0,0.05014,0
0,0.4248,0
0,0.6226,1
1,0.7534,1
1,0.6694,1
1,0.774,1
1,0.439,0
0,0.6216,1
0,0.2844,0
0,0.501,1
1,0.3503,0
0,0.4265,0
1,0.2847,0
1,0.468,0
1,0.811,1
1,0.79,1
1,0.9014,1
1,0.91,1
1,0.8794,1
1,0.7803,1
1,0.3066,0
1,0.6655,1
1,0.7715,1
0,0.1385,0
0,0.03033,0
0,0.0619,0
0,0.04724,0
0,0.03876,0
0,0.15,0
0,0.7603,1
1,0.7036,1
1,0.6904,1
1,0.2292,0
0,0.2256,0
0,0.1656,0
0,0.2009,0
1,0.3333,0
0,0.2434,0
1,0.9014,1
1,0.8354,1
1,0.7812,1
1,0.864,1
1,0.848,1
1,0.8423,1
1,0.7886,1
1,0.8096,1
0,0.1439,0
0,0.07275,0
0,0.0627,0
0,0.02513,0
0,0.4749,0
1,0.7134,1
0,0.512,1
0,0.6836,1
1,0.8877,1
1,0.869,1
1,0.7437,1
0,0.571,1
1,0.665,1
1,0.654,1
0,0.6797,1
1,0.869,1
1,0.868,1
1,0.809,1
1,0.8784,1
1,0.836,1
1,0.7466,1
1,0.7803,1
1,0.8477,1
1,0.913,1
1,0.8022,1
1,0.9004,1
1,0.824,1
1,0.8335,1
1,0.841,1
1,0.8286,1
0,0.807,1
0,0.795,1
1,0.752,1
1,0.776,1
1,0.763,1
1,0.69,1
1,0.5435,1
0,0.683,1
1,0.769,1
1,0.798,1
1,0.7856,1
1,0.758,1
1,0.751,1
1,0.807,1
1,0.8335,1
1,0.7236,1
1,0.7705,1
1,0.836,1
1,0.8296,1
1,0.512,1
1,0.4807,0
1,0.2195,0
0,0.4224,0
1,0.3994,0
1,0.3096,0
1,0.5806,1
1,0.2751,0
1,0.684,1
0,0.661,1
1,0.586,1
0,0.611,1
1,0.4883,0
1,0.824,1
0,0.7305,1
0,0.673,1
0,0.625,1
1,0.7964,1
1,0.7783,1
1,0.811,1
1,0.8076,1
1,0.755,1
1,0.65,1
1,0.6826,1
1,0.618,1
0,0.763,1
0,0.761,1
1,0.8364,1
1,0.728,1
1,0.7935,1
1,0.8237,1
1,0.818,1
1,0.7847,1
1,0.7905,1
1,0.7886,1
1,0.776,1
1,0.7056,1
0,0.7593,1
1,0.6265,1
1,0.764,1
1,0.7295,1
1,0.8022,1
1,0.787,1
1,0.8027,1
1,0.725,1
1,0.805,1
0,0.7173,1
1,0.7324,1
0,0.695,1
1,0.7734,1
1,0.74,1
1,0.736,1
0,0.7456,1
0,0.775,1
0,0.797,1
1,0.8716,1
1,0.756,1
1,0.762,1
0,0.3787,0
0,0.4666,0
1,0.4766,0
1,0.673,1
1,0.73,1
1,0.807,1
0,0.646,1
1,0.84,1
1,0.705,1
1,0.7485,1
1,0.5967,1
1,0.7207,1
0,0.711,1
1,0.7476,1
1,0.8257,1
1,0.691,1
1,0.8374,1
1,0.832,1
1,0.8325,1
1,0.7676,1
1,0.5864,1
1,0.4705,0
0,0.6357,1
0,0.569,1
1,0.5093,1
0,0.583,1
1,0.6523,1
0,0.739,1
0,0.6816,1
1,0.603,1
0,0.6567,1
0,0.6694,1
1,0.3896,0
0,0.4153,0
0,0.5215,1
0,0.5845,1
0,0.4766,0
0,0.418,0
0,0.624,1
1,0.4814,0
1,0.3335,0
1,0.6885,1
1,0.8306,1
0,0.771,1
1,0.705,1
1,0.792,1
1,0.8135,1
1,0.846,1
1,0.4475,0
0,0.8174,1
1,0.7114,1
0,0.764,1
0,0.579,1
1,0.8657,1
1,0.8003,1
0,0.648,1
0,0.0324,0
0,0.7095,1
0,0.02493,0
0,0.1451,0
0,0.0628,0
0,0.09875,0
0,0.0764,0
0,0.10596,0
0,0.02998,0
0,0.0628,0
0,0.01964,0
1,0.7686,1
1,0.7163,1
1,0.867,1
1,0.8696,1
1,0.8164,1
1,0.8604,1
1,0.791,1
1,0.8906,1
1,0.882,1
1,0.7793,1
1,0.4417,0
1,0.8164,1
0,0.853,1
1,0.7915,1
1,0.845,1
1,0.8833,1
0,0.883,1
0,0.9097,1
1,0.7417,1
1,0.8345,1
1,0.793,1
1,0.02893,0
1,0.8228,1
0,0.4263,0
0,0.643,1
1,0.6987,1
0,0.596,1
1,0.615,1
1,0.542,1
1,0.552,1
0,0.3591,0
0,0.3867,0
1,0.5933,1
1,0.59,1
1,0.6094,1
1,0.671,1
0,0.11145,0
0,0.4321,0
0,0.2452,0
0,0.4194,0
1,0.3801,0
1,0.5337,1
1,0.2048,0
1,0.3179,0
1,0.5054,1
1,0.4336,0
1,0.5176,1
1,0.2776,0
0,0.2576,0
0,0.544,1
0,0.4766,0
1,0.4565,0
0,0.1876,0
0,0.2812,0
1,0.1805,0
0,0.3206,0
0,0.2294,0
0,0.3772,0
1,0.772,1
1,0.829,1
0,0.8584,1
1,0.8604,1
1,0.852,1
1,0.912,1
1,0.9097,1
1,0.8867,1
1,0.859,1
1,0.8955,1
0,0.2622,0
1,0.3638,0
0,0.2644,0
1,0.2666,0
1,0.6035,1
1,0.7944,1
1,0.7925,1
1,0.4011,0
1,0.348,0
1,0.868,1
1,0.609,1
1,0.8,1
1,0.8267,1
1,0.841,1
1,0.8716,1
1,0.8623,1
1,0.7695,1
1,0.8696,1
1,0.805,1
1,0.8755,1
1,0.8716,1
1,0.838,1
1,0.8984,1
1,0.733,1
1,0.7397,1
1,0.881,1
1,0.84,1
1,0.884,1
1,0.8237,1
1,0.8545,1
0,0.8145,1
1,0.748,1
1,0.7705,1
1,0.877,1
1,0.9023,1
1,0.9146,1
1,0.919,1
1,0.93,1
0,0.897,1
1,0.7812,1
1,0.1,0
1,0.2422,0
0,0.2378,0
1,0.2913,0
0,0.11475,0
0,0.004868,0
1,0.1987,0
1,0.7705,1
1,0.785,1
1,0.04138,0
1,0.04858,0
0,0.1696,0
0,0.3125,0
0,0.2462,0
1,0.2069,0
1,0.1278,0
1,0.5127,1
0,0.2515,0
0,0.559,1
0,0.781,1
1,0.7993,1
1,0.763,1
0,0.8545,1
1,0.8013,1
0,0.807,1
1,0.6807,1
0,0.2527,0
0,0.3325,0
1,0.1876,0
0,0.2274,0
0,0.2834,0
1,0.2544,0
1,0.367,0
1,0.567,1
1,0.294,0
1,0.779,1
1,0.742,1
1,0.6533,1
1,0.7456,1
0,0.6377,1
0,0.6187,1
1,0.2375,0
1,0.8364,1
1,0.817,1
1,0.8657,1
0,0.8496,1
1,0.711,1
1,0.7847,1
0,0.751,1
1,0.8257,1
1,0.842,1
1,0.832,1
1,0.796,1
1,0.806,1
1,0.4868,0
1,0.6826,1
0,0.756,1
1,0.737,1
1,0.7607,1
1,0.7095,1
0,0.6436,1
0,0.7144,1
1,0.7417,1
1,0.7446,1
1,0.6323,1
1,0.662,1
0,0.602,1
1,0.5283,1
0,0.6777,1
0,0.564,1
1,0.714,1
0,0.623,1
1,0.7427,1
1,0.708,1
0,0.548,1
1,0.661,1
1,0.743,1
1,0.711,1
1,0.6235,1
1,0.7495,1
1,0.7544,1
0,0.8335,1
1,0.869,1
0,0.855,1
1,0.848,1
0,0.865,1
0,0.8726,1
0,0.8315,1
1,0.776,1
0,0.7773,1
1,0.679,1
1,0.815,1
1,0.7925,1
1,0.6763,1
1,0.6787,1
1,0.8125,1
1,0.7617,1
1,0.7075,1
1,0.6514,1
1,0.7383,1
1,0.6953,1
1,0.819,1
1,0.8413,1
1,0.8203,1
1,0.1564,0
1,0.08167,0
1,0.02965,0
1,0.2708,0
1,0.1378,0
1,0.3105,0
0,0.1054,0
0,0.0463,0
0,0.03616,0
1,0.6577,1
1,0.8013,1
1,0.68,1
1,0.654,1
1,0.624,1
1,0.724,1
1,0.6294,1
1,0.641,1
1,0.716,1
1,0.5166,1
1,0.4458,0
1,0.8774,1
0,0.8774,1
0,0.7803,1
1,0.834,1
0,0.787,1
0,0.6724,1
1,0.716,1
1,0.7515,1
1,0.7305,1
1,0.8545,1
1,0.762,1
0,0.889,1
1,0.743,1
1,0.853,1
1,0.827,1
1,0.8657,1
1,0.8667,1
1,0.903,1
1,0.04544,0
0,0.02527,0
1,0.01994,0
0,0.3403,0
0,0.8,1
0,0.4614,0
1,0.8223,1
1,0.847,1
0,0.8765,1
1,0.712,1
1,0.8564,1
1,0.872,1
1,0.9233,1
1,0.817,1
1,0.877,1
1,0.81,1
1,0.767,1
1,0.794,1
1,0.6987,1
1,0.8184,1
1,0.8237,1
1,0.896,1
1,0.918,1
1,0.4592,0
1,0.286,0
0,0.5327,1
1,0.809,1
1,0.3184,0
1,0.5137,1
0,0.502,1
0,0.6694,1
1,0.8833,1
0,0.3687,0
0,0.4639,0
0,0.366,0
1,0.748,1
1,0.551,1
0,0.533,1
0,0.5635,1
1,0.6426,1
1,0.582,1
0,0.5396,1
0,0.581,1
1,0.659,1
0,0.7563,1
0,0.7295,1
0,0.6943,1
1,0.6294,1
0,0.75,1
0,0.8115,1
0,0.621,1
0,0.804,1
0,0.7495,1
1,0.7896,1
1,0.879,1
1,0.8115,1
1,0.783,1
0,0.8374,1
0,0.6655,1
1,0.749,1
1,0.7817,1
0,0.727,1
1,0.7617,1
1,0.574,1
1,0.725,1
0,0.6724,1
0,0.711,1
1,0.7695,1
1,0.4165,0
1,0.66,1
0,0.7173,1
0,0.4143,0
1,0.736,1
0,0.742,1
1,0.7397,1
0,0.568,1
1,0.6406,1
1,0.7173,1
0,0.7715,1
0,0.4575,0
1,0.766,1
1,0.636,1
0,0.7056,1
1,0.67,1
0,0.7246,1
1,0.686,1
1,0.817,1
1,0.703,1
1,0.706,1
1,0.797,1
1,0.8496,1
0,0.82,1
1,0.7744,1
0,0.414,0
0,0.5,1
1,0.4207,0
1,0.799,1
1,0.3552,0
0,0.3306,0
0,0.3801,0
0,0.19,0
0,0.2302,0
0,0.2168,0
0,0.1249,0
0,0.2817,0
0,0.1964,0
0,0.1715,0
0,0.2216,0
0,0.2664,0
0,0.0799,0
0,0.0463,0
0,0.1958,0
0,0.04297,0
0,0.1941,0
0,0.1882,0
0,0.11554,0
0,0.1686,0
0,0.1222,0
0,0.1824,0
1,0.2402,0
1,0.2725,0
0,0.2327,0
0,0.367,0
0,0.354,0
0,0.421,0
0,0.558,1
0,0.3308,0
1,0.4292,0
1,0.531,1
0,0.514,1
0,0.3376,0
0,0.0933,0
1,0.2642,0
1,0.4075,0
1,0.1901,0
0,0.3562,0
1,0.3655,0
1,0.329,0
0,0.3481,0
1,0.4373,0
1,0.1152,0
1,0.878,1
1,0.2426,0
1,0.684,1
1,0.735,1
1,0.339,0
0,0.706,1
0,0.678,1
1,0.4385,0
0,0.6924,1
0,0.6694,1
1,0.609,1
1,0.3625,0
0,0.1852,0
1,0.2205,0
1,0.6504,1
1,0.654,1
1,0.532,1
1,0.6074,1
1,0.705,1
0,0.6284,1
1,0.638,1
1,0.4036,0
1,0.4033,0
0,0.3728,0
1,0.4978,0
0,0.4473,0
0,0.35,0
0,0.674,1
0,0.615,1
0,0.397,0
0,0.1935,0
1,0.7944,1
1,0.907,1
0,0.613,1
0,0.815,1
0,0.7744,1
0,0.7812,1
0,0.8193,1
1,0.8257,1
1,0.806,1
1,0.8174,1
0,0.647,1
1,0.856,1
1,0.865,1
1,0.8594,1
1,0.8257,1
0,0.875,1
0,0.856,1
1,0.883,1
1,0.8735,1
1,0.84,1
1,0.7495,1
1,0.6123,1
1,0.5195,1
1,0.862,1
1,0.6626,1
0,0.1343,0
0,0.2878,0
0,0.1021,0
1,0.194,0
0,0.01994,0
0,0.0424,0
0,0.2703,0
1,0.5527,1
1,0.5225,1
0,0.2769,0
0,0.7974,1
1,0.5728,1
1,0.7646,1
1,0.772,1
1,0.703,1
1,0.7505,1
1,0.8687,1
1,0.8223,1
0,0.7847,1
1,0.7563,1
1,0.7285,1
1,0.761,1
1,0.7666,1
1,0.771,1
1,0.7065,1
1,0.796,1
1,0.7354,1
0,0.6914,1
0,0.735,1
1,0.7837,1
0,0.606,1
1,0.802,1
1,0.822,1
1,0.75,1
1,0.8457,1
1,0.886,1
1,0.89,1
1,0.3289,0
1,0.421,0
1,0.811,1
1,0.8516,1
1,0.664,1
1,0.8574,1
1,0.8965,1
1,0.847,1
1,0.7134,1
1,0.79,1
0,0.6255,1
0,0.7734,1
0,0.761,1
1,0.6797,1
1,0.755,1
1,0.809,1
0,0.008064,0
0,0.1101,0
0,0.1768,0
0,0.1903,0
0,0.0677,0
0,0.1892,0
1,0.264,0
1,0.44,0
0,0.4124,0
0,0.2805,0
0,0.1099,0
0,0.3103,0
1,0.3096,0
1,0.606,1
1,0.4854,0
1,0.2021,0
1,0.405,0
1,0.4558,0
1,0.6753,1
1,0.762,1
1,0.7236,1
1,0.702,1
1,0.8403,1
1,0.734,1
1,0.6333,1
1,0.766,1
0,0.3958,0
0,0.5156,1
1,0.6763,1
1,0.7583,1
0,0.8,1
1,0.5586,1
0,0.747,1
1,0.7217,1
1,0.7783,1
1,0.784,1
0,0.1952,0
1,0.263,0
1,0.2502,0
0,0.10876,0
0,0.083,0
0,0.03906,0
0,0.0534,0
0,0.2379,0
0,0.407,0
1,0.03995,0
0,0.02785,0
0,0.2595,0
0,0.01692,0
0,0.5967,1
0,0.276,0
1,0.1548,0
0,0.1329,0
0,0.309,0
1,0.12317,0
1,0.1976,0
1,0.4355,0
0,0.8286,1
0,0.7793,1
1,0.706,1
0,0.719,1
0,0.4673,0
0,0.8384,1
1,0.722,1
1,0.7354,1
1,0.722,1
0,0.7437,1
1,0.736,1
1,0.7676,1
1,0.8877,1
0,0.1284,0
0,0.237,0
0,0.138,0
1,0.3743,0
0,0.3257,0
1,0.767,1
1,0.801,1
0,0.6987,1
1,0.6143,1
1,0.8247,1
1,0.849,1
1,0.823,1
1,0.8535,1
1,0.756,1
1,0.2168,0
1,0.7476,1
0,0.6963,1
1,0.783,1
1,0.831,1
1,0.7656,1
1,0.799,1
1,0.829,1
1,0.885,1
0,0.716,1
1,0.8286,1
1,0.714,1
1,0.7188,1
1,0.3533,0
0,0.443,0
0,0.4373,0
0,0.4612,0
0,0.4673,0
0,0.4136,0
0,0.4604,0
0,0.369,0
0,0.4524,0
0,0.4226,0
1,0.4094,0
0,0.385,0
0,0.3455,0
0,0.2064,0
1,0.879,1
1,0.7383,1
1,0.6836,1
1,0.7666,1
1,0.81,1
1,0.79,1
1,0.6855,1
1,0.815,1
1,0.786,1
0,0.8047,1
1,0.8403,1
0,0.832,1
1,0.791,1
1,0.88,1
0,0.8486,1
1,0.599,1
0,0.8354,1
1,0.89,1
1,0.6895,1
1,0.8584,1
1,0.871,1
1,0.8784,1
1,0.8833,1
1,0.613,1
1,0.657,1
1,0.5903,1
1,0.734,1
0,0.5186,1
0,0.523,1
0,0.2123,0
1,0.455,0
0,0.1267,0
0,0.03662,0
0,0.443,0
0,0.2932,0
0,0.11755,0
0,0.04535,0
0,0.05225,0
0,0.3267,0
0,0.4514,0
1,0.4524,0
1,0.7285,1
1,0.4517,0
1,0.504,1
1,0.1602,0
0,0.2142,0
1,0.5625,1
1,0.4707,0
0,0.2534,0
0,0.04153,0
0,0.1103,0
0,0.0986,0
0,0.02542,0
0,0.03528,0
0,0.0556,0
1,0.376,0
0,0.3518,0
0,0.03568,0
0,0.28,0
1,0.111,0
1,0.199,0
0,0.3564,0
0,0.2786,0
0,0.3792,0
1,0.3984,0
1,0.3647,0
0,0.4048,0
1,0.3418,0
0,0.3591,0
0,0.5225,1
1,0.3682,0
0,0.3328,0
0,0.08405,0
0,0.2434,0
0,0.0603,0
0,0.1519,0
0,0.1898,0
0,0.7505,1
0,0.655,1
0,0.4873,0
1,0.733,1
1,0.6426,1
1,0.661,1
1,0.695,1
1,0.484,0
1,0.718,1
1,0.3848,0
0,0.4233,0
1,0.721,1
1,0.8164,1
1,0.65,1
1,0.7446,1
1,0.796,1
1,0.7246,1
1,0.6543,1
0,0.6846,1
0,0.6753,1
0,0.652,1
0,0.3667,0
0,0.6265,1
1,0.7144,1
0,0.673,1
0,0.736,1
1,0.763,1
1,0.8013,1
1,0.7407,1
1,0.67,1
1,0.7812,1
1,0.74,1
1,0.6035,1
1,0.6704,1
0,0.7256,1
1,0.606,1
0,0.6455,1
0,0.7236,1
1,0.69,1
1,0.6836,1
1,0.7866,1
0,0.6685,1
1,0.7314,1
1,0.7183,1
1,0.7964,1
1,0.7134,1
1,0.7827,1
1,0.7383,1
1,0.728,1
0,0.7305,1
0,0.7197,1
0,0.651,1
0,0.6436,1
0,0.65,1
1,0.7275,1
1,0.7915,1
1,0.793,1
1,0.8013,1
0,0.7,1
0,0.7964,1
0,0.766,1
1,0.769,1
1,0.7686,1
1,0.802,1
1,0.7646,1
1,0.798,1
0,0.7935,1
0,0.6777,1
1,0.788,1
1,0.767,1
1,0.686,1
0,0.7256,1
0,0.746,1
1,0.6924,1
1,0.7354,1
1,0.765,1
1,0.751,1
1,0.679,1
1,0.785,1
0,0.7344,1
1,0.4202,0
1,0.678,1
1,0.788,1
1,0.76,1
0,0.7925,1
0,0.824,1
0,0.843,1
0,0.716,1
0,0.7466,1
0,0.711,1
1,0.7476,1
0,0.783,1
1,0.779,1
1,0.6567,1
1,0.796,1
1,0.7876,1
1,0.7974,1
1,0.8003,1
1,0.8203,1
0,0.795,1
1,0.7344,1
0,0.7734,1
1,0.708,1
0,0.803,1
1,0.742,1
1,0.775,1
0,0.799,1
1,0.6865,1
1,0.691,1
1,0.789,1
1,0.823,1
1,0.8516,1
1,0.6865,1
0,0.7725,1
1,0.852,1
1,0.7266,1
0,0.634,1
0,0.7275,1
0,0.787,1
1,0.806,1
1,0.6816,1
1,0.688,1
0,0.743,1
1,0.769,1
1,0.705,1
1,0.7837,1
1,0.818,1
1,0.7744,1
1,0.747,1
1,0.7705,1
1,0.7627,1
1,0.7456,1
1,0.751,1
1,0.7637,1
1,0.797,1
1,0.7812,1
1,0.8213,1
0,0.6816,1
1,0.7617,1
1,0.7153,1
1,0.762,1
1,0.7715,1
1,0.7217,1
0,0.7227,1
1,0.76,1
1,0.6963,1
1,0.6665,1
1,0.782,1
1,0.6895,1
0,0.646,1
1,0.7183,1
1,0.691,1
1,0.7544,1
1,0.721,1
1,0.7285,1
1,0.666,1
1,0.7363,1
1,0.7686,1
1,0.6367,1
1,0.684,1
1,0.712,1
0,0.09186,0
0,0.4167,0
0,0.1766,0
0,0.05792,0
0,0.2708,0
0,0.1259,0
0,0.3293,0
0,0.3323,0
0,0.3794,0
1,0.746,1
1,0.474,0
1,0.3354,0
0,0.1564,0
0,0.456,0
0,0.7295,1
0,0.6826,1
1,0.4153,0
0,0.1376,0
0,0.01758,0
0,0.1056,0
0,0.4644,0
1,0.4011,0
0,0.03494,0
1,0.3318,0
0,0.294,0
1,0.6533,1
0,0.7495,1
0,0.7583,1
1,0.6177,1
0,0.6953,1
0,0.5654,1
0,0.3928,0
0,0.202,0
1,0.5107,1
1,0.2812,0
0,0.04822,0
1,0.2563,0
1,0.5425,1
1,0.782,1
0,0.8735,1
0,0.7783,1
0,0.844,1
1,0.79,1
1,0.843,1
1,0.0591,0
0,0.3992,0
0,0.3008,0
1,0.768,1
0,0.711,1
1,0.6074,1
1,0.695,1
1,0.583,1
0,0.669,1
0,0.6016,1
0,0.6587,1
0,0.745,1
0,0.674,1
1,0.6875,1
1,0.6787,1
1,0.714,1
1,0.514,1
1,0.746,1
1,0.6836,1
1,0.542,1
1,0.693,1
1,0.685,1
1,0.7275,1
1,0.6743,1
1,0.7207,1
0,0.734,1
1,0.5938,1
1,0.715,1
1,0.686,1
1,0.6787,1
1,0.6694,1
1,0.7275,1
1,0.6045,1
1,0.6963,1
1,0.699,1
1,0.747,1
1,0.675,1
0,0.7485,1
1,0.4902,0
0,0.726,1
1,0.672,1
0,0.758,1
1,0.7544,1
1,0.7705,1
1,0.6934,1
1,0.7554,1
1,0.4136,0
1,0.6973,1
1,0.743,1
1,0.825,1
0,0.7607,1
0,0.724,1
1,0.289,0
0,0.03528,0
0,0.08374,0
0,0.2756,0
0,0.2203,0
0,0.4092,0
1,0.396,0
1,0.6333,1
1,0.3787,0
1,0.786,1
1,0.7563,1
1,0.684,1
1,0.758,1
0,0.732,1
1,0.696,1
1,0.665,1
0,0.6816,1
0,0.769,1
1,0.721,1
1,0.7544,1
0,0.7637,1
0,0.775,1
1,0.7007,1
1,0.807,1
0,0.7437,1
0,0.718,1
1,0.7627,1
1,0.511,1
1,0.7715,1
1,0.725,1
0,0.728,1
1,0.661,1
1,0.6836,1
1,0.752,1
1,0.7476,1
1,0.7256,1
1,0.7026,1
1,0.796,1
0,0.687,1
1,0.701,1
1,0.73,1
1,0.6387,1
1,0.7725,1
0,0.731,1
1,0.7104,1
1,0.742,1
1,0.673,1
1,0.6665,1
1,0.7124,1
1,0.678,1
0,0.7334,1
1,0.776,1
1,0.7715,1
0,0.7236,1
1,0.6875,1
1,0.6895,1
0,0.6636,1
1,0.709,1
1,0.6763,1
0,0.622,1
1,0.673,1
0,0.7725,1
1,0.7363,1
1,0.551,1
1,0.8716,1
1,0.861,1
1,0.4946,0
0,0.3005,0
1,0.911,1
0,0.7476,1
0,0.6763,1
1,0.1935,0
1,0.783,1
1,0.725,1
1,0.853,1
0,0.7256,1
1,0.78,1
0,0.599,1
0,0.4824,0
1,0.598,1
1,0.704,1
1,0.746,1
1,0.3083,0
0,0.2517,0
0,0.3276,0
0,0.356,0
0,0.4421,0
1,0.493,0
1,0.3125,0
0,0.1554,0
0,0.1694,0
0,0.1774,0
0,0.1466,0
0,0.3218,0
0,0.1891,0
0,0.42,0
1,0.556,1
0,0.365,0
0,0.1821,0
0,0.0262,0
0,0.2747,0
0,0.228,0
1,0.8003,1
1,0.8013,1
1,0.7964,1
0,0.89,1
0,0.8706,1
0,0.7686,1
1,0.589,1
1,0.6504,1
1,0.8027,1
0,0.772,1
1,0.7656,1
1,0.868,1
1,0.78,1
1,0.7476,1
1,0.7236,1
1,0.74,1
1,0.7495,1
1,0.8325,1
1,0.8257,1
1,0.7964,1
1,0.764,1
1,0.564,1
0,0.6235,1
0,0.4155,0
1,0.6978,1
1,0.7334,1
1,0.6655,1
1,0.8105,1
1,0.719,1
1,0.786,1
1,0.776,1
1,0.8667,1
1,0.807,1
1,0.8296,1
1,0.78,1
1,0.8135,1
1,0.7812,1
0,0.8384,1
1,0.8096,1
1,0.7783,1
1,0.701,1
1,0.689,1
1,0.781,1
1,0.8105,1
1,0.284,0
1,0.829,1
1,0.8564,1
1,0.798,1
1,0.6855,1
0,0.4702,0
0,0.69,1
1,0.1586,0
1,0.5005,1
0,0.3328,0
0,0.4192,0
0,0.2203,0
1,0.3735,0
1,0.8276,1
0,0.1656,0
0,0.2157,0
0,0.4504,0
0,0.453,0
1,0.606,1
1,0.609,1
1,0.612,1
1,0.4102,0
0,0.341,0
1,0.595,1
1,0.546,1
0,0.2722,0
1,0.4563,0
1,0.312,0
0,0.554,1
0,0.3496,0
1,0.56,1
0,0.5366,1
1,0.5396,1
1,0.7793,1
1,0.4856,0
0,0.5327,1
0,0.661,1
0,0.658,1
1,0.6655,1
0,0.591,1
1,0.655,1
1,0.5454,1
1,0.6514,1
1,0.6797,1
1,0.598,1
1,0.608,1
1,0.673,1
1,0.725,1
1,0.587,1
1,0.513,1
1,0.585,1
0,0.72,1
1,0.785,1
1,0.8364,1
1,0.798,1
1,0.5938,1
1,0.767,1
1,0.8003,1
0,0.8325,1
1,0.8633,1
1,0.899,1
1,0.8374,1
1,0.9365,1
1,0.93,1
1,0.9043,1
1,0.682,1
1,0.7686,1
1,0.8413,1
0,0.5244,1
1,0.2084,0
0,0.09503,0
0,0.112,0
1,0.386,0
1,0.6997,1
0,0.57,1
1,0.7153,1
1,0.838,1
1,0.8374,1
1,0.864,1
1,0.831,1
1,0.8184,1
1,0.912,1
1,0.886,1
1,0.7344,1
1,0.898,1
1,0.3015,0
0,0.3235,0
1,0.862,1
1,0.859,1
0,0.837,1
1,0.8096,1
1,0.833,1
0,0.8354,1
1,0.76,1
1,0.822,1
1,0.782,1
0,0.7046,1
1,0.796,1
0,0.8125,1
1,0.8438,1
0,0.798,1
0,0.8164,1
0,0.837,1
0,0.2124,0
0,0.0369,0
0,0.2573,0
1,0.2502,0
1,0.1644,0
1,0.2732,0
1,0.7085,1
1,0.6567,1
1,0.5205,1
1,0.4177,0
1,0.381,0
1,0.5645,1
1,0.4263,0
1,0.7725,1
0,0.10266,0
0,0.3613,0
1,0.282,0
1,0.1554,0
1,0.63,1
1,0.261,0
1,0.4177,0
0,0.1863,0
1,0.6436,1
0,0.682,1
1,0.786,1
1,0.7114,1
1,0.7847,1
1,0.8403,1
1,0.67,1
1,0.61,1
1,0.607,1
1,0.816,1
1,0.743,1
1,0.735,1
1,0.6562,1
1,0.7627,1
0,0.6143,1
0,0.656,1
1,0.6826,1
1,0.7637,1
1,0.6943,1
1,0.728,1
1,0.431,0
0,0.3032,0
0,0.5366,1
1,0.4358,0
0,0.2125,0
0,0.442,0
1,0.724,1
1,0.8276,1
1,0.834,1
1,0.8936,1
1,0.6367,1
1,0.7603,1
1,0.709,1
1,0.702,1
1,0.7085,1
1,0.7344,1
1,0.635,1
1,0.4429,0
1,0.594,1
1,0.7705,1
1,0.7114,1
1,0.7515,1
1,0.598,1
0,0.6606,1
1,0.801,1
1,0.8813,1
1,0.6826,1
1,0.7886,1
1,0.7983,1
1,0.8228,1
1,0.7617,1
1,0.8306,1
1,0.7847,1
0,0.03882,0
0,0.1787,0
0,0.3577,0
0,0.1757,0
1,0.209,0
0,0.10706,0
0,0.1387,0
0,0.1586,0
0,0.1252,0
0,0.1901,0
0,0.2295,0
0,0.276,0
0,0.138,0
0,0.0833,0
0,0.1808,0
0,0.094,0
1,0.5806,1
1,0.404,0
1,0.1465,0
0,0.1624,0
1,0.9365,1
1,0.9097,1
1,0.7363,1
0,0.2424,0
1,0.1857,0
0,0.2021,0
0,0.3323,0
1,0.3718,0
0,0.3984,0
1,0.842,1
1,0.6636,1
1,0.742,1
1,0.689,1
1,0.763,1
1,0.619,1
1,0.6,1
1,0.666,1
0,0.484,0
1,0.385,0
1,0.3005,0
1,0.3235,0
0,0.2798,0
1,0.2334,0
0,0.2068,0
0,0.2732,0
1,0.2013,0
1,0.2363,0
1,0.3137,0
1,0.3381,0
1,0.7476,1
1,0.719,1
1,0.8047,1
1,0.768,1
1,0.7256,1
1,0.7666,1
1,0.698,1
0,0.74,1
1,0.8794,1
1,0.8267,1
1,0.7495,1
1,0.88,1
1,0.8354,1
1,0.8438,1
0,0.01253,0
0,0.7896,1
0,0.7427,1
1,0.8115,1
0,0.8115,1
0,0.526,1
0,0.806,1
0,0.756,1
1,0.654,1
1,0.711,1
1,0.792,1
0,0.771,1
0,0.7695,1
0,0.782,1
0,0.8706,1
1,0.837,1
1,0.8296,1
1,0.8223,1
1,0.891,1
1,0.882,1
1,0.7354,1
1,0.824,1
1,0.8745,1
1,0.7656,1
1,0.7725,1
1,0.815,1
1,0.4946,0
1,0.811,1
1,0.677,1
1,0.844,1
0,0.718,1
1,0.7896,1
0,0.696,1
0,0.715,1
1,0.7686,1
0,0.741,1
0,0.796,1
1,0.771,1
0,0.8735,1
1,0.7485,1
0,0.7974,1
0,0.7915,1
1,0.7803,1
0,0.7485,1
0,0.6924,1
1,0.774,1
1,0.6665,1
1,0.7383,1
0,0.4233,0
1,0.3892,0
1,0.652,1
0,0.3862,0
1,0.5684,1
0,0.4863,0
0,0.3018,0
1,0.415,0
0,0.10126,0
0,0.2876,0
1,0.3137,0
0,0.4146,0
1,0.2054,0
1,0.759,1
1,0.2515,0
1,0.2347,0
0,0.831,1
1,0.833,1
1,0.8887,1
1,0.902,1
1,0.818,1
1,0.824,1
1,0.7266,1
0,0.7485,1
1,0.4197,0
1,0.82,1
1,0.875,1
0,0.794,1
1,0.731,1
1,0.782,1
0,0.801,1
0,0.797,1
0,0.831,1
0,0.8354,1
1,0.857,1
1,0.837,1
0,0.8584,1
1,0.821,1
1,0.8687,1
1,0.82,1
1,0.8296,1
1,0.8154,1
1,0.831,1
0,0.8105,1
1,0.8223,1
1,0.8315,1
1,0.8354,1
0,0.7114,1
1,0.7397,1
0,0.4119,0
1,0.509,1
0,0.5337,1
0,0.6064,1
0,0.5234,1
1,0.666,1
0,0.3574,0
0,0.3416,0
0,0.548,1
1,0.723,1
0,0.4607,0
1,0.4973,0
1,0.586,1
1,0.4956,0
0,0.3364,0
1,0.677,1
1,0.4165,0
1,0.3237,0
1,0.5547,1
1,0.592,1
1,0.701,1
0,0.6875,1
0,0.759,1
1,0.878,1
1,0.661,1
1,0.5825,1
1,0.8706,1
1,0.8867,1
1,0.5576,1
1,0.8228,1
1,0.917,1
0,0.12494,0
1,0.638,1
0,0.4236,0
0,0.521,1
0,0.0778,0
0,0.4255,0
0,0.083,0
0,0.1586,0
1,0.03198,0
0,0.04922,0
1,0.6772,1
1,0.8203,1
1,0.4504,0
1,0.6655,1
0,0.551,1
1,0.6445,1
1,0.644,1
1,0.6646,1
0,0.648,1
1,0.7256,1
1,0.673,1
1,0.519,1
0,0.3389,0
0,0.4268,0
0,0.1494,0
0,0.338,0
0,0.2167,0
0,0.1694,0
0,0.0942,0
0,0.2208,0
0,0.1,0
0,0.2096,0
0,0.2455,0
0,0.276,0
0,0.5703,1
0,0.608,1
0,0.3145,0
1,0.73,1
1,0.805,1
0,0.519,1
0,0.728,1
0,0.743,1
1,0.573,1
1,0.806,1
1,0.7856,1
0,0.736,1
1,0.824,1
1,0.7144,1
0,0.7744,1
0,0.7607,1
0,0.689,1
1,0.7666,1
1,0.6978,1
1,0.6157,1
1,0.7383,1
1,0.7144,1
0,0.7134,1
0,0.717,1
1,0.8184,1
1,0.74,1
1,0.688,1
1,0.79,1
1,0.8403,1
1,0.814,1
1,0.8076,1
0,0.3848,0
1,0.7583,1
0,0.848,1
1,0.82,1
1,0.775,1
1,0.6675,1
0,0.5947,1
1,0.546,1
0,0.5137,1
1,0.5137,1
0,0.7217,1
0,0.622,1
1,0.4937,0
1,0.4746,0
1,0.5195,1
1,0.6304,1
1,0.6333,1
1,0.712,1
1,0.68,1
0,0.8174,1
1,0.4688,0
1,0.7446,1
1,0.626,1
1,0.8,1
1,0.706,1
0,0.6406,1
1,0.817,1
1,0.883,1
1,0.6934,1
1,0.8276,1
0,0.8667,1
1,0.63,1
0,0.4153,0
1,0.788,1
1,0.681,1
0,0.3901,0
0,0.5605,1
1,0.757,1
1,0.535,1
1,0.6934,1
1,0.875,1
1,0.8706,1
1,0.771,1
1,0.6855,1
1,0.7324,1
0,0.7334,1
1,0.2788,0
1,0.6577,1
1,0.8604,1
1,0.4897,0
1,0.69,1
1,0.3713,0
0,0.3933,0
1,0.3713,0
1,0.394,0
0,0.2678,0
0,0.4592,0
0,0.3271,0
0,0.402,0
0,0.336,0
1,0.2593,0
0,0.2593,0
0,0.1592,0
1,0.885,1
1,0.6997,1
1,0.837,1
1,0.4087,0
1,0.557,1
1,0.54,1
1,0.5195,1
1,0.397,0
0,0.506,1
1,0.2294,0
1,0.669,1
1,0.785,1
1,0.6953,1
1,0.746,1
1,0.7935,1
1,0.824,1
1,0.788,1
1,0.6685,1
1,0.7153,1
0,0.721,1
0,0.7617,1
0,0.553,1
1,0.8105,1
1,0.6562,1
1,0.703,1
1,0.8228,1
1,0.7847,1
1,0.7715,1
1,0.7773,1
1,0.71,1
1,0.7085,1
1,0.805,1
1,0.667,1
1,0.626,1
1,0.759,1
0,0.763,1
1,0.717,1
1,0.755,1
1,0.8154,1
0,0.774,1
1,0.8096,1
1,0.8027,1
1,0.755,1
0,0.646,1
0,0.6987,1
1,0.6865,1
0,0.616,1
1,0.6436,1
1,0.4841,0
1,0.621,1
0,0.6333,1
1,0.741,1
1,0.7544,1
1,0.622,1
0,0.7446,1
0,0.8,1
1,0.7075,1
0,0.705,1
0,0.6353,1
0,0.03583,0
0,0.0876,0
0,0.0925,0
0,0.05127,0
1,0.1675,0
1,0.1799,0
0,0.1968,0
0,0.3076,0
0,0.0424,0
0,0.1685,0
0,0.185,0
0,0.612,1
1,0.6987,1
0,0.4446,0
1,0.6216,1
0,0.4844,0
1,0.528,1
1,0.3972,0
1,0.6294,1
1,0.461,0
1,0.784,1
1,0.855,1
1,0.361,0
0,0.4187,0
1,0.8447,1
0,0.7324,1
1,0.773,1
1,0.8267,1
1,0.8286,1
1,0.8564,1
0,0.4602,0
1,0.7617,1
1,0.6963,1
1,0.658,1
1,0.629,1
1,0.746,1
1,0.7026,1
1,0.6157,1
1,0.536,1
0,0.3948,0
1,0.5576,1
1,0.7446,1
1,0.8115,1
1,0.7915,1
1,0.7275,1
1,0.822,1
1,0.8765,1
1,0.8066,1
1,0.89,1
1,0.7866,1
1,0.8354,1
1,0.762,1
0,0.7817,1
1,0.656,1
1,0.66,1
1,0.6567,1
1,0.5835,1
1,0.5938,1
0,0.6987,1
0,0.507,1
1,0.7124,1
1,0.6406,1
1,0.668,1
1,0.659,1
1,0.698,1
1,0.534,1
1,0.6934,1
1,0.7563,1
0,0.655,1
0,0.6733,1
1,0.3982,0
1,0.608,1
1,0.53,1
1,0.707,1
1,0.683,1
0,0.696,1
0,0.1725,0
1,0.7456,1
1,0.291,0
1,0.33,0
1,0.5513,1
0,0.4614,0
1,0.302,0
1,0.3687,0
1,0.313,0
0,0.3752,0
0,0.282,0
1,0.628,1
1,0.3022,0
1,0.1229,0
1,0.08105,0
0,0.136,0
0,0.327,0
0,0.322,0
0,0.449,0
0,0.704,1
0,0.2063,0
0,0.277,0
0,0.3994,0
0,0.0933,0
0,0.0972,0
0,0.1602,0
1,0.7256,1
1,0.4465,0
1,0.2346,0
0,0.556,1
0,0.5435,1
1,0.7886,1
1,0.768,1
1,0.796,1
1,0.5728,1
0,0.7056,1
1,0.797,1
1,0.7036,1
1,0.809,1
0,0.7793,1
0,0.781,1
1,0.7886,1
1,0.8223,1
1,0.7397,1
1,0.7944,1
0,0.319,0
1,0.484,0
0,0.04578,0
0,0.329,0
1,0.3213,0
1,0.4102,0
1,0.5635,1
1,0.2153,0
0,0.62,1
0,0.5537,1
1,0.3784,0
0,0.5503,1
1,0.803,1
1,0.775,1
1,0.8013,1
1,0.836,1
1,0.692,1
0,0.7754,1
0,0.2654,0
1,0.693,1
1,0.5107,1
0,0.1887,0
0,0.397,0
0,0.4446,0
0,0.2947,0
0,0.484,0
0,0.3933,0
0,0.2527,0
1,0.5444,1
0,0.2546,0
0,0.5195,1
0,0.3357,0
0,0.4255,0
1,0.302,0
0,0.2339,0
0,0.3289,0
0,0.2986,0
0,0.3523,0
0,0.4392,0
0,0.2886,0
0,0.5938,1
0,0.201,0
0,0.1815,0
0,0.2006,0
1,0.4163,0
0,0.375,0
1,0.1738,0
0,0.09875,0
0,0.2179,0
0,0.2411,0
0,0.3984,0
0,0.5337,1
1,0.1947,0
1,0.3901,0
0,0.509,1
0,0.4521,0
1,0.2705,0
1,0.6714,1
0,0.737,1
0,0.6147,1
0,0.708,1
1,0.8267,1
0,0.828,1
0,0.7095,1
1,0.75,1
1,0.771,1
1,0.6846,1
1,0.8887,1
0,0.812,1
1,0.861,1
1,0.8804,1
1,0.803,1
1,0.5776,1
0,0.839,1
0,0.828,1
0,0.6265,1
1,0.7935,1
1,0.78,1
0,0.6587,1
0,0.8125,1
1,0.732,1
0,0.7695,1
1,0.8145,1
1,0.812,1
0,0.764,1
1,0.7456,1
1,0.8296,1
1,0.633,1
1,0.7324,1
1,0.8,1
1,0.831,1
1,0.7866,1
0,0.841,1
1,0.3945,0
1,0.48,0
1,0.553,1
0,0.533,1
1,0.759,1
1,0.808,1
1,0.777,1
1,0.797,1
0,0.696,1
1,0.4915,0
0,0.534,1
1,0.724,1
1,0.692,1
1,0.4321,0
1,0.5093,1
1,0.663,1
1,0.5356,1
1,0.81,1
1,0.714,1
1,0.6914,1
1,0.803,1
1,0.5786,1
1,0.6074,1
1,0.699,1
1,0.687,1
1,0.745,1
1,0.7637,1
1,0.6494,1
1,0.566,1
1,0.699,1
1,0.6875,1
1,0.6655,1
1,0.7397,1
1,0.7056,1
1,0.6406,1
1,0.583,1
1,0.703,1
1,0.6714,1
1,0.7876,1
1,0.8,1
1,0.752,1
1,0.7944,1
1,0.758,1
1,0.7993,1
1,0.696,1
1,0.6597,1
1,0.724,1
1,0.663,1
0,0.784,1
1,0.701,1
0,0.6514,1
1,0.7246,1
0,0.6494,1
1,0.731,1
1,0.778,1
1,0.778,1
1,0.819,1
1,0.3525,0
1,0.656,1
1,0.7065,1
1,0.6265,1
1,0.6963,1
1,0.671,1
1,0.7114,1
0,0.679,1
0,0.768,1
0,0.772,1
1,0.747,1
1,0.6772,1
0,0.6006,1
0,0.766,1
0,0.657,1
0,0.757,1
1,0.557,1
1,0.8164,1
1,0.6504,1
1,0.777,1
1,0.704,1
1,0.782,1
1,0.752,1
1,0.7056,1
1,0.8125,1
1,0.74,1
1,0.7446,1
1,0.789,1
0,0.748,1
1,0.834,1
0,0.775,1
0,0.777,1
1,0.8,1
1,0.7964,1
1,0.7646,1
1,0.7583,1
1,0.7905,1
0,0.8306,1
0,0.6396,1
0,0.773,1
0,0.8027,1
1,0.7256,1
1,0.317,0
0,0.35,0
1,0.313,0
0,0.6396,1
0,0.4631,0
1,0.8394,1
1,0.55,1
1,0.564,1
1,0.3555,0
1,0.65,1
0,0.824,1
1,0.73,1
1,0.782,1
1,0.7056,1
1,0.831,1
1,0.7573,1
1,0.691,1
1,0.8115,1
1,0.7534,1
0,0.814,1
1,0.8164,1
1,0.8726,1
1,0.7866,1
1,0.7383,1
1,0.7373,1
0,0.783,1
0,0.855,1
1,0.75,1
1,0.651,1
0,0.7427,1
0,0.8047,1
1,0.867,1
1,0.807,1
1,0.812,1
1,0.7773,1
1,0.8115,1
1,0.777,1
1,0.873,1
0,0.7197,1
1,0.738,1
1,0.728,1
0,0.794,1
1,0.8027,1
1,0.8594,1
1,0.832,1
0,0.8374,1
1,0.8105,1
1,0.757,1
0,0.764,1
0,0.7114,1
0,0.7593,1
0,0.743,1
1,0.7344,1
0,0.7456,1
1,0.8164,1
1,0.7637,1
0,0.807,1
1,0.6343,1
1,0.8354,1
1,0.1715,0
1,0.7246,1
0,0.526,1
0,0.742,1
0,0.6865,1
1,0.7373,1
0,0.77,1
0,0.7617,1
0,0.76,1
1,0.732,1
1,0.8457,1
0,0.7646,1
1,0.693,1
0,0.7256,1
1,0.6772,1
1,0.6313,1
1,0.6846,1
0,0.72,1
1,0.768,1
1,0.759,1
0,0.7217,1
0,0.6147,1
1,0.2976,0
1,0.632,1
1,0.696,1
1,0.4731,0
1,0.3591,0
0,0.5063,1
0,0.2644,0
0,0.3223,0
0,0.3433,0
0,0.4746,0
1,0.4973,0
0,0.2861,0
0,0.3965,0
0,0.4456,0
0,0.398,0
0,0.502,1
0,0.3328,0
1,0.5693,1
1,0.4626,0
1,0.623,1
1,0.536,1
1,0.572,1
1,0.573,1
1,0.7065,1
1,0.544,1
1,0.1641,0
0,0.1954,0
0,0.058,0
0,0.1637,0
0,0.0977,0
0,0.1772,0
1,0.148,0
1,0.565,1
1,0.797,1
1,0.622,1
1,0.585,1
1,0.621,1
1,0.645,1
1,0.553,1
1,0.598,1
0,0.7256,1
1,0.605,1
0,0.618,1
1,0.413,0
0,0.2118,0
0,0.2542,0
1,0.568,1
1,0.2306,0
1,0.0749,0
0,0.3032,0
0,0.5254,1
0,0.1355,0
0,0.2527,0
0,0.172,0
0,0.3613,0
1,0.2158,0
0,0.09656,0
0,0.467,0
1,0.683,1
1,0.592,1
1,0.698,1
1,0.794,1
0,0.519,1
1,0.6963,1
1,0.742,1
1,0.7104,1
1,0.7646,1
0,0.7046,1
1,0.664,1
1,0.788,1
0,0.7554,1
1,0.791,1
1,0.81,1
1,0.719,1
1,0.789,1
1,0.7646,1
1,0.763,1
1,0.786,1
0,0.6187,1
0,0.4807,0
1,0.5874,1
1,0.728,1
1,0.786,1
0,0.3223,0
1,0.7544,1
1,0.765,1
1,0.734,1
1,0.7764,1
1,0.7437,1
1,0.7593,1
1,0.7812,1
1,0.7793,1
1,0.7236,1
0,0.769,1
1,0.7393,1
1,0.8223,1
1,0.7197,1
1,0.748,1
1,0.748,1
1,0.8228,1
0,0.6763,1
1,0.7617,1
1,0.751,1
1,0.8013,1
1,0.8745,1
1,0.793,1
1,0.7363,1
1,0.673,1
0,0.6943,1
1,0.869,1
1,0.755,1
0,0.8433,1
1,0.8647,1
0,0.817,1
1,0.659,1
1,0.827,1
1,0.811,1
1,0.7764,1
1,0.746,1
1,0.824,1
1,0.8633,1
1,0.8394,1
0,0.3103,0
1,0.642,1
1,0.7607,1
1,0.833,1
1,0.8145,1
1,0.7617,1
1,0.707,1
0,0.654,1
1,0.674,1
1,0.6543,1
1,0.6455,1
0,0.713,1
0,0.7725,1
1,0.5234,1
1,0.7876,1
1,0.808,1
1,0.6504,1
0,0.6,1
1,0.65,1
1,0.74,1
1,0.599,1
0,0.5903,1
1,0.83,1
1,0.744,1
1,0.8003,1
0,0.824,1
1,0.8594,1
1,0.8257,1
1,0.8394,1
0,0.6333,1
1,0.662,1
1,0.7524,1
0,0.5186,1
0,0.2703,0
0,0.4563,0
0,0.4539,0
1,0.6543,1
1,0.7324,1
0,0.3357,0
1,0.6885,1
1,0.802,1
1,0.844,1
1,0.7993,1
1,0.809,1
1,0.8447,1
1,0.749,1
1,0.7554,1
1,0.7563,1
1,0.746,1
1,0.792,1
1,0.8003,1
1,0.79,1
1,0.7754,1
1,0.749,1
0,0.8345,1
1,0.693,1
0,0.701,1
0,0.4104,0
0,0.525,1
0,0.484,0
0,0.656,1
1,0.6455,1
0,0.6445,1
0,0.7173,1
1,0.492,0
1,0.5986,1
1,0.4082,0
1,0.1193,0
1,0.5845,1
0,0.8955,1
1,0.87,1
1,0.725,1
1,0.862,1
0,0.4297,0
1,0.626,1
1,0.3445,0
1,0.305,0
1,0.486,0
1,0.2605,0
1,0.09125,0
1,0.4224,0
1,0.2186,0
1,0.191,0
0,0.5933,1
1,0.8037,1
1,0.766,1
1,0.827,1
1,0.777,1
0,0.6143,1
1,0.73,1
1,0.772,1
1,0.779,1
1,0.796,1
1,0.4106,0
1,0.7764,1
1,0.756,1
0,0.3564,0
0,0.2343,0
1,0.7744,1
1,0.8027,1
1,0.786,1
0,0.699,1
1,0.7754,1
0,0.10175,0
1,0.611,1
0,0.4612,0
0,0.6577,1
0,0.737,1
1,0.8447,1
1,0.8613,1
1,0.768,1
1,0.712,1
1,0.817,1
1,0.8228,1
0,0.7407,1
1,0.8555,1
1,0.486,0
1,0.8022,1
0,0.7676,1
1,0.804,1
0,0.743,1
1,0.7695,1
1,0.7246,1
1,0.8174,1
1,0.7373,1
0,0.645,1
0,0.72,1
1,0.865,1
0,0.783,1
1,0.879,1
1,0.8833,1
0,0.8677,1
1,0.839,1
1,0.8394,1
1,0.847,1
0,0.828,1
1,0.8926,1
1,0.874,1
1,0.839,1
1,0.8877,1
1,0.7627,1
1,0.8335,1
0,0.6855,1
1,0.777,1
1,0.776,1
1,0.803,1
1,0.763,1
1,0.7524,1
1,0.79,1
1,0.7617,1
1,0.874,1
1,0.9106,1
1,0.8213,1
1,0.8755,1
1,0.8877,1
1,0.8345,1
1,0.8154,1
1,0.6416,1
1,0.8296,1
1,0.778,1
1,0.7646,1
1,0.7314,1
1,0.7554,1
1,0.7163,1
1,0.7065,1
1,0.5654,1
1,0.78,1
1,0.7554,1
1,0.7617,1
1,0.8145,1
1,0.756,1
1,0.751,1
0,0.7466,1
0,0.89,1
0,0.7666,1
0,0.8022,1
1,0.723,1
1,0.788,1
1,0.7886,1
0,0.795,1
1,0.8325,1
1,0.8125,1
1,0.822,1
1,0.8423,1
1,0.6025,1
1,0.747,1
0,0.2179,0
0,0.2493,0
1,0.711,1
1,0.824,1
1,0.855,1
1,0.788,1
1,0.8564,1
1,0.8076,1
1,0.8267,1
1,0.844,1
1,0.851,1
0,0.835,1
1,0.851,1
1,0.867,1
1,0.8745,1
0,0.8154,1
1,0.877,1
1,0.6187,1
1,0.6494,1
1,0.7246,1
1,0.7534,1
1,0.859,1
1,0.821,1
1,0.865,1
1,0.8486,1
1,0.629,1
0,0.3777,0
0,0.475,0
0,0.2607,0
0,0.388,0
0,0.368,0
0,0.4502,0
0,0.4644,0
1,0.8433,1
1,0.7983,1
1,0.791,1
0,0.719,1
1,0.843,1
1,0.838,1
1,0.817,1
1,0.79,1
1,0.7905,1
1,0.82,1
1,0.826,1
1,0.799,1
1,0.7856,1
1,0.7847,1
1,0.796,1
1,0.7734,1
1,0.8013,1
1,0.707,1
1,0.837,1
0,0.785,1
1,0.654,1
1,0.793,1
1,0.7524,1
1,0.8096,1
0,0.7715,1
0,0.873,1
1,0.781,1
1,0.7905,1
1,0.823,1
0,0.788,1
1,0.756,1
1,0.8115,1
0,0.618,1
1,0.336,0
1,0.565,1
1,0.327,0
1,0.7646,1
1,0.7744,1
1,0.7417,1
1,0.7783,1
0,0.3325,0
1,0.8613,1
1,0.7524,1
1,0.2205,0
0,0.10376,0
0,0.04553,0
1,0.0545,0
0,0.1711,0
0,0.2135,0
0,0.4219,0
1,0.2742,0
1,0.7656,1
1,0.7725,1
1,0.602,1
1,0.7734,1
1,0.658,1
0,0.6694,1
1,0.705,1
0,0.774,1
1,0.2847,0
1,0.501,1
1,0.76,1
0,0.3857,0
1,0.8335,1
1,0.742,1
1,0.5107,1
1,0.5957,1
1,0.8555,1
1,0.6143,1
1,0.7295,1
1,0.8765,1
1,0.762,1
1,0.791,1
0,0.8384,1
0,0.695,1
1,0.9033,1
1,0.8843,1
1,0.873,1
1,0.8716,1
1,0.723,1
0,0.6953,1
1,0.649,1
1,0.767,1
1,0.886,1
1,0.7393,1
1,0.7446,1
0,0.05835,0
0,0.343,0
0,0.3547,0
0,0.5996,1
1,0.7417,1
0,0.7017,1
1,0.69,1
1,0.728,1
1,0.676,1
0,0.6797,1
1,0.1201,0
0,0.2507,0
0,0.2297,0
0,0.11694,0
0,0.1481,0
0,0.241,0
0,0.1678,0
1,0.8364,1
0,0.865,1
1,0.8,1
1,0.8384,1
1,0.6743,1
1,0.743,1
1,0.6284,1
1,0.774,1
0,0.7725,1
1,0.657,1
1,0.831,1
1,0.874,1
1,0.7856,1
1,0.554,1
0,0.421,0
1,0.4595,0
1,0.8066,1
1,0.7666,1
1,0.782,1
1,0.842,1
1,0.843,1
0,0.816,1
1,0.806,1
1,0.827,1
1,0.8237,1
1,0.7617,1
1,0.673,1
1,0.734,1
1,0.727,1
1,0.709,1
1,0.717,1
0,0.8306,1
1,0.698,1
1,0.7207,1
1,0.7163,1
1,0.734,1
1,0.8926,1
1,0.83,1
0,0.8228,1
1,0.845,1
1,0.8193,1
1,0.796,1
1,0.821,1
1,0.78,1
1,0.848,1
0,0.794,1
1,0.8315,1
1,0.788,1
0,0.8477,1
1,0.7954,1
1,0.843,1
1,0.7363,1
0,0.826,1
1,0.8447,1
1,0.8345,1
1,0.89,1
1,0.7896,1
1,0.706,1
1,0.783,1
1,0.757,1
1,0.73,1
0,0.798,1
0,0.854,1
0,0.8354,1
1,0.7925,1
1,0.8228,1
1,0.911,1
1,0.8364,1
1,0.784,1
1,0.8027,1
1,0.876,1
1,0.809,1
1,0.7656,1
1,0.7695,1
0,0.8433,1
1,0.795,1
1,0.7896,1
0,0.752,1
0,0.766,1
1,0.7456,1
1,0.785,1
1,0.815,1
0,0.658,1
0,0.7734,1
1,0.539,1
0,0.79,1
0,0.753,1
1,0.667,1
1,0.8003,1
1,0.7314,1
0,0.784,1
1,0.8203,1
0,0.8457,1
1,0.743,1
1,0.7954,1
0,0.8447,1
0,0.779,1
0,0.765,1
1,0.818,1
1,0.8184,1
1,0.609,1
0,0.6875,1
1,0.9224,1
1,0.8745,1
1,0.723,1
0,0.2113,0
0,0.09076,0
0,0.1355,0
0,0.1897,0
0,0.1166,0
0,0.879,1
0,0.941,1
1,0.9253,1
0,0.311,0
0,0.3591,0
0,0.2805,0
0,0.277,0
0,0.2563,0
0,0.2622,0
1,0.5713,1
0,0.397,0
0,0.394,0
0,0.3013,0
0,0.4978,0
1,0.3728,0
0,0.3306,0
1,0.7173,1
1,0.4463,0
0,0.423,0
1,0.8276,1
1,0.8657,1
1,0.834,1
1,0.7334,1
1,0.782,1
1,0.7686,1
0,0.608,1
1,0.832,1
0,0.2498,0
1,0.4956,0
1,0.8633,1
1,0.633,1
0,0.4688,0
1,0.149,0
1,0.3684,0
1,0.2096,0
0,0.2878,0
1,0.4111,0
0,0.10126,0
0,0.3193,0
1,0.3164,0
0,0.2988,0
0,0.3274,0
0,0.388,0
1,0.7427,1
1,0.4546,0
1,0.701,1
1,0.2683,0
1,0.3225,0
1,0.2031,0
0,0.217,0
0,0.2964,0
0,0.668,1
1,0.676,1
1,0.8223,1
1,0.8457,1
1,0.8013,1
1,0.769,1
1,0.843,1
0,0.05728,0
1,0.3386,0
1,0.6035,1
0,0.6997,1
1,0.7656,1
1,0.8394,1
1,0.7974,1
1,0.7627,1
0,0.719,1
1,0.6694,1
1,0.6865,1
1,0.615,1
1,0.6655,1
1,0.6436,1
1,0.6045,1
1,0.4438,0
0,0.5615,1
1,0.6445,1
1,0.4778,0
1,0.5464,1
1,0.6196,1
1,0.618,1
0,0.6504,1
0,0.4375,0
0,0.3535,0
1,0.62,1
1,0.7114,1
0,0.669,1
1,0.7847,1
1,0.812,1
1,0.5645,1
1,0.832,1
1,0.71,1
1,0.7793,1
1,0.7295,1
0,0.775,1
1,0.6704,1
0,0.673,1
1,0.672,1
1,0.8037,1
1,0.6567,1
1,0.6655,1
0,0.6113,1
0,0.595,1
0,0.619,1
1,0.7036,1
1,0.7437,1
0,0.767,1
1,0.8037,1
1,0.7974,1
1,0.8633,1
0,0.858,1
0,0.8276,1
0,0.8096,1
1,0.843,1
1,0.6807,1
1,0.8213,1
1,0.871,1
0,0.838,1
1,0.723,1
1,0.8467,1
1,0.8003,1
1,0.805,1
1,0.8115,1
0,0.867,1
1,0.8633,1
0,0.859,1
1,0.737,1
1,0.802,1
1,0.813,1
1,0.8115,1
1,0.8247,1
1,0.6973,1
1,0.6943,1
1,0.8325,1
1,0.727,1
0,0.672,1
0,0.6597,1
0,0.733,1
0,0.803,1
0,0.7114,1
1,0.731,1
1,0.675,1
0,0.781,1
0,0.722,1
0,0.686,1
0,0.7275,1
0,0.7563,1
0,0.8022,1
1,0.7583,1
1,0.763,1
0,0.4263,0
0,0.754,1
1,0.7783,1
0,0.7627,1
1,0.722,1
1,0.785,1
1,0.806,1
0,0.7812,1
0,0.755,1
0,0.762,1
1,0.791,1
1,0.8687,1
1,0.786,1
1,0.7646,1
1,0.75,1
1,0.814,1
1,0.7617,1
1,0.799,1
0,0.7954,1
1,0.821,1
1,0.877,1
1,0.814,1
1,0.8926,1
0,0.831,1
0,0.862,1
1,0.8086,1
0,0.7876,1
1,0.8022,1
1,0.7124,1
1,0.7734,1
1,0.8164,1
1,0.709,1
0,0.8496,1
1,0.8613,1
1,0.281,0
1,0.03186,0
0,0.1526,0
1,0.4087,0
1,0.607,1
1,0.891,1
1,0.882,1
1,0.813,1
1,0.1896,0
1,0.766,1
1,0.816,1
1,0.8003,1
1,0.757,1
0,0.688,1
1,0.556,1
0,0.609,1
0,0.7817,1
0,0.04327,0
0,0.04922,0
0,0.0312,0
1,0.05942,0
0,0.01061,0
0,0.02975,0
1,0.02141,0
0,0.08386,0
1,0.66,1
0,0.209,0
1,0.4414,0
1,0.036,0
0,0.02002,0
0,0.1678,0
1,0.33,0
1,0.2343,0
1,0.652,1
0,0.869,1
1,0.5293,1
1,0.4714,0
1,0.55,1
1,0.7476,1
1,0.7026,1
0,0.2299,0
1,0.7656,1
0,0.7275,1
0,0.655,1
1,0.693,1
1,0.727,1
1,0.331,0
0,0.484,0
0,0.1486,0
1,0.3086,0
1,0.3848,0
1,0.46,0
1,0.388,0
1,0.2407,0
1,0.2886,0
0,0.3113,0
0,0.359,0
1,0.7764,1
1,0.686,1
1,0.695,1
1,0.6724,1
1,0.623,1
1,0.6943,1
1,0.7705,1
1,0.71,1
1,0.8066,1
1,0.837,1
1,0.8457,1
1,0.8096,1
1,0.806,1
1,0.714,1
1,0.7495,1
1,0.76,1
1,0.809,1
1,0.8086,1
0,0.8438,1
1,0.7905,1
1,0.787,1
0,0.8213,1
1,0.8364,1
0,0.821,1
0,0.808,1
0,0.8716,1
0,0.1389,0
0,0.3728,0
0,0.417,0
0,0.424,0
0,0.03418,0
1,0.524,1
1,0.4734,0
1,0.7603,1
1,0.7246,1
1,0.6113,1
1,0.74,1
1,0.7827,1
0,0.7324,1
1,0.654,1
1,0.7217,1
0,0.187,0
0,0.1924,0
1,0.8804,1
1,0.847,1
0,0.2876,0
0,0.09174,0
0,0.024,0
0,0.0527,0
0,0.09204,0
0,0.3486,0
0,0.1735,0
0,0.3308,0
0,0.11316,0
0,0.654,1
0,0.10144,0
0,0.4539,0
0,0.516,1
0,0.4612,0
0,0.7905,1
1,0.699,1
0,0.6543,1
0,0.6445,1
0,0.618,1
0,0.762,1
0,0.708,1
1,0.7437,1
0,0.746,1
1,0.82,1
0,0.8135,1
0,0.8096,1
0,0.7793,1
1,0.8076,1
1,0.867,1
1,0.798,1
0,0.8335,1
1,0.8447,1
1,0.839,1
1,0.785,1
1,0.842,1
1,0.814,1
1,0.763,1
1,0.8096,1
1,0.6924,1
1,0.83,1
0,0.8276,1
0,0.751,1
0,0.7446,1
1,0.7646,1
1,0.8257,1
1,0.8296,1
1,0.784,1
1,0.84,1
1,0.828,1
1,0.8,1
0,0.7847,1
1,0.8145,1
1,0.742,1
0,0.8247,1
1,0.812,1
1,0.7866,1
1,0.786,1
0,0.812,1
1,0.7754,1
1,0.779,1
1,0.8247,1
1,0.799,1
1,0.8765,1
1,0.802,1
1,0.7046,1
1,0.734,1
1,0.8594,1
0,0.517,1
1,0.8174,1
1,0.522,1
1,0.6934,1
0,0.4265,0
1,0.41,0
1,0.6504,1
1,0.572,1
1,0.3623,0
1,0.752,1
0,0.653,1
1,0.641,1
1,0.3674,0
1,0.1748,0
0,0.3616,0
0,0.292,0
0,0.1898,0
0,0.4614,0
0,0.1796,0
0,0.3164,0
0,0.545,1
0,0.6587,1
1,0.5425,1
0,0.4668,0
0,0.4854,0
0,0.328,0
1,0.3315,0
1,0.4607,0
1,0.3833,0
1,0.6094,1
1,0.4404,0
1,0.8013,1
1,0.432,0
0,0.6294,1
1,0.346,0
1,0.489,0
0,0.2383,0
1,0.3337,0
0,0.452,0
1,0.7236,1
0,0.713,1
0,0.4167,0
0,0.7407,1
0,0.3367,0
1,0.6055,1
0,0.4082,0
1,0.4778,0
0,0.6895,1
1,0.5244,1
0,0.426,0
0,0.5015,1
1,0.656,1
1,0.628,1
1,0.789,1
1,0.7324,1
1,0.8066,1
1,0.774,1
1,0.7007,1
0,0.8154,1
0,0.798,1
0,0.748,1
1,0.7695,1
1,0.3176,0
1,0.3013,0
1,0.7793,1
1,0.8403,1
1,0.2455,0
0,0.1884,0
0,0.3662,0
0,0.3564,0
0,0.347,0
1,0.755,1
0,0.7373,1
1,0.913,1
1,0.755,1
1,0.6914,1
1,0.5635,1
1,0.752,1
0,0.6777,1
1,0.655,1
1,0.7915,1
0,0.584,1
1,0.689,1
1,0.7734,1
1,0.8003,1
1,0.7554,1
0,0.806,1
1,0.8784,1
0,0.6846,1
1,0.8037,1
1,0.8477,1
1,0.7485,1
1,0.6914,1
1,0.718,1
0,0.823,1
1,0.8184,1
0,0.8086,1
1,0.8423,1
0,0.6772,1
0,0.7915,1
1,0.828,1
0,0.674,1
0,0.7104,1
0,0.877,1
1,0.8726,1
1,0.857,1
1,0.7964,1
0,0.792,1
1,0.8315,1
1,0.832,1
1,0.8228,1
1,0.8447,1
0,0.7812,1
0,0.3713,0
0,0.8394,1
1,0.781,1
1,0.8105,1
1,0.8506,1
0,0.8335,1
1,0.5977,1
1,0.7827,1
1,0.856,1
1,0.7305,1
1,0.8296,1
1,0.847,1
1,0.8687,1
1,0.809,1
1,0.81,1
1,0.531,1
1,0.3567,0
1,0.605,1
1,0.654,1
1,0.623,1
1,0.614,1
1,0.7124,1
1,0.773,1
1,0.744,1
0,0.4033,0
1,0.688,1
0,0.2856,0
0,0.3076,0
1,0.744,1
1,0.7056,1
1,0.6953,1
1,0.815,1
1,0.7188,1
1,0.764,1
1,0.729,1
1,0.854,1
1,0.7725,1
1,0.795,1
1,0.7993,1
1,0.839,1
1,0.789,1
0,0.3564,0
1,0.5264,1
1,0.8726,1
1,0.7236,1
1,0.7812,1
1,0.6665,1
1,0.5737,1
0,0.1726,0
0,0.09534,0
1,0.7456,1
1,0.732,1
1,0.2559,0
0,0.1829,0
1,0.3184,0
0,0.45,0
1,0.632,1
0,0.3235,0
0,0.1685,0
1,0.689,1
1,0.788,1
1,0.7603,1
1,0.7964,1
0,0.8237,1
1,0.8193,1
1,0.00874,0
1,0.1407,0
1,0.636,1
0,0.6313,1
1,0.582,1
1,0.7188,1
1,0.622,1
1,0.6304,1
1,0.4216,0
1,0.7554,1
1,0.4478,0
1,0.798,1
1,0.847,1
0,0.808,1
0,0.7544,1
0,0.8086,1
1,0.7266,1
0,0.72,1
1,0.6323,1
1,0.513,1
0,0.5605,1
0,0.6504,1
1,0.691,1
1,0.834,1
0,0.7207,1
0,0.6826,1
0,0.679,1
0,0.747,1
0,0.7944,1
1,0.7227,1
0,0.3728,0
0,0.03004,0
1,0.407,0
1,0.09705,0
0,0.0667,0
0,0.437,0
0,0.2285,0
0,0.2167,0
1,0.4714,0
0,0.5947,1
1,0.7554,1
0,0.7407,1
1,0.7217,1
1,0.721,1
0,0.6377,1
0,0.659,1
1,0.6943,1
1,0.687,1
1,0.665,1
1,0.777,1
1,0.7476,1
0,0.65,1
0,0.6807,1
0,0.6973,1
1,0.6953,1
0,0.2358,0
0,0.5005,1
0,0.3406,0
0,0.4968,0
0,0.4536,0
0,0.527,1
0,0.3645,0
1,0.4097,0
0,0.423,0
0,0.3552,0
1,0.2299,0
1,0.2295,0
1,0.5522,1
0,0.2734,0
1,0.1254,0
0,0.179,0
0,0.2166,0
1,0.569,1
0,0.3228,0
1,0.71,1
1,0.7334,1
1,0.6694,1
1,0.705,1
1,0.8174,1
0,0.8047,1
1,0.646,1
1,0.5317,1
1,0.6855,1
1,0.7,1
1,0.5356,1
1,0.652,1
1,0.4165,0
1,0.561,1
1,0.6577,1
1,0.6904,1
0,0.5845,1
1,0.695,1
1,0.754,1
1,0.7964,1
1,0.759,1
1,0.712,1
0,0.7153,1
1,0.718,1
0,0.5815,1
0,0.6816,1
1,0.4138,0
0,0.4653,0
1,0.5806,1
0,0.5737,1
1,0.5464,1
0,0.819,1
1,0.601,1
0,0.5347,1
1,0.572,1
1,0.7466,1
0,0.3623,0
1,0.545,1
1,0.717,1
1,0.8267,1
1,0.766,1
1,0.7583,1
1,0.6973,1
1,0.7085,1
1,0.6436,1
1,0.3262,0
0,0.6294,1
1,0.3682,0
1,0.639,1
0,0.5654,1
0,0.522,1
0,0.3298,0
1,0.736,1
1,0.7383,1
0,0.773,1
0,0.7725,1
0,0.7456,1
1,0.683,1
0,0.837,1
1,0.6567,1
0,0.7417,1
0,0.7207,1
1,0.7417,1
1,0.8115,1
1,0.7393,1
1,0.7334,1
1,0.8335,1
1,0.7603,1
1,0.776,1
1,0.7656,1
0,0.793,1
1,0.65,1
1,0.721,1
1,0.7373,1
1,0.761,1
1,0.7417,1
1,0.812,1
1,0.757,1
1,0.82,1
1,0.7554,1
1,0.781,1
1,0.807,1
1,0.746,1
1,0.726,1
1,0.789,1
1,0.6646,1
1,0.7847,1
1,0.763,1
1,0.7964,1
1,0.709,1
1,0.7866,1
1,0.728,1
1,0.6636,1
1,0.715,1
1,0.648,1
1,0.7417,1
1,0.674,1
0,0.7603,1
1,0.7056,1
1,0.7207,1
1,0.8384,1
1,0.7876,1
0,0.12476,0
0,0.2886,0
0,0.1118,0
0,0.04724,0
0,0.2065,0
0,0.5444,1
0,0.1152,0
0,0.697,1
1,0.6704,1
1,0.7,1
1,0.619,1
0,0.4373,0
0,0.365,0
0,0.4048,0
1,0.456,0
1,0.37,0
0,0.328,0
1,0.2825,0
0,0.11395,0
0,0.1973,0
1,0.1919,0
0,0.3833,0
0,0.1404,0
0,0.5596,1
1,0.3628,0
0,0.7383,1
1,0.781,1
0,0.768,1
0,0.7324,1
0,0.4998,0
0,0.832,1
1,0.821,1
1,0.79,1
1,0.03644,0
0,0.1896,0
0,0.4067,0
1,0.396,0
0,0.547,1
0,0.6855,1
0,0.6636,1
1,0.5474,1
1,0.475,0
1,0.4915,0
1,0.6,1
1,0.6665,1
1,0.6655,1
1,0.6943,1
1,0.62,1
1,0.673,1
1,0.72,1
1,0.7305,1
1,0.6724,1
1,0.7295,1
1,0.786,1
1,0.6323,1
1,0.6675,1
1,0.6187,1
1,0.5938,1
1,0.63,1
1,0.5117,1
1,0.6504,1
1,0.5903,1
1,0.4375,0
1,0.5483,1
0,0.6406,1
1,0.5103,1
1,0.5015,1
0,0.689,1
1,0.528,1
1,0.4888,0
1,0.619,1
1,0.502,1
1,0.3171,0
1,0.363,0
1,0.5703,1
1,0.508,1
1,0.547,1
1,0.694,1
1,0.72,1
0,0.709,1
1,0.7466,1
1,0.743,1
0,0.7563,1
0,0.766,1
1,0.7847,1
1,0.832,1
1,0.7803,1
1,0.752,1
1,0.803,1
1,0.3826,0
1,0.3005,0
1,0.871,1
1,0.878,1
1,0.8247,1
0,0.837,1
1,0.8223,1
1,0.673,1
1,0.705,1
1,0.776,1
1,0.849,1
1,0.8545,1
1,0.7544,1
1,0.76,1
1,0.832,1
1,0.751,1
1,0.724,1
1,0.644,1
1,0.7617,1
1,0.802,1
0,0.659,1
1,0.763,1
1,0.6787,1
1,0.7534,1
1,0.643,1
1,0.678,1
1,0.7744,1
0,0.7656,1
0,0.821,1
1,0.6416,1
1,0.8564,1
1,0.801,1
0,0.533,1
0,0.5757,1
0,0.4001,0
0,0.6465,1
0,0.756,1
1,0.7944,1
1,0.6885,1
1,0.7886,1
1,0.896,1
1,0.854,1
0,0.87,1
1,0.8794,1
1,0.8438,1
1,0.802,1
0,0.856,1
1,0.9414,1
1,0.9404,1
1,0.897,1
1,0.9097,1
0,0.854,1
0,0.883,1
1,0.4172,0
0,0.276,0
0,0.0359,0
0,0.2695,0
0,0.1718,0
1,0.726,1
0,0.5312,1
0,0.2344,0
0,0.635,1
0,0.6816,1
0,0.4841,0
1,0.5835,1
1,0.6064,1
1,0.3865,0
1,0.7036,1
1,0.6787,1
1,0.747,1
1,0.766,1
1,0.74,1
1,0.712,1
1,0.852,1
1,0.841,1
1,0.7896,1
1,0.793,1
1,0.8403,1
0,0.8086,1
1,0.796,1
0,0.804,1
1,0.78,1
1,0.74,1
1,0.7925,1
1,0.772,1
1,0.7163,1
1,0.7324,1
0,0.6895,1
1,0.726,1
1,0.748,1
1,0.5415,1
1,0.725,1
1,0.773,1
1,0.711,1
1,0.7056,1
0,0.582,1
0,0.614,1
0,0.5425,1
1,0.5767,1
0,0.511,1
1,0.5596,1
1,0.681,1
0,0.722,1
0,0.672,1
0,0.4543,0
0,0.746,1
1,0.706,1
1,0.6553,1
0,0.7314,1
1,0.8096,1
1,0.76,1
1,0.7227,1
1,0.759,1
1,0.763,1
1,0.716,1
1,0.838,1
1,0.8,1
1,0.861,1
1,0.8213,1
0,0.7725,1
1,0.8027,1
1,0.7085,1
1,0.736,1
1,0.1586,0
1,0.359,0
1,0.1664,0
0,0.3606,0
1,0.5376,1
1,0.5645,1
0,0.708,1
0,0.4006,0
1,0.561,1
0,0.6304,1
1,0.5605,1
1,0.4834,0
1,0.3662,0
1,0.6313,1
1,0.738,1
0,0.633,1
1,0.668,1
1,0.587,1
1,0.726,1
1,0.79,1
1,0.553,1
1,0.7524,1
1,0.542,1
1,0.6626,1
0,0.602,1
0,0.6577,1
1,0.708,1
1,0.798,1
1,0.6943,1
0,0.5747,1
0,0.552,1
0,0.585,1
0,0.586,1
0,0.7007,1
0,0.7295,1
1,0.585,1
1,0.2646,0
0,0.734,1
0,0.5723,1
0,0.573,1
1,0.3699,0
1,0.3525,0
1,0.5903,1
1,0.677,1
0,0.5234,1
0,0.6855,1
0,0.591,1
1,0.548,1
0,0.5386,1
0,0.3813,0
1,0.5806,1
1,0.4517,0
0,0.3225,0
0,0.4395,0
0,0.3765,0
1,0.1705,0
0,0.5083,1
0,0.524,1
1,0.5674,1
0,0.6816,1
1,0.5005,1
1,0.575,1
1,0.358,0
0,0.694,1
1,0.1774,0
1,0.2778,0
1,0.8354,1
1,0.7686,1
1,0.7153,1
1,0.3044,0
1,0.3467,0
0,0.2886,0
0,0.295,0
0,0.522,1
0,0.541,1
1,0.4763,0
1,0.705,1
1,0.77,1
0,0.6357,1
1,0.5713,1
1,0.734,1
1,0.755,1
0,0.8257,1
0,0.8354,1
1,0.7925,1
1,0.783,1
0,0.7417,1
0,0.7544,1
0,0.7485,1
1,0.759,1
0,0.4941,0
0,0.11084,0
0,0.11066,0
0,0.2634,0
0,0.1788,0
0,0.3086,0
0,0.2917,0
0,0.7075,1
1,0.742,1
1,0.801,1
1,0.8574,1
1,0.7593,1
1,0.6943,1
1,0.8047,1
1,0.838,1
1,0.809,1
1,0.701,1
1,0.625,1
1,0.7026,1
0,0.7207,1
0,0.2864,0
1,0.713,1
0,0.6436,1
0,0.722,1
1,0.784,1
1,0.7324,1
1,0.8306,1
1,0.8267,1
1,0.7646,1
1,0.606,1
1,0.7925,1
0,0.777,1
0,0.699,1
1,0.853,1
1,0.7666,1
1,0.747,1
0,0.806,1
1,0.8257,1
1,0.8315,1
1,0.8105,1
1,0.8384,1
1,0.8237,1
1,0.7715,1
1,0.8213,1
1,0.8784,1
1,0.843,1
1,0.8994,1
1,0.8613,1
1,0.848,1
1,0.8667,1
1,0.841,1
1,0.883,1
1,0.86,1
1,0.809,1
1,0.8984,1
1,0.833,1
1,0.8096,1
0,0.811,1
1,0.794,1
1,0.746,1
1,0.8057,1
1,0.6807,1
1,0.7485,1
1,0.7993,1
1,0.772,1
1,0.744,1
1,0.816,1
1,0.8057,1
1,0.7046,1
1,0.753,1
1,0.6743,1
1,0.682,1
1,0.676,1
0,0.752,1
1,0.8037,1
1,0.8394,1
1,0.7046,1
1,0.7837,1
1,0.7437,1
1,0.8174,1
0,0.767,1
1,0.888,1
1,0.8447,1
0,0.747,1
1,0.7827,1
1,0.833,1
1,0.8413,1
1,0.806,1
1,0.82,1
0,0.812,1
0,0.823,1
1,0.8467,1
1,0.522,1
1,0.522,1
0,0.744,1
1,0.746,1
1,0.8213,1
0,0.753,1
0,0.5596,1
1,0.369,0
0,0.3013,0
1,0.3657,0
1,0.4978,0
1,0.6484,1
0,0.73,1
0,0.53,1
1,0.635,1
0,0.4993,0
1,0.516,1
1,0.4348,0
0,0.5547,1
1,0.551,1
1,0.2588,0
1,0.1886,0
0,0.2712,0
0,0.3486,0
1,0.746,1
1,0.816,1
1,0.7896,1
1,0.8335,1
1,0.8174,1
1,0.12494,0
1,0.6377,1
1,0.7734,1
1,0.529,1
1,0.3655,0
0,0.553,1
1,0.7803,1
0,0.776,1
0,0.8354,1
0,0.803,1
1,0.774,1
1,0.877,1
1,0.8623,1
1,0.878,1
1,0.8945,1
1,0.8345,1
1,0.7993,1
1,0.89,1
1,0.833,1
1,0.698,1
1,0.7197,1
1,0.6675,1
1,0.7505,1
1,0.7393,1
0,0.6436,1
0,0.7305,1
0,0.8276,1
1,0.73,1
1,0.787,1
1,0.8374,1
1,0.8496,1
1,0.795,1
0,0.8535,1
1,0.7207,1
1,0.848,1
1,0.8057,1
1,0.836,1
1,0.736,1
1,0.772,1
1,0.78,1
1,0.819,1
0,0.798,1
1,0.747,1
1,0.882,1
1,0.829,1
1,0.7886,1
1,0.8022,1
1,0.8843,1
1,0.827,1
0,0.7847,1
1,0.8374,1
1,0.786,1
1,0.79,1
1,0.8716,1
1,0.8135,1
0,0.8125,1
1,0.7075,1
1,0.816,1
1,0.67,1
1,0.8286,1
1,0.8403,1
0,0.766,1
1,0.8125,1
1,0.7896,1
1,0.744,1
1,0.7856,1
0,0.751,1
1,0.7983,1
1,0.2717,0
1,0.677,1
1,0.8145,1
0,0.7944,1
1,0.8477,1
0,0.833,1
0,0.693,1
1,0.7637,1
1,0.7295,1
0,0.721,1
1,0.823,1
1,0.7744,1
0,0.7515,1
0,0.7163,1
0,0.785,1
1,0.812,1
1,0.808,1
1,0.7754,1
1,0.831,1
0,0.814,1
1,0.7725,1
0,0.7163,1
1,0.602,1
0,0.74,1
0,0.7686,1
1,0.7285,1
1,0.823,1
1,0.8594,1
1,0.7744,1
1,0.8384,1
1,0.812,1
1,0.795,1
1,0.84,1
1,0.8066,1
1,0.7456,1
0,0.8354,1
1,0.821,1
1,0.8047,1
1,0.815,1
1,0.694,1
1,0.8716,1
1,0.826,1
1,0.744,1
1,0.846,1
1,0.795,1
1,0.7725,1
1,0.8022,1
1,0.8203,1
1,0.7935,1
1,0.852,1
1,0.793,1
1,0.756,1
1,0.779,1
1,0.759,1
0,0.8306,1
1,0.7188,1
0,0.6787,1
1,0.7817,1
0,0.742,1
0,0.6157,1
0,0.753,1
0,0.7266,1
0,0.7227,1
0,0.716,1
0,0.8164,1
0,0.834,1
0,0.7314,1
0,0.7075,1
1,0.2289,0
1,0.6704,1
1,0.6357,1
1,0.7036,1
0,0.2177,0
0,0.7505,1
0,0.656,1
0,0.7695,1
0,0.6377,1
1,0.354,0
0,0.2747,0
0,0.7554,1
0,0.8447,1
1,0.756,1
1,0.551,1
1,0.5244,1
0,0.4487,0
0,0.1907,0
0,0.134,0
0,0.1794,0
1,0.4998,0
0,0.2778,0
0,0.3123,0
1,0.7217,1
1,0.7236,1
1,0.521,1
0,0.595,1
1,0.1487,0
1,0.8135,1
0,0.8296,1
1,0.868,1
1,0.8,1
1,0.4556,0
1,0.3328,0
0,0.25,0
1,0.7026,1
1,0.376,0
0,0.3289,0
1,0.2186,0
0,0.4048,0
1,0.626,1
0,0.5537,1
0,0.6387,1
0,0.2233,0
0,0.11145,0
1,0.4749,0
1,0.7676,1
1,0.633,1
1,0.347,0
1,0.4458,0
1,0.9116,1
1,0.941,1
1,0.888,1
1,0.8916,1
1,0.8203,1
0,0.76,1
1,0.7886,1
1,0.807,1
1,0.771,1
1,0.7793,1
1,0.8213,1
1,0.733,1
0,0.865,1
0,0.845,1
0,0.5454,1
0,0.7407,1
0,0.6943,1
0,0.66,1
0,0.6206,1
1,0.6978,1
0,0.744,1
0,0.695,1
0,0.733,1
0,0.703,1
1,0.6636,1
1,0.7627,1
1,0.6973,1
1,0.851,1
1,0.844,1
1,0.814,1
0,0.865,1
1,0.86,1
1,0.8706,1
1,0.884,1
0,0.872,1
1,0.704,1
1,0.8765,1
1,0.7935,1
1,0.899,1
1,0.7305,1
1,0.7666,1
1,0.8467,1
1,0.7407,1
1,0.1152,0
0,0.1349,0
0,0.03482,0
0,0.03748,0
0,0.2325,0
0,0.3884,0
1,0.2605,0
0,0.0533,0
0,0.1797,0
0,0.1326,0
0,0.10876,0
0,0.1105,0
0,0.12054,0
0,0.0671,0
0,0.1124,0
0,0.02666,0
0,0.08124,0
0,0.1495,0
0,0.02162,0
0,0.264,0
0,0.015305,0
0,0.01758,0
0,0.05573,0
0,0.332,0
0,0.703,1
0,0.8154,1
1,0.833,1
1,0.728,1
1,0.7544,1
1,0.785,1
0,0.758,1
0,0.776,1
1,0.834,1
1,0.6973,1
1,0.719,1
1,0.743,1
0,0.8364,1
1,0.5522,1
0,0.657,1
1,0.576,1
0,0.3196,0
0,0.745,1
1,0.8667,1
1,0.8843,1
1,0.616,1
0,0.3408,0
1,0.272,0
0,0.448,0
1,0.8994,1
1,0.459,0
0,0.5986,1
0,0.649,1
1,0.767,1
1,0.6035,1
1,0.763,1
1,0.809,1
1,0.695,1
1,0.819,1
1,0.653,1
1,0.3904,0
0,0.359,0
0,0.4065,0
1,0.8125,1
1,0.7124,1
1,0.831,1
1,0.815,1
0,0.8076,1
1,0.524,1
0,0.556,1
1,0.4368,0
0,0.328,0
1,0.4363,0
1,0.634,1
1,0.7695,1
1,0.3076,0
0,0.1011,0
1,0.376,0
1,0.2524,0
1,0.0236,0
1,0.1666,0
0,0.3088,0
1,0.1805,0
1,0.672,1
1,0.2173,0
0,0.565,1
1,0.754,1
1,0.565,1
1,0.816,1
1,0.819,1
1,0.664,1
1,0.4663,0
1,0.6704,1
1,0.8022,1
1,0.637,1
1,0.7593,1
1,0.714,1
1,0.642,1
1,0.6167,1
1,0.5073,1
1,0.74,1
0,0.7305,1
0,0.742,1
1,0.653,1
1,0.751,1
1,0.8843,1
1,0.797,1
1,0.564,1
1,0.731,1
1,0.7354,1
1,0.673,1
1,0.5103,1
1,0.1727,0
0,0.1409,0
0,0.10394,0
0,0.1879,0
0,0.1197,0
0,0.1656,0
1,0.5176,1
0,0.679,1
1,0.738,1
1,0.6953,1
1,0.7114,1
1,0.676,1
1,0.7886,1
1,0.815,1
0,0.819,1
1,0.8105,1
1,0.8135,1
1,0.776,1
1,0.829,1
1,0.806,1
1,0.774,1
1,0.781,1
1,0.872,1
1,0.906,1
1,0.9165,1
0,0.8975,1
0,0.8574,1
0,0.8506,1
1,0.7783,1
1,0.8096,1
0,0.7827,1
0,0.789,1
1,0.796,1
0,0.7676,1
1,0.7944,1
1,0.812,1
1,0.744,1
1,0.836,1
1,0.7915,1
0,0.7905,1
1,0.796,1
1,0.7886,1
1,0.8354,1
1,0.825,1
0,0.7656,1
1,0.778,1
0,0.7593,1
0,0.7153,1
1,0.6646,1
1,0.769,1
0,0.8013,1
1,0.6104,1
0,0.5107,1
1,0.65,1
0,0.701,1
1,0.6895,1
1,0.659,1
1,0.8228,1
1,0.463,0
1,0.7275,1
1,0.867,1
1,0.73,1
1,0.803,1
1,0.7573,1
1,0.8174,1
1,0.8413,1
1,0.8076,1
1,0.7773,1
1,0.8564,1
1,0.8154,1
1,0.795,1
1,0.843,1
1,0.8545,1
1,0.8413,1
0,0.847,1
1,0.8135,1
1,0.8657,1
1,0.8213,1
1,0.8525,1
1,0.9067,1
1,0.821,1
1,0.811,1
1,0.844,1
0,0.786,1
1,0.8906,1
1,0.858,1
0,0.11597,0
1,0.6333,1
1,0.476,0
1,0.3596,0
1,0.5684,1
1,0.5913,1
1,0.4807,0
1,0.4092,0
1,0.523,1
1,0.3577,0
1,0.6465,1
1,0.607,1
1,0.6016,1
0,0.652,1
1,0.2913,0
1,0.6353,1
0,0.6313,1
0,0.6694,1
0,0.721,1
1,0.4844,0
1,0.696,1
1,0.659,1
1,0.7524,1
1,0.716,1
1,0.752,1
1,0.803,1
1,0.722,1
1,0.757,1
1,0.781,1
0,0.789,1
0,0.7383,1
1,0.814,1
1,0.72,1
0,0.779,1
1,0.7446,1
1,0.515,1
0,0.6357,1
0,0.656,1
1,0.7427,1
0,0.72,1
1,0.7705,1
1,0.726,1
0,0.703,1
0,0.792,1
1,0.8086,1
0,0.7935,1
1,0.7695,1
1,0.7954,1
0,0.7905,1
1,0.722,1
0,0.571,1
1,0.195,0
0,0.1497,0
0,0.6343,1
1,0.7456,1
1,0.791,1
0,0.839,1
0,0.847,1
0,0.4902,0
0,0.4094,0
0,0.263,0
1,0.711,1
1,0.747,1
1,0.7505,1
1,0.825,1
0,0.823,1
1,0.8105,1
1,0.7397,1
1,0.843,1
1,0.8354,1
1,0.801,1
1,0.716,1
1,0.7407,1
1,0.805,1
1,0.7974,1
1,0.7812,1
1,0.6704,1
1,0.8193,1
1,0.735,1
1,0.76,1
1,0.6685,1
1,0.791,1
1,0.6045,1
0,0.79,1
1,0.6333,1
1,0.7915,1
1,0.663,1
1,0.654,1
1,0.804,1
1,0.5415,1
1,0.644,1
0,0.3901,0
0,0.3684,0
1,0.367,0
1,0.339,0
0,0.417,0
0,0.4746,0
1,0.411,0
1,0.6914,1
0,0.612,1
1,0.6753,1
1,0.6724,1
1,0.7397,1
1,0.74,1
0,0.7114,1
1,0.6553,1
1,0.605,1
1,0.715,1
1,0.6987,1
1,0.5635,1
0,0.727,1
1,0.633,1
1,0.7065,1
1,0.7036,1
1,0.757,1
1,0.737,1
1,0.654,1
1,0.654,1
1,0.777,1
1,0.746,1
1,0.8433,1
1,0.8013,1
1,0.824,1
1,0.647,1
1,0.7383,1
1,0.678,1
1,0.6694,1
1,0.6006,1
0,0.648,1
1,0.733,1
1,0.727,1
1,0.684,1
1,0.754,1
1,0.6694,1
1,0.771,1
1,0.692,1
1,0.671,1
1,0.6914,1
1,0.6714,1
1,0.6777,1
0,0.6494,1
0,0.6855,1
1,0.7676,1
1,0.6685,1
0,0.6865,1
0,0.6997,1
0,0.7,1
0,0.7417,1
0,0.7124,1
1,0.7207,1
0,0.7583,1
1,0.7236,1
0,0.699,1
1,0.7046,1
1,0.713,1
1,0.686,1
1,0.745,1
1,0.776,1
1,0.7397,1
1,0.6074,1
1,0.773,1
1,0.7905,1
1,0.784,1
1,0.816,1
0,0.554,1
0,0.639,1
0,0.652,1
1,0.5815,1
1,0.6055,1
1,0.7236,1
0,0.7544,1
1,0.7,1
0,0.6924,1
1,0.724,1
1,0.5044,1
1,0.6724,1
1,0.806,1
1,0.845,1
1,0.8535,1
1,0.405,0
1,0.572,1
1,0.7583,1
1,0.591,1
1,0.6895,1
1,0.6826,1
1,0.7495,1
0,0.758,1
1,0.7407,1
1,0.572,1
1,0.582,1
1,0.6714,1
0,0.503,1
1,0.76,1
1,0.6973,1
1,0.755,1
1,0.6963,1
1,0.7495,1
1,0.787,1
1,0.787,1
1,0.7485,1
0,0.745,1
1,0.59,1
0,0.797,1
1,0.794,1
1,0.754,1
1,0.778,1
1,0.06793,0
0,0.1709,0
0,0.1578,0
1,0.1152,0
0,0.1589,0
0,0.3735,0
1,0.162,0
1,0.5645,1
1,0.668,1
0,0.2874,0
0,0.04742,0
0,0.1101,0
0,0.04025,0
1,0.1855,0
0,0.2207,0
0,0.2367,0
0,0.05655,0
1,0.1597,0
0,0.313,0
0,0.278,0
0,0.0715,0
1,0.3462,0
0,0.229,0
0,0.727,1
0,0.7144,1
0,0.761,1
1,0.7173,1
1,0.8457,1
1,0.8096,1
1,0.7627,1
1,0.7236,1
1,0.6763,1
1,0.844,1
1,0.854,1
1,0.7695,1
1,0.786,1
1,0.786,1
1,0.785,1
1,0.8457,1
1,0.786,1
1,0.807,1
1,0.805,1
1,0.747,1
1,0.8135,1
1,0.796,1
1,0.7783,1
0,0.8403,1
1,0.8525,1
1,0.8306,1
1,0.6934,1
1,0.712,1
1,0.697,1
0,0.695,1
0,0.7104,1
0,0.6934,1
1,0.7954,1
1,0.8574,1
1,0.8477,1
1,0.825,1
1,0.8247,1
1,0.8306,1
0,0.8003,1
1,0.634,1
0,0.6445,1
0,0.8047,1
1,0.836,1
0,0.8047,1
1,0.8496,1
1,0.793,1
1,0.806,1
1,0.8364,1
1,0.871,1
1,0.822,1
1,0.8105,1
0,0.8438,1
0,0.835,1
1,0.822,1
1,0.8403,1
1,0.8027,1
1,0.7,1
1,0.8477,1
0,0.782,1
0,0.684,1
1,0.7993,1
0,0.8677,1
0,0.868,1
0,0.8267,1
1,0.869,1
0,0.813,1
1,0.8574,1
0,0.849,1
0,0.669,1
0,0.883,1
1,0.8105,1
1,0.8354,1
1,0.847,1
1,0.705,1
0,0.8325,1
1,0.8022,1
1,0.7183,1
1,0.7085,1
1,0.7744,1
1,0.8267,1
1,0.8257,1
1,0.8706,1
1,0.858,1
1,0.8516,1
1,0.8105,1
1,0.879,1
0,0.753,1
0,0.79,1
1,0.852,1
1,0.786,1
1,0.8228,1
1,0.782,1
1,0.8394,1
1,0.806,1
1,0.8096,1
1,0.805,1
1,0.725,1
0,0.8027,1
0,0.7573,1
1,0.534,1
0,0.4937,0
1,0.3767,0
1,0.611,1
1,0.4714,0
1,0.4302,0
0,0.6455,1
0,0.8677,1
1,0.4167,0
0,0.405,0
1,0.899,1
1,0.7144,1
1,0.938,1
1,0.707,1
1,0.854,1
1,0.8853,1
1,0.89,1
1,0.8574,1
1,0.8594,1
1,0.868,1
1,0.881,1
1,0.8896,1
1,0.889,1
1,0.867,1
1,0.837,1
1,0.8574,1
1,0.897,1
1,0.81,1
1,0.852,1
1,0.8384,1
1,0.8506,1
1,0.8457,1
1,0.7876,1
1,0.877,1
1,0.9043,1
1,0.8774,1
1,0.905,1
1,0.829,1
1,0.8345,1
1,0.834,1
1,0.8804,1
1,0.878,1
1,0.8726,1
1,0.8853,1
1,0.8633,1
1,0.9077,1
1,0.842,1
0,0.794,1
1,0.854,1
1,0.7583,1
1,0.832,1
0,0.8325,1
0,0.843,1
1,0.8594,1
1,0.843,1
0,0.796,1
0,0.8643,1
0,0.7983,1
1,0.823,1
1,0.694,1
0,0.7295,1
1,0.8105,1
0,0.8276,1
0,0.839,1
1,0.797,1
1,0.7393,1
1,0.7603,1
1,0.863,1
1,0.8076,1
0,0.235,0
0,0.1521,0
0,0.04376,0
1,0.1835,0
0,0.3108,0
0,0.2405,0
0,0.2856,0
1,0.1982,0
0,0.2147,0
1,0.2656,0
0,0.2104,0
0,0.2893,0
0,0.2876,0
1,0.793,1
1,0.7915,1
1,0.832,1
1,0.808,1
1,0.3135,0
0,0.2766,0
0,0.1373,0
0,0.141,0
0,0.3386,0
1,0.6987,1
1,0.782,1
0,0.8047,1
1,0.8345,1
1,0.836,1
1,0.755,1
1,0.6167,1
0,0.2401,0
1,0.75,1
1,0.862,1
1,0.837,1
1,0.3838,0
0,0.1464,0
1,0.2477,0
0,0.0315,0
1,0.7227,1
1,0.805,1
1,0.435,0
1,0.5815,1
1,0.1779,0
0,0.584,1
0,0.6685,1
1,0.5474,1
0,0.6226,1
1,0.745,1
1,0.7563,1
1,0.7734,1
0,0.799,1
0,0.724,1
1,0.6436,1
1,0.761,1
1,0.8135,1
1,0.847,1
1,0.7783,1
0,0.728,1
1,0.753,1
1,0.753,1
1,0.8193,1
0,0.736,1
1,0.5117,1
0,0.1019,0
1,0.8096,1
1,0.843,1
1,0.763,1
0,0.7896,1
1,0.838,1
1,0.754,1
1,0.7686,1
1,0.8076,1
1,0.8726,1
1,0.785,1
0,0.3862,0
1,0.4734,0
0,0.4868,0
0,0.3984,0
0,0.3804,0
1,0.5337,1
0,0.5957,1
1,0.5137,1
0,0.814,1
1,0.639,1
1,0.666,1
1,0.5728,1
1,0.817,1
1,0.657,1
1,0.7134,1
0,0.654,1
1,0.6255,1
1,0.7803,1
0,0.684,1
1,0.5605,1
0,0.793,1
1,0.824,1
1,0.6855,1
1,0.8164,1
0,0.8027,1
0,0.705,1
0,0.7026,1
1,0.564,1
0,0.686,1
0,0.6426,1
1,0.5376,1
1,0.6475,1
0,0.4915,0
0,0.566,1
1,0.654,1
0,0.603,1
1,0.3967,0
0,0.5796,1
0,0.5767,1
1,0.595,1
0,0.547,1
1,0.779,1
1,0.6104,1
1,0.5225,1
0,0.4524,0
0,0.5645,1
1,0.695,1
1,0.7017,1
0,0.614,1
0,0.7515,1
1,0.784,1
1,0.558,1
1,0.6396,1
1,0.676,1
1,0.715,1
0,0.5947,1
1,0.538,1
0,0.563,1
1,0.6426,1
0,0.5884,1
0,0.5376,1
0,0.5396,1
0,0.7065,1
1,0.3306,0
1,0.8022,1
1,0.561,1
0,0.4548,0
0,0.5215,1
0,0.639,1
0,0.5415,1
1,0.5576,1
0,0.6357,1
0,0.3496,0
0,0.10614,0
1,0.3894,0
1,0.372,0
1,0.1641,0
0,0.1654,0
0,0.2678,0
0,0.09753,0
1,0.1989,0
0,0.391,0
1,0.5186,1
0,0.1981,0
0,0.1974,0
1,0.7856,1
1,0.6724,1
1,0.7407,1
0,0.1826,0
1,0.771,1
0,0.813,1
0,0.0888,0
1,0.783,1
0,0.311,0
0,0.2167,0
1,0.7935,1
0,0.7515,1
1,0.766,1
0,0.334,0
0,0.584,1
0,0.4058,0
0,0.2238,0
0,0.3713,0
0,0.3828,0
0,0.3064,0
0,0.62,1
0,0.1897,0
1,0.466,0
0,0.4363,0
0,0.3552,0
0,0.519,1
1,0.501,1
0,0.815,1
0,0.577,1
0,0.4963,0
1,0.6123,1
0,0.689,1
1,0.6265,1
0,0.6123,1
0,0.4534,0
1,0.5244,1
1,0.514,1
0,0.4412,0
0,0.5454,1
1,0.3577,0
0,0.561,1
0,0.4087,0
0,0.398,0
0,0.4812,0
1,0.4746,0
0,0.1964,0
1,0.702,1
0,0.745,1
1,0.711,1
1,0.726,1
0,0.7617,1
1,0.6255,1
0,0.6,1
1,0.5815,1
1,0.69,1
1,0.559,1
1,0.588,1
1,0.612,1
1,0.681,1
0,0.739,1
1,0.8184,1
1,0.809,1
1,0.7783,1
1,0.811,1
1,0.7886,1
1,0.82,1
1,0.511,1
1,0.7085,1
1,0.8115,1
1,0.794,1
1,0.8613,1
1,0.8535,1
1,0.9023,1
1,0.882,1
1,0.874,1
1,0.892,1
1,0.7783,1
1,0.7373,1
1,0.8823,1
1,0.893,1
0,0.905,1
1,0.915,1
1,0.883,1
0,0.847,1
1,0.7993,1
1,0.539,1
1,0.685,1
1,0.792,1
1,0.706,1
0,0.8716,1
1,0.847,1
0,0.834,1
1,0.9126,1
1,0.895,1
1,0.9136,1
1,0.8833,1
1,0.765,1
1,0.901,1
1,0.933,1
1,0.918,1
1,0.8965,1
1,0.9175,1
1,0.808,1
1,0.8843,1
1,0.902,1
1,0.911,1
0,0.893,1
1,0.5967,1
1,0.791,1
1,0.521,1
1,0.722,1
0,0.2927,0
0,0.2147,0
1,0.551,1
1,0.4412,0
1,0.5166,1
1,0.5947,1
0,0.328,0
0,0.3777,0
1,0.352,0
1,0.2673,0
1,0.2651,0
0,0.4768,0
0,0.1735,0
0,0.0247,0
0,0.814,1
0,0.7827,1
0,0.801,1
0,0.8433,1
1,0.8916,1
1,0.8447,1
1,0.8457,1
1,0.834,1
1,0.8105,1
1,0.8223,1
1,0.9194,1
1,0.8994,1
0,0.5356,1
1,0.521,1
1,0.581,1
1,0.652,1
1,0.573,1
0,0.6436,1
0,0.6333,1
1,0.603,1
1,0.5127,1
1,0.573,1
1,0.5835,1
0,0.4924,0
1,0.4956,0
0,0.567,1
0,0.4287,0
1,0.505,1
0,0.4517,0
1,0.7476,1
1,0.3892,0
1,0.6997,1
1,0.771,1
1,0.74,1
1,0.736,1
1,0.635,1
1,0.4517,0
1,0.3484,0
1,0.4443,0
0,0.3894,0
0,0.2362,0
0,0.3074,0
0,0.2496,0
1,0.2344,0
0,0.669,1
0,0.709,1
1,0.717,1
1,0.8,1
1,0.6436,1
1,0.761,1
1,0.647,1
0,0.691,1
0,0.653,1
0,0.684,1
1,0.656,1
1,0.1819,0
0,0.10913,0
1,0.4414,0
0,0.1561,0
1,0.1095,0
1,0.6787,1
0,0.5405,1
1,0.266,0
0,0.2207,0
1,0.6753,1
1,0.7446,1
1,0.756,1
1,0.7803,1
1,0.679,1
1,0.809,1
1,0.7534,1
1,0.65,1
1,0.801,1
1,0.661,1
1,0.6084,1
1,0.7544,1
0,0.4097,0
0,0.4666,0
1,0.3547,0
0,0.429,0
1,0.789,1
1,0.8594,1
1,0.871,1
1,0.826,1
1,0.806,1
1,0.8438,1
0,0.8223,1
1,0.853,1
0,0.802,1
0,0.4087,0
0,0.2086,0
1,0.0715,0
1,0.8916,1
0,0.802,1
1,0.894,1
1,0.8647,1
1,0.7915,1
1,0.793,1
1,0.6943,1
1,0.76,1
1,0.728,1
1,0.701,1
1,0.666,1
1,0.578,1
1,0.7534,1
1,0.5156,1
0,0.623,1
1,0.7437,1
1,0.63,1
1,0.5083,1
1,0.51,1
0,0.643,1
1,0.7104,1
1,0.7026,1
1,0.8203,1
1,0.6357,1
1,0.501,1
0,0.7134,1
0,0.3633,0
1,0.3228,0
1,0.863,1
1,0.907,1
0,0.443,0
0,0.557,1
1,0.824,1
1,0.8057,1
1,0.814,1
1,0.8477,1
1,0.852,1
1,0.7915,1
1,0.8467,1
0,0.3738,0
1,0.359,0
0,0.378,0
0,0.1643,0
0,0.7183,1
1,0.4185,0
0,0.3586,0
0,0.3557,0
0,0.372,0
1,0.529,1
1,0.727,1
1,0.5693,1
0,0.461,0
0,0.5137,1
1,0.4392,0
1,0.2115,0
1,0.4077,0
0,0.3806,0
0,0.3088,0
0,0.358,0
0,0.317,0
1,0.2467,0
1,0.696,1
1,0.647,1
1,0.734,1
1,0.3232,0
0,0.4192,0
0,0.7715,1
1,0.7827,1
1,0.779,1
1,0.7944,1
1,0.8574,1
1,0.8086,1
1,0.8687,1
1,0.7964,1
1,0.894,1
1,0.861,1
1,0.8257,1
1,0.84,1
1,0.7144,1
0,0.4177,0
1,0.3528,0
1,0.593,1
1,0.52,1
1,0.665,1
1,0.4993,0
1,0.576,1
1,0.3826,0
1,0.5645,1
1,0.305,0
1,0.4814,0
1,0.3489,0
1,0.6807,1
1,0.4573,0
0,0.3162,0
0,0.385,0
0,0.4387,0
0,0.34,0
0,0.4856,0
0,0.1913,0
0,0.3513,0
1,0.758,1
1,0.4734,0
1,0.7656,1
1,0.5664,1
1,0.71,1
1,0.8096,1
1,0.8584,1
1,0.877,1
1,0.777,1
1,0.839,1
1,0.7397,1
1,0.3809,0
0,0.51,1
1,0.6406,1
0,0.6426,1
1,0.8066,1
0,0.272,0
0,0.0986,0
0,0.3306,0
0,0.3428,0
0,0.3132,0
1,0.3628,0
1,0.7905,1
1,0.7837,1
1,0.4958,0
0,0.37,0
0,0.2319,0
0,0.394,0
0,0.2703,0
0,0.5625,1
0,0.4202,0
0,0.5767,1
0,0.539,1
1,0.668,1
1,0.685,1
1,0.58,1
1,0.7456,1
0,0.6714,1
1,0.4683,0
1,0.1841,0
0,0.1716,0
0,0.2554,0
0,0.3542,0
1,0.4556,0
0,0.4495,0
1,0.328,0
0,0.5156,1
0,0.3264,0
1,0.558,1
1,0.668,1
1,0.823,1
1,0.7324,1
1,0.8203,1
1,0.5806,1
0,0.6455,1
0,0.5723,1
1,0.655,1
1,0.3862,0
1,0.717,1
1,0.8057,1
1,0.6777,1
1,0.724,1
1,0.605,1
0,0.571,1
1,0.6494,1
0,0.2563,0
0,0.2976,0
0,0.2502,0
1,0.4043,0
1,0.3132,0
0,0.1665,0
0,0.3066,0
0,0.1105,0
0,0.1351,0
0,0.4995,0
0,0.3586,0
0,0.311,0
1,0.4177,0
1,0.4075,0
1,0.1284,0
1,0.3115,0
1,0.575,1
1,0.823,1
1,0.8335,1
1,0.798,1
1,0.8164,1
1,0.814,1
1,0.8403,1
1,0.727,1
1,0.805,1
0,0.7754,1
1,0.874,1
0,0.795,1
1,0.8154,1
1,0.8013,1
1,0.6606,1
1,0.2935,0
0,0.07825,0
0,0.362,0
0,0.3274,0
0,0.1539,0
0,0.2234,0
0,0.3718,0
0,0.209,0
0,0.5664,1
0,0.0471,0
1,0.266,0
0,0.10144,0
1,0.887,1
1,0.892,1
1,0.6636,1
1,0.59,1
0,0.484,0
0,0.4487,0
0,0.5557,1
1,0.8174,1
1,0.505,1
1,0.9194,1
0,0.7163,1
1,0.7344,1
1,0.8877,1
1,0.83,1
0,0.5474,1
1,0.499,0
0,0.5215,1
1,0.4155,0
1,0.821,1
0,0.6396,1
0,0.668,1
0,0.6646,1
1,0.789,1
1,0.577,1
0,0.643,1
0,0.509,1
0,0.5996,1
1,0.5283,1
0,0.679,1
0,0.635,1
1,0.832,1
1,0.902,1
1,0.894,1
1,0.842,1
0,0.662,1
1,0.82,1
1,0.895,1
1,0.7466,1
1,0.795,1
0,0.4758,0
0,0.7256,1
1,0.775,1
0,0.7827,1
0,0.63,1
0,0.729,1
1,0.7275,1
0,0.7314,1
1,0.785,1
1,0.407,0
1,0.5454,1
1,0.3481,0
1,0.3394,0
1,0.1548,0
0,0.3254,0
1,0.0942,0
1,0.2954,0
0,0.6265,1
0,0.674,1
1,0.8945,1
1,0.9116,1
1,0.7427,1
1,0.8237,1
1,0.8906,1
1,0.8877,1
0,0.7886,1
1,0.914,1
1,0.859,1
0,0.664,1
0,0.6626,1
0,0.7266,1
1,0.7056,1
1,0.695,1
0,0.3042,0
0,0.1512,0
0,0.2869,0
0,0.1069,0
0,0.466,0
0,0.1195,0
1,0.6475,1
1,0.4167,0
0,0.3865,0
1,0.57,1
1,0.7456,1
1,0.6772,1
1,0.7427,1
1,0.771,1
1,0.696,1
1,0.772,1
1,0.8213,1
1,0.4539,0
1,0.8164,1
1,0.7295,1
1,0.8296,1
0,0.805,1
0,0.8545,1
0,0.805,1
0,0.8647,1
1,0.8477,1
1,0.872,1
0,0.853,1
1,0.784,1
1,0.8203,1
1,0.8438,1
1,0.314,0
0,0.7417,1
1,0.7437,1
1,0.76,1
1,0.68,1
1,0.8174,1
1,0.7896,1
1,0.798,1
0,0.865,1
1,0.694,1
1,0.634,1
1,0.8013,1
1,0.8994,1
1,0.873,1
1,0.845,1
1,0.874,1
1,0.815,1
1,0.8784,1
1,0.88,1
1,0.877,1
1,0.792,1
0,0.817,1
1,0.778,1
0,0.531,1
1,0.7725,1
1,0.9,1
1,0.8516,1
1,0.746,1
1,0.6904,1
1,0.706,1
1,0.7163,1
0,0.6104,1
1,0.8833,1
0,0.1643,0
0,0.219,0
1,0.7104,1
1,0.8213,1
1,0.839,1
1,0.803,1
1,0.698,1
1,0.7964,1
0,0.3186,0
0,0.332,0
0,0.3123,0
0,0.3296,0
1,0.712,1
0,0.6636,1
0,0.513,1
0,0.745,1
1,0.6265,1
1,0.661,1
1,0.349,0
0,0.2974,0
0,0.353,0
1,0.2996,0
1,0.3,0
0,0.4006,0
1,0.902,1
0,0.887,1
1,0.4512,0
1,0.787,1
1,0.924,1
0,0.9253,1
1,0.9014,1
1,0.9165,1
1,0.881,1
1,0.8647,1
0,0.9126,1
1,0.9077,1
1,0.8604,1
1,0.8735,1
0,0.9165,1
1,0.88,1
1,0.892,1
1,0.9155,1
1,0.918,1
0,0.816,1
0,0.8804,1
1,0.8994,1
1,0.897,1
1,0.9053,1
1,0.7944,1
1,0.9053,1
1,0.8647,1
1,0.9014,1
1,0.9165,1
1,0.8984,1
1,0.8467,1
1,0.8784,1
1,0.8706,1
1,0.796,1
1,0.8022,1
1,0.6953,1
0,0.652,1
1,0.9116,1
1,0.8374,1
0,0.541,1
1,0.4463,0
0,0.3037,0
0,0.693,1
1,0.774,1
1,0.7793,1
1,0.7896,1
0,0.6987,1
1,0.7363,1
1,0.8154,1
1,0.6797,1
1,0.8633,1
0,0.8486,1
0,0.8613,1
1,0.8184,1
1,0.3262,0
1,0.2961,0
0,0.2715,0
0,0.395,0
1,0.772,1
1,0.8657,1
1,0.834,1
1,0.8647,1
1,0.8726,1
1,0.8276,1
1,0.8574,1
1,0.845,1
1,0.8755,1
1,0.872,1
1,0.8467,1
1,0.858,1
1,0.8486,1
1,0.87,1
1,0.8335,1
0,0.8594,1
1,0.8755,1
1,0.7905,1
1,0.821,1
1,0.5215,1
1,0.7466,1
1,0.6953,1
1,0.7812,1
1,0.7285,1
1,0.7217,1
1,0.612,1
1,0.8135,1
1,0.6147,1
0,0.539,1
0,0.2251,0
1,0.5513,1
0,0.573,1
0,0.618,1
1,0.704,1
1,0.668,1
1,0.729,1
1,0.7104,1
1,0.762,1
1,0.804,1
1,0.8027,1
1,0.757,1
0,0.7344,1
1,0.7837,1
1,0.8047,1
1,0.8086,1
0,0.819,1
1,0.8433,1
0,0.779,1
0,0.858,1
1,0.8086,1
1,0.7593,1
0,0.7686,1
1,0.868,1
1,0.7905,1
1,0.806,1
1,0.822,1
1,0.7886,1
1,0.887,1
1,0.7886,1
1,0.8154,1
1,0.79,1
1,0.8433,1
0,0.8496,1
1,0.818,1
1,0.781,1
1,0.8325,1
1,0.767,1
1,0.7485,1
1,0.8267,1
1,0.8115,1
1,0.831,1
0,0.7676,1
1,0.8237,1
1,0.831,1
1,0.7983,1
1,0.7534,1
1,0.828,1
0,0.76,1
1,0.6494,1
0,0.587,1
0,0.744,1
1,0.619,1
1,0.778,1
0,0.748,1
1,0.7905,1
1,0.7715,1
0,0.8594,1
1,0.843,1
1,0.837,1
1,0.823,1
1,0.691,1
1,0.7075,1
1,0.7065,1
1,0.7476,1
1,0.8296,1
1,0.762,1
1,0.789,1
0,0.8022,1
1,0.8584,1
1,0.8438,1
0,0.8086,1
0,0.8276,1
1,0.8667,1
1,0.832,1
0,0.811,1
1,0.7974,1
1,0.8623,1
1,0.816,1
1,0.7173,1
1,0.831,1
1,0.8525,1
1,0.6904,1
1,0.786,1
1,0.8335,1
1,0.722,1
1,0.7866,1
1,0.6978,1
1,0.781,1
1,0.7935,1
1,0.7705,1
1,0.7373,1
1,0.7007,1
0,0.813,1
0,0.601,1
0,0.8604,1
0,0.751,1
1,0.695,1
0,0.746,1
1,0.806,1
0,0.8647,1
1,0.794,1
1,0.77,1
1,0.745,1
1,0.796,1
1,0.8105,1
1,0.7925,1
1,0.8057,1
1,0.6587,1
0,0.1998,0
1,0.8296,1
1,0.709,1
1,0.7163,1
1,0.6084,1
0,0.705,1
1,0.763,1
1,0.755,1
1,0.7773,1
1,0.743,1
1,0.881,1
1,0.696,1
1,0.714,1
1,0.8145,1
1,0.795,1
1,0.753,1
1,0.3452,0
0,0.517,1
0,0.2203,0
0,0.2103,0
0,0.3293,0
0,0.616,1
0,0.2703,0
1,0.6323,1
1,0.5176,1
1,0.8066,1
1,0.6787,1
1,0.4536,0
1,0.449,0
0,0.2397,0
1,0.8486,1
1,0.7803,1
1,0.9053,1
1,0.891,1
1,0.9097,1
0,0.9126,1
1,0.8984,1
1,0.7144,1
1,0.8643,1
1,0.832,1
1,0.863,1
1,0.832,1
1,0.8633,1
0,0.857,1
1,0.8555,1
1,0.8276,1
0,0.833,1
1,0.8394,1
1,0.888,1
1,0.8203,1
1,0.7944,1
1,0.803,1
1,0.8423,1
1,0.782,1
0,0.7144,1
0,0.7153,1
0,0.7915,1
0,0.798,1
1,0.8164,1
0,0.883,1
0,0.7715,1
1,0.744,1
0,0.71,1
0,0.5244,1
0,0.657,1
1,0.722,1
0,0.415,0
1,0.2325,0
0,0.615,1
1,0.689,1
1,0.8784,1
1,0.677,1
1,0.7417,1
1,0.6323,1
1,0.5503,1
1,0.6904,1
0,0.6665,1
1,0.826,1
0,0.704,1
1,0.7056,1
0,0.7354,1
1,0.74,1
1,0.867,1
0,0.3167,0
1,0.7188,1
0,0.3933,0
1,0.521,1
1,0.4834,0
1,0.848,1
1,0.3518,0
1,0.69,1
1,0.473,0
1,0.777,1
1,0.7773,1
1,0.735,1
1,0.7437,1
0,0.795,1
1,0.773,1
1,0.7183,1
1,0.7646,1
1,0.691,1
0,0.7188,1
1,0.7725,1
1,0.755,1
0,0.6763,1
1,0.71,1
0,0.7305,1
0,0.733,1
1,0.654,1
1,0.638,1
0,0.622,1
1,0.621,1
1,0.3684,0
0,0.533,1
1,0.3315,0
0,0.66,1
1,0.5815,1
1,0.7085,1
1,0.527,1
1,0.66,1
0,0.684,1
1,0.8145,1
1,0.769,1
1,0.7676,1
1,0.8105,1
1,0.8003,1
1,0.8145,1
0,0.8525,1
1,0.802,1
1,0.8193,1
1,0.727,1
1,0.7773,1
1,0.8374,1
1,0.814,1
1,0.761,1
1,0.7827,1
1,0.738,1
1,0.2474,0
1,0.575,1
1,0.8184,1
1,0.7925,1
1,0.8047,1
1,0.791,1
1,0.5596,1
1,0.746,1
1,0.719,1
0,0.81,1
1,0.742,1
1,0.7153,1
1,0.783,1
1,0.5205,1
1,0.8584,1
1,0.7646,1
0,0.8667,1
1,0.815,1
1,0.838,1
1,0.7397,1
0,0.848,1
0,0.768,1
1,0.769,1
1,0.769,1
0,0.775,1
0,0.524,1
1,0.8506,1
1,0.765,1
1,0.7983,1
1,0.67,1
1,0.7134,1
0,0.7134,1
0,0.7363,1
1,0.7974,1
1,0.7935,1
0,0.842,1
1,0.831,1
1,0.878,1
1,0.778,1
1,0.708,1
1,0.626,1
1,0.721,1
1,0.7427,1
1,0.6597,1
0,0.7334,1
1,0.7446,1
0,0.683,1
0,0.6294,1
1,0.793,1
1,0.7285,1
0,0.8164,1
1,0.629,1
1,0.7495,1
1,0.7656,1
1,0.7964,1
1,0.8027,1
1,0.8125,1
1,0.727,1
1,0.817,1
1,0.7725,1
1,0.8228,1
1,0.85,1
1,0.7515,1
1,0.825,1
1,0.733,1
1,0.7715,1
1,0.7275,1
1,0.636,1
1,0.658,1
1,0.77,1
0,0.8843,1
1,0.5903,1
0,0.6216,1
0,0.6245,1
1,0.935,1
0,0.9277,1
1,0.8716,1
0,0.8994,1
1,0.8525,1
1,0.7163,1
1,0.77,1
1,0.7827,1
0,0.7334,1
1,0.6973,1
1,0.4863,0
1,0.768,1
1,0.7217,1
1,0.769,1
1,0.7993,1
1,0.717,1
1,0.763,1
1,0.8535,1
1,0.9097,1
1,0.8057,1
0,0.8325,1
0,0.816,1
0,0.8125,1
1,0.3906,0
1,0.6714,1
1,0.858,1
1,0.919,1
1,0.8765,1
1,0.899,1
1,0.8765,1
0,0.76,1
1,0.4888,0
0,0.625,1
0,0.6367,1
0,0.605,1
0,0.684,1
0,0.5244,1
1,0.529,1
0,0.649,1
1,0.593,1
0,0.544,1
0,0.5537,1
1,0.4229,0
1,0.5596,1
1,0.4094,0
1,0.879,1
1,0.573,1
1,0.797,1
1,0.7,1
0,0.7734,1
1,0.7812,1
1,0.7197,1
1,0.726,1
0,0.618,1
1,0.6904,1
1,0.7397,1
0,0.7046,1
0,0.766,1
1,0.743,1
1,0.703,1
1,0.686,1
1,0.6997,1
0,0.7075,1
0,0.706,1
1,0.7754,1
1,0.662,1
1,0.3962,0
1,0.562,1
1,0.7427,1
1,0.6533,1
0,0.795,1
0,0.5967,1
1,0.817,1
1,0.8105,1
1,0.8506,1
1,0.8604,1
0,0.836,1
1,0.6953,1
0,0.8315,1
0,0.8516,1
1,0.8745,1
0,0.3523,0
1,0.8394,1
1,0.233,0
0,0.4119,0
0,0.07684,0
0,0.2244,0
1,0.1831,0
0,0.291,0
1,0.2915,0
0,0.0804,0
0,0.12103,0
0,0.1494,0
0,0.04803,0
1,0.608,1
1,0.5977,1
1,0.7783,1
0,0.5103,1
1,0.4243,0
1,0.752,1
1,0.641,1
0,0.2625,0
0,0.4988,0
0,0.609,1
0,0.2915,0
0,0.1774,0
0,0.1455,0
0,0.1962,0
1,0.599,1
1,0.467,0
1,0.7246,1
1,0.707,1
1,0.815,1
0,0.8335,1
1,0.7964,1
1,0.7036,1
1,0.774,1
1,0.7417,1
1,0.8013,1
1,0.816,1
0,0.7783,1
1,0.796,1
1,0.785,1
1,0.8135,1
1,0.7725,1
0,0.745,1
0,0.801,1
1,0.741,1
1,0.727,1
1,0.7793,1
1,0.737,1
1,0.708,1
1,0.781,1
1,0.669,1
1,0.7744,1
0,0.7827,1
0,0.75,1
1,0.76,1
1,0.763,1
1,0.732,1
1,0.7036,1
1,0.718,1
0,0.674,1
1,0.7964,1
1,0.7124,1
1,0.765,1
1,0.759,1
1,0.798,1
1,0.8647,1
1,0.818,1
0,0.79,1
1,0.731,1
1,0.597,1
1,0.6655,1
1,0.6953,1
1,0.7314,1
1,0.6445,1
1,0.764,1
1,0.5757,1
1,0.2646,0
1,0.429,0
1,0.799,1
1,0.7173,1
0,0.7603,1
0,0.6577,1
1,0.8423,1
1,0.8174,1
0,0.302,0
1,0.294,0
1,0.8584,1
0,0.8364,1
0,0.8306,1
1,0.886,1
1,0.89,1
1,0.862,1
1,0.824,1
0,0.838,1
1,0.858,1
1,0.915,1
1,0.8975,1
0,0.8936,1
0,0.883,1
0,0.886,1
1,0.7964,1
1,0.6616,1
1,0.767,1
1,0.795,1
1,0.7637,1
1,0.698,1
1,0.6177,1
1,0.7124,1
1,0.4485,0
0,0.5713,1
0,0.6035,1
1,0.617,1
0,0.7056,1
0,0.697,1
1,0.6094,1
1,0.722,1
0,0.7676,1
1,0.6836,1
1,0.7275,1
0,0.7344,1
1,0.819,1
1,0.8535,1
1,0.7993,1
1,0.8105,1
0,0.7554,1
1,0.8135,1
0,0.7886,1
1,0.7227,1
0,0.734,1
1,0.72,1
1,0.66,1
0,0.5034,1
1,0.5557,1
0,0.7563,1
0,0.6895,1
1,0.8213,1
0,0.4868,0
1,0.6978,1
0,0.7407,1
0,0.6694,1
0,0.5874,1
1,0.658,1
1,0.7153,1
0,0.6636,1
1,0.709,1
0,0.3347,0
0,0.5825,1
1,0.756,1
1,0.844,1
1,0.5347,1
1,0.7676,1
1,0.811,1
1,0.743,1
1,0.8447,1
0,0.8213,1
1,0.7666,1
1,0.751,1
1,0.6284,1
1,0.6064,1
0,0.3926,0
0,0.3928,0
1,0.2085,0
0,0.2328,0
1,0.2307,0
0,0.4373,0
0,0.1512,0
1,0.6387,1
0,0.6934,1
1,0.7935,1
1,0.516,1
0,0.343,0
0,0.2898,0
0,0.1065,0
0,0.2598,0
1,0.3804,0
1,0.286,0
0,0.2544,0
1,0.757,1
1,0.394,0
1,0.8657,1
1,0.7993,1
1,0.673,1
1,0.69,1
0,0.5806,1
1,0.2996,0
0,0.1278,0
0,0.358,0
1,0.1625,0
0,0.3726,0
1,0.6704,1
1,0.8325,1
1,0.798,1
1,0.881,1
1,0.74,1
1,0.655,1
1,0.808,1
1,0.8564,1
1,0.783,1
1,0.763,1
0,0.744,1
0,0.782,1
1,0.628,1
0,0.8076,1
1,0.7725,1
1,0.787,1
1,0.859,1
1,0.6562,1
0,0.665,1
1,0.7935,1
1,0.771,1
1,0.8047,1
1,0.8057,1
1,0.746,1
1,0.2861,0
1,0.527,1
1,0.4436,0
1,0.844,1
1,0.732,1
1,0.817,1
1,0.774,1
0,0.7285,1
0,0.876,1
1,0.8486,1
1,0.678,1
1,0.8623,1
0,0.753,1
0,0.824,1
1,0.761,1
1,0.752,1
1,0.8164,1
1,0.869,1
1,0.8164,1
1,0.3154,0
1,0.2588,0
1,0.223,0
1,0.2388,0
0,0.3552,0
0,0.5376,1
1,0.7773,1
1,0.6616,1
1,0.8647,1
1,0.6167,1
1,0.609,1
1,0.865,1
0,0.7393,1
0,0.552,1
1,0.8564,1
1,0.539,1
1,0.7275,1
1,0.6313,1
1,0.819,1
1,0.733,1
1,0.775,1
1,0.7744,1
1,0.7446,1
1,0.814,1
1,0.8267,1
1,0.8154,1
0,0.3186,0
1,0.6045,1
1,0.7827,1
1,0.734,1
1,0.5625,1
1,0.591,1
0,0.8296,1
1,0.8228,1
1,0.843,1
1,0.8843,1
0,0.772,1
0,0.8193,1
1,0.851,1
1,0.8364,1
1,0.8735,1
1,0.844,1
1,0.836,1
1,0.886,1
0,0.7456,1
1,0.765,1
1,0.7476,1
1,0.757,1
1,0.7764,1
1,0.5063,1
1,0.6587,1
0,0.745,1
1,0.6514,1
1,0.75,1
1,0.5664,1
1,0.4968,0
0,0.2485,0
0,0.6543,1
1,0.6577,1
1,0.65,1
1,0.84,1
1,0.873,1
0,0.878,1
0,0.858,1
1,0.879,1
1,0.8457,1
0,0.2773,0
0,0.3938,0
1,0.4016,0
1,0.4126,0
1,0.3782,0
1,0.521,1
0,0.8296,1
0,0.7896,1
1,0.603,1
1,0.63,1
0,0.735,1
1,0.527,1
0,0.6455,1
0,0.509,1
0,0.601,1
1,0.3882,0
0,0.278,0
0,0.579,1
1,0.2482,0
0,0.537,1
1,0.6147,1
0,0.6133,1
1,0.5347,1
1,0.626,1
1,0.5776,1
1,0.6553,1
1,0.7344,1
1,0.5586,1
0,0.606,1
1,0.6665,1
0,0.694,1
1,0.725,1
0,0.0698,0
0,0.02365,0
0,0.0808,0
0,0.02216,0
0,0.01994,0
0,0.1464,0
0,0.2299,0
0,0.607,1
0,0.3445,0
0,0.1694,0
0,0.3804,0
0,0.02452,0
0,0.0942,0
0,0.02328,0
0,0.2056,0
0,0.1023,0
1,0.163,0
1,0.3833,0
0,0.1188,0
0,0.506,1
0,0.468,0
1,0.4124,0
1,0.51,1
0,0.559,1
1,0.6826,1
1,0.4749,0
0,0.738,1
0,0.6816,1
0,0.584,1
0,0.583,1
0,0.526,1
0,0.7124,1
0,0.531,1
1,0.2993,0
1,0.3667,0
1,0.1406,0
1,0.625,1
0,0.6406,1
1,0.816,1
1,0.821,1
1,0.607,1
1,0.559,1
0,0.7847,1
1,0.5264,1
0,0.6455,1
1,0.6743,1
0,0.685,1
1,0.7085,1
1,0.675,1
1,0.794,1
0,0.7417,1
0,0.638,1
1,0.695,1
1,0.6245,1
1,0.7495,1
1,0.754,1
1,0.6313,1
1,0.551,1
1,0.674,1
1,0.677,1
0,0.729,1
0,0.715,1
1,0.6455,1
1,0.745,1
0,0.749,1
1,0.8076,1
1,0.694,1
1,0.83,1
0,0.671,1
1,0.8057,1
1,0.7627,1
1,0.8735,1
1,0.826,1
1,0.7275,1
0,0.7773,1
1,0.7866,1
1,0.768,1
0,0.7876,1
1,0.8027,1
1,0.7095,1
0,0.755,1
1,0.779,1
0,0.7866,1
1,0.8213,1
1,0.78,1
0,0.817,1
0,0.854,1
1,0.835,1
1,0.769,1
1,0.11755,0
1,0.6284,1
1,0.525,1
0,0.723,1
1,0.5786,1
1,0.826,1
1,0.919,1
0,0.726,1
1,0.82,1
0,0.8755,1
0,0.92,1
1,0.8667,1
1,0.872,1
1,0.8833,1
1,0.8726,1
1,0.8584,1
1,0.8716,1
1,0.878,1
1,0.8086,1
1,0.829,1
1,0.9243,1
1,0.4656,0
0,0.703,1
0,0.541,1
1,0.726,1
1,0.8003,1
1,0.735,1
0,0.6963,1
1,0.811,1
1,0.9355,1
1,0.941,1
1,0.908,1
1,0.747,1
1,0.5967,1
1,0.7075,1
1,0.654,1
1,0.6924,1
1,0.6772,1
1,0.681,1
1,0.655,1
1,0.8633,1
1,0.725,1
1,0.7407,1
1,0.7236,1
1,0.718,1
1,0.7485,1
1,0.639,1
0,0.5664,1
1,0.6323,1
0,0.7505,1
0,0.739,1
1,0.7446,1
1,0.557,1
1,0.707,1
0,0.662,1
1,0.6777,1
0,0.7153,1
1,0.67,1
1,0.6455,1
1,0.7065,1
1,0.776,1
1,0.812,1
1,0.729,1
0,0.398,0
1,0.7256,1
1,0.8193,1
0,0.7905,1
0,0.82,1
0,0.777,1
0,0.8257,1
0,0.7617,1
1,0.788,1
1,0.79,1
1,0.766,1
1,0.8066,1
1,0.834,1
1,0.771,1
1,0.8105,1
1,0.7676,1
1,0.733,1
1,0.815,1
1,0.814,1
1,0.8228,1
1,0.7456,1
1,0.8,1
1,0.7817,1
1,0.8047,1
0,0.805,1
0,0.7993,1
0,0.779,1
0,0.719,1
1,0.8706,1
0,0.819,1
1,0.8047,1
1,0.7896,1
1,0.7734,1
1,0.7446,1
0,0.751,1
1,0.8066,1
1,0.8286,1
1,0.7744,1
1,0.849,1
1,0.7417,1
0,0.8145,1
1,0.763,1
1,0.7773,1
1,0.5273,1
1,0.727,1
0,0.4968,0
1,0.795,1
1,0.8325,1
1,0.6772,1
1,0.717,1
1,0.7275,1
1,0.801,1
1,0.791,1
1,0.7627,1
0,0.769,1
0,0.715,1
1,0.6895,1
1,0.797,1
1,0.824,1
1,0.717,1
0,0.667,1
1,0.832,1
1,0.778,1
1,0.7437,1
0,0.804,1
1,0.849,1
1,0.7886,1
1,0.804,1
0,0.807,1
1,0.8438,1
1,0.676,1
1,0.5366,1
0,0.9033,1
1,0.7974,1
1,0.8413,1
1,0.847,1
1,0.906,1
1,0.8604,1
1,0.778,1
1,0.8613,1
1,0.7466,1
1,0.6978,1
1,0.8193,1
1,0.868,1
1,0.797,1
1,0.8696,1
1,0.8613,1
1,0.8276,1
1,0.8745,1
0,0.801,1
1,0.733,1
1,0.879,1
1,0.858,1
1,0.8447,1
0,0.87,1
1,0.3306,0
1,0.6685,1
0,0.4824,0
0,0.06696,0
1,0.0305,0
1,0.1383,0
0,0.4438,0
1,0.4885,0
1,0.4248,0
1,0.17,0
1,0.3071,0
0,0.4866,0
1,0.263,0
1,0.1973,0
0,0.05966,0
1,0.398,0
1,0.8105,1
1,0.8706,1
1,0.8228,1
1,0.8267,1
0,0.7803,1
1,0.8276,1
0,0.842,1
0,0.8438,1
0,0.802,1
0,0.826,1
0,0.7485,1
1,0.7534,1
0,0.8237,1
1,0.7803,1
1,0.8486,1
1,0.7734,1
1,0.7905,1
1,0.7583,1
1,0.8438,1
1,0.84,1
1,0.844,1
1,0.858,1
0,0.781,1
0,0.8784,1
0,0.774,1
0,0.784,1
0,0.797,1
0,0.7925,1
0,0.81,1
1,0.797,1
0,0.7573,1
0,0.8438,1
1,0.7656,1
1,0.734,1
1,0.8213,1
1,0.7285,1
1,0.7515,1
0,0.6895,1
1,0.7646,1
0,0.8364,1
1,0.854,1
0,0.4155,0
0,0.6265,1
1,0.4487,0
1,0.917,1
1,0.8774,1
1,0.6846,1
0,0.3225,0
0,0.1604,0
0,0.07684,0
0,0.04553,0
0,0.1917,0
0,0.2095,0
0,0.195,0
0,0.2198,0
0,0.0831,0
1,0.133,0
0,0.137,0
0,0.1942,0
1,0.1703,0
0,0.1741,0
1,0.1964,0
0,0.2559,0
0,0.11163,0
0,0.1263,0
0,0.3477,0
1,0.636,1
1,0.8765,1
1,0.808,1
1,0.8096,1
1,0.8643,1
1,0.803,1
1,0.5723,1
1,0.821,1
1,0.3071,0
1,0.4712,0
1,0.4949,0
1,0.4956,0
1,0.5703,1
1,0.528,1
0,0.3325,0
1,0.3635,0
0,0.2101,0
0,0.1614,0
0,0.2496,0
0,0.3457,0
0,0.2158,0
1,0.308,0
0,0.4478,0
0,0.0733,0
1,0.7793,1
1,0.832,1
1,0.882,1
1,0.7915,1
1,0.763,1
0,0.63,1
1,0.504,1
1,0.5386,1
1,0.537,1
1,0.7744,1
1,0.696,1
0,0.7544,1
1,0.662,1
1,0.8706,1
0,0.8286,1
1,0.5684,1
1,0.803,1
1,0.7905,1
1,0.794,1
1,0.7637,1
1,0.792,1
1,0.852,1
0,0.865,1
1,0.856,1
1,0.857,1
1,0.8438,1
1,0.812,1
1,0.861,1
1,0.8286,1
1,0.84,1
1,0.858,1
0,0.866,1
1,0.869,1
1,0.41,0
1,0.6914,1
0,0.673,1
1,0.841,1
1,0.872,1
1,0.864,1
1,0.8774,1
0,0.865,1
0,0.8906,1
0,0.7437,1
0,0.819,1
1,0.687,1
0,0.8003,1
1,0.8843,1
1,0.3613,0
1,0.788,1
1,0.7764,1
1,0.8003,1
1,0.7676,1
1,0.8027,1
1,0.7837,1
1,0.691,1
1,0.763,1
1,0.792,1
0,0.492,0
1,0.5337,1
1,0.4246,0
1,0.4607,0
1,0.6733,1
1,0.616,1
1,0.724,1
1,0.792,1
1,0.8335,1
1,0.63,1
1,0.4856,0
1,0.356,0
1,0.574,1
1,0.5156,1
0,0.6904,1
0,0.7407,1
1,0.839,1
1,0.7153,1
0,0.7705,1
0,0.727,1
0,0.6885,1
0,0.7305,1
1,0.8555,1
1,0.824,1
1,0.8135,1
0,0.867,1
1,0.8755,1
1,0.907,1
1,0.881,1
1,0.854,1
1,0.813,1
1,0.6855,1
1,0.877,1
1,0.8584,1
1,0.826,1
1,0.7983,1
1,0.85,1
1,0.789,1
1,0.837,1
0,0.825,1
0,0.8057,1
1,0.8003,1
0,0.8193,1
1,0.786,1
1,0.8076,1
0,0.793,1
1,0.824,1
1,0.758,1
1,0.7144,1
1,0.7466,1
0,0.7856,1
0,0.8574,1
1,0.817,1
1,0.765,1
1,0.851,1
1,0.918,1
1,0.894,1
1,0.7935,1
0,0.8335,1
0,0.831,1
1,0.8525,1
1,0.8306,1
1,0.853,1
1,0.8564,1
1,0.821,1
0,0.8604,1
1,0.895,1
1,0.8745,1
1,0.889,1
1,0.863,1
0,0.895,1
1,0.908,1
1,0.694,1
1,0.8057,1
1,0.8374,1
1,0.872,1
1,0.853,1
0,0.892,1
0,0.879,1
0,0.8066,1
1,0.8496,1
1,0.8687,1
1,0.8823,1
1,0.9077,1
1,0.824,1
1,0.879,1
1,0.8423,1
1,0.809,1
1,0.7515,1
0,0.6787,1
1,0.885,1
1,0.877,1
1,0.8696,1
1,0.906,1
1,0.816,1
1,0.5444,1
1,0.831,1
0,0.701,1
1,0.511,1
1,0.8584,1
1,0.8467,1
1,0.884,1
1,0.772,1
0,0.7085,1
0,0.6797,1
0,0.744,1
1,0.72,1
1,0.721,1
0,0.621,1
0,0.553,1
1,0.708,1
1,0.613,1
1,0.7217,1
1,0.687,1
1,0.7134,1
0,0.7603,1
1,0.725,1
1,0.6763,1
1,0.61,1
0,0.603,1
0,0.4563,0
1,0.72,1
1,0.7197,1
1,0.785,1
1,0.7646,1
1,0.817,1
1,0.7046,1
1,0.744,1
1,0.8423,1
1,0.799,1
1,0.627,1
0,0.2065,0
1,0.301,0
0,0.4263,0
0,0.3044,0
1,0.1833,0
1,0.6787,1
0,0.5884,1
0,0.7354,1
0,0.801,1
1,0.6636,1
1,0.347,0
0,0.2483,0
0,0.528,1
1,0.6597,1
1,0.5107,1
1,0.1364,0
0,0.863,1
1,0.8857,1
1,0.821,1
1,0.758,1
1,0.77,1
1,0.8696,1
1,0.873,1
1,0.882,1
0,0.778,1
0,0.815,1
0,0.7666,1
1,0.7515,1
1,0.774,1
0,0.7803,1
1,0.7715,1
1,0.7334,1
0,0.727,1
1,0.7803,1
1,0.798,1
1,0.494,0
1,0.7974,1
0,0.6357,1
1,0.823,1
1,0.8125,1
0,0.3245,0
1,0.4285,0
1,0.4185,0
1,0.5444,1
1,0.5137,1
1,0.7163,1
1,0.7827,1
1,0.4463,0
0,0.4636,0
1,0.662,1
1,0.7104,1
0,0.4758,0
1,0.615,1
0,0.57,1
0,0.4434,0
1,0.3835,0
0,0.5796,1
0,0.586,1
0,0.352,0
0,0.5444,1
0,0.5547,1
0,0.512,1
0,0.2732,0
1,0.4097,0
1,0.5312,1
0,0.5337,1
1,0.54,1
0,0.607,1
0,0.3313,0
0,0.4329,0
0,0.4912,0
0,0.33,0
1,0.637,1
1,0.648,1
1,0.7065,1
1,0.6484,1
1,0.6777,1
1,0.5776,1
0,0.533,1
1,0.8438,1
0,0.7363,1
1,0.8,1
1,0.8213,1
1,0.8145,1
0,0.823,1
0,0.8447,1
1,0.8423,1
1,0.82,1
1,0.809,1
1,0.8154,1
1,0.8613,1
1,0.7905,1
0,0.1781,0
0,0.205,0
0,0.2603,0
1,0.2273,0
1,0.618,1
1,0.7104,1
1,0.733,1
1,0.682,1
1,0.6963,1
1,0.652,1
1,0.6973,1
1,0.75,1
1,0.7593,1
1,0.679,1
0,0.7314,1
0,0.77,1
0,0.776,1
0,0.7153,1
0,0.6753,1
1,0.8853,1
1,0.851,1
1,0.771,1
0,0.653,1
1,0.7925,1
1,0.2832,0
1,0.1184,0
1,0.486,0
1,0.1714,0
1,0.61,1
1,0.831,1
0,0.8823,1
1,0.779,1
1,0.883,1
1,0.899,1
1,0.8657,1
1,0.841,1
1,0.834,1
1,0.8623,1
1,0.8877,1
1,0.9053,1
1,0.924,1
1,0.915,1
1,0.8354,1
0,0.796,1
1,0.823,1
0,0.771,1
0,0.546,1
1,0.651,1
0,0.7666,1
1,0.423,0
0,0.4412,0
1,0.454,0
1,0.5356,1
0,0.4272,0
0,0.3984,0
1,0.5264,1
0,0.4038,0
0,0.4233,0
0,0.5264,1
0,0.549,1
1,0.4587,0
0,0.4631,0
0,0.4722,0
0,0.6235,1
1,0.4875,0
0,0.575,1
1,0.5093,1
0,0.5854,1
1,0.7207,1
0,0.5093,1
0,0.305,0
1,0.4458,0
1,0.625,1
1,0.7563,1
1,0.7573,1
1,0.7725,1
1,0.796,1
0,0.6924,1
0,0.7373,1
1,0.6206,1
1,0.78,1
1,0.6694,1
1,0.7163,1
1,0.7773,1
1,0.7705,1
1,0.6416,1
1,0.7793,1
1,0.505,1
0,0.7095,1
1,0.615,1
1,0.7207,1
1,0.657,1
0,0.7275,1
1,0.785,1
1,0.858,1
0,0.6997,1
1,0.3955,0
0,0.417,0
0,0.5347,1
1,0.519,1
0,0.4521,0
1,0.633,1
0,0.652,1
0,0.775,1
1,0.354,0
0,0.3953,0
0,0.456,0
1,0.7197,1
0,0.593,1
1,0.745,1
0,0.159,0
0,0.544,1
0,0.3796,0
0,0.4087,0
1,0.439,0
0,0.4746,0
0,0.4478,0
0,0.5254,1
0,0.6504,1
1,0.3013,0
1,0.714,1
1,0.7344,1
1,0.7,1
1,0.886,1
1,0.9116,1
1,0.9097,1
1,0.9033,1
1,0.8745,1
1,0.907,1
1,0.9316,1
1,0.876,1
1,0.9287,1
1,0.8936,1
0,0.927,1
1,0.9004,1
1,0.888,1
1,0.89,1
1,0.8066,1
1,0.909,1
1,0.813,1
1,0.8604,1
1,0.755,1
1,0.851,1
0,0.8213,1
1,0.8755,1
1,0.8335,1
1,0.8823,1
0,0.905,1
1,0.9043,1
1,0.3018,0
1,0.06915,0
1,0.3765,0
1,0.1741,0
1,0.0972,0
1,0.539,1
1,0.682,1
0,0.212,0
1,0.644,1
0,0.7124,1
1,0.712,1
1,0.695,1
1,0.7324,1
1,0.7207,1
1,0.679,1
0,0.686,1
1,0.581,1
0,0.662,1
1,0.6533,1
0,0.6675,1
1,0.8677,1
0,0.6494,1
1,0.782,1
1,0.701,1
1,0.557,1
0,0.2109,0
0,0.2888,0
1,0.845,1
1,0.854,1
1,0.7583,1
1,0.847,1
1,0.853,1
1,0.49,0
0,0.635,1
1,0.8223,1
1,0.8745,1
1,0.8086,1
1,0.7637,1
1,0.683,1
1,0.829,1
1,0.8926,1
1,0.552,1
0,0.454,0
0,0.455,0
0,0.2993,0
1,0.698,1
1,0.725,1
1,0.7974,1
1,0.7256,1
1,0.7007,1
1,0.6616,1
1,0.7227,1
1,0.3645,0
0,0.268,0
1,0.741,1
0,0.756,1
1,0.8438,1
0,0.85,1
1,0.816,1
1,0.8633,1
1,0.799,1
0,0.7993,1
1,0.7534,1
0,0.5625,1
1,0.659,1
1,0.584,1
0,0.447,0
0,0.601,1
1,0.3633,0
1,0.7583,1
1,0.756,1
0,0.813,1
1,0.823,1
1,0.84,1
1,0.755,1
0,0.683,1
0,0.7397,1
0,0.846,1
1,0.7583,1
0,0.757,1
1,0.8745,1
0,0.7837,1
1,0.778,1
1,0.788,1
1,0.696,1
1,0.804,1
0,0.8115,1
1,0.718,1
1,0.4338,0
0,0.419,0
1,0.5073,1
1,0.651,1
1,0.439,0
1,0.835,1
0,0.4922,0
0,0.5938,1
1,0.7637,1
1,0.641,1
1,0.597,1
1,0.637,1
1,0.7256,1
1,0.6416,1
1,0.713,1
1,0.631,1
1,0.734,1
1,0.6475,1
1,0.771,1
1,0.7607,1
1,0.7817,1
0,0.736,1
1,0.668,1
1,0.6787,1
0,0.6406,1
1,0.579,1
0,0.502,1
1,0.5063,1
1,0.5425,1
0,0.5615,1
1,0.603,1
1,0.705,1
1,0.4487,0
1,0.569,1
1,0.4849,0
1,0.4756,0
1,0.522,1
1,0.61,1
1,0.5986,1
1,0.5547,1
1,0.686,1
1,0.8057,1
1,0.646,1
1,0.59,1
1,0.531,1
1,0.474,0
1,0.6655,1
1,0.6875,1
1,0.468,0
1,0.649,1
1,0.6772,1
0,0.6006,1
0,0.522,1
1,0.804,1
1,0.8174,1
1,0.8354,1
1,0.864,1
0,0.8184,1
0,0.681,1
1,0.805,1
0,0.7207,1
1,0.808,1
1,0.8447,1
0,0.7427,1
1,0.7476,1
0,0.699,1
1,0.5,1
0,0.545,1
0,0.6274,1
0,0.6426,1
1,0.597,1
0,0.5615,1
1,0.584,1
1,0.2319,0
1,0.5386,1
0,0.255,0
0,0.0267,0
0,0.11554,0
0,0.0384,0
1,0.4353,0
0,0.3813,0
1,0.4,0
1,0.697,1
0,0.675,1
0,0.7085,1
1,0.8,1
0,0.692,1
1,0.63,1
0,0.539,1
1,0.615,1
1,0.5884,1
0,0.529,1
0,0.592,1
1,0.6074,1
0,0.4346,0
0,0.7695,1
0,0.6064,1
0,0.567,1
0,0.6426,1
1,0.488,0
0,0.4656,0
1,0.4714,0
0,0.5503,1
0,0.576,1
0,0.6304,1
0,0.4526,0
0,0.608,1
0,0.3477,0
0,0.562,1
1,0.3313,0
1,0.459,0
1,0.2527,0
0,0.571,1
1,0.7866,1
1,0.6597,1
0,0.507,1
0,0.531,1
0,0.54,1
0,0.6045,1
0,0.7134,1
1,0.6714,1
0,0.5776,1
0,0.5195,1
1,0.22,0
1,0.3625,0
1,0.528,1
0,0.431,0
1,0.4373,0
0,0.271,0
0,0.364,0
1,0.7627,1
1,0.831,1
0,0.4138,0
1,0.6396,1
1,0.637,1
1,0.918,1
1,0.305,0
1,0.538,1
1,0.254,0
1,0.3643,0
0,0.4177,0
1,0.6074,1
1,0.61,1
0,0.86,1
0,0.7915,1
1,0.831,1
1,0.659,1
1,0.5923,1
1,0.5225,1
1,0.834,1
0,0.4988,0
1,0.4924,0
1,0.729,1
1,0.6753,1
0,0.653,1
1,0.75,1
0,0.6333,1
0,0.4883,0
0,0.706,1
1,0.8887,1
1,0.5615,1
1,0.7427,1
0,0.7866,1
1,0.8745,1
0,0.2952,0
0,0.0662,0
0,0.4912,0
0,0.3594,0
0,0.581,1
1,0.554,1
1,0.3367,0
0,0.4739,0
1,0.269,0
1,0.4404,0
1,0.814,1
1,0.3774,0
1,0.04977,0
0,0.456,0
0,0.3198,0
0,0.07056,0
1,0.6978,1
1,0.809,1
0,0.748,1
1,0.799,1
1,0.734,1
1,0.812,1
1,0.859,1
1,0.849,1
0,0.8657,1
1,0.779,1
1,0.766,1
1,0.7827,1
1,0.866,1
0,0.6655,1
1,0.6914,1
1,0.8154,1
1,0.7935,1
1,0.7646,1
1,0.806,1
1,0.8076,1
0,0.458,0
1,0.273,0
1,0.4,0
1,0.739,1
1,0.564,1
1,0.9004,1
1,0.8438,1
1,0.829,1
1,0.8394,1
1,0.792,1
1,0.872,1
1,0.7734,1
1,0.841,1
1,0.886,1
0,0.8535,1
1,0.87,1
0,0.2852,0
0,0.108,0
1,0.448,0
1,0.3496,0
1,0.2566,0
0,0.4219,0
1,0.3115,0
0,0.2115,0
0,0.0318,0
1,0.851,1
1,0.821,1
0,0.67,1
1,0.895,1
0,0.893,1
1,0.86,1
1,0.8853,1
1,0.83,1
1,0.859,1
1,0.8403,1
1,0.826,1
1,0.7456,1
1,0.847,1
1,0.8247,1
1,0.796,1
0,0.8223,1
1,0.7393,1
1,0.8115,1
1,0.812,1
1,0.8022,1
1,0.8755,1
1,0.7783,1
1,0.755,1
0,0.815,1
1,0.7427,1
1,0.83,1
1,0.8228,1
1,0.792,1
0,0.812,1
1,0.821,1
1,0.8267,1
1,0.885,1
0,0.832,1
1,0.8613,1
1,0.8022,1
1,0.7744,1
1,0.883,1
1,0.8677,1
1,0.8516,1
1,0.864,1
1,0.815,1
1,0.8647,1
1,0.8755,1
1,0.843,1
1,0.8613,1
1,0.8667,1
1,0.813,1
1,0.8735,1
1,0.88,1
1,0.89,1
1,0.8306,1
1,0.6523,1
1,0.7314,1
1,0.8105,1
1,0.8853,1
1,0.852,1
1,0.888,1
1,0.876,1
1,0.7754,1
1,0.863,1
1,0.7197,1
1,0.7334,1
0,0.744,1
0,0.7446,1
0,0.8423,1
1,0.818,1
1,0.8525,1
1,0.762,1
1,0.8564,1
1,0.752,1
1,0.7485,1
1,0.6426,1
1,0.779,1
1,0.7007,1
1,0.749,1
0,0.8315,1
0,0.6694,1
0,0.727,1
1,0.7344,1
0,0.6963,1
1,0.753,1
1,0.625,1
1,0.7905,1
1,0.5444,1
1,0.3525,0
1,0.611,1
0,0.2179,0
0,0.608,1
1,0.7646,1
1,0.7764,1
1,0.4304,0
1,0.63,1
1,0.769,1
1,0.5586,1
0,0.828,1
1,0.792,1
1,0.837,1
1,0.7603,1
1,0.769,1
1,0.816,1
1,0.8877,1
1,0.8496,1
1,0.8794,1
0,0.858,1
0,0.8726,1
0,0.8237,1
0,0.8335,1
1,0.81,1
1,0.806,1
1,0.7705,1
1,0.812,1
1,0.8555,1
1,0.851,1
1,0.777,1
1,0.4597,0
1,0.253,0
0,0.638,1
0,0.644,1
0,0.692,1
1,0.4644,0
1,0.717,1
1,0.6475,1
1,0.4668,0
1,0.653,1
0,0.5347,1
1,0.786,1
1,0.838,1
1,0.8105,1
1,0.845,1
1,0.7915,1
1,0.7417,1
1,0.815,1
1,0.4746,0
0,0.7544,1
0,0.754,1
1,0.766,1
1,0.6465,1
0,0.6587,1
1,0.582,1
1,0.718,1
1,0.774,1
1,0.719,1
0,0.789,1
1,0.8096,1
1,0.8354,1
1,0.61,1
1,0.8037,1
1,0.678,1
1,0.704,1
1,0.764,1
1,0.705,1
0,0.6274,1
0,0.7407,1
1,0.7817,1
1,0.824,1
1,0.851,1
1,0.8906,1
1,0.8564,1
1,0.874,1
1,0.902,1
1,0.556,1
1,0.696,1
1,0.6826,1
1,0.7373,1
0,0.741,1
1,0.683,1
1,0.766,1
1,0.693,1
0,0.684,1
1,0.753,1
0,0.81,1
1,0.8,1
1,0.7705,1
0,0.8613,1
0,0.8193,1
1,0.8433,1
1,0.7837,1
1,0.78,1
1,0.742,1
1,0.8457,1
0,0.753,1
1,0.786,1
1,0.783,1
1,0.7373,1
1,0.7344,1
0,0.415,0
1,0.7246,1
1,0.8203,1
1,0.843,1
1,0.8735,1
1,0.826,1
1,0.626,1
1,0.774,1
0,0.811,1
1,0.792,1
1,0.7373,1
1,0.7495,1
0,0.1838,0
1,0.7397,1
1,0.6094,1
1,0.6357,1
0,0.609,1
1,0.7812,1
0,0.63,1
1,0.851,1
1,0.875,1
0,0.775,1
1,0.8203,1
1,0.8345,1
1,0.8525,1
1,0.8735,1
1,0.7456,1
0,0.8325,1
0,0.8496,1
1,0.8535,1
1,0.824,1
1,0.787,1
0,0.8257,1
0,0.1703,0
0,0.136,0
0,0.05032,0
1,0.2776,0
0,0.1213,0
1,0.498,0
0,0.2026,0
1,0.687,1
1,0.7104,1
1,0.7954,1
1,0.787,1
1,0.7646,1
1,0.787,1
1,0.7046,1
1,0.6533,1
1,0.7695,1
0,0.7646,1
0,0.859,1
1,0.8423,1
1,0.8535,1
0,0.8335,1
1,0.788,1
1,0.8486,1
0,0.772,1
1,0.5884,1
1,0.7275,1
1,0.8477,1
0,0.3098,0
1,0.4194,0
0,0.743,1
1,0.7554,1
1,0.698,1
1,0.5547,1
1,0.793,1
1,0.447,0
1,0.8926,1
1,0.8545,1
1,0.8716,1
1,0.871,1
1,0.4426,0
1,0.5923,1
1,0.4697,0
1,0.569,1
0,0.3179,0
1,0.5586,1
1,0.4155,0
1,0.543,1
0,0.4333,0
0,0.326,0
0,0.5156,1
1,0.699,1
1,0.671,1
1,0.7065,1
1,0.7876,1
1,0.824,1
1,0.4722,0
0,0.732,1
1,0.6943,1
0,0.8145,1
1,0.65,1
1,0.761,1
1,0.736,1
1,0.7373,1
1,0.752,1
1,0.798,1
0,0.6846,1
0,0.5693,1
0,0.5903,1
0,0.701,1
0,0.715,1
0,0.674,1
0,0.7935,1
1,0.6934,1
1,0.7993,1
1,0.7744,1
1,0.6084,1
0,0.6265,1
1,0.84,1
1,0.716,1
1,0.662,1
1,0.744,1
1,0.6855,1
1,0.796,1
0,0.728,1
1,0.683,1
0,0.7744,1
1,0.7725,1
1,0.6235,1
0,0.661,1
0,0.7007,1
0,0.736,1
0,0.7046,1
1,0.7974,1
1,0.772,1
1,0.8335,1
0,0.606,1
1,0.69,1
1,0.8164,1
1,0.6294,1
1,0.694,1
1,0.706,1
1,0.629,1
1,0.7764,1
1,0.687,1
1,0.665,1
1,0.569,1
0,0.6904,1
0,0.7344,1
0,0.5435,1
1,0.608,1
0,0.778,1
1,0.7163,1
0,0.7407,1
0,0.7373,1
1,0.757,1
1,0.7036,1
1,0.71,1
1,0.5527,1
1,0.753,1
1,0.7227,1
1,0.7095,1
1,0.731,1
1,0.6772,1
1,0.747,1
1,0.5205,1
0,0.8867,1
1,0.8135,1
0,0.516,1
1,0.912,1
1,0.8726,1
1,0.935,1
1,0.856,1
1,0.932,1
1,0.9185,1
1,0.9277,1
1,0.934,1
1,0.938,1
1,0.9194,1
1,0.899,1
1,0.9165,1
1,0.8765,1
0,0.89,1
0,0.9194,1
1,0.9043,1
1,0.773,1
0,0.774,1
1,0.7686,1
0,0.8667,1
0,0.8535,1
1,0.8687,1
0,0.857,1
1,0.812,1
1,0.911,1
1,0.8755,1
1,0.8716,1
0,0.9185,1
1,0.536,1
1,0.736,1
1,0.6484,1
1,0.894,1
1,0.8896,1
1,0.8135,1
0,0.881,1
0,0.8745,1
0,0.8555,1
0,0.8667,1
0,0.885,1
1,0.8643,1
1,0.8394,1
1,0.8525,1
1,0.855,1
0,0.8486,1
0,0.8623,1
0,0.801,1
0,0.8247,1
0,0.748,1
0,0.8154,1
1,0.737,1
1,0.8403,1
0,0.861,1
1,0.859,1
1,0.865,1
1,0.8125,1
1,0.848,1
1,0.8774,1
0,0.885,1
1,0.8784,1
1,0.83,1
1,0.821,1
0,0.8237,1
1,0.654,1
1,0.824,1
1,0.8184,1
1,0.8716,1
1,0.884,1
1,0.839,1
1,0.8716,1
1,0.851,1
0,0.7964,1
1,0.873,1
1,0.852,1
1,0.8623,1
1,0.874,1
1,0.884,1
1,0.8667,1
1,0.8647,1
1,0.6426,1
1,0.4683,0
1,0.938,1
1,0.8804,1
1,0.8667,1
1,0.849,1
1,0.91,1
1,0.806,1
1,0.4536,0
0,0.6406,1
1,0.7026,1
1,0.917,1
1,0.842,1
1,0.5117,1
1,0.7573,1
0,0.8306,1
0,0.5723,1
1,0.78,1
0,0.6694,1
0,0.8203,1
1,0.53,1
0,0.7856,1
0,0.6997,1
0,0.7456,1
1,0.729,1
1,0.7725,1
1,0.905,1
1,0.8877,1
1,0.7935,1
1,0.89,1
1,0.7544,1
1,0.8086,1
1,0.795,1
0,0.785,1
1,0.883,1
1,0.8843,1
1,0.906,1
0,0.899,1
1,0.8867,1
1,0.876,1
1,0.8364,1
1,0.8364,1
1,0.83,1
1,0.8125,1
1,0.8447,1
1,0.6323,1
1,0.766,1
1,0.783,1
1,0.8027,1
1,0.8267,1
1,0.8384,1
1,0.8145,1
1,0.822,1
1,0.812,1
0,0.7554,1
0,0.7534,1
1,0.8086,1
1,0.784,1
1,0.7046,1
1,0.7876,1
1,0.799,1
1,0.816,1
0,0.7407,1
0,0.77,1
1,0.74,1
0,0.7075,1
1,0.804,1
1,0.818,1
1,0.8394,1
1,0.756,1
1,0.7905,1
1,0.815,1
1,0.8438,1
1,0.83,1
1,0.816,1
1,0.839,1
1,0.8203,1
1,0.82,1
1,0.7783,1
1,0.725,1
1,0.7944,1
1,0.854,1
0,0.5845,1
1,0.2527,0
0,0.4683,0
1,0.1426,0
0,0.1192,0
0,0.257,0
0,0.1743,0
1,0.1564,0
0,0.2444,0
0,0.3984,0
1,0.649,1
1,0.8423,1
1,0.774,1
0,0.8296,1
0,0.616,1
0,0.599,1
0,0.73,1
1,0.7695,1
1,0.7056,1
1,0.8013,1
1,0.707,1
1,0.839,1
1,0.7725,1
1,0.56,1
1,0.7764,1
0,0.335,0
1,0.4006,0
1,0.6455,1
1,0.4849,0
1,0.2238,0
1,0.4863,0
0,0.1328,0
1,0.2394,0
1,0.3335,0
1,0.3228,0
1,0.2157,0
0,0.141,0
1,0.2429,0
1,0.39,0
1,0.3499,0
1,0.6987,1
1,0.7354,1
1,0.3252,0
1,0.2318,0
1,0.1952,0
1,0.294,0
1,0.5527,1
0,0.1273,0
1,0.1982,0
0,0.1272,0
1,0.2664,0
0,0.2069,0
0,0.2417,0
1,0.268,0
1,0.1235,0
1,0.268,0
1,0.5845,1
0,0.1265,0
1,0.2815,0
0,0.264,0
1,0.2756,0
0,0.3179,0
1,0.517,1
1,0.276,0
0,0.4465,0
1,0.6396,1
1,0.448,0
0,0.311,0
0,0.298,0
1,0.583,1
1,0.621,1
0,0.6943,1
0,0.6924,1
0,0.769,1
1,0.7266,1
1,0.672,1
1,0.716,1
1,0.718,1
1,0.656,1
1,0.7534,1
1,0.7935,1
1,0.509,1
1,0.6533,1
1,0.656,1
0,0.705,1
1,0.8003,1
0,0.7417,1
0,0.73,1
0,0.7715,1
0,0.693,1
1,0.8228,1
1,0.6836,1
0,0.7046,1
1,0.6353,1
1,0.687,1
1,0.651,1
1,0.541,1
1,0.6816,1
1,0.6035,1
1,0.547,1
1,0.493,0
1,0.63,1
0,0.3704,0
0,0.3525,0
0,0.318,0
1,0.4705,0
1,0.575,1
1,0.6626,1
1,0.809,1
1,0.6987,1
1,0.827,1
1,0.7505,1
1,0.7446,1
1,0.852,1
1,0.8506,1
0,0.7095,1
1,0.794,1
1,0.8374,1
0,0.762,1
1,0.7383,1
0,0.8086,1
1,0.7905,1
0,0.794,1
1,0.784,1
1,0.7495,1
0,0.72,1
1,0.742,1
0,0.6865,1
0,0.73,1
0,0.8164,1
1,0.8003,1
1,0.7373,1
1,0.8037,1
0,0.7314,1
1,0.755,1
0,0.7837,1
0,0.75,1
0,0.7583,1
1,0.722,1
1,0.763,1
0,0.658,1
0,0.773,1
1,0.7056,1
1,0.6646,1
1,0.719,1
0,0.742,1
0,0.711,1
0,0.7173,1
0,0.7495,1
1,0.6445,1
0,0.643,1
1,0.6655,1
1,0.6934,1
1,0.554,1
1,0.672,1
1,0.7,1
1,0.685,1
1,0.7,1
1,0.7334,1
0,0.717,1
1,0.7925,1
1,0.8677,1
1,0.8613,1
1,0.8745,1
1,0.8306,1
1,0.8604,1
0,0.832,1
1,0.867,1
0,0.815,1
1,0.781,1
1,0.89,1
1,0.8574,1
0,0.7944,1
1,0.851,1
1,0.8633,1
1,0.825,1
1,0.883,1
0,0.857,1
1,0.8877,1
1,0.9194,1
1,0.882,1
1,0.854,1
1,0.7856,1
0,0.7915,1
0,0.8506,1
1,0.858,1
0,0.9214,1
0,0.7314,1
1,0.7144,1
0,0.48,0
0,0.8154,1
1,0.7637,1
1,0.772,1
0,0.779,1
0,0.7905,1
0,0.7993,1
1,0.764,1
0,0.7637,1
0,0.786,1
0,0.6724,1
0,0.7173,1
0,0.744,1
0,0.734,1
1,0.6284,1
0,0.721,1
1,0.5117,1
1,0.734,1
0,0.7188,1
1,0.215,0
1,0.5376,1
0,0.4631,0
1,0.7646,1
1,0.7246,1
1,0.3726,0
1,0.5176,1
1,0.4685,0
0,0.7114,1
0,0.1962,0
1,0.29,0
1,0.2783,0
1,0.0572,0
0,0.2761,0
1,0.2847,0
0,0.3381,0
0,0.595,1
0,0.528,1
1,0.4524,0
0,0.5586,1
1,0.5684,1
1,0.7734,1
1,0.6597,1
1,0.715,1
1,0.6387,1
1,0.702,1
0,0.6353,1
1,0.5083,1
0,0.7266,1
1,0.724,1
0,0.682,1
0,0.7085,1
1,0.7715,1
1,0.4297,0
0,0.3235,0
0,0.7256,1
1,0.8154,1
1,0.8164,1
0,0.3625,0
0,0.83,1
0,0.858,1
1,0.899,1
1,0.898,1
1,0.907,1
1,0.8657,1
1,0.737,1
1,0.8525,1
1,0.791,1
1,0.8545,1
1,0.8394,1
1,0.86,1
0,0.83,1
1,0.8564,1
1,0.877,1
1,0.835,1
0,0.3218,0
0,0.3103,0
0,0.12054,0
1,0.453,0
0,0.1826,0
0,0.5913,1
0,0.527,1
1,0.87,1
1,0.8047,1
1,0.6157,1
1,0.244,0
1,0.2487,0
1,0.389,0
1,0.2048,0
1,0.06042,0
0,0.3792,0
0,0.3306,0
1,0.5024,1
1,0.4226,0
0,0.319,0
1,0.828,1
1,0.769,1
1,0.8306,1
0,0.797,1
0,0.832,1
0,0.847,1
1,0.804,1
1,0.754,1
1,0.854,1
1,0.6855,1
1,0.859,1
0,0.6157,1
0,0.702,1
0,0.6357,1
0,0.5083,1
1,0.6973,1
1,0.6196,1
1,0.5254,1
1,0.5317,1
1,0.823,1
1,0.779,1
1,0.838,1
1,0.786,1
0,0.7207,1
0,0.6646,1
1,0.556,1
1,0.766,1
1,0.805,1
1,0.81,1
1,0.8145,1
1,0.855,1
1,0.832,1
1,0.21,0
1,0.239,0
0,0.281,0
1,0.2659,0
0,0.3352,0
0,0.3,0
1,0.837,1
1,0.799,1
1,0.82,1
1,0.832,1
1,0.7983,1
1,0.7954,1
1,0.7993,1
1,0.803,1
1,0.6587,1
1,0.705,1
1,0.7314,1
1,0.746,1
1,0.8335,1
1,0.7583,1
0,0.781,1
0,0.7827,1
0,0.79,1
0,0.7866,1
1,0.77,1
0,0.838,1
0,0.701,1
1,0.805,1
1,0.7314,1
0,0.656,1
0,0.4587,0
0,0.5894,1
0,0.6455,1
1,0.724,1
1,0.7715,1
1,0.7476,1
1,0.6665,1
1,0.872,1
1,0.8335,1
1,0.6465,1
1,0.5933,1
0,0.71,1
1,0.8086,1
1,0.717,1
1,0.8657,1
1,0.7925,1
1,0.7188,1
1,0.881,1
1,0.8916,1
1,0.7974,1
1,0.9087,1
1,0.826,1
1,0.7944,1
1,0.8345,1
1,0.632,1
1,0.6533,1
1,0.7983,1
0,0.687,1
1,0.7163,1
1,0.7886,1
1,0.8257,1
1,0.799,1
1,0.7666,1
1,0.6973,1
1,0.791,1
1,0.8545,1
1,0.8247,1
1,0.1134,0
1,0.1138,0
0,0.7305,1
0,0.8345,1
1,0.8184,1
1,0.8457,1
1,0.8115,1
1,0.766,1
1,0.653,1
1,0.4666,0
0,0.1339,0
0,0.1442,0
1,0.539,1
1,0.6763,1
0,0.4548,0
1,0.832,1
0,0.779,1
0,0.8325,1
0,0.8765,1
1,0.764,1
1,0.8896,1
0,0.819,1
0,0.78,1
1,0.8467,1
0,0.766,1
0,0.7476,1
1,0.796,1
1,0.817,1
1,0.713,1
1,0.7666,1
0,0.83,1
1,0.74,1
1,0.803,1
1,0.6797,1
1,0.782,1
0,0.334,0
1,0.557,1
1,0.7417,1
1,0.7876,1
1,0.7417,1
0,0.7,1
1,0.672,1
1,0.8955,1
1,0.789,1
1,0.526,1
1,0.5186,1
1,0.582,1
1,0.576,1
1,0.8604,1
1,0.81,1
1,0.771,1
1,0.4248,0
0,0.2269,0
0,0.115,0
1,0.701,1
1,0.8057,1
1,0.5835,1
0,0.5396,1
1,0.75,1
1,0.6978,1
1,0.733,1
1,0.782,1
1,0.7637,1
1,0.855,1
1,0.778,1
1,0.702,1
1,0.783,1
1,0.7363,1
1,0.7505,1
1,0.7993,1
0,0.7124,1
0,0.714,1
0,0.7227,1
0,0.7144,1
0,0.7007,1
1,0.148,0
1,0.642,1
1,0.7314,1
1,0.79,1
0,0.809,1
1,0.819,1
0,0.805,1
0,0.812,1
1,0.779,1
1,0.8135,1
1,0.8574,1
1,0.816,1
0,0.821,1
1,0.788,1
1,0.8438,1
1,0.817,1
1,0.721,1
1,0.6685,1
0,0.689,1
1,0.811,1
1,0.689,1
0,0.4531,0
1,0.667,1
1,0.6074,1
0,0.4797,0
1,0.5957,1
0,0.3713,0
1,0.535,1
1,0.4434,0
0,0.159,0
1,0.4998,0
1,0.342,0
1,0.4507,0
1,0.596,1
1,0.5913,1
1,0.643,1
1,0.669,1
1,0.7896,1
1,0.7983,1
1,0.7495,1
1,0.833,1
1,0.706,1
1,0.726,1
0,0.8325,1
1,0.847,1
1,0.7334,1
1,0.726,1
0,0.841,1
1,0.7656,1
1,0.6196,1
0,0.7812,1
0,0.4946,0
0,0.831,1
1,0.6616,1
1,0.588,1
1,0.752,1
1,0.11475,0
0,0.6543,1
1,0.514,1
1,0.6543,1
1,0.3499,0
1,0.629,1
1,0.7207,1
1,0.5835,1
1,0.325,0
0,0.2913,0
0,0.731,1
1,0.7046,1
1,0.6973,1
1,0.6094,1
1,0.6157,1
0,0.5615,1
1,0.598,1
1,0.626,1
1,0.264,0
1,0.628,1
1,0.641,1
1,0.675,1
1,0.6836,1
1,0.6475,1
1,0.517,1
1,0.3813,0
1,0.568,1
1,0.5854,1
0,0.2374,0
1,0.5273,1
1,0.4792,0
0,0.2996,0
0,0.4011,0
0,0.2583,0
1,0.4133,0
0,0.5283,1
1,0.417,0
0,0.4443,0
1,0.4995,0
1,0.3586,0
1,0.576,1
1,0.385,0
0,0.412,0
0,0.5474,1
0,0.321,0
1,0.5146,1
0,0.4023,0
0,0.5205,1
0,0.4138,0
0,0.4905,0
0,0.1464,0
1,0.1512,0
0,0.393,0
1,0.725,1
0,0.5117,1
0,0.4634,0
1,0.2896,0
0,0.2537,0
1,0.703,1
1,0.726,1
1,0.265,0
0,0.2394,0
1,0.2566,0
1,0.3376,0
1,0.3198,0
1,0.7715,1
1,0.3154,0
1,0.4607,0
1,0.5317,1
1,0.7026,1
0,0.79,1
1,0.78,1
1,0.6245,1
1,0.75,1
1,0.627,1
1,0.7026,1
0,0.63,1
1,0.715,1
1,0.6304,1
0,0.6445,1
0,0.3574,0
0,0.3406,0
0,0.2878,0
0,0.4238,0
0,0.2622,0
1,0.2727,0
1,0.06805,0
0,0.0774,0
1,0.3315,0
1,0.2471,0
1,0.3584,0
0,0.235,0
0,0.1019,0
0,0.1624,0
0,0.3003,0
1,0.848,1
1,0.851,1
1,0.865,1
1,0.8794,1
1,0.8667,1
0,0.8613,1
0,0.1608,0
0,0.322,0
0,0.6104,1
1,0.793,1
1,0.81,1
0,0.7227,1
1,0.8315,1
1,0.7456,1
0,0.822,1
1,0.771,1
1,0.7534,1
0,0.8325,1
0,0.773,1
0,0.772,1
0,0.726,1
1,0.836,1
0,0.803,1
1,0.8013,1
1,0.891,1
1,0.8604,1
1,0.756,1
1,0.811,1
1,0.763,1
1,0.862,1
1,0.8335,1
0,0.846,1
0,0.8135,1
1,0.739,1
0,0.747,1
1,0.8184,1
1,0.8022,1
1,0.8584,1
1,0.841,1
1,0.7856,1
1,0.766,1
1,0.78,1
1,0.6846,1
1,0.7583,1
1,0.797,1
1,0.7666,1
1,0.8467,1
1,0.7983,1
1,0.742,1
1,0.655,1
0,0.7334,1
1,0.807,1
1,0.7485,1
1,0.712,1
1,0.6846,1
0,0.799,1
1,0.7456,1
1,0.7676,1
1,0.833,1
1,0.8003,1
1,0.791,1
1,0.687,1
1,0.811,1
1,0.728,1
1,0.8296,1
1,0.5938,1
1,0.672,1
1,0.766,1
1,0.8486,1
1,0.7676,1
1,0.761,1
1,0.795,1
1,0.839,1
1,0.824,1
1,0.8325,1
0,0.847,1
1,0.837,1
1,0.9087,1
1,0.7646,1
1,0.808,1
1,0.887,1
0,0.8237,1
0,0.8726,1
0,0.8716,1
0,0.83,1
0,0.849,1
1,0.841,1
1,0.864,1
1,0.893,1
1,0.9253,1
1,0.872,1
1,0.8037,1
1,0.838,1
1,0.3374,0
0,0.05737,0
0,0.0538,0
0,0.2318,0
0,0.6323,1
1,0.6953,1
0,0.6113,1
1,0.7217,1
1,0.3252,0
1,0.734,1
1,0.803,1
1,0.622,1
0,0.8555,1
1,0.779,1
1,0.7603,1
1,0.754,1
0,0.8984,1
1,0.806,1
1,0.7354,1
1,0.833,1
1,0.7593,1
0,0.9233,1
1,0.8955,1
1,0.8623,1
1,0.892,1
1,0.904,1
1,0.8843,1
1,0.8877,1
1,0.8945,1
1,0.9077,1
0,0.913,1
1,0.8984,1
1,0.8994,1
1,0.8105,1
1,0.869,1
0,0.9067,1
0,0.888,1
1,0.8994,1
1,0.8574,1
1,0.883,1
1,0.2173,0
1,0.4053,0
0,0.2181,0
1,0.85,1
1,0.82,1
1,0.7593,1
0,0.822,1
1,0.916,1
0,0.9365,1
1,0.886,1
1,0.811,1
1,0.843,1
1,0.272,0
1,0.4634,0
0,0.05612,0
0,0.3083,0
0,0.5815,1
1,0.849,1
1,0.722,1
0,0.8315,1
1,0.7803,1
0,0.866,1
1,0.914,1
1,0.889,1
0,0.862,1
1,0.8813,1
0,0.839,1
1,0.7617,1
1,0.84,1
1,0.831,1
1,0.861,1
1,0.863,1
0,0.8604,1
1,0.848,1
1,0.833,1
1,0.8394,1
1,0.909,1
1,0.8545,1
1,0.766,1
1,0.7,1
0,0.6636,1
1,0.6357,1
1,0.792,1
1,0.8477,1
1,0.7085,1
1,0.6875,1
1,0.5977,1
1,0.613,1
0,0.5728,1
1,0.569,1
1,0.5156,1
1,0.661,1
1,0.718,1
0,0.4263,0
1,0.2347,0
1,0.7017,1
1,0.4673,0
0,0.52,1
0,0.2788,0
1,0.3474,0
1,0.4866,0
1,0.7734,1
0,0.6694,1
0,0.644,1
0,0.3613,0
1,0.556,1
1,0.737,1
1,0.846,1
1,0.8286,1
0,0.6553,1
1,0.7373,1
0,0.6157,1
1,0.5576,1
1,0.614,1
1,0.756,1
1,0.647,1
0,0.508,1
1,0.677,1
1,0.412,0
1,0.5273,1
1,0.7334,1
0,0.6216,1
0,0.7573,1
1,0.7646,1
1,0.6743,1
1,0.799,1
0,0.8267,1
1,0.739,1
1,0.798,1
1,0.7817,1
0,0.738,1
1,0.7817,1
1,0.5703,1
0,0.7495,1
1,0.5776,1
1,0.6646,1
1,0.647,1
1,0.677,1
0,0.5864,1
1,0.8164,1
0,0.5703,1
1,0.6934,1
1,0.8335,1
1,0.627,1
0,0.68,1
1,0.838,1
1,0.8096,1
1,0.718,1
1,0.7783,1
1,0.3982,0
1,0.9106,1
1,0.2976,0
0,0.5405,1
0,0.2217,0
1,0.3203,0
1,0.3425,0
0,0.6987,1
1,0.783,1
1,0.833,1
1,0.8193,1
1,0.8154,1
1,0.7866,1
1,0.8765,1
1,0.772,1
1,0.903,1
1,0.74,1
0,0.8623,1
1,0.883,1
0,0.569,1
1,0.698,1
0,0.859,1
1,0.904,1
1,0.898,1
1,0.882,1
1,0.5186,1
0,0.381,0
0,0.743,1
0,0.6187,1
1,0.6143,1
1,0.3394,0
1,0.3044,0
1,0.7705,1
1,0.754,1
1,0.61,1
1,0.7905,1
1,0.8657,1
1,0.8154,1
0,0.866,1
1,0.8,1
1,0.7974,1
1,0.782,1
1,0.812,1
1,0.71,1
1,0.7373,1
1,0.7393,1
1,0.753,1
1,0.849,1
1,0.7153,1
1,0.7236,1
1,0.7275,1
1,0.7974,1
0,0.7437,1
1,0.757,1
0,0.8335,1
1,0.8755,1
1,0.8584,1
1,0.7876,1
1,0.8413,1
1,0.8135,1
1,0.8315,1
1,0.8296,1
1,0.8794,1
1,0.8203,1
1,0.773,1
1,0.8135,1
1,0.855,1
1,0.8213,1
1,0.8315,1
1,0.8184,1
1,0.8296,1
0,0.816,1
1,0.8843,1
1,0.849,1
1,0.8394,1
1,0.814,1
1,0.8228,1
1,0.8174,1
0,0.786,1
0,0.8213,1
0,0.8066,1
0,0.8164,1
1,0.805,1
1,0.8086,1
1,0.742,1
0,0.829,1
0,0.784,1
1,0.7705,1
0,0.813,1
1,0.8403,1
1,0.873,1
1,0.8535,1
1,0.8354,1
1,0.8525,1
1,0.882,1
1,0.8843,1
1,0.8154,1
1,0.851,1
1,0.8174,1
1,0.8457,1
0,0.871,1
0,0.8438,1
0,0.813,1
1,0.7715,1
1,0.7656,1
1,0.8125,1
1,0.7935,1
1,0.6895,1
1,0.7476,1
1,0.7515,1
1,0.794,1
1,0.8066,1
1,0.899,1
1,0.8374,1
1,0.865,1
1,0.7637,1
1,0.884,1
1,0.8413,1
1,0.874,1
0,0.905,1
1,0.8843,1
0,0.859,1
1,0.851,1
1,0.5376,1
1,0.6714,1
0,0.532,1
0,0.698,1
0,0.6094,1
1,0.697,1
1,0.671,1
0,0.646,1
0,0.766,1
1,0.8247,1
1,0.8447,1
1,0.8403,1
0,0.3523,0
0,0.6685,1
0,0.665,1
1,0.747,1
1,0.5513,1
1,0.636,1
1,0.7017,1
1,0.7,1
1,0.709,1
1,0.731,1
1,0.7324,1
1,0.6616,1
1,0.516,1
1,0.7583,1
1,0.5854,1
1,0.7856,1
1,0.7026,1
1,0.8555,1
1,0.7583,1
1,0.7666,1
1,0.7734,1
1,0.775,1
1,0.7676,1
1,0.7554,1
1,0.7583,1
1,0.751,1
1,0.758,1
0,0.687,1
1,0.756,1
1,0.766,1
0,0.699,1
0,0.7334,1
0,0.7295,1
1,0.7344,1
0,0.785,1
1,0.766,1
0,0.6636,1
0,0.6865,1
1,0.469,0
0,0.602,1
1,0.6226,1
1,0.5444,1
0,0.5605,1
0,0.598,1
1,0.7993,1
1,0.6084,1
1,0.858,1
1,0.1863,0
1,0.869,1
0,0.7476,1
1,0.805,1
1,0.8076,1
0,0.75,1
1,0.7,1
1,0.7983,1
1,0.796,1
1,0.7383,1
1,0.539,1
1,0.812,1
1,0.666,1
1,0.719,1
1,0.8022,1
1,0.761,1
0,0.6797,1
1,0.7427,1
0,0.4036,0
1,0.3398,0
0,0.706,1
1,0.8696,1
1,0.8755,1
1,0.897,1
0,0.826,1
1,0.8354,1
0,0.81,1
1,0.871,1
1,0.8647,1
1,0.862,1
1,0.8784,1
1,0.809,1
1,0.8433,1
0,0.7544,1
1,0.886,1
1,0.898,1
1,0.8887,1
1,0.8975,1
1,0.8687,1
1,0.836,1
1,0.8467,1
1,0.7676,1
1,0.8,1
1,0.757,1
1,0.7666,1
1,0.7847,1
1,0.7383,1
0,0.7236,1
1,0.7925,1
1,0.6714,1
0,0.783,1
1,0.5645,1
1,0.682,1
1,0.761,1
1,0.8,1
0,0.864,1
0,0.8135,1
1,0.885,1
1,0.899,1
1,0.865,1
1,0.853,1
1,0.8706,1
1,0.8496,1
1,0.803,1
1,0.866,1
1,0.8037,1
1,0.772,1
1,0.8555,1
1,0.8022,1
1,0.8364,1
1,0.774,1
1,0.814,1
1,0.8022,1
1,0.8394,1
1,0.8555,1
1,0.8354,1
1,0.818,1
0,0.845,1
0,0.7446,1
1,0.763,1
0,0.801,1
1,0.6187,1
1,0.795,1
1,0.846,1
1,0.854,1
1,0.8174,1
1,0.815,1
0,0.418,0
0,0.729,1
1,0.7803,1
1,0.5107,1
1,0.454,0
1,0.53,1
1,0.771,1
1,0.7734,1
1,0.4536,0
0,0.6245,1
0,0.6226,1
0,0.546,1
0,0.7314,1
1,0.4844,0
1,0.396,0
0,0.3777,0
1,0.629,1
1,0.5693,1
1,0.757,1
0,0.7197,1
1,0.7056,1
1,0.634,1
1,0.693,1
1,0.8105,1
1,0.751,1
1,0.8477,1
1,0.8384,1
0,0.5103,1
0,0.1671,0
0,0.05023,0
0,0.0589,0
0,0.01724,0
0,0.01869,0
0,0.01057,0
0,0.03574,0
0,0.01805,0
0,0.02069,0
0,0.09875,0
0,0.0461,0
1,0.08386,0
0,0.2401,0
0,0.2391,0
0,0.2212,0
1,0.7,1
0,0.476,0
0,0.177,0
1,0.8936,1
1,0.7925,1
1,0.802,1
1,0.719,1
1,0.8486,1
1,0.8174,1
1,0.7505,1
1,0.9053,1
0,0.912,1
1,0.908,1
1,0.9062,1
1,0.8813,1
1,0.8804,1
1,0.812,1
1,0.8354,1
1,0.8994,1
1,0.831,1
1,0.8228,1
1,0.8843,1
1,0.844,1
1,0.848,1
1,0.9014,1
0,0.885,1
1,0.59,1
1,0.769,1
1,0.8115,1
0,0.763,1
1,0.8276,1
0,0.78,1
1,0.7593,1
1,0.806,1
1,0.8213,1
0,0.1931,0
1,0.2487,0
1,0.8916,1
1,0.9453,1
1,0.8716,1
1,0.922,1
0,0.889,1
1,0.879,1
0,0.904,1
1,0.8867,1
1,0.9053,1
1,0.887,1
1,0.907,1
1,0.861,1
1,0.868,1
1,0.4565,0
0,0.4204,0
1,0.5913,1
0,0.545,1
0,0.3772,0
0,0.573,1
0,0.7256,1
0,0.07544,0
0,0.1937,0
0,0.0526,0
0,0.04535,0
0,0.03217,0
1,0.0432,0
0,0.613,1
0,0.07764,0
1,0.36,0
1,0.4612,0
1,0.5464,1
1,0.293,0
1,0.8745,1
1,0.9053,1
0,0.0798,0
1,0.0527,0
0,0.1438,0
1,0.2773,0
0,0.757,1
1,0.8384,1
1,0.78,1
1,0.837,1
1,0.86,1
1,0.8154,1
1,0.8037,1
1,0.858,1
1,0.857,1
0,0.7915,1
0,0.842,1
1,0.735,1
1,0.7363,1
1,0.7354,1
1,0.733,1
1,0.783,1
1,0.864,1
1,0.848,1
1,0.8696,1
1,0.823,1
1,0.3887,0
0,0.665,1
0,0.354,0
1,0.52,1
0,0.543,1
0,0.05856,0
1,0.3276,0
0,0.3877,0
0,0.2034,0
1,0.187,0
1,0.2074,0
1,0.12317,0
1,0.0603,0
1,0.4197,0
0,0.0159,0
0,0.07556,0
0,0.0485,0
0,0.1603,0
0,0.2068,0
1,0.2433,0
1,0.402,0
1,0.829,1
1,0.884,1
0,0.82,1
0,0.913,1
1,0.803,1
1,0.8374,1
1,0.2205,0
0,0.3604,0
1,0.669,1
1,0.545,1
0,0.625,1
0,0.5137,1
1,0.3218,0
0,0.4944,0
0,0.365,0
0,0.6255,1
1,0.663,1
1,0.6064,1
1,0.542,1
0,0.63,1
0,0.7363,1
0,0.705,1
0,0.363,0
0,0.2532,0
0,0.2632,0
0,0.6685,1
0,0.324,0
0,0.3777,0
0,0.3042,0
1,0.3396,0
1,0.3765,0
1,0.7363,1
1,0.7104,1
0,0.767,1
1,0.742,1
0,0.7617,1
1,0.732,1
1,0.711,1
1,0.755,1
1,0.7397,1
1,0.744,1
1,0.7607,1
1,0.674,1
1,0.775,1
1,0.737,1
0,0.758,1
1,0.678,1
1,0.5815,1
1,0.659,1
1,0.6675,1
1,0.538,1
1,0.6377,1
1,0.624,1
1,0.6333,1
1,0.5947,1
0,0.5713,1
1,0.554,1
0,0.5776,1
0,0.7144,1
1,0.7383,1
1,0.764,1
1,0.7393,1
1,0.7314,1
0,0.7134,1
1,0.7383,1
1,0.806,1
1,0.6875,1
1,0.718,1
1,0.71,1
1,0.646,1
1,0.4885,0
1,0.7876,1
1,0.8403,1
0,0.832,1
1,0.8604,1
1,0.8433,1
1,0.8296,1
1,0.855,1
1,0.849,1
1,0.837,1
1,0.847,1
1,0.815,1
1,0.825,1
1,0.8237,1
1,0.85,1
1,0.7744,1
1,0.805,1
1,0.7803,1
1,0.8193,1
1,0.7847,1
1,0.829,1
0,0.814,1
1,0.798,1
0,0.8145,1
1,0.793,1
1,0.763,1
1,0.787,1
1,0.828,1
1,0.69,1
1,0.8574,1
1,0.7715,1
1,0.82,1
1,0.827,1
1,0.752,1
0,0.76,1
0,0.8076,1
1,0.8257,1
1,0.813,1
1,0.777,1
1,0.8086,1
1,0.8315,1
1,0.8535,1
1,0.8633,1
1,0.8413,1
0,0.7876,1
1,0.6553,1
1,0.725,1
1,0.714,1
1,0.687,1
1,0.784,1
1,0.7153,1
1,0.664,1
0,0.7637,1
1,0.738,1
0,0.7207,1
1,0.7544,1
0,0.8237,1
1,0.768,1
0,0.7393,1
0,0.791,1
1,0.8013,1
0,0.8066,1
1,0.7856,1
1,0.7695,1
1,0.8345,1
1,0.826,1
1,0.8066,1
1,0.8438,1
1,0.836,1
1,0.869,1
1,0.8115,1
1,0.81,1
1,0.826,1
1,0.7183,1
1,0.864,1
1,0.831,1
0,0.7915,1
1,0.8184,1
1,0.7705,1
0,0.4429,0
1,0.6304,1
0,0.306,0
0,0.7207,1
1,0.6577,1
0,0.5444,1
1,0.499,0
1,0.3413,0
1,0.858,1
1,0.795,1
1,0.658,1
1,0.8228,1
1,0.8047,1
0,0.1423,0
0,0.335,0
1,0.6294,1
1,0.818,1
1,0.821,1
1,0.8467,1
1,0.634,1
1,0.8564,1
1,0.7837,1
1,0.731,1
1,0.6963,1
1,0.8633,1
1,0.801,1
1,0.7915,1
1,0.8335,1
1,0.746,1
1,0.7437,1
1,0.7485,1
1,0.764,1
1,0.7305,1
1,0.7954,1
1,0.8413,1
1,0.849,1
1,0.735,1
1,0.781,1
1,0.8228,1
0,0.8203,1
1,0.744,1
1,0.8506,1
0,0.787,1
0,0.8286,1
1,0.82,1
1,0.836,1
1,0.7637,1
0,0.888,1
1,0.8125,1
1,0.7915,1
0,0.796,1
1,0.683,1
1,0.5083,1
1,0.7363,1
1,0.7866,1
1,0.807,1
1,0.8896,1
1,0.83,1
1,0.7695,1
1,0.8457,1
1,0.8594,1
1,0.88,1
0,0.912,1
0,0.833,1
1,0.806,1
1,0.842,1
1,0.855,1
0,0.884,1
1,0.856,1
1,0.832,1
1,0.831,1
0,0.8765,1
1,0.893,1
0,0.8267,1
1,0.8286,1
1,0.7983,1
0,0.8447,1
0,0.7275,1
0,0.7534,1
1,0.829,1
1,0.7974,1
1,0.795,1
1,0.832,1
1,0.8096,1
1,0.831,1
0,0.7915,1
0,0.8584,1
1,0.686,1
1,0.7227,1
1,0.7314,1
0,0.753,1
1,0.7017,1
1,0.7495,1
0,0.7607,1
1,0.8223,1
1,0.7793,1
1,0.774,1
1,0.761,1
1,0.512,1
1,0.439,0
1,0.6807,1
0,0.757,1
1,0.5806,1
1,0.7183,1
1,0.6265,1
1,0.737,1
1,0.6396,1
1,0.6904,1
0,0.6753,1
1,0.752,1
0,0.8984,1
1,0.3093,0
1,0.3135,0
1,0.655,1
0,0.425,0
1,0.581,1
1,0.1863,0
1,0.742,1
1,0.713,1
1,0.7563,1
1,0.699,1
1,0.6694,1
0,0.2462,0
0,0.0851,0
0,0.2303,0
0,0.626,1
1,0.495,0
1,0.551,1
1,0.688,1
1,0.7266,1
1,0.5444,1
1,0.559,1
1,0.635,1
1,0.785,1
1,0.7065,1
0,0.768,1
1,0.7373,1
1,0.8037,1
1,0.3901,0
1,0.527,1
0,0.5737,1
1,0.5137,1
1,0.705,1
1,0.733,1
0,0.7056,1
1,0.5283,1
1,0.8877,1
1,0.838,1
1,0.618,1
1,0.8657,1
1,0.8203,1
1,0.94,1
1,0.902,1
1,0.8354,1
1,0.729,1
0,0.7075,1
1,0.327,0
0,0.1545,0
0,0.779,1
1,0.755,1
1,0.8687,1
1,0.85,1
1,0.6626,1
1,0.832,1
1,0.725,1
1,0.842,1
0,0.91,1
1,0.8687,1
0,0.849,1
0,0.7495,1
1,0.9014,1
1,0.829,1
1,0.878,1
1,0.8047,1
1,0.8633,1
0,0.864,1
1,0.83,1
0,0.792,1
1,0.7886,1
1,0.8076,1
1,0.7646,1
1,0.636,1
1,0.8,1
0,0.6816,1
0,0.801,1
1,0.7373,1
1,0.751,1
1,0.847,1
1,0.792,1
1,0.786,1
1,0.827,1
1,0.762,1
1,0.812,1
1,0.852,1
1,0.785,1
1,0.751,1
1,0.716,1
1,0.7285,1
1,0.814,1
1,0.751,1
1,0.8,1
0,0.7866,1
1,0.8286,1
0,0.7188,1
0,0.7817,1
1,0.7236,1
1,0.755,1
0,0.7817,1
1,0.8066,1
0,0.8037,1
1,0.842,1
1,0.839,1
1,0.797,1
1,0.797,1
1,0.8794,1
1,0.8228,1
1,0.8223,1
1,0.796,1
1,0.7905,1
1,0.705,1
1,0.7197,1
1,0.665,1
1,0.717,1
0,0.7344,1
1,0.3013,0
1,0.4443,0
0,0.636,1
1,0.391,0
1,0.766,1
1,0.763,1
1,0.7695,1
1,0.8213,1
1,0.7104,1
0,0.7397,1
0,0.7603,1
0,0.3782,0
0,0.4304,0
0,0.4502,0
0,0.4846,0
1,0.744,1
1,0.6816,1
0,0.2378,0
0,0.743,1
1,0.73,1
0,0.2064,0
1,0.5127,1
0,0.846,1
1,0.8164,1
1,0.826,1
1,0.81,1
1,0.798,1
1,0.8447,1
1,0.7646,1
1,0.8228,1
1,0.6978,1
1,0.617,1
1,0.752,1
1,0.8525,1
1,0.661,1
1,0.8525,1
1,0.6963,1
1,0.2413,0
0,0.3696,0
1,0.881,1
1,0.843,1
1,0.754,1
0,0.3247,0
1,0.8066,1
1,0.819,1
0,0.235,0
0,0.2249,0
1,0.6084,1
1,0.3389,0
0,0.824,1
0,0.397,0
0,0.1377,0
0,0.0823,0
1,0.5767,1
1,0.8022,1
1,0.828,1
1,0.6113,1
1,0.556,1
1,0.8394,1
1,0.8643,1
1,0.8447,1
1,0.8364,1
1,0.845,1
1,0.8354,1
0,0.8228,1
1,0.808,1
1,0.8975,1
1,0.787,1
1,0.9526,1
1,0.911,1
1,0.9253,1
1,0.6577,1
1,0.8027,1
0,0.767,1
0,0.592,1
0,0.676,1
1,0.816,1
1,0.8096,1
1,0.714,1
1,0.682,1
1,0.4375,0
1,0.7334,1
0,0.3628,0
1,0.517,1
1,0.8145,1
0,0.3286,0
0,0.6514,1
1,0.792,1
1,0.7773,1
1,0.4329,0
1,0.833,1
1,0.814,1
1,0.8364,1
1,0.677,1
0,0.402,0
0,0.04282,0
1,0.4092,0
0,0.6274,1
1,0.5513,1
1,0.806,1
1,0.8413,1
1,0.8184,1
1,0.764,1
0,0.7563,1
1,0.576,1
1,0.718,1
1,0.687,1
1,0.6797,1
0,0.283,0
0,0.6055,1
0,0.742,1
0,0.7515,1
1,0.8174,1
0,0.8066,1
1,0.848,1
1,0.8037,1
1,0.8477,1
1,0.6865,1
1,0.796,1
1,0.8613,1
1,0.71,1
1,0.8755,1
1,0.82,1
1,0.809,1
1,0.75,1
1,0.796,1
1,0.767,1
1,0.8423,1
0,0.7783,1
0,0.244,0
1,0.4841,0
1,0.1648,0
0,0.449,0
1,0.364,0
1,0.557,1
1,0.849,1
0,0.4575,0
1,0.355,0
1,0.631,1
1,0.7783,1
1,0.832,1
1,0.766,1
1,0.797,1
1,0.6797,1
1,0.777,1
0,0.7646,1
1,0.638,1
0,0.826,1
1,0.8335,1
0,0.7686,1
1,0.786,1
1,0.814,1
0,0.5376,1
0,0.6587,1
0,0.7153,1
0,0.6436,1
1,0.7686,1
1,0.8105,1
1,0.801,1
1,0.86,1
1,0.768,1
0,0.804,1
1,0.8555,1
0,0.8135,1
0,0.7886,1
1,0.2227,0
0,0.2998,0
0,0.1699,0
1,0.2654,0
1,0.7056,1
1,0.7095,1
0,0.837,1
1,0.727,1
1,0.721,1
1,0.5386,1
0,0.4263,0
1,0.09485,0
0,0.4377,0
0,0.533,1
1,0.4756,0
0,0.1733,0
0,0.1788,0
1,0.2964,0
1,0.357,0
0,0.3562,0
1,0.7036,1
0,0.5786,1
1,0.7573,1
1,0.859,1
1,0.87,1
0,0.765,1
0,0.507,1
0,0.706,1
0,0.721,1
1,0.808,1
1,0.847,1
1,0.746,1
1,0.6724,1
1,0.7173,1
0,0.7515,1
1,0.739,1
1,0.7227,1
1,0.6016,1
1,0.7324,1
1,0.786,1
1,0.658,1
0,0.7935,1
1,0.688,1
0,0.6196,1
1,0.6484,1
1,0.628,1
1,0.557,1
1,0.618,1
1,0.59,1
1,0.546,1
1,0.771,1
1,0.534,1
1,0.734,1
1,0.726,1
0,0.7085,1
1,0.713,1
0,0.7676,1
1,0.6836,1
1,0.591,1
0,0.559,1
0,0.5674,1
1,0.6216,1
1,0.621,1
1,0.5947,1
1,0.681,1
1,0.5933,1
0,0.574,1
0,0.6426,1
1,0.606,1
1,0.6772,1
1,0.565,1
1,0.6865,1
1,0.696,1
1,0.6235,1
1,0.5747,1
1,0.6733,1
1,0.5938,1
1,0.7183,1
1,0.671,1
1,0.7373,1
1,0.6655,1
0,0.6226,1
1,0.616,1
0,0.692,1
1,0.6753,1
1,0.707,1
1,0.65,1
0,0.6987,1
0,0.711,1
0,0.5938,1
1,0.558,1
0,0.6953,1
1,0.5625,1
1,0.6577,1
0,0.5938,1
0,0.7466,1
1,0.6626,1
1,0.654,1
0,0.772,1
0,0.6304,1
0,0.65,1
0,0.666,1
0,0.6445,1
0,0.5806,1
0,0.526,1
0,0.7085,1
1,0.69,1
1,0.6133,1
0,0.65,1
1,0.6553,1
0,0.5723,1
0,0.6284,1
0,0.4673,0
1,0.7036,1
0,0.698,1
1,0.792,1
1,0.731,1
0,0.7593,1
0,0.7266,1
0,0.8794,1
1,0.8545,1
1,0.772,1
1,0.826,1
1,0.7876,1
1,0.858,1
1,0.8213,1
0,0.8325,1
1,0.806,1
1,0.8423,1
1,0.669,1
1,0.557,1
1,0.2482,0
1,0.3552,0
1,0.506,1
1,0.1054,0
0,0.2903,0
0,0.4927,0
0,0.5728,1
1,0.6265,1
1,0.7363,1
0,0.737,1
0,0.771,1
1,0.6074,1
1,0.7803,1
1,0.83,1
0,0.472,0
1,0.516,1
0,0.639,1
0,0.604,1
1,0.7837,1
1,0.746,1
0,0.6084,1
0,0.4631,0
0,0.6265,1
1,0.4912,0
1,0.4768,0
1,0.582,1
1,0.62,1
1,0.3752,0
1,0.773,1
1,0.756,1
1,0.8516,1
1,0.7266,1
1,0.78,1
1,0.7183,1
1,0.7817,1
1,0.801,1
1,0.6973,1
0,0.7314,1
1,0.773,1
1,0.7856,1
1,0.776,1
0,0.715,1
1,0.7603,1
1,0.588,1
1,0.701,1
1,0.806,1
0,0.7974,1
0,0.8013,1
0,0.776,1
1,0.8003,1
1,0.778,1
1,0.789,1
1,0.777,1
1,0.835,1
1,0.831,1
1,0.766,1
1,0.2654,0
1,0.754,1
1,0.6807,1
1,0.7935,1
0,0.6934,1
1,0.637,1
1,0.7114,1
0,0.752,1
1,0.668,1
0,0.735,1
0,0.765,1
1,0.7803,1
0,0.7886,1
1,0.7505,1
1,0.723,1
1,0.806,1
1,0.73,1
1,0.714,1
0,0.7734,1
1,0.731,1
1,0.7446,1
1,0.623,1
1,0.7935,1
1,0.779,1
1,0.821,1
1,0.8057,1
1,0.85,1
1,0.799,1
1,0.846,1
1,0.8203,1
1,0.771,1
1,0.7393,1
1,0.687,1
0,0.701,1
0,0.7314,1
0,0.6216,1
1,0.5674,1
0,0.1923,0
0,0.0341,0
0,0.1407,0
0,0.3955,0
0,0.389,0
0,0.2064,0
1,0.736,1
1,0.5083,1
1,0.766,1
1,0.7915,1
1,0.784,1
1,0.771,1
1,0.734,1
1,0.782,1
0,0.766,1
1,0.7407,1
1,0.7446,1
1,0.7837,1
1,0.711,1
1,0.8955,1
1,0.804,1
1,0.8477,1
1,0.834,1
1,0.5146,1
1,0.3396,0
0,0.3904,0
0,0.531,1
0,0.768,1
1,0.734,1
1,0.7114,1
1,0.593,1
0,0.6875,1
1,0.7573,1
0,0.6733,1
0,0.845,1
0,0.837,1
0,0.7197,1
1,0.6963,1
0,0.7314,1
1,0.7446,1
1,0.7847,1
1,0.6973,1
0,0.7163,1
1,0.7153,1
0,0.4565,0
0,0.4832,0
1,0.809,1
1,0.7925,1
1,0.888,1
1,0.8486,1
1,0.775,1
1,0.8647,1
1,0.8433,1
0,0.837,1
1,0.786,1
1,0.7217,1
1,0.5967,1
1,0.4707,0
0,0.495,0
1,0.6646,1
1,0.8447,1
1,0.831,1
1,0.91,1
1,0.792,1
1,0.7266,1
1,0.799,1
0,0.4463,0
0,0.622,1
1,0.622,1
1,0.7124,1
1,0.664,1
1,0.7744,1
0,0.8438,1
1,0.8125,1
1,0.8096,1
1,0.8584,1
1,0.8613,1
1,0.762,1
0,0.71,1
0,0.8726,1
1,0.7827,1
0,0.7993,1
0,0.856,1
1,0.8633,1
1,0.8027,1
1,0.7974,1
1,0.8325,1
1,0.7725,1
0,0.8066,1
1,0.782,1
0,0.6924,1
1,0.751,1
0,0.3665,0
0,0.1439,0
0,0.511,1
0,0.16,0
0,0.1749,0
1,0.1346,0
1,0.4783,0
1,0.7646,1
1,0.2957,0
0,0.3965,0
0,0.9307,1
1,0.7876,1
1,0.831,1
1,0.764,1
1,0.891,1
0,0.5845,1
0,0.6367,1
1,0.8105,1
1,0.4812,0
1,0.777,1
1,0.806,1
1,0.7935,1
0,0.734,1
1,0.527,1
1,0.66,1
1,0.5757,1
0,0.811,1
1,0.7676,1
1,0.8306,1
0,0.79,1
1,0.732,1
1,0.7847,1
0,0.8584,1
1,0.7905,1
1,0.7427,1
1,0.8525,1
1,0.8555,1
1,0.7617,1
0,0.686,1
1,0.8066,1
1,0.8267,1
1,0.6724,1
1,0.76,1
1,0.779,1
0,0.781,1
1,0.7866,1
0,0.8135,1
1,0.7837,1
1,0.823,1
1,0.41,0
1,0.5356,1
1,0.3982,0
1,0.8154,1
1,0.7427,1
0,0.506,1
0,0.3555,0
1,0.529,1
1,0.3816,0
0,0.2942,0
0,0.2922,0
0,0.0505,0
0,0.2722,0
0,0.526,1
1,0.6865,1
1,0.7188,1
1,0.8374,1
1,0.77,1
1,0.7266,1
1,0.7285,1
1,0.73,1
1,0.841,1
1,0.8105,1
0,0.83,1
1,0.8184,1
1,0.8687,1
1,0.81,1
1,0.8223,1
0,0.7485,1
1,0.7456,1
0,0.2344,0
1,0.53,1
1,0.818,1
1,0.7466,1
1,0.8535,1
0,0.2637,0
0,0.63,1
1,0.6743,1
1,0.647,1
1,0.5312,1
1,0.8335,1
1,0.8765,1
1,0.8384,1
1,0.809,1
1,0.8438,1
1,0.7456,1
1,0.7607,1
1,0.7085,1
1,0.634,1
1,0.5493,1
1,0.648,1
0,0.637,1
0,0.4624,0
0,0.657,1
0,0.6387,1
1,0.7417,1
1,0.7114,1
1,0.5806,1
0,0.559,1
1,0.6875,1
0,0.657,1
0,0.5767,1
1,0.577,1
1,0.752,1
1,0.716,1
1,0.6963,1
1,0.715,1
0,0.7217,1
1,0.6743,1
0,0.7656,1
0,0.727,1
1,0.755,1
1,0.821,1
1,0.7144,1
1,0.612,1
0,0.775,1
1,0.8955,1
0,0.7974,1
1,0.719,1
1,0.7827,1
1,0.7593,1
1,0.6934,1
1,0.8853,1
1,0.86,1
1,0.77,1
1,0.833,1
1,0.834,1
1,0.854,1
1,0.84,1
0,0.8584,1
1,0.766,1
1,0.805,1
1,0.7705,1
1,0.882,1
1,0.67,1
1,0.857,1
1,0.9146,1
1,0.86,1
1,0.8438,1
1,0.3918,0
0,0.8003,1
1,0.771,1
0,0.733,1
1,0.6562,1
1,0.66,1
1,0.4949,0
1,0.6187,1
1,0.8003,1
0,0.6772,1
1,0.3953,0
1,0.4673,0
1,0.7896,1
1,0.8027,1
1,0.767,1
1,0.834,1
1,0.785,1
1,0.715,1
1,0.7544,1
1,0.7363,1
0,0.7827,1
0,0.4187,0
0,0.7886,1
1,0.7944,1
1,0.678,1
1,0.7773,1
1,0.6904,1
1,0.799,1
1,0.7915,1
1,0.7847,1
1,0.785,1
1,0.7607,1
0,0.793,1
1,0.766,1
0,0.7505,1
1,0.7974,1
1,0.699,1
1,0.797,1
1,0.762,1
1,0.766,1
1,0.8203,1
1,0.7827,1
1,0.754,1
1,0.698,1
1,0.824,1
1,0.836,1
1,0.815,1
0,0.892,1
1,0.266,0
0,0.1753,0
0,0.1823,0
1,0.2952,0
1,0.3403,0
1,0.2686,0
1,0.4302,0
1,0.3232,0
1,0.3342,0
1,0.6787,1
0,0.538,1
1,0.316,0
1,0.5586,1
1,0.672,1
1,0.76,1
1,0.799,1
1,0.532,1
0,0.6772,1
1,0.7134,1
1,0.7217,1
1,0.7153,1
0,0.7393,1
0,0.7334,1
0,0.7544,1
0,0.2974,0
0,0.4072,0
1,0.8765,1
1,0.3887,0
1,0.4507,0
1,0.3948,0
1,0.537,1
1,0.567,1
1,0.6343,1
1,0.7217,1
1,0.7637,1
1,0.645,1
0,0.7773,1
0,0.851,1
1,0.785,1
1,0.8022,1
1,0.836,1
0,0.7837,1
1,0.766,1
1,0.775,1
1,0.6406,1
1,0.6587,1
0,0.716,1
0,0.7905,1
0,0.761,1
1,0.7246,1
1,0.7705,1
0,0.6187,1
1,0.5396,1
1,0.5786,1
1,0.668,1
1,0.629,1
0,0.571,1
0,0.637,1
1,0.579,1
1,0.528,1
0,0.5986,1
0,0.6533,1
1,0.7524,1
0,0.7354,1
1,0.7915,1
1,0.606,1
0,0.426,0
0,0.637,1
0,0.6567,1
0,0.7007,1
0,0.596,1
1,0.669,1
0,0.6533,1
0,0.62,1
1,0.6084,1
1,0.6216,1
0,0.5947,1
0,0.2705,0
0,0.3125,0
1,0.7275,1
1,0.783,1
1,0.7603,1
0,0.664,1
1,0.7793,1
1,0.603,1
1,0.589,1
0,0.6016,1
1,0.586,1
0,0.4062,0
0,0.343,0
1,0.836,1
1,0.7373,1
1,0.762,1
0,0.8286,1
1,0.7236,1
1,0.8403,1
1,0.808,1
1,0.8184,1
1,0.696,1
1,0.382,0
0,0.569,1
0,0.4426,0
0,0.4163,0
1,0.3616,0
1,0.8022,1
1,0.889,1
1,0.311,0
1,0.6777,1
1,0.8267,1
0,0.541,1
1,0.7563,1
1,0.6475,1
0,0.758,1
1,0.5967,1
0,0.1312,0
0,0.6797,1
0,0.185,0
0,0.1754,0
0,0.405,0
0,0.05698,0
0,0.2445,0
0,0.3005,0
0,0.606,1
0,0.3699,0
0,0.3813,0
0,0.3572,0
0,0.2942,0
0,0.281,0
0,0.208,0
0,0.424,0
0,0.721,1
0,0.5596,1
0,0.527,1
0,0.5835,1
0,0.3906,0
0,0.4246,0
0,0.4478,0
0,0.2463,0
0,0.1569,0
0,0.02748,0
0,0.2693,0
0,0.1488,0
0,0.414,0
0,0.2314,0
0,0.4185,0
0,0.4578,0
0,0.2463,0
0,0.3235,0
0,0.3872,0
1,0.421,0
1,0.1985,0
0,0.764,1
0,0.824,1
0,0.6753,1
1,0.687,1
1,0.4885,0
0,0.4963,0
1,0.509,1
0,0.76,1
1,0.6426,1
1,0.6167,1
1,0.6064,1
1,0.6606,1
1,0.644,1
0,0.554,1
0,0.4285,0
1,0.4187,0
1,0.5166,1
0,0.2191,0
0,0.3052,0
0,0.3948,0
0,0.09515,0
0,0.204,0
0,0.3875,0
0,0.3987,0
0,0.0925,0
0,0.3333,0
0,0.09235,0
0,0.3687,0
0,0.1719,0
0,0.722,1
0,0.0977,0
0,0.2756,0
0,0.04218,0
0,0.1561,0
0,0.06305,0
0,0.3582,0
0,0.1584,0
1,0.273,0
0,0.2212,0
0,0.538,1
0,0.386,0
1,0.1052,0
1,0.206,0
0,0.4504,0
0,0.483,0
1,0.7056,1
1,0.703,1
1,0.733,1
1,0.7314,1
1,0.65,1
1,0.6855,1
1,0.5054,1
1,0.6567,1
1,0.697,1
0,0.4102,0
0,0.2573,0
0,0.12146,0
1,0.504,1
1,0.6323,1
1,0.8022,1
0,0.686,1
0,0.562,1
1,0.7905,1
1,0.7334,1
1,0.674,1
0,0.854,1
0,0.4714,0
0,0.4263,0
0,0.4736,0
0,0.1952,0
0,0.02827,0
0,0.3477,0
0,0.051,0
0,0.152,0
0,0.2438,0
0,0.07465,0
0,0.2418,0
0,0.1368,0
0,0.3281,0
0,0.3232,0
0,0.3394,0
0,0.3855,0
0,0.4106,0
0,0.3008,0
0,0.3308,0
0,0.783,1
1,0.4272,0
1,0.695,1
0,0.526,1
0,0.694,1
1,0.676,1
1,0.8447,1
1,0.804,1
1,0.7847,1
1,0.754,1
0,0.7563,1
0,0.7817,1
1,0.731,1
1,0.7583,1
1,0.872,1
1,0.7812,1
1,0.7705,1
1,0.704,1
1,0.8403,1
1,0.786,1
0,0.818,1
1,0.771,1
1,0.726,1
1,0.8003,1
1,0.6826,1
1,0.7827,1
1,0.7754,1
1,0.737,1
1,0.795,1
1,0.7534,1
1,0.7114,1
1,0.7534,1
1,0.744,1
1,0.768,1
1,0.821,1
0,0.669,1
0,0.8145,1
1,0.731,1
0,0.6826,1
0,0.7925,1
0,0.6465,1
1,0.642,1
0,0.623,1
0,0.258,0
0,0.2478,0
0,0.2252,0
0,0.3943,0
0,0.2957,0
0,0.364,0
0,0.2756,0
0,0.1936,0
0,0.2079,0
0,0.418,0
0,0.3906,0
0,0.5537,1
0,0.0538,0
0,0.437,0
0,0.7983,1
0,0.161,0
0,0.4219,0
0,0.285,0
0,0.2854,0
0,0.4165,0
0,0.1796,0
0,0.03424,0
0,0.2256,0
0,0.337,0
0,0.775,1
0,0.0446,0
0,0.3945,0
0,0.4,0
0,0.2522,0
0,0.1527,0
0,0.3525,0
0,0.6846,1
0,0.622,1
0,0.3315,0
0,0.248,0
0,0.02551,0
0,0.01178,0
0,0.1677,0
0,0.2128,0
0,0.11554,0
0,0.2937,0
0,0.04153,0
0,0.4268,0
0,0.2776,0
1,0.446,0
1,0.263,0
0,0.154,0
1,0.3203,0
1,0.6636,1
0,0.566,1
1,0.11676,0
1,0.268,0
0,0.05624,0
0,0.2445,0
0,0.2612,0
0,0.3674,0
0,0.354,0
0,0.2986,0
0,0.4592,0
0,0.2593,0
0,0.2162,0
0,0.317,0
0,0.342,0
1,0.5986,1
0,0.5605,1
1,0.6685,1
1,0.6646,1
1,0.7974,1
1,0.7163,1
1,0.7334,1
1,0.5674,1
0,0.6646,1
1,0.7686,1
0,0.4114,0
0,0.7656,1
0,0.5386,1
1,0.5913,1
1,0.8145,1
1,0.64,1
1,0.7827,1
0,0.03943,0
0,0.1041,0
0,0.007935,0
0,0.1763,0
0,0.138,0
0,0.3298,0
0,0.3289,0
0,0.4272,0
0,0.0859,0
0,0.3223,0
0,0.4153,0
0,0.5273,1
0,0.5234,1
0,0.6616,1
1,0.6685,1
0,0.7134,1
0,0.7793,1
0,0.7417,1
1,0.652,1
1,0.531,1
1,0.7305,1
1,0.747,1
0,0.5137,1
1,0.6284,1
0,0.597,1
1,0.6416,1
1,0.778,1
0,0.5093,1
0,0.688,1
0,0.2152,0
0,0.0798,0
0,0.648,1
1,0.324,0
0,0.4087,0
0,0.332,0
0,0.0716,0
0,0.1998,0
1,0.8223,1
1,0.6895,1
1,0.4592,0
1,0.8716,1
1,0.7095,1
1,0.624,1
0,0.7617,1
1,0.723,1
1,0.649,1
0,0.68,1
1,0.662,1
1,0.5356,1
0,0.01622,0
0,0.08417,0
0,0.1317,0
0,0.2534,0
0,0.517,1
0,0.06744,0
0,0.434,0
0,0.3906,0
0,0.3718,0
0,0.37,0
0,0.02148,0
0,0.4082,0
0,0.6753,1
0,0.771,1
0,0.134,0
0,0.2297,0
0,0.3245,0
0,0.0707,0
0,0.343,0
0,0.651,1
0,0.346,0
0,0.1578,0
0,0.34,0
0,0.1583,0
0,0.2942,0
0,0.03278,0
0,0.0909,0
0,0.2944,0
0,0.3599,0
0,0.2379,0
0,0.4001,0
0,0.342,0
0,0.2996,0
0,0.1273,0
0,0.151,0
0,0.38,0
0,0.407,0
0,0.599,1
0,0.255,0
0,0.461,0
0,0.4487,0
0,0.3953,0
0,0.8203,1
1,0.7373,1
1,0.8213,1
1,0.7793,1
0,0.8003,1
0,0.7812,1
0,0.3013,0
0,0.3289,0
0,0.2542,0
0,0.10913,0
0,0.253,0
0,0.2213,0
0,0.7354,1
0,0.129,0
0,0.05966,0
0,0.8154,1
0,0.4001,0
0,0.425,0
0,0.4749,0
0,0.4028,0
0,0.3682,0
0,0.3574,0
0,0.4075,0
0,0.0806,0
0,0.274,0
0,0.1619,0
0,0.0955,0
0,0.753,1
0,0.3027,0
0,0.294,0
0,0.3333,0
0,0.3738,0
0,0.4004,0
0,0.1731,0
0,0.698,1
0,0.3118,0
1,0.61,1
1,0.5835,1
1,0.737,1
1,0.7905,1
0,0.6304,1
1,0.784,1
0,0.6694,1
0,0.688,1
0,0.6226,1
0,0.742,1
0,0.6685,1
0,0.6357,1
1,0.8496,1
1,0.7,1
0,0.706,1
1,0.7905,1
0,0.7827,1
1,0.7715,1
1,0.745,1
1,0.775,1
1,0.7036,1
0,0.1371,0
0,0.3403,0
0,0.1378,0
0,0.666,1
0,0.04526,0
0,0.04083,0
0,0.3489,0
0,0.609,1
0,0.5156,1
1,0.7637,1
1,0.652,1
1,0.7646,1
0,0.7793,1
1,0.4536,0
1,0.748,1
0,0.7876,1
0,0.808,1
1,0.7344,1
1,0.8135,1
0,0.852,1
1,0.8164,1
1,0.635,1
1,0.748,1
1,0.745,1
0,0.771,1
0,0.739,1
1,0.803,1
0,0.4067,0
0,0.519,1
0,0.5996,1
0,0.3218,0
0,0.6714,1
0,0.6235,1
1,0.6206,1
0,0.3374,0
1,0.3552,0
0,0.6646,1
1,0.563,1
1,0.757,1
0,0.8276,1
1,0.568,1
0,0.09467,0
0,0.2021,0
0,0.2922,0
0,0.387,0
0,0.4058,0
0,0.4338,0
0,0.5405,1
0,0.1589,0
0,0.0232,0
0,0.394,0
0,0.4731,0
0,0.4019,0
0,0.5327,1
0,0.429,0
0,0.2886,0
0,0.1783,0
0,0.4558,0
0,0.2686,0
0,0.3108,0
0,0.3108,0
0,0.4224,0
0,0.2834,0
0,0.4907,0
0,0.4004,0
0,0.3733,0
0,0.2394,0
0,0.009895,0
0,0.2162,0
0,0.103,0
1,0.289,0
1,0.6094,1
0,0.2834,0
1,0.78,1
1,0.7515,1
1,0.8047,1
0,0.7627,1
1,0.8276,1
1,0.8115,1
1,0.7817,1
0,0.7656,1
1,0.738,1
1,0.6367,1
0,0.2397,0
1,0.7217,1
1,0.2754,0
1,0.8545,1
0,0.12103,0
0,0.2441,0
0,0.604,1
0,0.501,1
0,0.5156,1
0,0.5186,1
0,0.3247,0
1,0.778,1
1,0.7915,1
1,0.7876,1
1,0.794,1
1,0.7837,1
0,0.803,1
0,0.6855,1
1,0.825,1
1,0.779,1
1,0.821,1
1,0.816,1
1,0.832,1
1,0.8267,1
1,0.7188,1
1,0.776,1
1,0.65,1
1,0.701,1
0,0.6562,1
1,0.6816,1
1,0.803,1
0,0.696,1
1,0.7246,1
1,0.759,1
0,0.5654,1
0,0.6436,1
0,0.7876,1
1,0.65,1
1,0.7407,1
1,0.775,1
0,0.6714,1
1,0.828,1
0,0.7256,1
0,0.7397,1
1,0.805,1
1,0.7095,1
1,0.8047,1
1,0.748,1
1,0.759,1
1,0.7974,1
1,0.7876,1
1,0.8535,1
0,0.4927,0
0,0.6265,1
0,0.372,0
0,0.4648,0
0,0.442,0
0,0.559,1
0,0.463,0
0,0.4285,0
0,0.3516,0
0,0.4243,0
0,0.3728,0
0,0.3013,0
0,0.1711,0
0,0.581,1
1,0.8765,1
1,0.8223,1
1,0.829,1
0,0.8384,1
1,0.864,1
1,0.824,1
1,0.721,1
0,0.8506,1
0,0.8047,1
1,0.8438,1
1,0.8184,1
1,0.877,1
1,0.8657,1
1,0.8447,1
1,0.8555,1
1,0.805,1
1,0.836,1
1,0.7793,1
1,0.785,1
1,0.826,1
0,0.7847,1
1,0.806,1
1,0.745,1
1,0.822,1
0,0.808,1
1,0.8105,1
1,0.8354,1
1,0.802,1
1,0.869,1
0,0.1985,0
0,0.324,0
1,0.0542,0
1,0.2725,0
0,0.4458,0
1,0.3955,0
1,0.597,1
1,0.5005,1
1,0.767,1
0,0.633,1
1,0.7876,1
1,0.7163,1
1,0.7954,1
0,0.8257,1
0,0.79,1
0,0.8535,1
1,0.772,1
1,0.657,1
1,0.523,1
0,0.327,0
0,0.2009,0
0,0.04868,0
0,0.04053,0
0,0.0355,0
0,0.1266,0
0,0.334,0
0,0.4048,0
0,0.3708,0
0,0.126,0
0,0.4717,0
0,0.513,1
0,0.3967,0
0,0.2888,0
0,0.396,0
0,0.2952,0
0,0.531,1
1,0.719,1
1,0.673,1
0,0.717,1
0,0.595,1
1,0.6147,1
1,0.5513,1
0,0.7437,1
1,0.4668,0
1,0.5015,1
0,0.62,1
0,0.3865,0
0,0.0678,0
0,0.3516,0
0,0.1036,0
0,0.2455,0
0,0.3691,0
0,0.3857,0
0,0.375,0
0,0.3752,0
0,0.0432,0
0,0.2776,0
0,0.3508,0
0,0.464,0
0,0.301,0
0,0.3674,0
0,0.0821,0
0,0.6484,1
0,0.4192,0
0,0.3064,0
0,0.527,1
1,0.4521,0
0,0.5312,1
0,0.4485,0
1,0.73,1
0,0.5356,1
0,0.7593,1
1,0.736,1
1,0.751,1
1,0.6953,1
1,0.8545,1
0,0.778,1
1,0.6904,1
1,0.6587,1
1,0.6553,1
1,0.7354,1
1,0.713,1
1,0.6797,1
1,0.844,1
0,0.1355,0
0,0.2059,0
0,0.1929,0
0,0.369,0
0,0.4717,0
0,0.1705,0
0,0.1893,0
0,0.3345,0
0,0.04123,0
0,0.3647,0
0,0.0677,0
0,0.2527,0
0,0.377,0
0,0.4023,0
0,0.07196,0
0,0.45,0
0,0.6543,1
0,0.4097,0
0,0.2874,0
0,0.3284,0
0,0.3723,0
0,0.2847,0
0,0.358,0
0,0.4214,0
0,0.379,0
0,0.2144,0
0,0.4817,0
1,0.3228,0
0,0.08374,0
0,0.0871,0
0,0.1843,0
0,0.1527,0
0,0.09155,0
0,0.1979,0
0,0.0436,0
0,0.415,0
0,0.2471,0
0,0.4133,0
0,0.355,0
1,0.8145,1
1,0.552,1
0,0.551,1
0,0.2961,0
1,0.782,1
0,0.2766,0
1,0.7476,1
1,0.8403,1
0,0.743,1
1,0.882,1
1,0.855,1
0,0.8394,1
1,0.861,1
1,0.809,1
1,0.826,1
1,0.8374,1
1,0.844,1
1,0.8696,1
1,0.857,1
1,0.8423,1
1,0.788,1
1,0.7837,1
1,0.776,1
1,0.868,1
1,0.791,1
1,0.8276,1
1,0.8213,1
0,0.8853,1
1,0.8267,1
0,0.2996,0
0,0.0857,0
0,0.1219,0
0,0.06586,0
0,0.4055,0
0,0.1327,0
0,0.3916,0
0,0.5186,1
1,0.354,0
1,0.6133,1
1,0.691,1
1,0.7524,1
0,0.617,1
0,0.718,1
0,0.737,1
1,0.658,1
1,0.6787,1
1,0.4963,0
0,0.2268,0
0,0.2094,0
0,0.3052,0
0,0.1705,0
0,0.358,0
0,0.3516,0
0,0.4045,0
0,0.278,0
0,0.547,1
0,0.2805,0
0,0.715,1
0,0.09076,0
0,0.1134,0
0,0.1348,0
0,0.2428,0
0,0.3635,0
0,0.05573,0
0,0.03726,0
0,0.05954,0
0,0.0683,0
0,0.3582,0
0,0.3943,0
0,0.3606,0
0,0.0893,0
0,0.37,0
0,0.4048,0
0,0.10876,0
0,0.3599,0
0,0.2727,0
0,0.3647,0
0,0.3818,0
1,0.7163,1
1,0.807,1
1,0.814,1
1,0.8047,1
1,0.8643,1
0,0.8135,1
0,0.4424,0
0,0.2334,0
0,0.6577,1
0,0.77,1
0,0.4749,0
0,0.398,0
0,0.531,1
0,0.3252,0
0,0.2976,0
0,0.4434,0
0,0.3618,0
0,0.3193,0
0,0.4102,0
1,0.481,0
1,0.3794,0
1,0.6865,1
0,0.0539,0
0,0.6284,1
0,0.2927,0
0,0.2351,0
0,0.36,0
0,0.4175,0
0,0.3577,0
1,0.584,1
1,0.5054,1
1,0.4421,0
0,0.4316,0
0,0.3877,0
0,0.4087,0
0,0.2622,0
0,0.2837,0
0,0.7896,1
0,0.5015,1
0,0.3884,0
0,0.4697,0
0,0.359,0
0,0.368,0
0,0.3992,0
0,0.4746,0
0,0.415,0
0,0.542,1
0,0.422,0
0,0.1984,0
0,0.02527,0
0,0.0321,0
0,0.07104,0
0,0.4182,0
0,0.2418,0
0,0.1973,0
0,0.2184,0
0,0.3682,0
0,0.3477,0
0,0.3367,0
0,0.3564,0
0,0.2627,0
0,0.179,0
0,0.4023,0
0,0.3079,0
0,0.3682,0
0,0.5103,1
0,0.4165,0
0,0.3237,0
0,0.25,0
0,0.3408,0
0,0.4507,0
0,0.1759,0
0,0.3403,0
0,0.328,0
0,0.3328,0
0,0.2441,0
0,0.3962,0
0,0.2615,0
0,0.3877,0
0,0.3958,0
0,0.2747,0
0,0.1901,0
1,0.812,1
0,0.883,1
1,0.855,1
1,0.8745,1
0,0.823,1
0,0.734,1
0,0.775,1
0,0.7104,1
0,0.753,1
0,0.786,1
1,0.7197,1
0,0.773,1
1,0.6953,1
1,0.81,1
1,0.7456,1
1,0.714,1
1,0.7334,1
0,0.7866,1
1,0.7783,1
1,0.6807,1
0,0.752,1
1,0.7485,1
0,0.796,1
1,0.704,1
1,0.7646,1
1,0.6035,1
0,0.7183,1
1,0.6294,1
1,0.6787,1
1,0.7495,1
1,0.7124,1
1,0.7646,1
1,0.7383,1
1,0.778,1
1,0.7163,1
1,0.6333,1
1,0.792,1
0,0.497,0
1,0.5654,1
1,0.717,1
0,0.6177,1
1,0.6665,1
1,0.516,1
0,0.5894,1
0,0.528,1
0,0.6187,1
1,0.736,1
1,0.7656,1
1,0.7593,1
0,0.8013,1
1,0.3022,0
0,0.6123,1
0,0.4893,0
0,0.388,0
0,0.396,0
0,0.4673,0
0,0.4592,0
0,0.3867,0
0,0.3074,0
0,0.06586,0
1,0.1166,0
1,0.2793,0
1,0.25,0
0,0.3584,0
0,0.3235,0
0,0.4568,0
0,0.4124,0
0,0.3728,0
0,0.4817,0
0,0.3882,0
0,0.3848,0
0,0.37,0
0,0.501,1
0,0.4893,0
0,0.4436,0
0,0.317,0
0,0.2837,0
0,0.4592,0
0,0.4001,0
0,0.6406,1
0,0.3342,0
0,0.2947,0
0,0.408,0
0,0.3074,0
0,0.4,0
0,0.464,0
0,0.352,0
0,0.287,0
0,0.467,0
0,0.328,0
0,0.485,0
0,0.3562,0
0,0.443,0
0,0.5327,1
0,0.854,1
0,0.4824,0
0,0.3867,0
0,0.36,0
0,0.2029,0
1,0.745,1
1,0.8096,1
1,0.735,1
1,0.8145,1
0,0.832,1
0,0.6914,1
1,0.791,1
0,0.822,1
1,0.898,1
1,0.8965,1
1,0.87,1
1,0.9014,1
1,0.8667,1
1,0.8403,1
0,0.774,1
1,0.803,1
0,0.7725,1
0,0.8306,1
1,0.8228,1
1,0.797,1
1,0.813,1
1,0.8096,1
1,0.719,1
1,0.7964,1
1,0.831,1
1,0.8105,1
1,0.8286,1
1,0.824,1
1,0.853,1
1,0.7856,1
1,0.823,1
1,0.8237,1
1,0.808,1
0,0.7593,1
1,0.82,1
0,0.317,0
0,0.364,0
0,0.7524,1
0,0.4336,0
0,0.4604,0
0,0.743,1
0,0.3418,0
1,0.4753,0
1,0.711,1
1,0.748,1
1,0.8125,1
0,0.778,1
0,0.782,1
1,0.756,1
1,0.6567,1
0,0.778,1
0,0.7363,1
0,0.3928,0
0,0.344,0
0,0.04376,0
0,0.4077,0
1,0.41,0
1,0.3953,0
0,0.757,1
0,0.547,1
0,0.6724,1
0,0.5947,1
1,0.6226,1
0,0.708,1
1,0.4692,0
1,0.4697,0
1,0.5317,1
1,0.5493,1
0,0.6855,1
1,0.5757,1
0,0.4631,0
1,0.5186,1
1,0.422,0
0,0.4846,0
0,0.2413,0
0,0.4736,0
0,0.6006,1
0,0.418,0
0,0.2896,0
0,0.4404,0
0,0.3013,0
1,0.5044,1
1,0.4302,0
1,0.2957,0
1,0.491,0
1,0.3625,0
1,0.4595,0
1,0.3132,0
0,0.1536,0
0,0.3894,0
0,0.4053,0
0,0.3647,0
0,0.4248,0
0,0.678,1
1,0.8,1
1,0.7314,1
1,0.6406,1
1,0.7847,1
1,0.729,1
0,0.7407,1
0,0.7095,1
0,0.776,1
1,0.785,1
1,0.508,1
0,0.7856,1
1,0.714,1
0,0.677,1
1,0.796,1
1,0.7554,1
1,0.7876,1
1,0.7812,1
1,0.786,1
1,0.7974,1
0,0.781,1
1,0.71,1
0,0.7515,1
1,0.5913,1
1,0.671,1
1,0.787,1
1,0.715,1
1,0.75,1
1,0.748,1
1,0.74,1
0,0.726,1
1,0.7417,1
1,0.713,1
1,0.7393,1
1,0.733,1
1,0.6807,1
1,0.7646,1
1,0.713,1
0,0.7886,1
1,0.708,1
1,0.7974,1
1,0.6025,1
1,0.7246,1
1,0.716,1
1,0.7056,1
1,0.7197,1
1,0.7993,1
1,0.7915,1
1,0.814,1
1,0.752,1
0,0.749,1
1,0.711,1
1,0.6807,1
0,0.7124,1
1,0.718,1
1,0.7227,1
0,0.608,1
0,0.685,1
1,0.7,1
1,0.8076,1
0,0.708,1
0,0.705,1
0,0.7397,1
1,0.7188,1
1,0.7505,1
1,0.7495,1
1,0.7476,1
1,0.7334,1
0,0.7534,1
1,0.7734,1
0,0.823,1
0,0.299,0
0,0.4436,0
0,0.2803,0
0,0.0575,0
0,0.2737,0
0,0.347,0
0,0.253,0
0,0.2769,0
0,0.3533,0
0,0.429,0
0,0.387,0
0,0.331,0
0,0.4111,0
0,0.4055,0
0,0.2222,0
0,0.3687,0
0,0.0712,0
0,0.4133,0
0,0.4253,0
0,0.3584,0
0,0.528,1
0,0.2883,0
0,0.4382,0
0,0.3325,0
0,0.1395,0
0,0.1041,0
0,0.5063,1
0,0.5356,1
0,0.3955,0
0,0.3035,0
0,0.1666,0
0,0.03683,0
0,0.0464,0
0,0.08435,0
0,0.04395,0
0,0.02948,0
0,0.05655,0
0,0.593,1
0,0.454,0
0,0.5234,1
0,0.4604,0
1,0.6367,1
1,0.727,1
1,0.6733,1
1,0.7085,1
1,0.6143,1
1,0.6562,1
1,0.664,1
1,0.6646,1
1,0.652,1
1,0.6313,1
0,0.72,1
1,0.6445,1
0,0.1774,0
0,0.3228,0
0,0.3477,0
0,0.1622,0
0,0.11633,0
0,0.04904,0
0,0.3525,0
0,0.2576,0
0,0.3591,0
0,0.2286,0
0,0.5195,1
0,0.5073,1
0,0.2917,0
0,0.439,0
0,0.338,0
0,0.535,1
0,0.2372,0
0,0.3245,0
0,0.343,0
0,0.4521,0
0,0.3716,0
0,0.10596,0
0,0.349,0
0,0.3772,0
0,0.3147,0
0,0.2512,0
0,0.387,0
0,0.4656,0
0,0.219,0
0,0.00909,0
0,0.4177,0
0,0.3887,0
0,0.3582,0
0,0.541,1
0,0.3945,0
0,0.4263,0
0,0.3875,0
0,0.553,1
0,0.4653,0
1,0.788,1
0,0.3848,0
0,0.3052,0
1,0.4758,0
1,0.742,1
1,0.7847,1
0,0.802,1
1,0.685,1
1,0.723,1
1,0.761,1
1,0.7837,1
1,0.8564,1
1,0.765,1
1,0.7803,1
1,0.7524,1
1,0.8096,1
1,0.691,1
1,0.732,1
1,0.7188,1
1,0.618,1
1,0.3345,0
1,0.7793,1
0,0.6514,1
1,0.716,1
1,0.7734,1
1,0.7646,1
1,0.716,1
1,0.7334,1
0,0.4866,0
0,0.5586,1
0,0.5566,1
0,0.6973,1
0,0.3599,0
0,0.606,1
0,0.1776,0
0,0.5356,1
0,0.598,1
0,0.375,0
0,0.4136,0
0,0.3079,0
0,0.09076,0
0,0.7803,1
0,0.452,0
0,0.371,0
0,0.2656,0
0,0.384,0
0,0.6245,1
0,0.3257,0
0,0.3594,0
0,0.3452,0
0,0.1678,0
0,0.3767,0
0,0.3088,0
0,0.157,0
0,0.0683,0
0,0.08496,0
0,0.2125,0
0,0.3914,0
0,0.3965,0
0,0.3538,0
0,0.3547,0
0,0.3508,0
0,0.5225,1
0,0.0656,0
0,0.3772,0
0,0.624,1
0,0.357,0
0,0.1523,0
0,0.497,0
0,0.605,1
0,0.542,1
0,0.439,0
1,0.823,1
0,0.804,1
1,0.7935,1
1,0.8276,1
0,0.794,1
1,0.825,1
0,0.784,1
1,0.8184,1
0,0.7993,1
1,0.775,1
1,0.8247,1
1,0.8413,1
1,0.773,1
1,0.831,1
1,0.803,1
1,0.8135,1
1,0.821,1
1,0.847,1
1,0.827,1
1,0.824,1
1,0.791,1
1,0.8306,1
0,0.811,1
0,0.2534,0
0,0.2869,0
0,0.4055,0
0,0.3865,0
0,0.3782,0
0,0.404,0
0,0.3896,0
0,0.4363,0
0,0.4053,0
0,0.4146,0
0,0.00997,0
0,0.01401,0
0,0.02509,0
0,0.02002,0
0,0.06464,0
0,0.0192,0
0,0.2283,0
0,0.3367,0
0,0.3374,0
0,0.316,0
0,0.1494,0
0,0.4336,0
0,0.1715,0
0,0.3206,0
0,0.3738,0
0,0.321,0
0,0.3474,0
0,0.3672,0
0,0.3462,0
1,0.708,1
1,0.833,1
1,0.8384,1
0,0.857,1
1,0.8115,1
0,0.814,1
1,0.724,1
1,0.6377,1
0,0.7446,1
0,0.8184,1
1,0.819,1
0,0.782,1
1,0.7246,1
1,0.7407,1
1,0.661,1
1,0.725,1
1,0.749,1
1,0.832,1
1,0.4023,0
0,0.587,1
0,0.03235,0
0,0.3472,0
0,0.4426,0
0,0.1594,0
0,0.348,0
0,0.3643,0
0,0.6523,1
0,0.3381,0
0,0.3025,0
0,0.4065,0
0,0.1372,0
0,0.3076,0
1,0.6377,1
1,0.76,1
1,0.6772,1
1,0.7,1
1,0.8086,1
0,0.6577,1
0,0.7715,1
1,0.703,1
1,0.7153,1
1,0.71,1
1,0.7495,1
1,0.735,1
1,0.668,1
1,0.734,1
1,0.7075,1
0,0.8237,1
1,0.7275,1
0,0.553,1
0,0.5586,1
0,0.7363,1
0,0.524,1
1,0.4536,0
1,0.6562,1
1,0.3835,0
0,0.6265,1
0,0.719,1
0,0.54,1
0,0.3208,0
0,0.066,0
0,0.3276,0
0,0.6226,1
0,0.2795,0
0,0.34,0
0,0.2898,0
0,0.3376,0
0,0.2386,0
0,0.388,0
0,0.781,1
0,0.327,0
0,0.5195,1
0,0.327,0
0,0.036,0
0,0.375,0
0,0.3423,0
0,0.37,0
0,0.7124,1
0,0.5522,1
1,0.658,1
1,0.6646,1
0,0.476,0
1,0.695,1
0,0.7314,1
1,0.7007,1
1,0.67,1
1,0.7227,1
1,0.623,1
1,0.693,1
1,0.5703,1
0,0.766,1
0,0.586,1
1,0.607,1
1,0.5977,1
1,0.707,1
1,0.749,1
1,0.671,1
0,0.7007,1
0,0.561,1
0,0.6616,1
0,0.747,1
1,0.4778,0
1,0.5723,1
0,0.531,1
0,0.5537,1
1,0.496,0
0,0.6953,1
1,0.4392,0
0,0.4797,0
0,0.4338,0
0,0.3875,0
0,0.643,1
0,0.3262,0
0,0.4255,0
0,0.51,1
0,0.519,1
0,0.2966,0
0,0.2026,0
0,0.2134,0
0,0.3474,0
0,0.3423,0
0,0.391,0
0,0.385,0
0,0.601,1
0,0.7363,1
0,0.6685,1
0,0.3735,0
0,0.3992,0
0,0.04037,0
0,0.514,1
0,0.551,1
0,0.36,0
0,0.11066,0
0,0.554,1
0,0.433,0
0,0.687,1
0,0.741,1
0,0.3188,0
0,0.3945,0
0,0.3677,0
1,0.7026,1
1,0.658,1
0,0.781,1
1,0.7803,1
1,0.8076,1
1,0.734,1
1,0.687,1
1,0.758,1
1,0.8335,1
1,0.7983,1
1,0.708,1
1,0.7256,1
1,0.781,1
1,0.7466,1
1,0.8003,1
0,0.7397,1
1,0.7837,1
1,0.7075,1
1,0.8105,1
1,0.7065,1
1,0.5825,1
0,0.7417,1
0,0.787,1
1,0.808,1
1,0.8096,1
1,0.8335,1
1,0.756,1
0,0.6025,1
0,0.4087,0
0,0.379,0
0,0.4104,0
0,0.3635,0
0,0.3577,0
0,0.334,0
0,0.4065,0
0,0.0725,0
0,0.4314,0
0,0.341,0
0,0.1614,0
0,0.289,0
0,0.3145,0
0,0.792,1
0,0.4966,0
1,0.6206,1
0,0.5225,1
0,0.363,0
0,0.3042,0
0,0.3706,0
0,0.3696,0
0,0.3723,0
0,0.3953,0
0,0.4812,0
0,0.3982,0
0,0.4485,0
0,0.5776,1
0,0.5967,1
0,0.627,1
1,0.7905,1
0,0.7046,1
0,0.6987,1
1,0.729,1
0,0.3857,0
0,0.396,0
0,0.3767,0
0,0.4348,0
0,0.268,0
0,0.4026,0
0,0.3384,0
0,0.4563,0
0,0.6064,1
0,0.273,0
0,0.0651,0
0,0.2942,0
0,0.1578,0
0,0.5215,1
0,0.4402,0
0,0.0112,0
0,0.01971,0
0,0.0161,0
0,0.0217,0
0,0.06198,0
0,0.0802,0
0,0.05136,0
0,0.02097,0
0,0.3816,0
0,0.3735,0
0,0.1573,0
0,0.4365,0
0,0.236,0
0,0.2866,0
0,0.6543,1
0,0.547,1
0,0.3696,0
0,0.3694,0
0,0.4644,0
0,0.4194,0
0,0.2195,0
0,0.297,0
0,0.4407,0
0,0.1614,0
0,0.4548,0
0,0.4321,0
0,0.4207,0
1,0.6,1
0,0.2573,0
1,0.514,1
1,0.4504,0
0,0.3752,0
0,0.35,0
0,0.383,0
0,0.4077,0
0,0.373,0
0,0.3896,0
0,0.4807,0
0,0.2363,0
0,0.3174,0
1,0.772,1
1,0.264,0
1,0.635,1
1,0.626,1
0,0.6543,1
0,0.705,1
1,0.686,1
1,0.662,1
1,0.7437,1
1,0.8164,1
0,0.57,1
1,0.7725,1
0,0.6978,1
1,0.7144,1
1,0.7744,1
1,0.824,1
0,0.6836,1
1,0.804,1
1,0.808,1
1,0.708,1
1,0.737,1
0,0.788,1
1,0.8022,1
1,0.8516,1
0,0.7275,1
1,0.662,1
0,0.7075,1
1,0.7563,1
1,0.698,1
1,0.842,1
0,0.44,0
0,0.1584,0
0,0.4016,0
1,0.4956,0
1,0.4756,0
0,0.4075,0
0,0.327,0
0,0.5737,1
0,0.3792,0
0,0.4583,0
0,0.396,0
1,0.5386,1
0,0.5522,1
0,0.555,1
0,0.1375,0
0,0.10156,0
0,0.1764,0
0,0.4146,0
0,0.3767,0
0,0.3677,0
0,0.3127,0
0,0.4626,0
0,0.4502,0
0,0.4417,0
0,0.538,1
0,0.521,1
0,0.2915,0
0,0.3796,0
0,0.4722,0
0,0.3992,0
0,0.4084,0
0,0.421,0
0,0.0851,0
0,0.2303,0
0,0.3691,0
0,0.103,0
0,0.3887,0
0,0.2593,0
0,0.4397,0
0,0.4963,0
0,0.2598,0
0,0.4028,0
0,0.01848,0
0,0.03108,0
0,0.3943,0
0,0.5874,1
0,0.3018,0
0,0.1219,0
0,0.2023,0
0,0.4,0
0,0.3823,0
0,0.4163,0
0,0.378,0
0,0.5957,1
0,0.4202,0
0,0.4172,0
0,0.2917,0
0,0.3777,0
0,0.08417,0
0,0.147,0
0,0.2307,0
0,0.1698,0
0,0.1415,0
0,0.059,0
0,0.1694,0
0,0.2944,0
0,0.33,0
0,0.4258,0
0,0.378,0
0,0.3032,0
0,0.528,1
0,0.5625,1
0,0.375,0
0,0.2559,0
0,0.4836,0
0,0.3438,0
0,0.4014,0
0,0.335,0
0,0.3418,0
0,0.4272,0
0,0.3958,0
0,0.7534,1
0,0.634,1
0,0.397,0
0,0.3054,0
0,0.501,1
0,0.5337,1
0,0.1853,0
0,0.3423,0
0,0.2646,0
0,0.3206,0
0,0.0346,0
0,0.335,0
0,0.7373,1
0,0.85,1
0,0.857,1
0,0.3699,0
0,0.3281,0
0,0.3887,0
0,0.4539,0
0,0.3228,0
0,0.577,1
0,0.4517,0
0,0.3809,0
0,0.1619,0
0,0.2507,0
0,0.0545,0
0,0.3428,0
0,0.4473,0
0,0.4507,0
0,0.4177,0
0,0.3027,0
0,0.3386,0
1,0.521,1
0,0.656,1
0,0.3237,0
0,0.361,0
0,0.3125,0
0,0.3523,0
0,0.268,0
0,0.4731,0
0,0.3716,0
0,0.3489,0
0,0.2913,0
0,0.1819,0
1,0.8325,1
0,0.8286,1
0,0.726,1
1,0.785,1
1,0.7827,1
0,0.7915,1
1,0.679,1
1,0.726,1
1,0.4375,0
1,0.821,1
1,0.709,1
1,0.7793,1
0,0.517,1
0,0.501,1
0,0.2998,0
0,0.3093,0
0,0.3308,0
0,0.322,0
0,0.4976,0
0,0.04886,0
0,0.3472,0
0,0.323,0
0,0.32,0
0,0.1493,0
0,0.353,0
0,0.3625,0
0,0.6143,1
0,0.0363,0
1,0.74,1
1,0.4429,0
0,0.5225,1
1,0.5728,1
0,0.519,1
0,0.388,0
0,0.3352,0
0,0.5537,1
0,0.1677,0
0,0.3142,0
0,0.4927,0
0,0.3892,0
0,0.4365,0
0,0.3652,0
0,0.4353,0
0,0.3816,0
0,0.228,0
0,0.3655,0
0,0.4932,0
1,0.398,0
1,0.4006,0
1,0.503,1
1,0.6553,1
1,0.2727,0
1,0.239,0
0,0.534,1
0,0.4324,0
0,0.2352,0
1,0.6387,1
1,0.8325,1
1,0.5654,1
1,0.617,1
1,0.629,1
1,0.784,1
1,0.736,1
1,0.689,1
1,0.554,1
1,0.4622,0
1,0.688,1
1,0.758,1
1,0.5874,1
1,0.43,0
1,0.772,1
1,0.8003,1
0,0.354,0
0,0.547,1
1,0.684,1
1,0.8555,1
1,0.827,1
1,0.697,1
1,0.856,1
1,0.743,1
1,0.775,1
0,0.7554,1
1,0.794,1
0,0.718,1
1,0.808,1
1,0.871,1
1,0.824,1
1,0.774,1
1,0.6016,1
1,0.7373,1
1,0.669,1
1,0.7417,1
0,0.364,0
0,0.2012,0
0,0.2937,0
0,0.381,0
0,0.8003,1
0,0.4712,0
0,0.2913,0
0,0.548,1
1,0.6416,1
1,0.7217,1
0,0.8066,1
0,0.6646,1
1,0.85,1
1,0.836,1
1,0.7495,1
1,0.798,1
1,0.7705,1
1,0.8257,1
1,0.8984,1
1,0.873,1
1,0.8765,1
0,0.3833,0
0,0.3772,0
0,0.1885,0
0,0.774,1
0,0.324,0
0,0.3523,0
0,0.0332,0
0,0.3257,0
0,0.3704,0
0,0.1744,0
0,0.314,0
0,0.3218,0
0,0.3103,0
0,0.4907,0
0,0.597,1
0,0.3982,0
0,0.1455,0
1,0.5703,1
1,0.7954,1
1,0.7407,1
0,0.74,1
1,0.8647,1
1,0.9155,1
1,0.8594,1
0,0.1095,0
0,0.356,0
0,0.3354,0
0,0.4229,0
0,0.4539,0
0,0.1054,0
0,0.2744,0
0,0.1796,0
0,0.1931,0
0,0.03004,0
0,0.0591,0
0,0.03062,0
0,0.3318,0
0,0.2085,0
0,0.336,0
0,0.3503,0
0,0.4326,0
0,0.6245,1
0,0.3047,0
0,0.08124,0
0,0.3481,0
0,0.1242,0
0,0.3992,0
0,0.349,0
1,0.338,0
1,0.4424,0
1,0.5254,1
1,0.3782,0
0,0.626,1
1,0.7905,1
0,0.6846,1
1,0.7334,1
0,0.722,1
0,0.63,1
1,0.6772,1
0,0.5757,1
1,0.6,1
0,0.616,1
1,0.6934,1
0,0.783,1
0,0.7407,1
0,0.711,1
0,0.42,0
1,0.5464,1
0,0.535,1
0,0.5674,1
1,0.657,1
0,0.6436,1
1,0.609,1
1,0.83,1
0,0.3794,0
0,0.3645,0
0,0.3787,0
0,0.3403,0
0,0.3545,0
0,0.3936,0
0,0.6235,1
0,0.2659,0
0,0.2327,0
0,0.5605,1
1,0.3645,0
0,0.643,1
0,0.692,1
0,0.718,1
0,0.5884,1
0,0.582,1
1,0.4287,0
1,0.787,1
1,0.684,1
1,0.454,0
0,0.177,0
0,0.501,1
1,0.631,1
1,0.7534,1
1,0.812,1
1,0.7617,1
1,0.7866,1
0,0.8477,1
1,0.8164,1
1,0.8296,1
1,0.781,1
1,0.753,1
0,0.3787,0
0,0.3875,0
0,0.2793,0
0,0.307,0
0,0.32,0
0,0.4443,0
0,0.3403,0
0,0.3252,0
0,0.3218,0
0,0.648,1
0,0.4849,0
0,0.3362,0
1,0.8833,1
1,0.872,1
1,0.8354,1
1,0.889,1
1,0.822,1
1,0.8184,1
0,0.9,1
1,0.862,1
1,0.8364,1
0,0.79,1
0,0.889,1
0,0.8306,1
0,0.3965,0
0,0.4126,0
0,0.3599,0
0,0.2656,0
0,0.5664,1
1,0.6377,1
1,0.7114,1
1,0.6143,1
0,0.7305,1
1,0.651,1
1,0.6226,1
1,0.657,1
0,0.5947,1
1,0.6104,1
1,0.6416,1
0,0.7896,1
0,0.684,1
1,0.692,1
0,0.7915,1
1,0.643,1
1,0.728,1
0,0.288,0
0,0.3188,0
0,0.3618,0
0,0.3735,0
0,0.4226,0
0,0.7417,1
1,0.5645,1
1,0.609,1
1,0.819,1
1,0.8125,1
1,0.716,1
0,0.1602,0
0,0.3406,0
0,0.2932,0
0,0.1815,0
0,0.2449,0
0,0.4697,0
0,0.4465,0
0,0.1909,0
0,0.3347,0
1,0.5166,1
1,0.8594,1
1,0.771,1
0,0.7837,1
1,0.768,1
1,0.85,1
1,0.8164,1
0,0.8457,1
1,0.766,1
1,0.7715,1
1,0.71,1
0,0.8647,1
1,0.725,1
1,0.8154,1
1,0.7754,1
1,0.831,1
0,0.715,1
0,0.8174,1
1,0.792,1
1,0.8003,1
1,0.6606,1
1,0.63,1
1,0.8315,1
1,0.7686,1
1,0.709,1
1,0.3757,0
0,0.3416,0
0,0.3792,0
0,0.6953,1
0,0.3633,0
0,0.2852,0
0,0.3733,0
0,0.739,1
0,0.5435,1
0,0.3315,0
0,0.4124,0
0,0.335,0
0,0.2717,0
0,0.3757,0
0,0.384,0
0,0.56,1
0,0.508,1
0,0.3713,0
1,0.4067,0
1,0.7236,1
1,0.669,1
0,0.7256,1
1,0.7983,1
1,0.795,1
1,0.812,1
1,0.777,1
1,0.6787,1
1,0.602,1
0,0.4414,0
0,0.4216,0
0,0.4026,0
0,0.2898,0
0,0.388,0
0,0.2274,0
0,0.1898,0
0,0.4153,0
1,0.4055,0
0,0.68,1
1,0.6875,1
1,0.636,1
1,0.7954,1
1,0.6514,1
1,0.7026,1
0,0.7,1
0,0.7812,1
1,0.724,1
0,0.663,1
1,0.7314,1
1,0.8423,1
0,0.3774,0
0,0.1587,0
0,0.4592,0
0,0.285,0
0,0.459,0
0,0.3625,0
0,0.3794,0
0,0.3823,0
0,0.0673,0
0,0.2917,0
0,0.3232,0
0,0.4895,0
1,0.2158,0
1,0.5396,1
0,0.4226,0
0,0.468,0
0,0.359,0
0,0.4731,0
0,0.1597,0
0,0.3765,0
0,0.1279,0
0,0.4778,0
0,0.3535,0
0,0.4614,0
0,0.5273,1
0,0.5205,1
1,0.3435,0
1,0.8467,1
1,0.8135,1
1,0.699,1
1,0.7495,1
1,0.807,1
0,0.609,1
0,0.5767,1
0,0.4128,0
0,0.3752,0
0,0.1783,0
0,0.06335,0
0,0.4158,0
0,0.202,0
0,0.2292,0
0,0.2059,0
0,0.3567,0
0,0.3013,0
0,0.375,0
0,0.3425,0
0,0.3713,0
0,0.2013,0
0,0.5034,1
0,0.402,0
0,0.6113,1
0,0.4133,0
0,0.3809,0
0,0.252,0
0,0.365,0
0,0.4768,0
0,0.3591,0
0,0.354,0
0,0.3618,0
0,0.417,0
0,0.5146,1
0,0.4343,0
0,0.7925,1
0,0.2283,0
0,0.3071,0
0,0.4636,0
0,0.3696,0
0,0.3782,0
0,0.5684,1
0,0.3025,0
0,0.2494,0
0,0.391,0
0,0.41,0
0,0.4272,0
0,0.4155,0
0,0.1763,0
0,0.1351,0
0,0.383,0
0,0.2996,0
0,0.4446,0
0,0.3782,0
0,0.4211,0
0,0.409,0
0,0.551,1
0,0.3,0
0,0.3408,0
0,0.793,1
0,0.3462,0
0,0.3767,0
0,0.3555,0
0,0.2344,0
0,0.4316,0
0,0.3965,0
0,0.2394,0
0,0.4343,0
0,0.4773,0
0,0.1573,0
0,0.422,0
0,0.4573,0
0,0.4126,0
1,0.822,1
0,0.3245,0
0,0.05997,0
0,0.3115,0
0,0.3816,0
0,0.3445,0
0,0.551,1
0,0.3523,0
0,0.392,0
0,0.3992,0
0,0.409,0
0,0.4111,0
0,0.2683,0
0,0.4119,0
0,0.3506,0
0,0.4822,0
0,0.373,0
0,0.281,0
0,0.5356,1
0,0.2264,0
0,0.1217,0
0,0.3335,0
0,0.288,0
0,0.4346,0
0,0.4058,0
0,0.3164,0
0,0.3274,0
1,0.4795,0
1,0.602,1
1,0.267,0
1,0.598,1
1,0.5664,1
1,0.816,1
1,0.765,1
1,0.753,1
0,0.3464,0
1,0.5757,1
1,0.7637,1
1,0.771,1
0,0.767,1
1,0.7754,1
1,0.715,1
1,0.8096,1
0,0.785,1
1,0.7324,1
1,0.718,1
0,0.5605,1
1,0.4438,0
0,0.2163,0
0,0.0991,0
0,0.3074,0
0,0.4055,0
0,0.1919,0
0,0.2166,0
0,0.519,1
1,0.641,1
1,0.779,1
1,0.831,1
1,0.7246,1
1,0.796,1
1,0.697,1
1,0.81,1
0,0.2032,0
1,0.0601,0
0,0.4343,0
0,0.4324,0
0,0.1913,0
0,0.2115,0
0,0.1506,0
0,0.3994,0
0,0.3994,0
1,0.742,1
0,0.6846,1
0,0.6104,1
1,0.636,1
0,0.8223,1
1,0.8296,1
1,0.6973,1
1,0.3386,0
1,0.6953,1
1,0.6333,1
1,0.833,1
1,0.7725,1
0,0.8506,1
0,0.903,1
1,0.8228,1
0,0.841,1
1,0.859,1
1,0.878,1
1,0.8105,1
1,0.819,1
1,0.769,1
0,0.878,1
0,0.783,1
1,0.66,1
1,0.844,1
0,0.7495,1
0,0.719,1
1,0.7515,1
1,0.7896,1
1,0.8364,1
1,0.798,1
1,0.707,1
1,0.8,1
1,0.8223,1
1,0.8193,1
1,0.7515,1
1,0.7305,1
1,0.859,1
1,0.6865,1
0,0.3142,0
0,0.4324,0
0,0.466,0
1,0.656,1
1,0.7305,1
1,0.372,0
1,0.7856,1
1,0.7305,1
1,0.6514,1
1,0.674,1
1,0.6772,1
1,0.633,1
0,0.763,1
1,0.7153,1
1,0.764,1
1,0.7456,1
1,0.73,1
1,0.7793,1
0,0.561,1
1,0.6914,1
0,0.3518,0
1,0.726,1
1,0.499,0
0,0.512,1
0,0.565,1
1,0.509,1
1,0.406,0
1,0.4846,0
0,0.4036,0
0,0.3416,0
0,0.011375,0
0,0.11633,0
0,0.328,0
0,0.3774,0
0,0.2847,0
1,0.2966,0
1,0.4675,0
0,0.2976,0
0,0.2808,0
0,0.0398,0
0,0.664,1
0,0.6475,1
0,0.2883,0
0,0.3452,0
0,0.427,0
0,0.3984,0
0,0.2218,0
0,0.368,0
0,0.3228,0
0,0.5327,1
0,0.378,0
0,0.05023,0
0,0.4082,0
0,0.391,0
0,0.537,1
1,0.6743,1
1,0.865,1
0,0.764,1
1,0.5386,1
1,0.768,1
0,0.3115,0
0,0.3516,0
0,0.09235,0
0,0.4487,0
0,0.4905,0
0,0.282,0
0,0.4402,0
0,0.231,0
0,0.2327,0
0,0.345,0
0,0.4038,0
1,0.5083,1
1,0.6426,1
1,0.758,1
1,0.7554,1
0,0.8203,1
0,0.7725,1
1,0.84,1
0,0.773,1
0,0.758,1
1,0.6675,1
1,0.683,1
0,0.6514,1
1,0.844,1
1,0.826,1
1,0.8286,1
0,0.804,1
0,0.3838,0
0,0.6074,1
0,0.3198,0
0,0.4014,0
0,0.349,0
0,0.3413,0
0,0.3325,0
0,0.3145,0
0,0.286,0
0,0.4272,0
0,0.3535,0
1,0.6597,1
1,0.669,1
0,0.599,1
1,0.629,1
0,0.6665,1
0,0.7207,1
0,0.6416,1
1,0.669,1
1,0.6045,1
1,0.6035,1
0,0.6543,1
1,0.522,1
1,0.6025,1
0,0.4905,0
0,0.597,1
0,0.3994,0
0,0.2397,0
0,0.09467,0
0,0.2893,0
0,0.2917,0
0,0.3438,0
0,0.601,1
0,0.3606,0
0,0.2325,0
1,0.889,1
0,0.547,1
1,0.6313,1
0,0.298,0
0,0.535,1
1,0.8154,1
0,0.543,1
0,0.3281,0
1,0.4597,0
0,0.6216,1
1,0.592,1
1,0.686,1
1,0.6157,1
0,0.402,0
0,0.2742,0
0,0.3875,0
0,0.368,0
0,0.2717,0
0,0.3904,0
0,0.547,1
0,0.4783,0
1,0.4849,0
1,0.8647,1
0,0.5073,1
0,0.605,1
0,0.3506,0
0,0.4246,0
0,0.3125,0
0,0.298,0
0,0.29,0
0,0.4775,0
0,0.3315,0
0,0.3386,0
0,0.2002,0
0,0.2903,0
0,0.3542,0
0,0.1309,0
0,0.4583,0
0,0.5283,1
0,0.3506,0
0,0.4285,0
0,0.303,0
1,0.495,0
0,0.4673,0
1,0.4607,0
1,0.7046,1
0,0.2017,0
1,0.4375,0
1,0.4956,0
1,0.7734,1
1,0.5547,1
1,0.7466,1
1,0.715,1
1,0.6836,1
1,0.7153,1
1,0.738,1
0,0.747,1
1,0.7983,1
1,0.6875,1
1,0.8237,1
1,0.7803,1
1,0.789,1
1,0.8125,1
1,0.605,1
1,0.8164,1
1,0.689,1
1,0.778,1
1,0.789,1
0,0.7993,1
1,0.668,1
0,0.7583,1
0,0.761,1
1,0.8115,1
1,0.8433,1
1,0.783,1
1,0.8535,1
1,0.8145,1
1,0.7856,1
1,0.7534,1
0,0.84,1
1,0.841,1
1,0.7397,1
1,0.7275,1
1,0.6914,1
1,0.766,1
0,0.747,1
1,0.78,1
0,0.3828,0
0,0.3284,0
0,0.4648,0
0,0.3958,0
0,0.4094,0
0,0.393,0
1,0.344,0
0,0.3652,0
1,0.2292,0
1,0.856,1
1,0.4658,0
1,0.47,0
1,0.4275,0
1,0.6064,1
0,0.6567,1
1,0.4856,0
1,0.4224,0
1,0.541,1
1,0.3967,0
1,0.614,1
1,0.4236,0
1,0.507,1
1,0.3586,0
1,0.393,0
1,0.344,0
0,0.4546,0
1,0.4329,0
0,0.3452,0
0,0.2659,0
0,0.2974,0
0,0.3318,0
0,0.337,0
0,0.2006,0
0,0.3772,0
0,0.4075,0
0,0.3765,0
0,0.371,0
0,0.05728,0
0,0.3176,0
0,0.2213,0
0,0.4885,0
1,0.3303,0
0,0.44,0
0,0.4863,0
0,0.4011,0
0,0.4084,0
0,0.396,0
0,0.2129,0
0,0.292,0
0,0.349,0
0,0.2642,0
1,0.519,1
0,0.596,1
0,0.642,1
0,0.623,1
0,0.7446,1
1,0.755,1
1,0.575,1
1,0.695,1
1,0.6367,1
0,0.3955,0
0,0.6685,1
0,0.6265,1
0,0.4177,0
0,0.3499,0
0,0.524,1
0,0.4722,0
0,0.138,0
0,0.3237,0
0,0.523,1
0,0.3452,0
0,0.3032,0
0,0.2363,0
0,0.239,0
0,0.3008,0
0,0.39,0
0,0.7783,1
0,0.8154,1
0,0.2135,0
0,0.3748,0
0,0.2173,0
0,0.07794,0
0,0.462,0
0,0.4502,0
0,0.591,1
0,0.1785,0
0,0.3547,0
0,0.3772,0
0,0.3496,0
0,0.3538,0
0,0.283,0
0,0.1242,0
0,0.3618,0
0,0.4763,0
0,0.321,0
0,0.2421,0
0,0.1023,0
0,0.434,0
0,0.5063,1
0,0.1545,0
0,0.4753,0
0,0.31,0
0,0.4211,0
0,0.45,0
1,0.4268,0
1,0.4805,0
0,0.5854,1
0,0.678,1
1,0.574,1
1,0.6763,1
1,0.6396,1
1,0.686,1
1,0.6113,1
1,0.65,1
1,0.596,1
0,0.654,1
1,0.6416,1
0,0.574,1
0,0.6465,1
1,0.6274,1
0,0.579,1
0,0.6978,1
1,0.5903,1
0,0.723,1
0,0.635,1
0,0.4932,0
0,0.47,0
0,0.2961,0
0,0.1126,0
0,0.3774,0
0,0.5356,1
0,0.31,0
1,0.6494,1
1,0.79,1
0,0.816,1
1,0.3162,0
1,0.7563,1
1,0.822,1
1,0.8267,1
1,0.784,1
1,0.704,1
0,0.492,0
0,0.5576,1
0,0.2384,0
0,0.451,0
0,0.2378,0
0,0.336,0
0,0.508,1
0,0.38,0
0,0.3772,0
0,0.4377,0
0,0.3718,0
0,0.526,1
0,0.334,0
0,0.402,0
0,0.4585,0
0,0.3835,0
0,0.482,0
0,0.3562,0
0,0.4102,0
0,0.3643,0
0,0.3923,0
0,0.38,0
0,0.4224,0
1,0.4902,0
1,0.695,1
1,0.7495,1
0,0.6865,1
1,0.5894,1
0,0.7827,1
1,0.661,1
1,0.687,1
1,0.7764,1
1,0.725,1
1,0.6655,1
1,0.618,1
0,0.6216,1
0,0.716,1
1,0.7573,1
1,0.8154,1
0,0.703,1
1,0.8613,1
1,0.792,1
1,0.808,1
1,0.89,1
1,0.8657,1
1,0.806,1
1,0.7295,1
1,0.7637,1
1,0.814,1
1,0.7695,1
1,0.8203,1
1,0.83,1
0,0.7144,1
1,0.8584,1
1,0.8584,1
1,0.8374,1
1,0.865,1
1,0.864,1
1,0.805,1
1,0.6826,1
1,0.781,1
1,0.798,1
1,0.758,1
1,0.758,1
1,0.7417,1
0,0.8535,1
1,0.7393,1
1,0.793,1
0,0.775,1
1,0.847,1
1,0.794,1
1,0.8057,1
0,0.795,1
1,0.8135,1
1,0.757,1
1,0.7534,1
0,0.794,1
1,0.7974,1
1,0.8125,1
0,0.654,1
0,0.699,1
0,0.6846,1
0,0.735,1
1,0.7485,1
1,0.7085,1
1,0.735,1
1,0.719,1
0,0.7026,1
0,0.7095,1
1,0.771,1
1,0.7524,1
1,0.699,1
1,0.846,1
1,0.799,1
1,0.808,1
0,0.7656,1
1,0.766,1
1,0.7827,1
0,0.762,1
1,0.774,1
1,0.7734,1
1,0.8125,1
1,0.8516,1
1,0.823,1
0,0.775,1
1,0.761,1
0,0.789,1
0,0.7993,1
0,0.7456,1
0,0.535,1
0,0.2401,0
0,0.459,0
0,0.2715,0
0,0.3574,0
0,0.5303,1
0,0.395,0
0,0.507,1
0,0.4062,0
0,0.4114,0
0,0.3943,0
0,0.5366,1
0,0.0642,0
0,0.3533,0
0,0.72,1
0,0.7876,1
0,0.679,1
0,0.524,1
1,0.4927,0
0,0.3818,0
1,0.2239,0
0,0.61,1
0,0.2656,0
1,0.7593,1
0,0.7676,1
1,0.804,1
0,0.8276,1
1,0.838,1
1,0.801,1
1,0.8584,1
0,0.7964,1
1,0.758,1
1,0.7515,1
0,0.737,1
0,0.3667,0
0,0.3555,0
0,0.3713,0
1,0.694,1
1,0.6777,1
1,0.6455,1
1,0.688,1
0,0.577,1
1,0.61,1
0,0.3618,0
1,0.468,0
1,0.4722,0
1,0.586,1
0,0.506,1
1,0.705,1
0,0.478,0
1,0.4546,0
0,0.4807,0
1,0.5586,1
0,0.357,0
0,0.3728,0
0,0.3794,0
0,0.3809,0
0,0.4744,0
0,0.454,0
0,0.2256,0
0,0.2676,0
0,0.2261,0
0,0.3909,0
0,0.2563,0
0,0.2203,0
0,0.357,0
0,0.3674,0
0,0.452,0
0,0.2942,0
0,0.3489,0
0,0.3923,0
1,0.8677,1
1,0.8335,1
0,0.3853,0
0,0.3354,0
0,0.53,1
0,0.3245,0
0,0.2382,0
0,0.36,0
0,0.4023,0
0,0.348,0
0,0.3452,0
0,0.614,1
0,0.341,0
0,0.3518,0
0,0.3452,0
0,0.01495,0
0,0.3245,0
0,0.3665,0
0,0.646,1
0,0.311,0
0,0.6953,1
0,0.2715,0
0,0.138,0
0,0.3113,0
0,0.3354,0
0,0.5117,1
0,0.3418,0
0,0.846,1
1,0.6514,1
1,0.7173,1
1,0.6694,1
1,0.675,1
1,0.3486,0
1,0.4976,0
0,0.599,1
1,0.5117,1
1,0.594,1
1,0.4792,0
1,0.5757,1
1,0.7207,1
0,0.688,1
1,0.7324,1
1,0.4956,0
1,0.3982,0
0,0.7603,1
0,0.706,1
1,0.7383,1
0,0.657,1
0,0.794,1
0,0.74,1
1,0.7065,1
0,0.727,1
1,0.8223,1
1,0.7188,1
1,0.566,1
1,0.7314,1
1,0.763,1
1,0.639,1
1,0.7007,1
1,0.567,1
1,0.507,1
1,0.725,1
0,0.3962,0
0,0.04346,0
0,0.3643,0
0,0.2898,0
0,0.06064,0
0,0.393,0
0,0.1962,0
0,0.34,0
0,0.61,1
0,0.4617,0
0,0.3782,0
0,0.2593,0
0,0.4995,0
0,0.4143,0
0,0.368,0
0,0.3765,0
0,0.05685,0
0,0.05856,0
0,0.0555,0
0,0.3591,0
0,0.3203,0
0,0.1974,0
0,0.289,0
0,0.3418,0
0,0.358,0
0,0.2744,0
0,0.2059,0
0,0.12317,0
1,0.3345,0
0,0.2886,0
1,0.4504,0
0,0.4812,0
0,0.4526,0
1,0.1532,0
1,0.586,1
1,0.6973,1
1,0.621,1
1,0.699,1
1,0.7485,1
0,0.2869,0
1,0.5796,1
1,0.6895,1
1,0.7915,1
1,0.76,1
0,0.2573,0
1,0.502,1
1,0.2058,0
0,0.74,1
1,0.5684,1
0,0.2996,0
0,0.4907,0
0,0.4478,0
0,0.617,1
0,0.3413,0
0,0.2678,0
0,0.4697,0
0,0.1566,0
0,0.5737,1
0,0.3967,0
0,0.4878,0
0,0.3103,0
0,0.4104,0
0,0.4038,0
0,0.3838,0
0,0.2756,0
0,0.0854,0
0,0.04715,0
0,0.4077,0
0,0.2932,0
0,0.316,0
0,0.4126,0
0,0.4229,0
0,0.3335,0
0,0.4128,0
0,0.418,0
0,0.6406,1
0,0.693,1
0,0.507,1
0,0.3877,0
0,0.347,0
0,0.3428,0
0,0.544,1
0,0.4492,0
0,0.1603,0
0,0.01467,0
0,0.3787,0
0,0.4226,0
1,0.4294,0
1,0.7236,1
0,0.6396,1
1,0.701,1
1,0.7275,1
1,0.7534,1
1,0.7495,1
0,0.6978,1
0,0.732,1
1,0.74,1
1,0.778,1
1,0.753,1
1,0.6963,1
0,0.4062,0
0,0.3882,0
0,0.3096,0
0,0.5503,1
0,0.384,0
0,0.3801,0
0,0.28,0
0,0.4128,0
0,0.4683,0
0,0.354,0
0,0.2998,0
0,0.534,1
0,0.3645,0
0,0.3667,0
1,0.6396,1
0,0.674,1
1,0.717,1
0,0.832,1
1,0.69,1
1,0.758,1
1,0.7627,1
1,0.758,1
1,0.5864,1
1,0.7026,1
1,0.7856,1
1,0.773,1
0,0.7837,1
0,0.615,1
0,0.5454,1
0,0.3816,0
0,0.799,1
0,0.1377,0
0,0.09485,0
0,0.2438,0
0,0.03265,0
0,0.0772,0
0,0.0301,0
0,0.1505,0
0,0.3374,0
0,0.2766,0
0,0.326,0
0,0.376,0
0,0.06647,0
0,0.5396,1
0,0.3455,0
0,0.4016,0
0,0.2993,0
0,0.416,0
0,0.3125,0
0,0.43,0
0,0.3562,0
0,0.3884,0
0,0.4434,0
0,0.521,1
0,0.076,0
0,0.448,0
0,0.4014,0
0,0.3545,0
0,0.05118,0
0,0.4084,0
0,0.6294,1
0,0.2861,0
0,0.4602,0
0,0.397,0
0,0.45,0
1,0.703,1
0,0.5947,1
1,0.814,1
1,0.735,1
1,0.8047,1
1,0.716,1
0,0.7925,1
1,0.744,1
1,0.7856,1
1,0.793,1
1,0.792,1
0,0.7417,1
1,0.681,1
0,0.701,1
0,0.632,1
1,0.78,1
1,0.597,1
1,0.7295,1
1,0.765,1
1,0.769,1
1,0.711,1
1,0.755,1
1,0.699,1
1,0.716,1
1,0.7534,1
1,0.75,1
0,0.7827,1
1,0.7285,1
1,0.6777,1
1,0.759,1
1,0.6694,1
1,0.6304,1
1,0.6523,1
0,0.7275,1
1,0.672,1
1,0.7065,1
0,0.7417,1
0,0.7705,1
0,0.728,1
0,0.7305,1
0,0.7144,1
1,0.766,1
1,0.6606,1
0,0.7026,1
1,0.7373,1
1,0.6646,1
0,0.6934,1
1,0.701,1
1,0.671,1
0,0.675,1
0,0.7163,1
1,0.739,1
1,0.679,1
1,0.7085,1
1,0.664,1
0,0.6396,1
0,0.3608,0
0,0.336,0
0,0.3596,0
0,0.4744,0
0,0.3245,0
0,0.262,0
0,0.2803,0
0,0.4053,0
0,0.03442,0
0,0.04987,0
0,0.408,0
0,0.353,0
0,0.05234,0
0,0.4429,0
0,0.4731,0
0,0.514,1
0,0.5356,1
0,0.496,0
0,0.03802,0
0,0.4534,0
0,0.29,0
0,0.8003,1
0,0.3438,0
0,0.229,0
0,0.4192,0
0,0.2778,0
0,0.4194,0
0,0.3848,0
0,0.3833,0
0,0.3623,0
0,0.1034,0
0,0.1105,0
0,0.1396,0
0,0.0611,0
0,0.3696,0
0,0.4087,0
0,0.3757,0
0,0.1824,0
0,0.3635,0
0,0.593,1
0,0.3918,0
0,0.3865,0
0,0.3464,0
0,0.3274,0
0,0.3477,0
0,0.3833,0
0,0.3423,0
0,0.5493,1
1,0.6504,1
1,0.734,1
1,0.809,1
0,0.6836,1
0,0.8164,1
1,0.757,1
0,0.4163,0
0,0.5117,1
0,0.3547,0
0,0.4106,0
0,0.3364,0
0,0.35,0
0,0.619,1
0,0.2847,0
0,0.385,0
0,0.373,0
0,0.0451,0
0,0.4788,0
0,0.4827,0
1,0.5503,1
0,0.5386,1
1,0.4053,0
0,0.503,1
0,0.492,0
1,0.553,1
1,0.5073,1
1,0.613,1
1,0.5864,1
1,0.5425,1
1,0.5757,1
1,0.565,1
1,0.5894,1
1,0.761,1
0,0.455,0
0,0.3162,0
0,0.6084,1
1,0.587,1
1,0.4048,0
0,0.6533,1
0,0.5405,1
0,0.573,1
0,0.337,0
0,0.3652,0
0,0.4602,0
0,0.4133,0
0,0.4048,0
0,0.3792,0
0,0.4353,0
0,0.481,0
1,0.835,1
0,0.8105,1
0,0.8438,1
1,0.8184,1
1,0.6787,1
1,0.7847,1
1,0.8403,1
1,0.8276,1
1,0.84,1
1,0.794,1
0,0.7695,1
1,0.8057,1
1,0.804,1
1,0.8613,1
1,0.799,1
1,0.672,1
1,0.8584,1
1,0.7705,1
1,0.762,1
0,0.133,0
0,0.4358,0
1,0.7705,1
1,0.747,1
1,0.628,1
0,0.795,1
1,0.2157,0
0,0.1333,0
0,0.1871,0
1,0.3706,0
0,0.407,0
0,0.3274,0
0,0.63,1
0,0.2043,0
0,0.2534,0
0,0.4163,0
0,0.5234,1
0,0.3228,0
0,0.3748,0
0,0.374,0
0,0.3613,0
0,0.2683,0
0,0.389,0
0,0.4514,0
0,0.4465,0
0,0.5093,1
0,0.501,1
0,0.3477,0
0,0.3604,0
0,0.3577,0
1,0.4001,0
1,0.4065,0
0,0.4126,0
0,0.4775,0
0,0.3606,0
0,0.1172,0
1,0.3137,0
1,0.376,0
1,0.546,1
1,0.5527,1
1,0.6055,1
0,0.605,1
1,0.3848,0
0,0.4297,0
0,0.3933,0
0,0.2878,0
0,0.3132,0
0,0.72,1
0,0.2366,0
0,0.4128,0
0,0.6133,1
0,0.3645,0
0,0.148,0
0,0.2101,0
0,0.3584,0
0,0.389,0
0,0.3748,0
1,0.8047,1
0,0.5137,1
0,0.4458,0
0,0.11084,0
0,0.456,0
0,0.3586,0
0,0.288,0
0,0.4683,0
0,0.3188,0
0,0.3086,0
0,0.12494,0
0,0.3342,0
0,0.3362,0
0,0.2023,0
0,0.3079,0
0,0.3616,0
0,0.4036,0
0,0.358,0
0,0.4465,0
0,0.3315,0
0,0.3267,0
0,0.0899,0
0,0.373,0
0,0.4355,0
0,0.394,0
0,0.3625,0
0,0.5312,1
0,0.328,0
0,0.1448,0
0,0.339,0
0,0.3948,0
0,0.7104,1
0,0.3489,0
0,0.3762,0
0,0.0389,0
0,0.416,0
0,0.3667,0
0,0.4258,0
0,0.4917,0
0,0.4648,0
0,0.3516,0
0,0.229,0
0,0.411,0
0,0.378,0
0,0.468,0
0,0.21,0
0,0.03775,0
0,0.3408,0
0,0.3572,0
0,0.4585,0
0,0.0494,0
0,0.5024,1
0,0.1653,0
0,0.1448,0
0,0.1917,0
0,0.04047,0
0,0.2708,0
0,0.2588,0
0,0.3826,0
0,0.1322,0
0,0.3525,0
0,0.4958,0
0,0.342,0
0,0.34,0
0,0.4028,0
0,0.4238,0
0,0.3218,0
0,0.3442,0
0,0.4304,0
0,0.3716,0
1,0.4065,0
1,0.2651,0
0,0.27,0
0,0.2382,0
0,0.554,1
0,0.317,0
0,0.267,0
0,0.4631,0
0,0.4143,0
0,0.544,1
0,0.467,0
0,0.3792,0
0,0.2505,0
0,0.4805,0
0,0.4333,0
0,0.3132,0
0,0.0437,0
0,0.404,0
0,0.4875,0
0,0.4658,0
0,0.3967,0
0,0.551,1
0,0.3079,0
0,0.352,0
0,0.3772,0
0,0.522,1
0,0.3308,0
0,0.4778,0
0,0.253,0
1,0.55,1
1,0.696,1
1,0.7915,1
1,0.8047,1
0,0.7837,1
0,0.788,1
0,0.822,1
1,0.8354,1
1,0.8623,1
0,0.824,1
0,0.7637,1
1,0.8223,1
1,0.675,1
0,0.311,0
1,0.4412,0
0,0.4292,0
1,0.8174,1
1,0.8306,1
1,0.634,1
1,0.3694,0
0,0.539,1
0,0.3228,0
0,0.2998,0
0,0.3718,0
0,0.584,1
0,0.3293,0
0,0.0801,0
0,0.3909,0
0,0.2788,0
0,0.4128,0
0,0.261,0
0,0.3342,0
0,0.341,0
0,0.306,0
0,0.7373,1
0,0.488,0
0,0.3828,0
0,0.5415,1
0,0.3625,0
0,0.138,0
0,0.04468,0
1,0.4656,0
1,0.6245,1
1,0.567,1
1,0.61,1
0,0.545,1
1,0.622,1
1,0.56,1
1,0.669,1
1,0.5557,1
1,0.6094,1
1,0.545,1
0,0.585,1
0,0.5522,1
1,0.5796,1
1,0.5405,1
0,0.548,1
0,0.83,1
0,0.661,1
0,0.596,1
0,0.4053,0
1,0.1635,0
1,0.1506,0
0,0.0991,0
0,0.149,0
0,0.1787,0
0,0.3022,0
0,0.3352,0
0,0.04858,0
0,0.4033,0
0,0.3416,0
0,0.3745,0
0,0.437,0
0,0.4114,0
0,0.3264,0
0,0.2426,0
0,0.3713,0
0,0.1946,0
0,0.3533,0
0,0.662,1
0,0.2744,0
0,0.2153,0
1,0.565,1
0,0.3713,0
1,0.7275,1
1,0.628,1
1,0.6416,1
1,0.5947,1
0,0.6855,1
1,0.622,1
1,0.5903,1
1,0.638,1
1,0.5244,1
1,0.4941,0
1,0.7344,1
1,0.863,1
1,0.7,1
1,0.8047,1
1,0.754,1
1,0.8486,1
1,0.798,1
0,0.7695,1
0,0.678,1
1,0.7476,1
1,0.7856,1
1,0.7456,1
1,0.799,1
1,0.8105,1
1,0.812,1
1,0.8335,1
0,0.7656,1
0,0.7324,1
1,0.7593,1
0,0.7236,1
0,0.6724,1
0,0.7485,1
1,0.7104,1
1,0.7744,1
0,0.6074,1
1,0.7324,1
1,0.5537,1
1,0.686,1
1,0.722,1
1,0.6562,1
1,0.6904,1
0,0.6694,1
1,0.747,1
1,0.674,1
1,0.6973,1
1,0.71,1
1,0.6943,1
1,0.6943,1
1,0.6387,1
0,0.6714,1
0,0.8496,1
0,0.8125,1
1,0.7666,1
1,0.8555,1
1,0.7812,1
1,0.6514,1
0,0.782,1
0,0.7334,1
1,0.726,1
1,0.705,1
0,0.7397,1
0,0.3735,0
0,0.2842,0
0,0.3887,0
0,0.3823,0
0,0.4226,0
0,0.615,1
0,0.3462,0
0,0.244,0
0,0.3098,0
0,0.641,1
0,0.826,1
0,0.3486,0
0,0.361,0
0,0.3762,0
0,0.7603,1
0,0.2637,0
0,0.04153,0
0,0.412,0
0,0.363,0
0,0.1924,0
0,0.5356,1
0,0.2646,0
0,0.429,0
0,0.4666,0
0,0.0859,0
0,0.3953,0
0,0.3948,0
0,0.3562,0
0,0.51,1
1,0.6235,1
0,0.365,0
0,0.4705,0
1,0.4795,0
0,0.358,0
0,0.07684,0
0,0.2905,0
0,0.3276,0
0,0.3347,0
0,0.9033,1
0,0.3555,0
0,0.01238,0
0,0.571,1
0,0.539,1
0,0.404,0
0,0.534,1
0,0.412,0
0,0.4216,0
1,0.4814,0
0,0.2474,0
0,0.306,0
0,0.5947,1
0,0.3943,0
0,0.3833,0
0,0.6396,1
0,0.4524,0
0,0.484,0
0,0.534,1
0,0.6626,1
0,0.6616,1
0,0.3584,0
0,0.4124,0
0,0.358,0
0,0.2306,0
0,0.4119,0
0,0.6934,1
0,0.3945,0
0,0.4148,0
0,0.3147,0
0,0.3088,0
0,0.4355,0
0,0.3276,0
0,0.318,0
0,0.2861,0
0,0.3608,0
0,0.3335,0
0,0.4104,0
0,0.348,0
0,0.2585,0
0,0.358,0
0,0.246,0
0,0.3086,0
0,0.3684,0
0,0.3364,0
0,0.3892,0
0,0.435,0
0,0.5054,1
0,0.306,0
0,0.04288,0
0,0.2213,0
0,0.3928,0
0,0.61,1
0,0.3186,0
0,0.4226,0
0,0.495,0
0,0.1394,0
0,0.8496,1
0,0.1198,0
0,0.4001,0
0,0.01938,0
0,0.0761,0
0,0.3271,0
0,0.2384,0
0,0.3838,0
0,0.3816,0
0,0.3171,0
0,0.444,0
0,0.2732,0
0,0.625,1
0,0.383,0
0,0.3467,0
0,0.3477,0
0,0.4287,0
0,0.3804,0
0,0.361,0
0,0.01456,0
0,0.04932,0
0,0.07367,0
0,0.3228,0
0,0.4126,0
0,0.3115,0
0,0.0463,0
0,0.05243,0
0,0.0537,0
0,0.005642,0
0,0.01549,0
0,0.01519,0
0,0.02237,0
